mz,charge,rt_s,mobility,sequence
582.5943541136289,3,106.994,0.84848676,DSRPSQAAGDNQGDEAK/3
501.5793166986291,3,115.917,0.84259667,AQHEDQVEQYKK/3
446.90525265462907,3,118.148,0.85371807,EESGKPGAHVTVK/3
415.88596961829575,3,118.892,0.82826527,VRQEESEQIK/3
520.5633378462957,3,119.635,0.85380143,GNTAEGC[UNIMOD:4]VHETQEK/3
432.9054755932957,3,126.327,0.83619147,ERPSQPEGLRK/3
432.91056095729573,3,130.788,0.84307502,SVPLGHTHHLAK/3
408.55080982096234,3,133.762,0.83519144,HADIVTTTTHK/3
564.251593940629,3,133.762,0.85413491,AETPTAAEDDNEGDKK/3
572.6150895596289,3,135.25,0.86197848,NQGGGLSSSGAGEGQGPKK/3
542.932530054629,3,135.25,0.85535891,GVPAGNSDTEGGQPGRK/3
545.6251488552957,3,136.737,0.84690731,VHGPGIQSGTTNKPNK/3
409.4706807581915,4,137.481,0.70965696,VHGPGIQSGTTNKPNK/4
562.288648192629,3,137.481,0.85853204,TVQGSGHQEHINIHK/3
433.22509675096234,3,137.481,0.84096445,LGIHEDSTNRR/3
518.5745656916289,3,140.455,0.83702988,HHYEQQQEDLAR/3
525.8912315769625,3,140.455,0.84568668,AEASSGDHPTDTEMK/3
435.179113807629,3,140.455,0.83227136,MHC[UNIMOD:4]C[UNIMOD:4]DEVQPK/3
541.0093613296916,4,141.942,0.72935914,KPLTTSGFHHSEEGTSSSGSK/4
618.2892649972956,3,144.172,0.86710722,DSVAQGTTNVHSSEHAGR/3
463.2356614549623,3,144.916,0.84541959,AQQELEEQTRR/3
560.2762967839623,3,144.916,0.85660417,RQPQEEVVHEDQGK/3
442.5651189996291,3,147.89,0.83416568,RDHALLEEQSK/3
542.5558545262957,3,147.89,0.84898942,IEC[UNIMOD:4]DDKGDGSC[UNIMOD:4]DVR/3
458.88099569329574,3,148.633,0.83583309,AQHEDQVEQYK/3
590.9266105479624,3,150.864,0.85569141,HYAHTDC[UNIMOD:4]PGHADYVK/3
470.9006131106291,3,151.607,0.84172181,YHTINGHNAEVR/3
491.22974191762904,3,153.095,0.85654599,NTHC[UNIMOD:4]SSLPHYQK/3
530.925486942629,3,154.582,0.85014102,HLQTGENHTSVDPR/3
458.5809919542957,3,156.812,0.84126399,AHVQEVAQHNLK/3
401.88244804829566,3,158.299,0.8422878,LAGESESNLRK/3
412.23493312396243,3,159.043,0.8343919,VAPAPARPSGPSK/3
429.5786998492957,3,159.043,0.8405888,HLLVHAPEDKK/3
483.24778995296236,3,159.043,0.8479124,ILQHSHGIEEER/3
457.5542255319624,3,159.787,0.83916109,KNHEEEMNALR/3
671.6471179966289,3,160.53,0.85266976,LQQQQRPEDAEDGAEGGGK/3
453.5383525572957,3,160.53,0.84559695,QVDGDNSHVEMK/3
705.6781951859624,3,160.53,0.86374265,LTQTSGETTHTDKEPVGEGK/3
760.844798303504,2,160.53,1.22240427,ADAEGESDLENSRK/2
400.8788150259624,3,162.762,0.83864652,LSSVVTQHDSK/3
524.9134250159624,3,162.762,0.8482302,RMEELHNQEMQK/3
803.886997498504,2,163.506,1.20926174,QQSAQSQVSTTAENK/2
494.8866978672957,3,164.25,0.8538786,EETVNDPEEAGHR/3
448.90547558929575,3,164.25,0.82900524,HHIETGGGQLPAK/3
433.8824480242957,3,164.993,0.84287631,KPEDWDERPK/3
754.8530950875042,2,164.993,1.22812354,EWSQHINGASHSR/2
503.5711555472958,3,165.737,0.85996712,EWSQHINGASHSR/3
436.88960262329573,3,167.967,0.84898675,NKYEDEINKR/3
493.25131150496236,3,168.711,0.83741315,IHNAENIQPGEQK/3
465.2244451854416,4,169.454,0.72250791,KSEVNDKNHEMEEIR/4
439.5425372506291,3,172.429,0.84522247,YAHQSGFHVDR/3
597.2810533782957,3,173.172,0.85382042,ATC[UNIMOD:4]APQHGAPGPGPADASK/3
464.2406353586291,3,173.916,0.846004,THLSLSHNPEQK/3
895.4179418340041,2,173.916,1.22289994,ATC[UNIMOD:4]APQHGAPGPGPADASK/2
467.24561489362895,3,173.916,0.84182624,QRPGQQVATC[UNIMOD:4]VR/3
456.90413467796225,3,175.404,0.84787003,NNRPSEGPLQTR/3
735.9962525216291,3,175.404,0.86697076,SDAEEDGGTVSQEEEDRKPK/3
434.2179421772956,3,177.635,0.8473901,RLPDAHSDYAR/3
547.5973702932956,3,180.609,0.85884567,RKEDEVEEWQHR/3
410.94984683669145,4,180.609,0.71873669,RKEDEVEEWQHR/4
441.89698012562894,3,181.353,0.85382724,QAVEQQIQSHR/3
477.9073218809624,3,182.096,0.84580852,LEVQATDREENK/3
782.3364717300042,2,182.096,1.20759077,AQAVSEEEEEEEGK/2
410.8823365959624,3,182.839,0.84178205,LEVQAEEERK/3
481.5513151972957,3,182.839,0.85583571,DGETPDPEDPSRK/3
621.2821770089623,3,183.583,0.86338952,GVTEC[UNIMOD:4]YEC[UNIMOD:4]HPKPTQR/3
592.9493037346291,3,184.327,0.85231385,IHEGC[UNIMOD:4]EEPATHNALAK/3
458.22236443196243,3,185.07,0.85144378,KGDEC[UNIMOD:4]ELLGHSK/3
444.9637969176915,4,185.07,0.71675068,IHEGC[UNIMOD:4]EEPATHNALAK/4
434.54002784629574,3,185.07,0.83388711,HTNYTMEHIR/3
888.9203173685041,2,185.07,1.22368148,IHEGC[UNIMOD:4]EEPATHNALAK/2
413.94984684919154,4,185.814,0.71309295,TPHYGSQTPLHDGSR/4
417.20951324829565,3,188.044,0.85253552,RREEEMMIR/3
783.8657307135039,2,189.531,1.21901822,AEGSSTASSGSQLAEGK/2
496.5743427762956,3,189.531,0.84557339,RQLEEAEEEAQR/3
452.53404176096245,3,190.274,0.85224449,DAQHYGGWEHR/3
455.5323664799624,3,191.019,0.8462521,EDGSGDRGDGPFR/3
498.56864614296245,3,191.761,0.84900742,THNDIIHNENMR/3
435.22621474762906,3,192.506,0.85116701,LVDQSGPPHEPK/3
472.87972133262906,3,193.993,0.84092189,MEELHNQEMQK/3
483.93180180762903,3,194.737,0.84696674,RQEALPLHQETK/3
552.5983824849624,3,195.481,0.85867303,AQEQQQQMAELHSK/3
433.55774150662904,3,196.968,0.84375028,VKDDIESLHDK/3
561.2850151802958,3,196.968,0.85850954,AIQGGTSHHLGQNFSK/3
471.2286182909623,3,197.711,0.84180714,AFHNEAQVNPER/3
841.4238845370041,2,197.711,1.22898741,AIQGGTSHHLGQNFSK/2
593.9831132709623,3,197.711,0.85210154,RDPALNSGVSQKPDPAK/3
413.8824480382957,3,197.711,0.84447224,ELVSDANQHVK/3
406.93758216169147,4,199.199,0.71110813,EHHFGSSGMTLHER/4
533.9167685502956,3,199.942,0.8554061,DSSGQHVDVSPTSQR/3
813.3737229330042,2,199.942,1.21283963,TQASSSFQDSSQPAGK/2
425.55818733596243,3,199.942,0.85069596,DQVLHEHIQR/3
458.5809919682957,3,199.942,0.85107144,LNGHQLENHALK/3
408.8863039792957,3,199.942,0.85149323,SHLARQQQEK/3
471.8919612729623,3,200.686,0.84391762,VPENTMHAMQQK/3
585.2799297882957,3,202.916,0.85576986,KHEAFESDLAAHQDR/3
439.2117664579415,4,203.659,0.71817675,KHEAFESDLAAHQDR/4
422.52041041096237,3,203.659,0.82982034,YNHIDESEMK/3
407.8910549802958,3,204.403,0.82178081,HHVLGTITTDK/3
537.9267220049624,3,205.146,0.84836629,SNIHC[UNIMOD:4]NTIAPNAGSR/3
414.855904526629,3,207.377,0.83471883,NHEEEMNALR/3
561.2427101242957,3,207.377,0.86571907,EVPDAC[UNIMOD:4]FNHNGEHR/3
484.5476821849624,3,207.377,0.8554524,FEDEDSDDVPRK/3
467.25287533096235,3,208.12,0.84041693,ILHQHLGAPEER/3
441.87406400562895,3,208.12,0.83910275,RDHVFEDSYR/3
746.3501507300041,2,209.607,1.22183594,LESGMQNM[UNIMOD:35]SIHTK/2
419.8800500882957,3,209.607,0.84578912,IANC[UNIMOD:4]IVHSTDK/3
746.3501507300041,2,210.351,1.22260492,LESGM[UNIMOD:35]QNMSIHTK/2
583.5993280492957,3,210.351,0.85781844,REEEEQQEGGFASPR/3
451.85909171762904,3,210.351,0.84526408,TFTEMDSHEEK/3
747.3707863630042,2,211.838,1.22613798,SQYEQLAEQNRK/2
498.5829497309624,3,211.838,0.85751195,SQYEQLAEQNRK/3
600.6239193862957,3,211.838,0.8591709,WATHGEPSPVNSHPQR/3
492.59155665229565,3,212.582,0.85249993,GSEHQAIVQHLEK/3
912.4345087660041,2,214.813,1.21856444,QNQTTSAVSTPASSETSK/2
753.6764084572957,3,215.556,0.86278336,TDAPQPDVKEEEEEKEEEK/3
417.2072660082957,3,217.044,0.84199786,HFSSDAVPHPR/3
736.8981253825042,2,217.787,1.20538343,RKPDTIEVQQMK/2
491.6011757439624,3,218.53,0.84264869,RKPDTIEVQQMK/3
761.8331793485041,2,218.53,1.22197733,GSNTC[UNIMOD:4]EVHFENTK/2
411.8756278229624,3,218.53,0.84498868,IQVWHEEHR/3
741.8502180475041,2,221.505,1.23165446,DLAEVGEGGGHSQAR/2
447.87758553896236,3,221.505,0.85443328,ASNGDAWVEAHGK/3
435.24208772629567,3,222.248,0.842573,ALEHSALAINHK/3
469.554225536629,3,222.248,0.84453749,NYVVTDHGSC[UNIMOD:4]VR/3
413.20464516162906,3,222.248,0.84640357,MVQFEENGRK/3
608.2679127399624,3,222.992,0.86606675,YFDGSGGNNHAVEHYR/3
416.554554291629,3,224.479,0.84177825,VSVHVIEGDHR/3
456.57267448629574,3,224.479,0.84443183,VAERPQHMLMR/3
689.3520622120041,2,225.223,1.21802548,TTTAAAVASTGPSSR/2
417.2264376702956,3,225.966,0.84975077,ALTHIDHSLSR/3
463.89458217229566,3,225.966,0.84144979,QAHLTNQYMQR/3
498.90877982396233,3,225.966,0.85453874,MFGGPGTASRPSSSR/3
635.9815494556291,3,225.966,0.85485834,GVGRDKYEPAAVSEQGDK/3
498.23532707862904,3,226.71,0.83888362,KYEEIDNAPEER/3
519.575577814629,3,226.71,0.86050872,EESSGTPAHQMNLR/3
510.5866941489623,3,226.71,0.85117625,HGVDVEVQGPHEAR/3
497.59893411529566,3,227.453,0.86356459,GNTSGSHIVNHLVR/3
487.8983265922957,3,227.453,0.85537588,HLEMNPHFGSHR/3
443.55421992862915,3,227.453,0.84040678,RFDTEEEFKK/3
434.21794217462894,3,228.94,0.84740417,DREEALHQFR/3
427.56170888396235,3,229.683,0.8375465,DPNDVRPIQAR/3
530.9338709979623,3,230.427,0.86006437,LEQIDGHIAEHNSK/3
488.916263186629,3,230.427,0.85003973,LDPHNHVLYSNR/3
551.9482916129623,3,230.427,0.8571028,AQELGHSQSALASAQR/3
581.6079350059623,3,230.427,0.84784093,ITPAHDQNDYEVGQR/3
510.9036944499624,3,231.171,0.844452,AAHSEGNTTAGLDMR/3
408.2157615139624,3,231.171,0.84036995,FHNELNAHIK/3
907.437385803004,2,231.914,1.23536099,EAAGTTAAAGTGGATEQPPR/2
465.916151733629,3,231.914,0.85890269,QSVENDIHGLRK/3
517.2222585829624,3,234.888,0.86050207,LFQEC[UNIMOD:4]C[UNIMOD:4]PHSTDR/3
412.9030720299623,3,235.632,0.83325402,VSQEHPVVLTK/3
828.8439410515041,2,236.375,1.21401503,IEYNDQNDGSC[UNIMOD:4]DVK/2
445.2336102659415,4,236.375,0.72400579,ANIRNM[UNIMOD:35]SVIAHVDHGK/4
479.5757951479624,3,238.606,0.84901894,QDAQSLHGDIPQK/3
971.494180913004,2,239.35,1.22330991,VMQQQQQTTQQQLPQK/2
519.2865790042956,3,239.35,0.86303955,AIEALHGHELRPGR/3
971.977309315504,2,239.35,1.23973594,VTEAEIVPM[UNIMOD:35]GKNSHC[UNIMOD:4]VR/2
647.998546097629,3,240.093,0.85385643,VMQQQQQTTQQQLPQK/3
627.6048739186291,3,240.093,0.86681799,ISTETEETEGSLHC[UNIMOD:4]C[UNIMOD:4]K/3
539.5847959759624,3,240.093,0.84186483,SSGHSSSELSPDAVEK/3
454.5688634602957,3,241.581,0.84034454,RPNPDILDHER/3
403.231300135629,3,241.581,0.83520473,RLEIEHSVPK/3
477.9282802296291,3,242.324,0.84350899,LHNTIVEINNHK/3
484.57193921362904,3,244.554,0.84442736,YKPESEELTAER/3
445.2176078102957,3,246.041,0.85754428,ETAENYLGHTAK/3
524.897997850629,3,246.041,0.85308718,GHQFSC[UNIMOD:4]VC[UNIMOD:4]LHGDR/3
626.9854053999624,3,246.785,0.85915312,LLETTDRPDGHQNNLR/3
553.9439359162957,3,246.785,0.85713785,RPPLC[UNIMOD:4]YHNGVQYR/3
709.8597201015042,2,246.785,1.21416866,QSSVTQVTEQSPK/2
867.8980935185041,2,247.529,1.22547466,EINSDQATQGNISSDR/2
579.2737873656291,3,247.529,0.85661379,RPAEDMEEEQAFKR/3
433.89457656296236,3,248.273,0.83051902,HRPELIEYDK/3
460.21001302129565,3,248.273,0.85446208,EMEAELEDERK/3
456.56864054162907,3,249.016,0.84727975,TQNDVLHAENVK/3
521.5984883039624,3,249.016,0.85049482,VSLEPHQGPGTPESK/3
414.8764170819624,3,249.016,0.84425341,LQEALGMHESK/3
608.5911220529623,3,250.503,0.86009243,HYYEVSC[UNIMOD:4]HDQGLC[UNIMOD:4]R/3
558.2760738852957,3,250.503,0.8418443,RDIQENDEEAVQVK/3
662.9887040492957,3,250.503,0.86204894,FELQHGTEEQQEEVRK/3
720.3392965432957,3,251.246,0.86280928,NKPNMSDPEESRGNDELVK/3
424.2117997479624,3,251.99,0.84088081,TAIHEVMEQGR/3
762.348327922004,2,251.99,1.21197649,IIEDC[UNIMOD:4]SNSEETVK/2
694.353434676629,3,251.99,0.87128458,HASGGSTVHIHPQAAPVVC[UNIMOD:4]R/3
858.4266241730041,2,252.733,1.22695003,NQQITHANNTVSNFK/2
841.913212224504,2,253.477,1.22379248,GLTTTGNSSLNSTSNTK/2
409.8875334389623,3,253.477,0.83178092,HRPELIDYGK/3
905.4323004580042,2,253.477,1.23144709,SSQTSGTNEQSSAIVSAR/2
536.9072160246291,3,254.221,0.84595888,DEPVRDENGYC[UNIMOD:4]VR/3
572.620174937629,3,254.221,0.8562398,NQQITHANNTVSNFK/3
442.2371138146289,3,254.221,0.85223289,SQLLGSAHEVQR/3
439.8910549682957,3,254.221,0.83251105,FHHTFSTEIAK/3
416.5228083542957,3,254.964,0.84285955,GEIDAHEDSFK/3
496.24550343796227,3,255.708,0.84878439,RDPHLAC[UNIMOD:4]VAYER/3
424.1996712459624,3,255.708,0.84875373,AQDSSLHMPER/3
542.5816087829622,3,256.452,0.85519115,HEAFESDLAAHQDR/3
435.1997826742956,3,256.452,0.85221435,VTWDGHSGSMAR/3
788.3910500250041,2,256.452,1.21072995,IEQVDKEDEITEK/2
525.9297921722957,3,257.195,0.84638211,IEQVDKEDEITEK/3
471.7313290429415,4,258.682,0.73410238,LNFSHGTHEYHAETIK/4
628.6393465682958,3,258.682,0.87146997,LNFSHGTHEYHAETIK/3
942.4553816190041,2,258.682,1.24993595,LNFSHGTHEYHAETIK/2
553.628447534629,3,258.682,0.84708262,VVDRDSEEAEIIRK/3
415.4731547676915,4,259.426,0.70786731,VVDRDSEEAEIIRK/4
620.244333556629,3,259.426,0.86309142,EYINEC[UNIMOD:4]DSDYHEER/3
488.2443798072956,3,260.17,0.86057857,ITSVAWSPHHDGR/3
543.2629997689623,3,261.656,0.85920269,VLTGVAGEDAEC[UNIMOD:4]HAAK/3
496.911021436629,3,261.656,0.84785344,VKPEEMMDERPK/3
814.3908614200041,2,262.4,1.22899295,VLTGVAGEDAEC[UNIMOD:4]HAAK/2
415.1889951056291,3,262.4,0.84372879,C[UNIMOD:4]ALGWDHQEK/3
479.2344785494415,4,262.4,0.71764918,ETKPEPMEEDLPENKK/4
638.6435459102958,3,263.145,0.85551572,ETKPEPMEEDLPENKK/3
430.8451169572957,3,263.145,0.8381733,TFDHYC[UNIMOD:4]EYR/3
612.6183882109623,3,263.888,0.84821,HSLNSSSASTTEPDFQK/3
788.3666580750041,2,264.632,1.20995105,HLAEHSPYYEAMK/2
525.9135308722957,3,264.632,0.84588781,HLAEHSPYYEAMK/3
436.2419762859624,3,264.632,0.85110538,LLENPTINHQK/3
788.888674460504,2,265.375,1.21428501,EVDATSPAPSTSSTVK/2
790.4199448320041,2,266.119,1.2249462,EATNPPVIQEEKPK/2
869.3721969100042,2,266.119,1.22099007,TETVEEPM[UNIMOD:35]EEEEAAK/2
405.531526744629,3,266.862,0.83788366,ASIHEAWTDGK/3
606.2540640779623,3,267.606,0.86043268,AC[UNIMOD:4]GADSYEMEEDGVRK/3
425.21894873762903,3,268.349,0.83225456,LYHNEVEIEK/3
504.9023479532957,3,269.093,0.84995276,DTHDQLSEPSEVR/3
408.2178575424415,4,269.093,0.72193676,LSEIHHLHPEYVR/4
740.8969713075041,2,269.093,1.23199896,QTAQQIVSHVQNK/2
494.26707302729574,3,269.837,0.85964222,QTAQQIVSHVQNK/3
404.84863852262896,3,272.067,0.8287102,MDYEDDRLR/3
536.921965380629,3,272.811,0.86017393,HQAFEAELHANADR/3
792.896833954504,2,272.811,1.21600475,LDQELQQPQTQEK/2
709.6744507452958,3,273.554,0.87151292,ILEQEEEEEQAGKPGEPSK/3
519.6024556972957,3,273.554,0.85547291,HQALQAEIAGHEPR/3
575.2880909529623,3,274.298,0.85138795,LIQSHPESAEDLQEK/3
571.2722179442957,3,274.298,0.86143173,NEEPSEEEIDAPKPK/3
732.848632456504,2,275.041,1.20679225,EHDPVGQMVNNPK/2
862.428498196004,2,275.041,1.21981079,LIQSHPESAEDLQEK/2
856.4046886830041,2,275.041,1.23129543,NEEPSEEEIDAPKPK/2
681.348988228004,2,275.785,1.20406686,EVATNSELVQSGK/2
499.252658039629,3,275.785,0.84979764,MQHNLEQQIQAR/3
444.216667820629,3,275.785,0.85585012,GQVC[UNIMOD:4]VMIHSGSR/3
748.9882028632956,3,276.528,0.87480548,DQSSWQNSDASQEVGGHQER/3
741.370786329004,2,276.528,1.21113444,QQALTVSTDPEHR/2
848.866893211504,2,276.528,1.22643324,MTGESEC[UNIMOD:4]LNPSTQSR/2
533.2429274422957,3,277.272,0.86788941,YGEAGEGPGWGGAHPR/3
494.58294970829564,3,277.272,0.85008658,QQALTVSTDPEHR/3
444.24572073462895,3,278.015,0.84831254,VTAIHIDPATHR/3
539.259701111629,3,278.759,0.86497628,TGTITTFEHAHNMR/3
808.3859134340041,2,278.759,1.2344662,TGTITTFEHAHNMR/2
544.5913393216291,3,278.759,0.86638422,TGTITTFEHAHNM[UNIMOD:35]R/3
516.5897699336291,3,280.246,0.84802958,ELRDEEQTAESIK/3
422.2225817372957,3,280.246,0.84661465,ISSDLDGHPVPK/3
862.922860117504,2,280.246,1.22042486,HLC[UNIMOD:4]QQLQAEQAAAEK/2
774.3810166670041,2,280.246,1.21635222,ELRDEEQTAESIK/2
706.8455585005041,2,280.989,1.20160495,SRAEAESMYQIK/2
819.415725139004,2,281.733,1.23032621,AGAISASGPELQGAGHSK/2
484.9438188272957,3,282.477,0.85545578,VGQAVDVVGQAGKPK/3
678.3249874246292,3,283.22,0.86412166,VQIAANEETQEREEQMK/3
483.93554626829564,3,283.964,0.85405254,GDAHLRPTSLVQR/3
875.447556574004,2,284.707,1.22714261,SPAGPAATPAQAQAASTPR/2
435.91397108696236,3,284.707,0.84386479,RQPEAVHLLDK/3
563.272663741629,3,284.707,0.84668805,GTVRPANDFNPDADAK/3
716.9723908372957,3,285.451,0.871646,EEEEPMDTSSVTHTEHYK/3
537.9811122446915,4,285.451,0.7314865,EEEEPMDTSSVTHTEHYK/4
534.2509827372957,3,285.451,0.85531038,GETVNDC[UNIMOD:4]HAEIISR/3
716.3253245510041,2,286.194,1.23032603,GMWSEGNGSHTIR/2
470.9160402832957,3,286.194,0.8499056,LAQGHTTVDELAR/3
501.5793166879624,3,286.194,0.85424137,FEGGDRDLEHLSK/3
712.3700580430042,2,286.938,1.21556909,SLAPSIHGHDYVK/2
475.24913085096244,3,286.938,0.85070745,SLAPSIHGHDYVK/3
468.211582428629,3,289.17,0.85291163,TANDMIHAENMR/3
790.3564872900041,2,289.913,1.20748278,RPAEDMEEEQAFK/2
483.23006188844147,4,289.913,0.72910087,VHLENMGSHDIVDGNHR/4
699.6846270606289,3,290.657,0.8566792,SHLVHGSSPGVMGTSVATSASK/3
778.389176020004,2,291.4,1.21912076,AAVGQESPGGLEAGNAK/2
506.2390715512958,3,292.144,0.851954,QEYDESGPSIVHR/3
645.9729425356292,3,292.144,0.85965775,AYLQEEERENSEVSPR/3
758.8549690935042,2,292.144,1.21318449,QEYDESGPSIVHR/2
515.9304608822955,3,292.887,0.85492097,HALLEADVAAHQDR/3
773.3920530900039,2,292.887,1.22256761,HALLEADVAAHQDR/2
461.5806576052957,3,293.631,0.84415687,AQTAHIVLEDGTK/3
564.5800449569624,3,295.118,0.85569221,STAGDTHLGGEDFDNR/3
559.248406749629,3,295.118,0.85620707,ATAGDTHLGGEDFDNR/3
846.3664292020042,2,295.862,1.22267847,STAGDTHLGGEDFDNR/2
990.992328302504,2,295.862,1.22928511,IGQQPQQPGAPPQQDYTK/2
476.9405202219623,3,296.605,0.85244581,IIAHAQLLEQHR/3
714.907142099504,2,296.605,1.21550947,IIAHAQLLEQHR/2
771.3724717230041,2,296.605,1.19942716,HVIADQEVMETNR/2
553.2599240169624,3,298.836,0.85665573,GHYNNVSC[UNIMOD:4]AVFHPR/3
470.9127416119624,3,298.836,0.85895396,SGNALFHASTLHR/3
446.55545502562904,3,298.836,0.84777297,LC[UNIMOD:4]DSYEIRPGK/3
479.22817250829576,3,299.58,0.85781085,YELISETGGSHDK/3
946.9290592665042,2,299.58,1.22535048,AQENYEGSEEVSPPQTK/2
578.2849037366291,3,299.58,0.85858277,KPGQSFQEQVEHYR/3
675.6638860719623,3,299.58,0.86104986,LQTASDESYKDPTNIQSK/3
838.3689718910041,2,300.324,1.22309437,ATAGDTHLGGEDFDNR/2
561.9498553869624,3,300.324,0.86684829,ETNPHHPPAWIASAR/3
588.6043019816292,3,301.067,0.86041265,YDEELEGERPHSFR/3
463.568752002629,3,301.067,0.85663341,ANNIDYTVHSVR/3
441.7050456029416,4,301.067,0.71997113,YDEELEGERPHSFR/4
455.9088856969623,3,301.067,0.84984337,TQGLVPEHVETR/3
918.9033758495041,2,301.81,1.23563593,DGQVINETSQHHDDLE/2
612.938009388629,3,301.81,0.86274323,DGQVINETSQHHDDLE/3
573.2916124929624,3,302.554,0.85829895,NTVSQSISGDPEIDKK/3
464.564896093629,3,303.298,0.83150331,TNHIYVSSDDIK/3
455.91509468296226,3,303.298,0.84222118,LRAEPDHMVLGK/3
416.8728955139624,3,304.041,0.8300465,TC[UNIMOD:4]HSFIINEK/3
494.919784756629,3,304.041,0.85353922,QADNPHVALYQAR/3
547.9617610202957,3,304.785,0.85311953,LRENVFQEHQTLK/3
423.21783072829567,3,305.528,0.85689263,QSVENDIHGLR/3
622.3340345746291,3,305.528,0.86913154,RPELLTHSTTEVTQPR/3
447.5712165132957,3,305.528,0.84953187,VSMSPVLHTQNK/3
479.2599184529624,3,305.528,0.86019818,VQQAELHTGSLPR/3
717.9011909735041,2,307.015,1.2128157,QLAVAEGKPPEAPK/2
867.892910993504,2,307.759,1.20693238,SHMMDVQGSTQDSAIK/2
403.565514318629,3,307.759,0.8350083,HKPLLIDMNK/3
747.9173723715041,2,307.759,1.19670775,KPPLLNNADSVQAK/2
911.8866715505039,2,307.759,1.2366217,GNIQLSYSDGDDC[UNIMOD:4]GHGK/2
740.3937300670041,2,308.502,1.21756997,AGGAAVVITEPEHTK/2
493.93157886696235,3,308.502,0.85336258,AGGAAVVITEPEHTK/3
783.4177365300042,2,309.246,1.22009138,NLLIQNKPGDDPNK/2
709.8680168885039,2,309.246,1.22303786,VSHQAGDHWLIR/2
460.9209027426289,3,309.99,0.85116644,KLDEAVAEAHLGK/3
814.3776166740041,2,309.99,1.21847419,SSVQEEC[UNIMOD:4]VSTISSSK/2
519.5828382299624,3,310.733,0.851141,DHVVSDFSEHGSLK/3
778.8706191115041,2,310.733,1.21900514,DHVVSDFSEHGSLK/2
496.60368513229565,3,311.477,0.86334382,VDEAVAVLQAHHAK/3
537.2653977309623,3,312.221,0.86194488,AVEVQGPSLESGDHGK/3
502.9510848519624,3,312.221,0.84664949,AGLRVSAPEVSVGHK/3
617.9658993769623,3,312.964,0.86315214,FSTVAGESGSADTVRDPR/3
774.8862692245042,2,312.964,1.21170083,HRDYETATLSDIK/2
516.9266049719624,3,313.708,0.84369948,HRDYETATLSDIK/3
877.3792021960043,2,313.708,1.23794248,GFDTSSSSSNSAASSSFK/2
893.9319363175041,2,313.708,1.23272496,VQAEDEANGLQTTPASR/2
781.8626567085041,2,313.708,1.21294016,EQVEEDNEVSSGLK/2
404.96988798219155,4,313.708,0.7270783,KC[UNIMOD:4]EHDPHVLLAVAK/4
446.5809919862957,3,314.451,0.8593257,TLNQQLTNHIR/3
446.23845471196233,3,315.938,0.84815665,QLPHFTSEHIK/3
405.88753343696226,3,315.938,0.84392023,LVVDSHVQYR/3
716.0344247862955,3,316.682,0.86758754,QEQQEGPVGPAPSRPALQEK/3
534.2789842079624,3,317.425,0.85045111,SIGTANRPMGAGEALR/3
797.3731916390042,2,318.169,1.21568085,QAEETYENIPGQSK/2
485.5612686679622,3,318.169,0.84896508,NLETFC[UNIMOD:4]EETRR/3
799.3346975950042,2,318.912,1.2352865,DFTVSAM[UNIMOD:35]HGDMDQK/2
794.379142677004,2,320.399,1.21559245,HQAFEAELSANQSR/2
832.884120464504,2,321.143,1.22316606,SGALQIESSEESDQGK/2
436.897986674629,3,321.143,0.83238255,IRYESLTDPSK/3
411.5412573032957,3,321.143,0.84556749,VADMALHYANK/3
631.9476284749622,3,321.886,0.86620022,NKEDQYDHLDAADMTK/3
741.8903003475041,2,322.63,1.2162393,VQELGHGC[UNIMOD:4]AALVTK/2
758.8599170575042,2,322.63,1.22724133,IDESSLTGESDHVK/2
506.2423701939624,3,322.63,0.85899321,IDESSLTGESDHVK/3
842.351075963004,2,323.374,1.22317956,EEGETADTVGC[UNIMOD:4]C[UNIMOD:4]SLR/2
959.4561099350037,2,323.374,1.23472169,ATQQQHDFTLTQTADGR/2
738.3526934150041,2,324.118,1.22136605,LESGMQNMSIHTK/2
492.57088776562904,3,324.118,0.85517083,LESGMQNMSIHTK/3
419.2229160822956,3,324.118,0.84207341,SVHFPGQAVGTR/3
639.9731654456288,3,324.862,0.86275574,ATQQQHDFTLTQTADGR/3
450.88346019662896,3,325.605,0.85059964,MTNYDVEHTIK/3
792.386633377004,2,326.349,1.21902107,EQLQSVTTNSGYTR/2
867.936490361504,2,326.349,1.21417537,TQTPPVSPAPQPTEER/2
722.8619284125041,2,326.349,1.20926393,SPPPELTDTATSTK/2
909.9232455955041,2,327.092,1.22828575,LYGSAGPPPTGEEDTAEK/2
892.462872278004,2,327.835,1.22683207,AALAHSEEVTASQVAATK/2
581.2894374616291,3,328.579,0.86295158,IGSC[UNIMOD:4]TQQDVELHVQK/3
816.391581338004,2,330.81,1.2183648,AQEPESGLSEETQVK/2
635.6694172486291,3,330.81,0.87397404,TLQAGLSSNHVSHGEVLR/3
464.86534561929574,3,331.554,0.85734042,WGDYDSHDIER/3
707.3613757600041,2,331.554,1.22384906,IMLDSSNLQHQK/2
797.3837563240041,2,333.041,1.22431096,VDSQASITQDSDSIK/2
919.3821388330041,2,333.785,1.20581693,TAENATSGETLEENEAGD/2
414.56271543429574,3,335.272,0.84500546,LTEVLTDSHVK/3
552.5732913542956,3,336.016,0.8457667,NHQLYC[UNIMOD:4]NDC[UNIMOD:4]YLR/3
777.8551660435041,2,336.016,1.23984979,DYSTLTSVSSHDSR/2
690.3300728092958,3,336.759,0.87026786,IMQNTDPHSQEYVEHLK/3
517.9993737236915,4,336.759,0.73263688,IMQNTDPHSQEYVEHLK/4
764.3319579430041,2,337.503,1.20458475,QPTSEANC[UNIMOD:4]SAMFGK/2
778.389176066004,2,339.734,1.21773998,QLSAQSYGVTSSTAR/2
897.960299832504,2,339.734,1.22134314,HLHPIQTSFQEATASK/2
468.27327643462894,3,340.477,0.84587329,KEDLYLKPIQR/3
740.8272283335042,2,341.964,1.21427681,LESIDGNEEESMK/2
561.9059809482958,3,341.964,0.86786425,DDSFFGETSHNYHK/3
545.269142225629,3,343.452,0.85788753,HQLLEADISAHEDR/3
422.89603453329573,3,344.195,0.85014979,C[UNIMOD:4]GAALAGHQLIR/3
763.8722961535041,2,344.195,1.21570349,YSPTSPTYSPTTPK/2
893.4105023570041,2,344.938,1.2294879,DEAQNEGPATESEAPLK/2
478.578371085629,3,345.682,0.84064626,LSNRPAFMPSEGK/3
509.5804403039624,3,345.682,0.85637943,IPGEETDTIQHMR/3
434.23141162329574,3,346.425,0.84004595,YHIIHADIYR/3
642.6695286829623,3,346.425,0.86831107,RPLHSAQAVDVASASNFR/3
651.3325821989623,3,346.425,0.87624953,GIEQAVQSHAVAEEEARK/3
686.6496939569623,3,347.169,0.86819474,THEAEIVEGENHTYC[UNIMOD:4]IR/3
801.4012291560042,2,347.912,1.21139512,QVLVAPGNAGTAC[UNIMOD:4]SEK/2
814.8590597845041,2,347.912,1.21879653,TYDPSGDSTLPTC[UNIMOD:4]SK/2
463.88971408362903,3,348.656,0.85435111,NFYQEHPDLAR/3
540.9616496159624,3,348.656,0.8610516,LIQDQQEQIQHLK/3
523.2643407082957,3,350.143,0.85961644,DLEEDHAC[UNIMOD:4]IPIKK/3
775.8940942525039,2,350.143,1.22395644,LVEIVHPSQEEDR/2
855.4157251370041,2,350.143,1.22838123,NDIASHPPVEGSYAPR/2
784.3928728290041,2,350.887,1.23032496,DLEEDHAC[UNIMOD:4]IPIKK/2
746.368343464004,2,351.63,1.21868706,LTDC[UNIMOD:4]VVMRDPASK/2
497.9146544649623,3,351.63,0.85060481,LTDC[UNIMOD:4]VVMRDPASK/3
446.9089971692956,3,352.374,0.85115905,RTLEGELHDLR/3
964.963433404504,2,352.374,1.24126618,GTILISSEEGETEANNHK/2
763.8802669775041,2,352.374,1.22882542,FC[UNIMOD:4]AGNPGNQALLHK/2
546.9301265139624,3,352.374,0.8699118,FNLTYVSHDGDDKK/3
493.941532345629,3,352.374,0.86094615,AVMLLHTHTITSR/3
892.399414745004,2,353.118,1.22351758,NVC[UNIMOD:4]EQGTSTVDQNFGK/2
750.8624597585041,2,353.118,1.20782699,DQTPDENDQVIVK/2
679.8617314805041,2,354.605,1.20847532,LLATEQEDAAVAK/2
475.5930090159623,3,355.348,0.83983881,RHEQFIPIAADK/3
535.950973405629,3,356.092,0.85752212,FIPHENGVHTIDVK/3
741.3489882320041,2,356.835,1.20306008,YSHEVLSEENFK/2
560.9963081071915,4,358.323,0.74016673,GPDNC[UNIMOD:4]IQC[UNIMOD:4]AHYIDGPHC[UNIMOD:4]VK/4
758.8543003605041,2,358.323,1.20885877,EELVPAEETEQDK/2
490.58541424362903,3,359.066,0.86278388,VMSQEIQEQLHK/3
730.349853929004,2,359.066,1.23353501,DLSLENGAHAYNR/2
861.3747395950041,2,361.297,1.21860082,TETVEEPMEEEEAAK/2
779.4063145430041,2,362.784,1.20771196,RPISADSAIMNPASK/2
623.2808304816291,3,363.527,0.86334052,KFEEFQTDMAAHEER/3
788.8566544995041,2,364.271,1.23158242,GDLLEGANAYHC[UNIMOD:4]EK/2
604.312464978629,3,364.271,0.86619864,RAPSVANVGSHC[UNIMOD:4]DLSLK/3
780.3284497890041,2,365.014,1.21013083,NEIDNYEEDYQK/2
883.960831190504,2,365.014,1.23468648,GLSQNQQIPQNSVTPR/2
890.4177960770041,2,365.758,1.22933308,VATLNSEEESDPPTYK/2
597.2845693802957,3,365.758,0.85289358,KEPVDEDLYPEHYR/3
768.917706738504,2,365.758,1.23238211,VVEVLAGHGHLYSR/2
451.56170887796225,3,365.758,0.84064918,TPLHNDNSWIR/3
512.947563314629,3,366.502,0.86538072,VVEVLAGHGHLYSR/3
842.3897073670041,2,366.502,1.24340104,YTLFSASSEGQNHSR/2
784.8888118805041,2,367.988,1.21228863,QAVTNPNNTFYATK/2
752.8537178685042,2,367.988,1.21574288,VHMFEAHSDYIR/2
598.925486978629,3,367.988,0.87534883,DWQSYYYHHPQDR/3
534.5274556181914,4,367.988,0.74073815,FNHNLLPSETAHKPDLSSK/4
850.4397315930039,2,368.732,1.22427859,QEAATLAANNTQLQAR/2
835.8808494815042,2,370.219,1.20994411,EQGPYETYEGSPVSK/2
588.2655092126291,3,370.219,0.85608761,FAQHGTFEYEYSQR/3
881.8946255855042,2,370.219,1.22210274,FAQHGTFEYEYSQR/2
805.369071787004,2,370.219,1.22028173,C[UNIMOD:4]AQAQTGIDLSGC[UNIMOD:4]TK/2
710.6626566029623,3,370.962,0.86473898,VDQALHTQTDADPAEEYAR/3
647.3191737662956,3,370.962,0.85889144,YGELKSVPTTQC[UNIMOD:4]LDNSK/3
454.2263261966291,3,370.962,0.85003959,NFYVEHPEVAR/3
807.8479721905042,2,371.706,1.20793142,QC[UNIMOD:4]C[UNIMOD:4]GTDGVEANYIK/2
726.8644711195041,2,371.706,1.20949339,EVPEHITEEELK/2
851.9068756545041,2,371.706,1.23490033,LSIMTSENHLNNSDK/2
534.926827858629,3,372.449,0.85862348,YNEQHVPGSPFTAR/3
734.8222803355039,2,372.449,1.22106244,NFGEDMDDERLK/2
801.8866035545041,2,373.193,1.22506881,YNEQHVPGSPFTAR/2
803.3804936990041,2,373.937,1.21908742,ENVNATENC[UNIMOD:4]ISAVGK/2
865.4123251430041,2,373.937,1.23508541,NVTDVVNTC[UNIMOD:4]HDAGISK/2
490.21727904596224,3,373.937,0.85437923,NFGEDMDDERLK/3
577.2773089176291,3,373.937,0.86288918,NVTDVVNTC[UNIMOD:4]HDAGISK/3
559.9809326702956,3,374.68,0.85484096,LQQSHPLSATQIQVK/3
766.879932636504,2,375.424,1.2219404,TNEQMHQLVAAYK/2
839.467760772004,2,375.424,1.2250574,LQQSHPLSATQIQVK/2
826.3561613440041,2,376.168,1.2260516,DC[UNIMOD:4]VGDVTENQIC[UNIMOD:4]NK/2
871.9407184565041,2,376.168,1.22862019,VLVSPTNPPGATSSC[UNIMOD:4]QK/2
824.9257287365042,2,376.911,1.20824753,HVGNQQYNVTYVVK/2
769.3875904870041,2,376.911,1.20556673,KLENC[UNIMOD:4]NYAVELGK/2
911.9650592855039,2,377.655,1.22240032,EIVHIQAGQC[UNIMOD:4]GNQIGAK/2
911.9650592855039,2,377.655,1.222937,EIVHLQAGQC[UNIMOD:4]GNQIGAK/2
548.9691384832955,3,377.655,0.86331418,NEHRPASALVNPLAR/3
767.896636923504,2,377.655,1.21680073,SPDLAPTPAPQSTPR/2
579.5947494332958,3,378.399,0.85873888,NPGNQAAYEHFETMK/3
948.9665073855042,2,378.399,1.23928664,SAATSGAGSTTSGVVSGSLGSR/2
758.8599170695041,2,378.399,1.21383451,DIQENDEEAVQVK/2
881.9445123825042,2,379.143,1.22076567,QNQTTAISTPASSEISK/2
743.8490180355042,2,379.143,1.20674765,ALQPLEEGEDEEK/2
571.6249259692958,3,379.143,0.85592773,HLSPYATLTVGDSSHK/3
993.474599492004,2,379.143,1.25003054,LIITSAEASPAEC[UNIMOD:4]C[UNIMOD:4]QHAK/2
868.8884859165041,2,379.143,1.22931457,NPGNQAAYEHFETMK/2
875.9161891735042,2,379.143,1.20771904,IHVSYQETQQMQMK/2
432.24114211196235,3,380.629,0.84861385,AVMHFLVNHVK/3
764.4175395750042,2,381.373,1.21631961,VVSQYHELVVQAR/2
565.2883138616289,3,381.373,0.86262351,LESEHPDQAQAILSR/3
758.8781098285042,2,381.373,1.2294006,ETTESLHGDISSLK/2
509.94745187229574,3,382.117,0.85459879,VVSQYHELVVQAR/3
608.3124650126289,3,382.86,0.85445106,EIVHLQAGQC[UNIMOD:4]GNQIGAK/3
608.3124650126289,3,382.86,0.85404049,EIVHIQAGQC[UNIMOD:4]GNQIGAK/3
514.592903147629,3,382.86,0.8685536,LAQANGWGVM[UNIMOD:35]VSHR/3
771.3857164880042,2,383.603,1.23846269,LAQANGWGVM[UNIMOD:35]VSHR/2
770.3828394710041,2,383.603,1.23508032,AQIEQVIANC[UNIMOD:4]EHK/2
513.924318469629,3,383.603,0.86419481,AQIEQVIANC[UNIMOD:4]EHK/3
592.2895489086291,3,383.603,0.8605496,LIQNNHYAMEDVATR/3
525.5984883259624,3,383.603,0.85815407,LVGDFTHDQSISQK/3
734.8768586005041,2,384.347,1.193577,HLVESTNEMAPLK/2
846.407762697004,2,385.091,1.22792055,VQGSDSDEEVVVATTR/2
737.3808197200041,2,385.091,1.21120559,SQQLSALQEENVK/2
584.9495210812958,3,385.091,0.86840697,FTQDTQPHYIYSPR/3
442.5664599069624,3,385.834,0.84191777,ISHGEVLEWQK/3
584.9589677392956,3,386.577,0.87197752,NSNLVGAAHEELQQSR/3
691.023748642629,3,387.321,0.86110711,NQAAIQGRPPYAASAEEVAK/3
783.8532461425042,2,387.321,1.21988722,YYTSASGDEM[UNIMOD:35]VSLK/2
781.383224975004,2,387.321,1.21467704,ATQPETTEEVTDLK/2
566.9772995939624,3,387.321,0.86147956,TGVELGKPTHFTVNAK/3
876.9348133755041,2,388.064,1.2471982,NSNLVGAAHEELQQSR/2
576.6175540869625,3,388.064,0.85996337,DVAC[UNIMOD:4]GANHTLVLDSQK/3
795.386298998004,2,388.808,1.21435692,NTVSQSISGDPEIDK/2
796.367051997004,2,388.808,1.23082929,EDINAIEMEEDKR/2
543.6216273559622,3,388.808,0.87215402,RDAESIHQYLLQR/3
461.255116921629,3,388.808,0.84688951,VIMVTGDHPITAK/3
864.4226928970043,2,389.551,1.22962675,DVAC[UNIMOD:4]GANHTLVLDSQK/2
691.379037149004,2,389.551,1.20995308,VIMVTGDHPITAK/2
826.933750716504,2,390.295,1.22281419,VTAQGPGLEPSGNIANK/2
824.9092213735039,2,390.295,1.21476977,KNWVVTGADDM[UNIMOD:35]QIR/2
822.9008734535039,2,391.039,1.22421549,ITC[UNIMOD:4]LC[UNIMOD:4]QVPQNAANR/2
758.3782174380042,2,391.039,1.21300686,IWHHTFYNELR/2
505.92123711429576,3,391.039,0.8512847,IWHHTFYNELR/3
698.401358152004,2,391.782,1.21086277,LSHANSAVVLSAVK/2
793.934085106504,2,393.269,1.22343954,QIAASSQDSVGRVLR/2
680.6675190662955,3,394.756,0.86956317,AEVVETTQVYTEEETRR/3
436.5578529876291,3,394.756,0.84399787,NLDLERYQEK/3
857.3672489350041,2,395.5,1.22216684,ETQTEC[UNIMOD:4]EWTVDTSK/2
763.4020864780041,2,395.5,1.22306293,VAGIESHSELQISR/2
973.4434367780041,2,396.243,1.23017772,EHPYLFSQC[UNIMOD:4]QAIHC[UNIMOD:4]R/2
723.372797675004,2,396.987,1.19720521,HQSFVLVGETGSGK/2
649.2980500076291,3,396.987,0.86230623,EHPYLFSQC[UNIMOD:4]QAIHC[UNIMOD:4]R/3
571.6047028992957,3,398.474,0.86425515,AAHEALGQFC[UNIMOD:4]C[UNIMOD:4]ALHK/3
944.9432695655041,2,398.474,1.23241954,TVLSHQGAVC[UNIMOD:4]EFC[UNIMOD:4]QPR/2
886.3634634360039,2,399.218,1.231663,MGGGGAMNMGDPYGSGGQK/2
754.3823081520042,2,399.218,1.21325283,VIQC[UNIMOD:4]FAETGQVQK/2
856.9034161155041,2,399.218,1.23816194,AAHEALGQFC[UNIMOD:4]C[UNIMOD:4]ALHK/2
834.4065114990042,2,399.961,1.22288647,C[UNIMOD:4]VVQPETGDLNNPPK/2
482.5699870562956,3,399.961,0.86588478,MQGSLEAHVNGFR/3
879.8915515885042,2,400.705,1.23401895,STAYEDYYYHPPPR/2
713.3795684950042,2,401.448,1.21107674,QIATLHAQVADMK/2
742.398815512004,2,401.448,1.21822041,QTIQYIHPADAVK/2
731.371940392004,2,402.192,1.22254053,GVAINMVTEEDKR/2
586.9301265479625,3,402.192,0.86713258,STAYEDYYYHPPPR/3
921.912354999504,2,402.935,1.22644828,TGIEQGSDAGYLC[UNIMOD:4]ESQK/2
739.901722304504,2,402.935,1.23730549,VDEAVAVLQAHQAK/2
570.3007766926289,3,402.935,0.87078112,NAIHTFVQSGSHLAAR/3
445.2348217222957,3,402.935,0.84629851,LYHDIAQQAFK/3
530.5682003216291,3,403.679,0.86280861,FDENGLPTHDMEGK/3
493.6035736919623,3,404.423,0.8649616,VDEAVAVLQAHQAK/3
740.399346821004,2,404.423,1.22036494,SLQEEHVAVAQLR/2
672.3166338700041,2,405.166,1.19710553,HEAMITDLEER/2
912.447753557004,2,405.91,1.25073754,GIEQAVQSHAVAEEEAR/2
437.9034063669624,3,406.653,0.83557575,HRFEVNPVWK/3
430.56054038762903,3,407.397,0.85098608,KYDEVLHMVR/3
677.3310183829623,3,407.397,0.86385887,GPTSTSIDNIDGTPVRDER/3
748.8888119155041,2,407.397,1.22617676,ITDGLHALQEASNK/2
959.412187776004,2,408.14,1.23436392,TYDATTHFETTC[UNIMOD:4]DDIK/2
778.917569348504,2,408.14,1.21847539,TVSPDRLELEAAQK/2
639.9438840062957,3,408.884,0.86186542,TYDATTHFETTC[UNIMOD:4]DDIK/3
611.3077083442955,3,408.884,0.8672771,IWDPTPSHTPAGAATPGR/3
442.22962487329573,3,408.884,0.84725445,ALNHEIEELEK/3
852.3883187070041,2,409.628,1.227802,GNAMVEEGHFAAEDVK/2
628.9684753706291,3,409.628,0.87905058,FAEVEC[UNIMOD:4]LAESHQHLSK/3
912.4659462980042,2,409.628,1.23754839,GSISSTSEVHSPPNVGLR/2
494.256285432629,3,410.371,0.85556109,IHEEFSEHALLR/3
832.891748529504,2,411.115,1.23271463,VEYTLGEESEAPGQR/2
560.305193346629,3,411.858,0.85212483,LERPPETPTVDPTVK/3
773.3933957350042,2,411.858,1.19889521,KPYPDDENLVEVK/2
890.902844498504,2,412.602,1.23135055,TDYNASVSVPDSSGPER/2
837.415725121004,2,412.602,1.2275652,NSQFAGGPLGNPNTTAK/2
791.3748769990041,2,412.602,1.22543643,ASVLDTSMSAGSGSPSK/2
654.9776991532957,3,412.602,0.86501312,LQRELEDATETADAMNR/3
758.885737929504,2,414.089,1.22855807,LLEGEDAHLTQYK/2
635.6376713239624,3,414.089,0.86424451,SLLEGQEDHYNNLSASK/3
952.9528687525042,2,414.089,1.2373639,SLLEGQEDHYNNLSASK/2
473.25773777429566,3,414.089,0.85915218,LVNHFVEEFKR/3
458.28937229529566,3,414.089,0.84571975,VVAIRPAIQIHR/3
506.259584108629,3,414.832,0.85817811,LLEGEDAHLTQYK/3
866.405654264004,2,414.832,1.23332605,IMIMTDQDQDGSHIK/2
577.939528331629,3,414.832,0.86386914,IMIMTDQDQDGSHIK/3
452.23097137996234,3,414.832,0.85607772,IMGNLGAADIDHK/3
702.3513340170041,2,414.832,1.19818859,YRQQFEELYK/2
565.2702658216289,3,414.832,0.86417192,FELSENC[UNIMOD:4]SERPGLR/3
738.885018025504,2,415.576,1.21679165,MLSNKPQDFQIR/2
748.396804133004,2,416.32,1.22622418,TYSLGSALRPSTSR/2
704.3504766970041,2,416.32,1.21264519,AVYTQDC[UNIMOD:4]PLAAAK/2
540.5864712622957,3,416.32,0.85631684,QFQDAGHFDAENIK/3
857.447556592004,2,416.32,1.23083515,TITVALADGGRPDNTGR/2
785.3825051140042,2,417.063,1.20958987,DHQTITIQEMPEK/2
458.23845470262904,3,417.807,0.85071991,YGGPNHIVGSPFK/3
471.8833487342957,3,417.807,0.84359638,YDGKWEVEEMK/3
797.4075657680041,2,417.807,1.22580633,QTSSTPSSLALTSASR/2
752.413608247004,2,417.807,1.20787937,KAEIGIAMGSGTAVAK/2
887.3840990420042,2,419.294,1.23289231,GNAGQSNYGFANSAMER/2
732.3183192990041,2,419.294,1.20756083,C[UNIMOD:4]YLGATC[UNIMOD:4]AYDAAK/2
619.3077083649623,3,419.294,0.86755063,SLYHSVEWRPAEEPR/3
706.9090160535042,2,420.037,1.20179283,KVEAQLQELQVK/2
975.499986126004,2,420.781,1.23309107,RVEAAQETVADYQQTIK/2
759.8777243375041,2,421.525,1.20977831,HSSLAGC[UNIMOD:4]QIINYR/2
433.8994446349623,3,421.525,0.85577531,TSC[UNIMOD:4]ALTIHAIGR/3
433.56657136529566,3,421.525,0.85337476,QFESLPATHIR/3
711.870422239504,2,422.268,1.22583721,EQLQLLEEQHR/2
734.375537329004,2,422.268,1.2237426,ATSTATSGFAGAIGQK/2
506.92090838062904,3,422.268,0.84711824,HSSLAGC[UNIMOD:4]QIINYR/3
725.862262790504,2,422.268,1.19847941,EPVPQPLPSDDTR/2
693.3678496922956,3,423.012,0.87903965,HGAPSPSHPISAPQAAAAAALR/3
474.9160403152957,3,423.012,0.8611963,EQLQLLEEQHR/3
400.21314066529567,3,423.012,0.84924778,IEAVEMHLTR/3
746.8259771315041,2,423.012,1.21412471,MDGTYAC[UNIMOD:4]SYTPVK/2
831.4206731610041,2,424.499,1.23388517,EAATQAQQTLGSTIDK/2
564.6444320036289,3,424.499,0.85828518,LREQLQLLEEQHR/3
738.3615726980041,2,425.243,1.21393424,VNDVC[UNIMOD:4]TNGQDLIK/2
535.9542721109624,3,425.243,0.85500626,LIQEQHPEEELIK/3
702.6567370749623,3,425.243,0.8734386,SLGVDMDDKDDAHYAVQAR/3
883.8943507845041,2,425.987,1.23076652,TEQEEDEELLTESSK/2
464.8874275592957,3,425.987,0.86050027,TFTAWC[UNIMOD:4]NSHLR/3
570.653038903629,3,425.987,0.86854637,APQAPLHSVVQQLHGK/3
691.369723706004,2,426.731,1.19385202,HEVLLISAEQDK/2
438.55807587562896,3,426.731,0.85774379,QADFEAHNILR/3
504.2576319312955,3,426.731,0.87283104,SVFGHIC[UNIMOD:4]SHLTPR/3
452.2470616666291,3,427.474,0.84506767,IWHYTGSILHK/3
960.4765110020041,2,427.474,1.24145409,TGTIVVEGHELHDEDIR/2
915.444156635004,2,428.217,1.23914481,ATIELC[UNIMOD:4]STHANDASALR/2
640.6571772902956,3,428.217,0.87217127,FSALQQAVPTESTDNRR/3
712.8620657985041,2,428.217,1.2294672,VVAEEAWENHLK/2
597.6392351439623,3,428.217,0.85289737,YTLETRPNQEGIDVR/3
640.653432823629,3,428.217,0.8690357,TGTIVVEGHELHDEDIR/3
610.631863245629,3,428.217,0.86773552,ATIELC[UNIMOD:4]STHANDASALR/3
630.006029361629,3,428.217,0.87531948,VTVAGGVHISGLHTESAPR/3
922.9548800925041,2,428.962,1.23521183,LSLEGDHSTPPSAYGSVK/2
595.6198405912957,3,429.705,0.86768315,DVDIIDHHDNTYTVK/3
615.6390122172958,3,429.705,0.86379944,LSLEGDHSTPPSAYGSVK/3
753.3430455550041,2,429.705,1.20813919,TEEMPNDSVLENK/2
779.889008859504,2,429.705,1.22802044,VLGTSPEAIDSAENR/2
892.9261226535041,2,429.705,1.24013635,DVDIIDHHDNTYTVK/2
737.399012491004,2,429.705,1.20894742,EQQIVIQSSGGLSK/2
461.98107827969153,4,429.705,0.73048287,LSLEGDHSTPPSAYGSVK/4
436.925988144629,3,429.705,0.8462777,LIAHAGSLTNLAK/3
427.73387173444144,4,429.705,0.71485463,LLHVAVSDVNDDVRR/4
569.9760701569622,3,429.705,0.84941218,LLHVAVSDVNDDVRR/3
682.8676825855041,2,429.705,1.20895713,QQHIEQLLAER/2
854.400272082004,2,430.448,1.23055939,LSDGQGFTQDDIQAGR/2
884.4128481160042,2,431.935,1.22443271,VVHSYEELEENYTR/2
783.4051604950039,2,432.679,1.24585071,SLEAQVAHADQQLR/2
854.361966589004,2,432.679,1.24383991,EGEDMIAEEHFGSEK/2
641.9864119122957,3,432.679,0.86315606,FVTSTSDHFVEGQTVAAK/3
752.3993468090041,2,433.422,1.22337213,GISHVIVDEIHER/2
501.93532336162906,3,433.422,0.85810556,GISHVIVDEIHER/3
750.848632493504,2,433.422,1.20757303,QVFTNAEVYNC[UNIMOD:4]R/2
801.904127629504,2,433.422,1.2209733,VVQLHEYSEELEK/2
529.5815638919622,3,433.422,0.84779859,TPLHC[UNIMOD:4]VMEVDTER/3
534.9385105752957,3,433.422,0.85358062,VVQLHEYSEELEK/3
790.857374365504,2,434.166,1.21659964,QDLFEPSSANTEDK/2
751.8872262855042,2,434.166,1.2247115,FVPAEMGTHTVSVK/2
468.25410478862904,3,434.166,0.85262929,KDPQGLGLHFYK/3
749.404629194004,2,434.91,1.2120096,QTLQSEQPLQVAR/2
798.376068673004,2,435.653,1.22429795,QVTQSYWDTNPTR/2
904.9228600695042,2,435.653,1.24596124,GDEC[UNIMOD:4]QLVGPAQPSHWK/2
603.6176655352957,3,435.653,0.87249001,GDEC[UNIMOD:4]QLVGPAQPSHWK/3
844.401426143004,2,435.653,1.22591917,AANSC[UNIMOD:4]TSYSGTTLNLK/2
663.6605873779624,3,436.397,0.87381641,GGAAVDPDSGLEHSAHVLEK/3
994.9872428335042,2,436.397,1.25175975,GGAAVDPDSGLEHSAHVLEK/2
497.99725965019155,4,436.397,0.7356001,GGAAVDPDSGLEHSAHVLEK/4
717.888614993504,2,436.397,1.21026179,IRLENEIQTYR/2
405.5652914219624,3,436.397,0.84278967,LLKPEC[UNIMOD:4]VLDK/3
779.380819669004,2,436.397,1.22090964,FVSEDDRNSFTLK/2
928.4060481250041,2,437.14,1.22170098,NAEVTGTMSQDTEVDMK/2
841.895019483504,2,437.14,1.24377059,ASSSSASSAGALESSLDR/2
471.88971407362897,3,437.883,0.86013387,WGDEHIPGSPYR/3
542.6334214642957,3,437.883,0.8522289,TPVIDADKPVSSQLR/3
731.3520622670039,2,437.883,1.21824867,SSHYDELLAAEAR/2
732.387393500004,2,437.883,1.1984987,HC[UNIMOD:4]PSAVVPVELQK/2
801.8839234785039,2,438.627,1.22522417,SDVLQPGAEVTTDDR/2
523.9137537676291,3,438.627,0.85653825,FHWEQDQIAHMK/3
785.3669924180042,2,438.627,1.22739831,FHWEQDQIAHMK/2
417.8945765722956,3,439.37,0.85455624,LEDLEVIQHR/3
754.3972383310041,2,439.37,1.22907898,LASHLNLAMC[UNIMOD:4]HLK/2
503.2672510429624,3,440.114,0.85993653,LASHLNLAMC[UNIMOD:4]HLK/3
788.938304811504,2,440.114,1.21353972,IQHAVQLATEPLEK/2
539.2451690849624,3,440.114,0.85032979,MQQHFEFEYQTK/3
726.819640567504,2,441.601,1.20355693,YVQSGMMMSQYK/2
684.3357694166292,3,441.601,0.86955574,IVSSSDVGHDEYSTQSLVK/3
728.3848508440041,2,441.601,1.21231238,ASAGPQPLLVQSC[UNIMOD:4]K/2
949.9419697405042,2,442.344,1.22979039,LYQPEYQEVSTEEQR/2
756.4200822670041,2,442.344,1.23292206,LTQVLNTHYVAPR/2
504.61581366696237,3,442.344,0.86508959,LTQVLNTHYVAPR/3
543.6068779766291,3,442.344,0.85840793,LADMHSTEISLQQR/3
828.894822518504,2,442.344,1.22833172,TSPNEGLSGNPADLER/2
530.6083303302956,3,442.344,0.84549652,HGHLC[UNIMOD:4]PIDTGLIEK/3
489.9404087482956,3,443.088,0.85690592,RVDPVYIHLAER/3
596.9647309259625,3,443.088,0.85413501,TSIHEAMEQQSISISK/3
661.0068186246291,3,443.088,0.87148406,ALTVAHELLC[UNIMOD:4]NKPEEEK/3
662.2840233099624,3,443.088,0.86892145,VDDHDSEEIC[UNIMOD:4]LDHLC[UNIMOD:4]K/3
894.9434581555042,2,443.088,1.22350966,TSIHEAMEQQSISISK/2
755.844070029504,2,443.832,1.24182488,FNLTYVSHDGDDK/2
504.23180550862895,3,443.832,0.86670149,FNLTYVSHDGDDK/3
821.923382992504,2,444.575,1.22807641,LPSGSGAASPTGSAVDIR/2
787.3706489310039,2,444.575,1.22549209,ELAETIAADDGTDPR/2
795.386298983004,2,445.319,1.22567205,GNDTPLALESTNTEK/2
536.2525465732957,3,445.319,0.86349334,FIC[UNIMOD:4]EQDHQNFLR/3
804.4141395780041,2,446.063,1.2152168,NPNTSEPQHLLVMK/2
553.9774111122957,3,446.063,0.85936794,LHISQLQHENSILK/3
536.6118518742957,3,446.063,0.84917452,NPNTSEPQHLLVMK/3
943.460526572004,2,446.063,1.22120294,HELTEISNVDVETQSGK/2
777.878975486504,2,446.806,1.22849672,QSSATSSFGGLGGGSVR/2
854.9148380815041,2,446.806,1.22771719,VQPQWSPPAGTQPC[UNIMOD:4]R/2
828.907398565504,2,447.55,1.241889,EALLSSAVDHGSDEVK/2
547.617882852629,3,447.55,0.86040554,FLSNGHVTIPGQQDK/3
552.2787612952957,3,447.55,0.86173363,APSVANVGSHC[UNIMOD:4]DLSLK/3
818.3801593840041,2,447.55,1.22846943,LAC[UNIMOD:4]LSEEGNEIESGK/2
827.9145037095041,2,447.55,1.23223356,APSVANVGSHC[UNIMOD:4]DLSLK/2
624.623545789629,3,447.55,0.87311153,MLVQC[UNIMOD:4]MQDQEHPSIR/3
892.9443153845041,2,447.55,1.23809852,ELFQTPGHTEEAVAAGK/2
790.846917941504,2,448.293,1.22396292,ILC[UNIMOD:4]DVPC[UNIMOD:4]SGDGTMR/2
675.3447107236291,3,448.293,0.86878033,NREELGFRPEYSASQLK/3
770.8963025635043,2,449.037,1.22958865,EEVVLLTHGDSVDK/2
821.908887043504,2,449.037,1.22455447,MATQASTLYSNNITK/2
516.619558141629,3,449.037,0.85274556,GHLLYVALSPGQHR/3
639.311235521629,3,449.037,0.88625777,DLVHLSHNMLHGDGTNR/3
417.5606518532957,3,449.78,0.85309179,LLEC[UNIMOD:4]PHLNVR/3
820.923186045504,2,449.78,1.23135757,FLSNGHVTIPGQQDK/2
774.425698979004,2,449.78,1.21661127,GHLLYVALSPGQHR/2
760.8396158025041,2,450.524,1.21019226,EC[UNIMOD:4]VLPGGETAGDMGK/2
870.444148194004,2,450.524,1.22075147,NTNSVPETAPAAIPETK/2
568.9532655312956,3,450.524,0.8663819,YAGLLFSSRPDAHDR/3
877.931404990504,2,451.267,1.2325737,SSSVGSSSSYPISPAVSR/2
821.425758491004,2,451.267,1.21418413,QVVAVTGDGTNDGPALK/2
862.4123168030042,2,451.267,1.22443907,YQVGVHYELTEEEK/2
811.8643421415039,2,452.754,1.22312997,VDIQTEDLEDGTC[UNIMOD:4]K/2
690.8562605805041,2,452.754,1.2253807,C[UNIMOD:4]LALATHDNPLR/2
530.294628648629,3,452.754,0.85300309,VPTTEKPTVTVNFR/3
802.8666878515041,2,453.498,1.23016621,FATEYC[UNIMOD:4]NTIEGTAK/2
457.56986999662905,3,453.498,0.84576521,FEDHEGLPTVVK/3
725.3613757400042,2,453.498,1.21671045,QLYTVTMDVHSR/2
862.4341148720041,2,454.242,1.21299216,HLLVSNVGGDGEEIER/2
782.367909299004,2,454.242,1.22175414,TGQGDYPLNNELDK/2
794.3728572570042,2,454.242,1.22064943,NESTPPSEELELDK/2
474.58675516562903,3,454.986,0.85311115,ITEYLC[UNIMOD:4]EPLRK/3
731.9135785145041,2,454.986,1.23360342,VQLTTC[UNIMOD:4]IHHIIK/2
560.3089378452956,3,454.986,0.85790603,AELRDDPIISTHLAK/3
812.9112327525041,2,454.986,1.23360192,YAPTEVGLHEMHIK/2
542.2765806572958,3,454.986,0.86390017,YAPTEVGLHEMHIK/3
488.27814449862905,3,454.986,0.86151871,VQLTTC[UNIMOD:4]IHHIIK/3
802.9357621235039,2,455.729,1.21338901,TKPYIQVDIGGGQTK/2
406.9592546096915,4,455.729,0.72921806,YAPTEVGLHEMHIK/4
420.48352250069144,4,455.729,0.72351137,AELRDDPIISTHLAK/4
695.8698908915039,2,455.729,1.19297504,LTPYEVDELRR/2
888.928527952504,2,456.473,1.23122143,TAGPLESSETEEASQLK/2
833.3986864470041,2,457.217,1.22496331,NQVAM[UNIMOD:35]NPTNTVFDAK/2
613.6271066052956,3,457.217,0.86413797,SFAGAVSPQEEEEFRR/3
851.4092511470039,2,457.217,1.22937815,SGQGDALASGPVETGPMK/2
917.4198158520041,2,457.217,1.23021164,AQAVLEEDHYGMEDVK/2
611.9489693902957,3,457.217,0.85937132,AQAVLEEDHYGMEDVK/3
400.5171782902957,3,457.217,0.84163117,MPDMHVNMPK/3
893.8992476085041,2,458.704,1.22953958,QMQSSFTSSEQELER/2
738.6822740522957,3,459.447,0.88296913,VFQGTDEQLNDLYHNHQR/3
554.2635246559415,4,459.447,0.74361893,VFQGTDEQLNDLYHNHQR/4
541.2597676689625,3,459.447,0.8482548,MHAPPINMESVHMK/3
942.447084841004,2,460.191,1.23043341,AEVVETTQVYTEEETR/2
647.0070415312956,3,460.191,0.85556219,KPVSTTNLQDPGVLGC[UNIMOD:4]PR/3
791.8950597675039,2,460.191,1.23294637,MMLSGGAPLSPQTHR/2
402.2397956512957,3,460.191,0.84222599,ILHLLGQEGPK/3
704.8589918675041,2,460.191,1.20776941,LTIHGDLYYEGK/2
765.8261740715042,2,461.678,1.20925212,AVYMMPTEGDDSSK/2
824.3442080660042,2,461.678,1.21636182,C[UNIMOD:4]TSYNIPC[UNIMOD:4]TSDMAK/2
693.4003039340041,2,461.678,1.19555849,KPMVVLGSSALQR/2
736.869367950504,2,462.421,1.2182969,VLAMSGDPNYLHR/2
968.460141094004,2,462.421,1.24029112,MTQNPNYYNLQGISHR/2
645.9758528849624,3,463.165,0.86941888,MTQNPNYYNLQGISHR/3
491.58200412262903,3,463.165,0.85705988,VLAMSGDPNYLHR/3
795.8003532475041,2,463.909,1.21221517,TFMDMDQDSEDEK/2
440.567806407629,3,463.909,0.84500434,SGGMERPFVLAR/3
944.9696729295041,2,464.652,1.22580813,KLEEEQIILEDQNC[UNIMOD:4]K/2
791.382505072004,2,465.396,1.22216261,C[UNIMOD:4]VVEPAAGDLDNPPK/2
902.4545243510038,2,465.396,1.23886207,AIGVLTSGGDAQGM[UNIMOD:35]NAAVR/2
727.385905065004,2,466.883,1.22958096,TELISVSEVHPSR/2
735.8608742195041,2,466.883,1.2240533,LMLSTSEYSQSPK/2
681.9678571476289,3,466.883,0.86998176,AADEEAFEDNSEEYIRR/3
545.6276134112956,3,466.883,0.86666636,LQM[UNIMOD:35]EAPHIIVGTPGR/3
832.4123167470042,2,467.626,1.22145231,AAAFEEQENETVVVK/2
882.4315721810042,2,467.626,1.2321342,VANPSGNLTETYVQDR/2
692.3719320260041,2,467.626,1.21296677,VIEEQLEPAVEK/2
776.901919302504,2,467.626,1.22507886,EQGVEEHETLLLR/2
458.58563155762903,3,467.626,0.85235795,TQILAASYELHK/3
518.270371690629,3,467.626,0.86002721,EQGVEEHETLLLR/3
791.3372402800042,2,468.37,1.23534479,DFTVSAMHGDMDQK/2
477.88843971496226,3,468.37,0.85396772,MC[UNIMOD:4]HPSIEGFTPR/3
729.8571773975041,2,468.37,1.22017159,VNEISVEVDSDPR/2
539.9450539162957,3,469.114,0.86375236,YFLHTGHLTIAGC[UNIMOD:4]K/3
840.8803265345041,2,469.114,1.22854184,M[UNIMOD:35]DATANDVPSPYEVR/2
559.2379086709624,3,469.857,0.85993953,C[UNIMOD:4]NYLGHYSDPMYR/3
590.6647215969624,3,469.857,0.85944325,YPTQSGKPPLLVSAPSK/3
460.9807183501916,4,469.857,0.73802835,VQQLLHIC[UNIMOD:4]SEHFDSK/4
416.870720454629,3,469.857,0.8538801,SC[UNIMOD:4]AFAMGHLVR/3
838.3532247730041,2,469.857,1.22682871,C[UNIMOD:4]NYLGHYSDPMYR/2
826.3726686880041,2,470.601,1.2319666,FESLEPEMNNQASR/2
837.4339179080041,2,470.601,1.23797938,GITINAAHVEYSTAAR/2
460.56293834829575,3,470.601,0.85318413,YGGPYHIGGSPFK/3
749.3752030180041,2,470.601,1.22116474,YIEGLSAESNSISK/2
629.007035954629,3,470.601,0.8715811,LASALAPSIYEHEDIKK/3
714.8882805965042,2,471.344,1.22230087,AVIGIGIEEEDRK/2
614.3051989779625,3,471.344,0.87316483,VQQLLHIC[UNIMOD:4]SEHFDSK/3
881.896893476504,2,472.088,1.22911839,IDEAESLNDEELEEK/2
795.8826722775042,2,472.088,1.24013159,DIQSC[UNIMOD:4]TVEVHFQK/2
794.8748472585041,2,472.831,1.23238684,YAPSEAGLHEMDIR/2
941.458121281004,2,472.831,1.25628859,LSSWDQAETPGHTPSLR/2
462.4623584036915,4,472.831,0.73161866,NDAKNAVEEYVYEM[UNIMOD:35]R/4
825.8843576475041,2,473.575,1.20738341,THMVVANTMEDFQK/2
627.9745063429623,3,473.575,0.88081661,LSSWDQAETPGHTPSLR/3
634.9598684166291,3,473.575,0.8743339,IMLFTNEDNPHGNDSAK/3
951.9361643915041,2,473.575,1.25197007,IMLFTNEDNPHGNDSAK/2
762.3741487820041,2,473.575,1.20589306,VEVYQQQIEMEK/2
712.0163767882956,3,474.318,0.86550658,HIQQVDC[UNIMOD:4]SGNDLEQLHIK/3
795.933553736504,2,474.318,1.23254137,VGSLDNVGHLPAGGAVK/2
530.9581279799623,3,474.318,0.86190663,VGSLDNVGHLPAGGAVK/3
855.945803894504,2,474.318,1.22064711,TLSHPQQMALLDQTK/2
592.2666328039624,3,474.318,0.8654527,YPNAELAWC[UNIMOD:4]QEEHK/3
767.8623710295042,2,474.318,1.21894135,AGEVINQPM[UNIMOD:35]MMAAR/2
431.8873105182957,3,474.318,0.85121686,YSDFVVHEIGK/3
767.862371029504,2,474.318,1.22352056,AGEVINQPMMM[UNIMOD:35]AAR/2
715.3802884040041,2,475.062,1.21111432,VQQQEDEITVLK/2
432.918945004629,3,475.062,0.84680907,RFDVLAPHLTK/3
780.8786411715041,2,475.062,1.22658884,ALQEGEGDLSISADR/2
771.3939270620041,2,475.806,1.21171899,REVDDLGPEVGDIK/2
580.2858044559624,3,476.549,0.87333507,YGISSMIQSQEKPDR/3
690.3751434660039,2,476.549,1.20741238,YLHENLPIPQR/2
663.3178328522957,3,476.549,0.86420089,GKEDEGEEAASPMLQIQR/3
489.917275357629,3,476.549,0.86476937,LDALC[UNIMOD:4]NIHENIR/3
491.93180180762903,3,476.549,0.85186679,RHIEIFTDLSSR/3
833.8774495015041,2,477.293,1.22538882,VSSSC[UNIMOD:4]LDLPDSTEEK/2
461.74798481594155,4,477.293,0.73982452,FIIQSEKPPHYLESR/4
793.4308438660041,2,478.036,1.22445987,TTTLSGTAPAAGVVPSR/2
877.3735855350042,2,478.036,1.22948021,DPESETDNDSQEIFK/2
735.4015551350042,2,478.78,1.22484916,LNLEHIATSSAVSK/2
808.8772525515041,2,478.78,1.21655447,SQAC[UNIMOD:4]EPSEPEIEIK/2
586.9722142339624,3,478.78,0.86279403,QAGPASVPLRTEEEFK/3
537.2573031716289,3,478.78,0.85791649,C[UNIMOD:4]PAC[UNIMOD:4]FVGTITGDRR/3
765.8317908105041,2,479.524,1.2157959,MLTAQDMSYDEAR/2
707.8698909005041,2,479.524,1.21128032,AEHDQLLLNYAK/2
578.6345450749624,3,479.524,0.86578673,MLTGPVYSQSTALTHK/3
490.6034622456291,3,479.524,0.85517165,LNLEHIATSSAVSK/3
472.24901942262903,3,479.524,0.84648114,AEHDQLLLNYAK/3
421.21677369029567,3,479.524,0.85239615,MIVTDIYNHR/3
749.845755465504,2,479.524,1.21646617,MLTAQDVSYDEAR/2
867.448179379004,2,480.267,1.23670807,MLTGPVYSQSTALTHK/2
480.56601970296236,3,481.011,0.85705874,DLEEDHAC[UNIMOD:4]IPIK/3
782.362292568004,2,481.011,1.22190768,FGVEQPEGDEDLTK/2
741.407171856004,2,481.755,1.21697629,SQIHDIVLVGGSTR/2
783.3744831120041,2,482.498,1.22421901,FNEC[UNIMOD:4]GHVLYADIK/2
968.4663402250039,2,482.498,1.24354165,GSSGVGLTAAVTTDQETGER/2
822.3886447790042,2,482.498,1.22068447,NYLHYSLYDQAEK/2
522.5854142302957,3,482.498,0.85451903,FNEC[UNIMOD:4]GHVLYADIK/3
903.9708645365041,2,482.498,1.25092999,LQALANEQAAAAHELEK/2
729.004136820629,3,483.242,0.8842607,LESEMEDAYHEHQANLLR/3
761.9224577685042,2,483.242,1.2187958,HTGYVIELQHVVK/2
825.917046392504,2,483.242,1.23032557,SNMGHPEPASGLAALAK/2
781.4222905780041,2,483.242,1.19914936,HPAPPPSNYEILVK/2
602.983001846629,3,483.985,0.87321195,LQALANEQAAAAHELEK/3
893.8886829125042,2,484.729,1.22900136,YDDYPENGVVQMNSR/2
508.28406400129575,3,484.729,0.85104227,HTGYVIELQHVVK/3
907.480730662004,2,485.473,1.22430998,VVVDPVVTEQPSTSSAAK/2
433.91883355629574,3,485.473,0.85134657,VTVLFAGQHISK/3
665.6824464739623,3,485.473,0.87903477,LLEAQAC[UNIMOD:4]TGGIIHPTTGQK/3
455.94901569762897,3,486.216,0.84684409,QTGIVLNRPVLR/3
615.2940826216291,3,486.216,0.86517749,QTPNDLTGEHSC[UNIMOD:4]IMLK/3
747.8648055085041,2,486.96,1.22312237,YLGLYNDPNSNPK/2
560.3210663552956,3,486.96,0.86411538,LLELGPKPEVAQQTR/3
775.367712316004,2,486.96,1.23822976,LGYFSVDPDSHQGK/2
845.4036344590041,2,487.703,1.22220205,C[UNIMOD:4]VSVQTDPTDEIPTK/2
709.3563990269623,3,487.703,0.86894841,LREEMEEITQQQLVHDK/3
517.2475670329624,3,487.703,0.86610908,LGYFSVDPDSHQGK/3
609.3163153149625,3,487.703,0.86874776,RFELYFQGPSSNKPR/3
764.340837259004,2,489.191,1.21606872,QMFLTQTDTGDDR/2
779.4083258830042,2,489.934,1.22957717,FVPQEMGVHTVSVK/2
725.319373476004,2,489.934,1.23862007,EDFSDMVAEHAAK/2
614.6391236976291,3,489.934,0.86142678,IVYGHLDDPASQEIER/3
737.365307010004,2,489.934,1.23414843,EWVNLYHSAAAGR/2
471.5531685139624,3,490.678,0.85345311,TGVC[UNIMOD:4]IC[UNIMOD:4]FYQHK/3
785.8966368965042,2,490.678,1.22577254,GSEVGFHGAAPDISVK/2
871.379636472004,2,492.166,1.23557946,EIC[UNIMOD:4]NAYTELNDPM[UNIMOD:35]R/2
765.8859348905041,2,494.396,1.23017637,IAQLEEQLDNETK/2
745.914298384504,2,495.14,1.22072218,EIVVIHQDPEALK/2
807.4157252140042,2,495.14,1.22681627,EDGLAQQQTQLNLR/2
808.899376599504,2,495.14,1.21832778,QPAENVNQYLTDPK/2
763.3882591730041,2,495.14,1.23988852,LAQANGWGVMVSHR/2
972.4273149510038,2,495.14,1.23291802,M[UNIMOD:35]MDYLQGSGETPQTDVR/2
972.4273149510038,2,495.14,1.23374267,MM[UNIMOD:35]DYLQGSGETPQTDVR/2
509.26126493762905,3,495.883,0.86999842,LAQANGWGVMVSHR/3
744.879401308504,2,495.883,1.20255858,THNTLYAPEMLAK/2
590.6210756689624,3,495.883,0.87552699,KQELEEIC[UNIMOD:4]HDLEAR/3
741.855926237504,2,495.883,1.21866547,GYHYATC[UNIMOD:4]LEGALK/2
796.3763654880041,2,495.883,1.22298815,AC[UNIMOD:4]VC[UNIMOD:4]QTLGISPEEK/2
895.944649803504,2,496.627,1.24176723,LVGAIVYYDGQHNDAR/2
760.383559341004,2,497.371,1.22492486,ELSTTLNADEAVTR/2
935.3983605060041,2,497.371,1.24126695,FC[UNIMOD:4]FTPHTEEGC[UNIMOD:4]LSER/2
777.374483141004,2,497.371,1.24499019,DYIAYAHSTIM[UNIMOD:35]PR/2
733.3802883930041,2,498.114,1.22121896,VITEYLNAQESAK/2
623.9346658262957,3,498.114,0.86917332,FC[UNIMOD:4]FTPHTEEGC[UNIMOD:4]LSER/3
992.9732781905041,2,498.114,1.25175409,IPEINSSDMSAHVTSPSGR/2
662.317944282629,3,498.858,0.87673478,IPEINSSDMSAHVTSPSGR/3
841.3779510160041,2,498.858,1.23484571,SWVNQMESQTGEASK/2
660.6776898482957,3,498.858,0.86996902,RELQELVQYPVEHPDK/3
403.8923958956291,3,498.858,0.8410746,LPVHTEISWK/3
696.9908846759623,3,498.858,0.87360895,NPSTVEAFDLAQSNSEHSR/3
759.867742104504,2,498.858,1.22611193,ETENDDLTNVIQK/2
735.4035665580042,2,498.858,1.21598726,LYSTIRPYLESK/2
465.8919556862957,3,499.602,0.84152495,LMHVAYEEFEK/3
581.281270695629,3,499.602,0.87846152,DTSFEQHVLWHTGGK/3
829.910275632504,2,499.602,1.23266405,WITEEQPNSATNLR/2
428.5871953489623,3,500.345,0.8510406,VTVLFAGQHIAK/3
477.2484176144415,4,500.345,0.75072471,RGAEVHLVPWNHDFTK/4
715.3515365116291,3,500.345,0.87601732,KPTDGASSSNC[UNIMOD:4]VTDISHLVR/3
926.4230868330039,2,501.089,1.23178656,AMSLVSSDSEGEQNELR/2
500.25980701729577,3,501.089,0.86547348,QADLYISEGLHPR/3
749.8860722925042,2,501.089,1.2335204,QADLYISEGLHPR/2
635.995464663629,3,501.089,0.88274482,RGAEVHLVPWNHDFTK/3
773.3864364080041,2,502.576,1.22274787,AQAEAQQPTFDALR/2
897.449430601004,2,503.319,1.23746901,VEAAQETVADYQQTIK/2
717.8853523465039,2,503.319,1.23754648,AGNNMLLVGVHGPR/2
775.8593941375041,2,504.063,1.22363567,SMSDVSAEDVQNLR/2
485.5806576052957,3,504.063,0.84730864,LEHDVNIQFPDK/3
421.22403409096233,3,504.806,0.8469508,LVNHFVEEFK/3
572.9616495499624,3,504.806,0.86500497,VSQPIEGHAASFAQFK/3
491.24561490962907,3,505.55,0.87236007,AC[UNIMOD:4]NQLGQFLQHR/3
417.90670506829565,3,505.55,0.85339533,GSGNLEAIHIIK/3
858.9388360915042,2,505.55,1.23839935,VSQPIEGHAASFAQFK/2
806.3784739820042,2,505.55,1.22845463,EISEASENIYSDVR/2
800.9056160795041,2,505.55,1.22110709,LLQC[UNIMOD:4]YPPPEDAAVK/2
478.9259937199622,3,506.295,0.86884479,AGNNMLLVGVHGPR/3
590.3135830132957,3,506.295,0.8589539,VAIHEAMEQQTISIAK/3
410.885246946629,3,507.038,0.8570954,LQSGIC[UNIMOD:4]HLFR/3
884.966736286504,2,507.038,1.23057485,VAIHEAMEQQTISIAK/2
566.628781885629,3,507.038,0.86865838,RGEAHLAVNDFELAR/3
762.3675153510042,2,507.038,1.20580432,HLFGQPNSAYDFK/2
509.24869065029566,3,507.038,0.85784827,C[UNIMOD:4]QSLTEDLEFRK/3
818.859591111504,2,507.782,1.23265786,VDINTEDLEDGTC[UNIMOD:4]R/2
797.401949065004,2,507.782,1.23047197,TASESISNLSEAGSIK/2
763.828716784504,2,508.526,1.20936177,AMLPC[UNIMOD:4]PDYDTDTK/2
877.8971391155039,2,510.013,1.23048696,GC[UNIMOD:4]ITIIGGGDTATC[UNIMOD:4]C[UNIMOD:4]AK/2
536.2813821879623,3,510.013,0.86812308,QQNELAELHANLAR/3
894.4153908200042,2,510.013,1.23565852,FYQEPNGETPSSLYR/2
776.409911477004,2,510.756,1.20884345,LLHVAVSDVNDDVR/2
686.8646085365042,2,511.5,1.22382393,ELEAGSLVYVHR/2
758.3831653780042,2,512.243,1.23191181,FADQHVPGSPFSVK/2
505.9245357409624,3,512.987,0.86168498,FADQHVPGSPFSVK/3
464.55305704096236,3,512.987,0.85134475,LETHMTPEMFR/3
755.3884478100041,2,514.474,1.21156739,NNAYLAQSPQLYK/2
716.0565067269623,3,514.474,0.86731527,AHVIVMAATNRPNSIDPALR/3
667.3337058489624,3,514.474,0.88183249,LQQVLQMESHIQSTSDR/3
414.2096190872957,3,514.474,0.84547628,GEHVPGFC[UNIMOD:4]LPK/3
447.9054306822957,3,514.474,0.8476491,ASMHPVTAMLVGK/3
742.4170082320042,2,515.218,1.21221966,QIGVEHVVVYVNK/2
728.8933659775041,2,515.218,1.21405746,GIHPTIISESFQK/2
773.8927056295041,2,515.218,1.22321074,KAEEIANEMIEAAK/2
495.2804309769624,3,515.218,0.8489647,QIGVEHVVVYVNK/3
975.978749099504,2,515.218,1.2419739,VTAEADSSSPTGILATSESK/2
781.3693977610039,2,515.218,1.2185997,ELPPDQAEYC[UNIMOD:4]IAR/2
789.891551515504,2,515.961,1.22071938,QGFNVVVESGAGEASK/2
545.9544950042957,3,516.705,0.86330748,GDPIGGHIHSYLLEK/3
560.6373888642956,3,517.448,0.86402657,HIANYISGIQTIGHR/3
785.8745128795041,2,517.448,1.21871746,ESFLVTGSQDC[UNIMOD:4]TVK/2
751.8270313575042,2,517.448,1.21254378,YAVGEEC[UNIMOD:4]DFEVGK/2
613.3196139962956,3,518.192,0.86871632,YSHLQPGDHLTDITLK/3
919.475782761004,2,518.192,1.24536363,YSHLQPGDHLTDITLK/2
775.8557888275042,2,518.936,1.21740194,YYTSASGDEMVSLK/2
790.9175693875042,2,518.936,1.24914883,LLEEQLQHEISNK/2
833.8979964025041,2,518.936,1.24092921,EQQAAVTSSIM[UNIMOD:35]QAMR/2
928.9730728755042,2,518.936,1.22160026,HATIYPTEEELQAVQK/2
527.6141384139625,3,519.68,0.87190532,LLEEQLQHEISNK/3
925.9552144515039,2,520.423,1.22658007,FHQFLVSETESGNISR/2
473.9307447609624,3,520.423,0.8635216,DQVVILHHMLSK/3
471.8690451929624,3,520.423,0.85959495,EYGFC[UNIMOD:4]IMDNHK/3
917.8810548115041,2,521.167,1.2352586,YDAFGEDSSSAMGVENR/2
717.864805482504,2,521.167,1.21358442,ANLPQSFQVDTSK/2
678.9865289639624,3,521.167,0.87777689,HSSNPPLESHVGWVMDSR/3
400.2400185219623,3,521.167,0.85134048,AVFPSIVGRPR/3
451.91726973029563,3,521.167,0.84556597,VSGHVITDIVEGK/3
540.977522554629,3,521.167,0.86739971,EVLQNQLGIRPPTR/3
882.431572177004,2,521.911,1.24035011,FSALQQAVPTESTDNR/2
701.8566461355041,2,521.911,1.21490541,QLLDDEEQLTAK/2
929.468686045004,2,521.911,1.24579349,LQQEETQLEQSIQAGR/2
933.9305477135041,2,521.911,1.23045786,GALDTTDGYMGVNQAPEK/2
917.4492420010042,2,522.654,1.2379677,GDQENVHPDVMLVQPR/2
462.6052490209624,3,522.654,0.85576915,YQLLQLRPAQR/3
611.9685868229625,3,523.398,0.867606,GDQENVHPDVMLVQPR/3
448.25276387862897,3,523.398,0.85431971,LSVEADINGLRR/3
902.4344116370041,2,523.398,1.23347833,VMVVVTDGESHDGSMLK/2
967.522732847004,2,524.141,1.2399894,AEPAAPPAAPSTPAPPPAVPK/2
733.4097145450039,2,525.628,1.21978414,AQIHDLVLVGGSTR/2
859.423215838004,2,525.628,1.22602342,SLHQAIEGDTSGDFLK/2
690.3422013432956,3,525.628,0.8724139,LGQSDPAPLQHQMDIYQK/3
814.896114000504,2,526.372,1.23152549,IQFVGAC[UNIMOD:4]NPPTDPGR/2
932.4885557340041,2,526.372,1.22740207,SLIGVEYKPVSATGAEDK/2
923.9368842975041,2,526.372,1.2305988,TVTLPENEDELESTNR/2
687.6579665439625,3,527.115,0.87372842,VLAVNQENEHLMEDYEK/3
693.3639184130041,2,527.115,1.2250638,MAPALSGANLTSPR/2
948.950326087504,2,527.115,1.23633778,SQIDVALSQDSTYQGER/2
462.57971200562906,3,527.859,0.85051876,IDAMHGVVGPYVK/3
607.2978270902958,3,527.859,0.86178256,SC[UNIMOD:4]ILRPGGSEDASAMLR/3
742.898125385504,2,527.859,1.22932369,SIPSMVDGLKPGQR/2
625.6403587359623,3,528.602,0.86554429,TC[UNIMOD:4]AYTNHTVLPEALER/3
693.3659297750041,2,529.346,1.21412822,IDAMHGVVGPYVK/2
568.2583907154415,4,529.346,0.74381003,QAQYLGMSC[UNIMOD:4]DGPFKPDHYR/4
896.421401427004,2,529.346,1.24083564,AGNELLESSAGDDASSLR/2
418.2325352199623,3,529.346,0.85624055,SGIC[UNIMOD:4]SLHPLLR/3
737.3940644970041,2,530.09,1.22438399,TQVGLIQYANNPR/2
758.3339693440041,2,530.09,1.20362284,C[UNIMOD:4]PLSGAC[UNIMOD:4]YSPEFK/2
582.628781877629,3,530.09,0.87905855,FDVHDVTLHADAIHR/3
542.933870996629,3,530.833,0.86724771,GPSLNPVLDYDHGSR/3
746.3772227530042,2,530.833,1.21957175,TALINSTGEEVAMR/2
546.2560681012957,3,530.833,0.8594263,C[UNIMOD:4]TVFHGAQVEDAFR/3
437.2234055249414,4,530.833,0.74219641,FDVHDVTLHADAIHR/4
818.8804639185041,2,530.833,1.22836097,C[UNIMOD:4]TVFHGAQVEDAFR/2
757.393207168004,2,531.577,1.21853495,NLLHVTDTGVGMTR/2
948.4200128040042,2,531.577,1.22882531,ELFQTPC[UNIMOD:4]TDNPTTDEK/2
779.4083259160041,2,532.32,1.22263853,IEPIPGESPKMFGR/2
813.897168261504,2,532.32,1.23772081,GPSLNPVLDYDHGSR/2
762.9170380205039,2,532.32,1.2177308,IPQLAPPASDSTVTK/2
832.8828692195041,2,533.064,1.23027638,MDATANDVPSPYEVR/2
748.3452160832957,3,533.064,0.88239385,DQVTAQEIFQDNHEDGPTAK/3
804.8463866085041,2,533.064,1.20847074,AYHMVC[UNIMOD:4]LDPDMEK/2
536.9000165612957,3,533.064,0.84600411,AYHMVC[UNIMOD:4]LDPDMEK/3
863.431375261004,2,533.064,1.22314233,QFQNVQQVEYSSIR/2
924.4785223450041,2,533.807,1.22726005,HVSPAGAAVGIPLSEDEAK/2
748.9037421035039,2,533.807,1.24039401,NC[UNIMOD:4]ISTVVHQGLIR/2
499.60492022462887,3,534.551,0.86941923,NC[UNIMOD:4]ISTVVHQGLIR/3
814.8811838125041,2,534.551,1.21586923,NQWVNLNEPEEEK/2
402.7260924319415,4,535.294,0.72918582,VPKISM[UNIMOD:35]PDVDLHLK/4
403.2275556649624,3,535.294,0.84726548,VTAPDVDLHLK/3
534.2452805292957,3,535.294,0.86751664,YFTC[UNIMOD:4]DEGHGIFVR/3
438.90659360596237,3,535.294,0.85036608,LFNEHIEALTK/3
403.2209085714415,4,535.294,0.72712736,TPKISM[UNIMOD:35]PDVDLHLK/4
839.4075657380041,2,536.038,1.22559724,NQLTSNPENTVFDAK/2
891.455047343004,2,536.038,1.23758831,LQSQYASSEATISQLR/2
765.3868040229622,3,536.782,0.89456496,EAIVNSC[UNIMOD:4]VFVHQTLHQANAR/3
815.923383052504,2,537.525,1.23983547,TLQEVTQLSQEAQR/2
853.375596912004,2,537.525,1.2302543,GYDFESETDTETIAK/2
412.54623121829565,3,537.525,0.84810696,MVNHFIAEFK/3
518.9292923612957,3,537.525,0.86962451,ENEMLVTVAHFHK/3
580.937392544629,3,538.268,0.86422831,GYGFVHFETQEAAER/3
417.8778694282957,3,538.268,0.84987188,M[UNIMOD:35]VNHFIAEFK/3
777.890300308504,2,538.268,1.24130635,ENEMLVTVAHFHK/2
848.8738525495041,2,538.268,1.23094005,MEDSVGC[UNIMOD:4]LETAEEVK/2
802.922517328504,2,538.268,1.22273004,SVEVQGETETIIATK/2
459.55534356329576,3,539.012,0.85739453,MDYVEINIDHK/3
870.9024505835041,2,539.012,1.23373129,GYGFVHFETQEAAER/2
796.4034375450041,2,539.012,1.22406515,LQESGQVTISELC[UNIMOD:4]K/2
827.866884834504,2,539.756,1.22780145,EAEDGIIAYDDC[UNIMOD:4]GVK/2
938.9365499495041,2,539.756,1.23157415,TEPEEVSIEDSAQSDLK/2
684.3519318352957,3,539.756,0.87579803,SVVLMSHLGRPDGVPM[UNIMOD:35]PDK/3
899.9720186295041,2,539.756,1.23042282,TAIHEVMEQQTISIAK/2
744.354270569004,2,540.5,1.21598368,TTPSYVAFTDTER/2
541.2596955329624,3,540.5,0.85969229,WWEEERYPEGIK/3
408.5629383769624,3,540.5,0.85582517,IDESIHLQLR/3
772.3729946430042,2,541.243,1.23427947,DDILNGSHPVSFDK/2
543.6093424759623,3,541.243,0.85790649,MVDPEKPQLGMIDR/3
932.928339395504,2,541.243,1.24999873,LSLC[UNIMOD:4]GEESFGTGSDHIR/2
646.6424944909623,3,541.243,0.86900654,MMETMDQGDVIIRPSSK/3
869.911823652504,2,541.987,1.23225489,NSTEC[UNIMOD:4]TLILTEGDSAK/2
817.414336564004,2,541.987,1.23139191,VNQIGSVTESLQAC[UNIMOD:4]K/2
906.465946361004,2,541.987,1.24122146,TLQEQLENGPNTQLAR/2
846.862133803504,2,541.987,1.21923248,EQLLDC[UNIMOD:4]EGEDGWNK/2
622.2879850859623,3,541.987,0.87626786,LSLC[UNIMOD:4]GEESFGTGSDHIR/3
904.954880100504,2,542.73,1.22362896,SQVFSTAADGQTQVEIK/2
569.6247030639623,3,542.73,0.86473701,LPETNLFETEETRK/3
998.9720270175043,2,542.73,1.24428547,GYPHLC[UNIMOD:4]SIC[UNIMOD:4]DLPVHSNK/2
816.882337967504,2,542.73,1.22009443,IQESYGDVYGIC[UNIMOD:4]TK/2
666.3171101672958,3,543.475,0.86991881,GYPHLC[UNIMOD:4]SIC[UNIMOD:4]DLPVHSNK/3
929.4574525340041,2,543.475,1.2229221,GALVVEDNDSGVPVEETK/2
844.924871451504,2,544.218,1.24596685,LQELPDAVPHGEMPR/2
415.547176828629,3,544.218,0.85197001,VESHFDLELR/3
842.9362934055041,2,544.218,1.24058336,FAVALDSEQNNIHVK/2
749.348130972004,2,544.962,1.21777505,AELFTQSC[UNIMOD:4]ADLDK/2
723.8829982425042,2,544.962,1.22676294,NDVVGTTYLHLSK/2
922.909380816504,2,544.962,1.23297054,LLTEC[UNIMOD:4]PPM[UNIMOD:35]MDTEYTK/2
922.909380816504,2,544.962,1.23292153,LLTEC[UNIMOD:4]PPMM[UNIMOD:35]DTEYTK/2
728.8569804535041,2,545.707,1.21882645,TPELNLDQFHDK/2
431.92235513229576,3,545.707,0.85293474,LAILGIHNEVSK/3
539.602009900629,3,545.707,0.85335831,LTHDVELNLDYER/3
808.899376617504,2,546.451,1.21814684,LTHDVELNLDYER/2
486.24041245796235,3,547.194,0.85299802,TPELNLDQFHDK/3
752.3772227350041,2,547.194,1.21303455,TVLVNADGEEVAMR/2
968.942600882504,2,547.194,1.22120079,C[UNIMOD:4]LEPLPQEQGNMEYTK/2
579.6524816339623,3,547.194,0.86206311,VVSISSEHLEPITPTK/3
648.0195044362955,3,547.938,0.86446923,IHQHILPQGQGMLSGIGR/3
560.9546064159623,3,548.681,0.85945459,HWPFQVINDGDKPK/3
770.9221233475042,2,548.681,1.22331166,VVVVVPNEEDWKK/2
773.4122572380041,2,549.425,1.22742176,AALLNQHYQVNFK/2
536.2340527039624,3,549.425,0.86538763,MTGSEFDFEEMKR/3
481.9102322316291,3,549.425,0.8706378,FLQLLC[UNIMOD:4]ENHNR/3
541.5656909139625,3,549.425,0.86602361,M[UNIMOD:35]TGSEFDFEEMKR/3
514.2838410539624,3,549.425,0.85786395,VVVVVPNEEDWKK/3
679.696972920629,3,550.169,0.86943954,VIHLSNLPHSGYSDSAVLK/3
515.9388449362956,3,550.169,0.87534318,LGVTNTIISHYDGR/3
801.8876202905041,2,550.169,1.2232194,ALEEGLTPQEIC[UNIMOD:4]DK/2
515.9439303142957,3,550.169,0.86017214,AALLNQHYQVNFK/3
773.404629171004,2,550.169,1.24879606,LGVTNTIISHYDGR/2
520.9316903252957,3,550.169,0.86786913,FASTVFPSDHIPSR/3
968.960793603504,2,550.169,1.22610629,QVM[UNIMOD:35]VVPVGPTC[UNIMOD:4]DEYAQK/2
870.959965469504,2,550.912,1.22743211,VSHVSTGGGASLELLEGK/2
510.924424280629,3,550.912,0.86062536,FADEHVPGSPFTVK/3
580.9757358019623,3,550.912,0.85538417,VSHVSTGGGASLELLEGK/3
856.8993765665041,2,550.912,1.23189365,GYAFVHFETQEAADK/2
765.8829981875041,2,551.656,1.23077136,FADEHVPGSPFTVK/2
965.998764671504,2,551.656,1.24423,TVVSGSC[UNIMOD:4]AAHSLLITTEGK/2
840.928271390504,2,551.656,1.23135922,HWPFQVINDGDKPK/2
745.849263683504,2,551.656,1.21114371,HLALLC[UNIMOD:4]DTMTC[UNIMOD:4]R/2
831.3869676760041,2,552.4,1.23005028,SVFPEQANNNEWAR/2
629.995919581629,3,552.4,0.86425004,EGMQLISEKPETEAVVK/3
733.4222906100041,2,552.4,1.22605023,LVSHLTAQLNELK/2
742.3406319190041,2,553.143,1.20112589,ATFYGEQVDYYK/2
951.4781880100041,2,553.143,1.22813307,TITYQAVPSEVPNEEPK/2
789.9041276445041,2,553.143,1.22966719,IAYQLAVEAESEQK/2
552.2864675559623,3,553.143,0.8721045,GIFLHLSNQHEFGR/3
632.0388933476289,3,553.143,0.86755704,SIVIRPLEPQPAPHLAR/3
907.4228898530041,2,553.143,1.23548288,NVSGISFTENMGSSQQK/2
862.8845547125042,2,553.886,1.22110941,C[UNIMOD:4]IQC[UNIMOD:4]GQYLDDPDLK/2
964.9710614845042,2,553.886,1.25339621,TALAEAELEYNPEHVSR/2
491.599000696629,3,553.886,0.87291666,RRDEMLGLVPMR/3
643.6497998119625,3,554.63,0.87980646,TALAEAELEYNPEHVSR/3
944.3975919630041,2,555.374,1.23987216,AADEEAFEDNSEEYIR/2
636.9986519046291,3,555.374,0.86277873,LISVEPRPEQPEPDFR/3
499.9111329189623,3,556.117,0.86364827,EMNPALGIDC[UNIMOD:4]LHK/3
811.376265625004,2,556.117,1.25269036,SLEDALSSDTSGHFR/2
905.881489023504,2,556.861,1.22908237,SGMYTVAMAYC[UNIMOD:4]GSGNNK/2
797.3913843940041,2,557.605,1.22823083,INQLSEENGDLSFK/2
754.4093802310041,2,557.605,1.22688184,TYNASITLQQQLK/2
841.886466149504,2,557.605,1.23083465,SFAGAVSPQEEEEFR/2
745.0413564879623,3,557.605,0.87807034,LSQLEEHLSQLQDNPPQEK/3
464.90419563862906,3,558.349,0.84927694,VIGMHYFSPVDK/3
404.2362740772957,3,559.092,0.85981162,LATTILQHWK/3
940.9621822215041,2,559.092,1.23294702,FNQAQSGNIQSTVMLDK/2
684.0007211056292,3,559.092,0.87618806,AQVEEFLAQHGSEYQSVK/3
685.3429776600042,2,559.092,1.21069649,LFEHYYQELK/2
457.23107726229574,3,559.092,0.8459777,LFEHYYQELK/3
686.3639938132956,3,559.836,0.88687644,LASQGDSISSQLGPIHPPPR/3
852.9058213885039,2,559.836,1.22426478,QPMNAASGAAMSLAGAEK/2
558.2862446319624,3,559.836,0.86033205,GFVEPDHYVVVGAQR/3
655.9961424942957,3,559.836,0.86131227,IKPHLMSQELPEDWDK/3
773.925394368504,2,560.579,1.22381089,GVAIGQTSLTASVTNK/2
665.3603607989625,3,560.579,0.87025442,LAEIGAPIQGNREELVER/3
767.4046291640041,2,560.579,1.22804285,AINQQTGAFVEISR/2
836.9257287145042,2,561.323,1.22527558,GFVEPDHYVVVGAQR/2
414.57154530496246,3,561.323,0.85883033,LILEVHQFSR/3
760.867013828504,2,561.323,1.21214096,ELVYPPDYNPEGK/2
473.87369034829567,3,561.323,0.86315779,EDAMAMVDHC[UNIMOD:4]LK/3
880.9221914215041,2,561.323,1.23671324,LEEEQIILEDQNC[UNIMOD:4]K/2
710.306897289004,2,561.323,1.23315272,EDAMAMVDHC[UNIMOD:4]LK/2
879.4550472910039,2,562.066,1.23684648,EPLTQAVGLSTQAEGTR/2
699.3986185290041,2,562.066,1.19575186,TPHVLVLGSGVYR/2
878.954160284504,2,562.81,1.24061041,LAQQQAALLMQQEER/2
739.8884775495042,2,562.81,1.22560081,ETLLNSATTSLNSK/2
806.4027176270041,2,562.81,1.21759742,AHEILPNLVC[UNIMOD:4]C[UNIMOD:4]SAK/2
432.2131406739623,3,562.81,0.85657004,ADFC[UNIMOD:4]IIHYAGK/3
616.6525987282957,3,563.554,0.86456371,YESLELC[UNIMOD:4]RPVLQQGR/3
707.8698908975041,2,563.554,1.22471839,YGVIILDEAHER/2
472.24901942062905,3,563.554,0.8593106,YGVIILDEAHER/3
758.4119228710041,2,563.554,1.23418614,FAIGSQVSEHSIIK/2
505.9437074029624,3,563.554,0.86280527,FAIGSQVSEHSIIK/3
895.4519732960041,2,563.554,1.24834548,DEYLINSQTTEHIVK/2
554.2787557332957,3,563.554,0.86114115,IFYPETTDIYDRK/3
822.9282714205041,2,563.554,1.24810872,TEFAHRIWDTLQK/2
780.920643371504,2,564.297,1.24066422,LGSSGLGSASSIQAAVR/2
768.374148737004,2,564.297,1.22159251,FAM[UNIMOD:35]VAPDVQIEDGK/2
804.9226547465039,2,565.04,1.22688572,ASYVAPLTAQPATYR/2
545.6022327772956,3,565.04,0.87087686,LGDVYVNDAFGTAHR/3
856.9463267975042,2,565.04,1.24249498,LAASIAPEIYGHEDVK/2
689.385511120004,2,565.04,1.22625115,ANPQVGVAFPHIK/2
826.9119526465041,2,565.04,1.22232844,LFYHIVDSDEVSTK/2
572.602416387629,3,565.04,0.86199042,NHMHFGAITC[UNIMOD:4]AMGIR/3
472.58076905362896,3,565.04,0.86737116,IVLDNSVFSEHR/3
820.432863701004,2,565.04,1.24233238,LQISHEAAAC[UNIMOD:4]ITGLR/2
571.6333100206291,3,565.04,0.86927822,LAASIAPEIYGHEDVK/3
817.8997109325039,2,565.784,1.24132613,LGDVYVNDAFGTAHR/2
772.8811838755041,2,565.784,1.22732523,ELQELQDSLNAER/2
448.23493314862907,3,565.784,0.86300556,YGGELVPHFPAR/3
767.9204463915041,2,566.527,1.22807818,NAAHALPTTLGALER/2
824.4072313900041,2,566.527,1.22846593,GGGDVLEPVSSDSLSTK/2
969.5056028370038,2,567.271,1.23843811,NTAPDNGPILLQAQTTQR/2
745.386339310004,2,567.271,1.21923402,ALMGLYHGQVLC[UNIMOD:4]K/2
584.6334270596288,3,568.015,0.88420996,VGELVGVLAAHC[UNIMOD:4]QGEGR/3
867.4646867600039,2,568.015,1.2346304,YGLIYHASLVGQTSPK/2
797.8850775685041,2,568.758,1.22337774,ETVSEESNVLC[UNIMOD:4]LSK/2
516.2296304506291,3,568.758,0.87132179,FSASQFWDDC[UNIMOD:4]RK/3
884.3930781990041,2,568.758,1.23252864,AGSSWQC[UNIMOD:4]DTC[UNIMOD:4]LLQNK/2
898.448376374004,2,568.758,1.22537093,AMLAQQYQEGTLSVEK/2
832.875567156504,2,569.502,1.22480559,GEFTYYEIQDNTGK/2
421.2251576969624,3,569.502,0.84948702,TVVTGIEMFHK/3
814.8723045385041,2,569.502,1.22083949,C[UNIMOD:4]QPVFSFGNSEQTK/2
837.411793845004,2,570.245,1.23603054,GAGTGGLGLTVEGPC[UNIMOD:4]EAK/2
750.8539064535041,2,570.989,1.23000701,LYAVFTDYEHDK/2
782.371606084004,2,570.989,1.23374228,EGLMLDSHEELYK/2
500.9050297912957,3,571.732,0.86114393,LYAVFTDYEHDK/3
498.596419119629,3,571.732,0.86608633,QGTTPPIWHLTDK/3
816.916712056504,2,571.732,1.22909956,SLEPMAGQLSNSVATK/2
845.418130457004,2,571.732,1.23266475,AELVAISSSEDEGNLR/2
964.429857636004,2,572.476,1.23644415,MMDYLQGSGETPQTDVR/2
891.978492603504,2,572.476,1.24658126,HLEINPDHPIVETLR/2
730.9146327475041,2,572.476,1.2287807,ILDAVVAQEPLHR/2
594.988087224629,3,572.476,0.87362851,HLEINPDHPIVETLR/3
878.4674263620042,2,572.476,1.23356405,TAASGIPYHSEVPVSLK/2
504.6036851789624,3,572.476,0.86451688,HTLGHLLSLDSYR/3
585.9807097302958,3,572.476,0.86323882,TAASGIPYHSEVPVSLK/3
792.904461944504,2,572.476,1.22873021,VSANSVYGFTGAQVGK/2
752.0247607902955,3,572.476,0.87818833,MLWGSDPYPHAEPQQATTPK/3
625.9672403449623,3,572.476,0.86130377,WLHGLESQIQSDDYGK/3
815.907201600504,2,573.22,1.23102627,FNISNGGPAPEAITDK/2
487.6121806539624,3,573.22,0.86327893,ILDAVVAQEPLHR/3
861.4150564400042,2,573.963,1.24821831,LLDPEDISVDHPDEK/2
766.9163181115041,2,574.707,1.2249911,MHGGGPTVTAGLPLPK/2
668.9984346092957,3,574.707,0.87060609,EDAPIGPHLQSMPSEQIR/3
937.981035297504,2,574.707,1.25340578,LYQYPNFAGPHAALANK/2
514.2441569066291,3,574.707,0.86281201,ASDAFHFFQSGQAK/3
418.8936309799624,3,574.707,0.84634425,LIHDGC[UNIMOD:4]LLWK/3
536.958350900629,3,575.45,0.86532428,NAHSTAIAGLTFLHR/3
923.4089252230042,2,575.45,1.23610976,VGLIGSC[UNIMOD:4]TNSSYEDMGR/2
622.6391236429623,3,575.45,0.86423622,SPDGAHLTWEPPSVTSGK/3
760.8760013475041,2,575.45,1.21815955,QLEVLVSPTC[UNIMOD:4]SC[UNIMOD:4]K/2
750.3598872620041,2,575.45,1.20839216,HPDVEVDGFSELR/2
864.949400762504,2,576.194,1.22616142,ANELPQPPVPEPANAGK/2
678.9891498086289,3,576.937,0.88578056,GNFGGSFAGSFGGAGGHAPGVAR/3
818.416544890004,2,576.937,1.22852535,SITILSTPEGTSAAC[UNIMOD:4]K/2
932.420150238004,2,577.681,1.22612404,NYMSNPSYNYEIVNR/2
546.9775890919624,3,577.681,0.87004068,MMLTHLVVRPGLGSK/3
696.3508082739622,3,577.681,0.87025952,YGMNPHQTPAQLYTLQPK/3
827.4195592680039,2,577.681,1.22950742,HWPFMVVNDAGRPK/2
930.4679576930041,2,577.681,1.24093401,LYGAQFHPEVGLTENGK/2
730.400500908004,2,578.424,1.21775938,QVAASTAQLLVAC[UNIMOD:4]K/2
443.87675141896233,3,578.424,0.84961642,TWHAWMDNIR/3
781.8614055015041,2,578.424,1.21308576,EEMHLEDSANFIK/2
551.9487983342956,3,579.168,0.85848641,HWPFMVVNDAGRPK/3
643.6751804532956,3,579.168,0.8626053,LMQIQPNREDTETLIK/3
620.647730617629,3,579.168,0.86761657,LYGAQFHPEVGLTENGK/3
677.8824669255041,2,579.911,1.21570697,LVPGGGATEIELAK/2
423.87434787629576,3,579.911,0.8508819,LTSMHFYGWK/3
818.906867301504,2,579.911,1.22062025,ELNSTYSEQDPLLK/2
878.9594341905041,2,580.655,1.24389895,LASALAPSIYEHEDIK/2
570.9338709846289,3,580.655,0.87382201,GFFDPNTHENLTYR/3
436.91011518996237,3,580.655,0.86191084,LAILDQELEHK/3
586.3087149492957,3,580.655,0.86960213,LASALAPSIYEHEDIK/3
827.3963323530041,2,581.398,1.23366494,IAEFTTNLTEEEEK/2
489.268525419629,3,581.398,0.87102076,YQDIIHSIHLAR/3
855.897168243504,2,581.398,1.24563826,GFFDPNTHENLTYR/2
989.4763140380041,2,582.142,1.2241847,HPVTGQFLYQDSNWASK/2
843.372145789004,2,582.885,1.23524309,GSAFAIGSDGLC[UNIMOD:4]C[UNIMOD:4]QSR/2
659.986634847629,3,582.885,0.85430817,HPVTGQFLYQDSNWASK/3
674.6175596689624,3,582.885,0.87832742,FENVNGYTNC[UNIMOD:4]C[UNIMOD:4]FGFHR/3
448.2298477679624,3,582.885,0.8608819,QELVDAFVEHR/3
833.391058427004,2,582.885,1.24005622,IDSANMNDDITTSLR/2
772.9049932895041,2,583.628,1.22728184,NNVNVASLTQSEIR/2
682.2950282332957,3,583.628,0.87649552,FLC[UNIMOD:4]ADYAEQDELDYHR/3
577.5912278792957,3,584.372,0.87238284,MYSTDDGVQFHAFGR/3
568.6093873589624,3,585.115,0.87503452,SDSFENPVLQQHFR/3
771.7046328592955,3,585.115,0.88322918,SAGQGEVLVYVEDPAGHQEEAK/3
745.3896018410042,2,585.115,1.22987513,TC[UNIMOD:4]TDIKPEWLVK/2
506.93325416796233,3,585.115,0.85101518,HYQFASGAFLHIK/3
852.4104428050041,2,585.86,1.24695862,SDSFENPVLQQHFR/2
497.2621600496291,3,585.86,0.8603777,TC[UNIMOD:4]TDIKPEWLVK/3
944.4683516670041,2,586.603,1.24051351,EIEELQSQAQALSQEGK/2
407.911567545629,3,586.603,0.84472312,TPLHEIALSIK/3
666.9827845252958,3,586.603,0.88220745,MVSDINNGWQHLEQAEK/3
592.9878643139624,3,586.603,0.86617257,AGVVGPELHEQLLSAEK/3
825.4012291320041,2,587.346,1.22325273,NQVAMNPTNTVFDAK/2
775.3964697210042,2,587.346,1.22353654,AFEVSENGNLVVSGK/2
863.4125137480041,2,587.346,1.22841562,LLDPEDVNVDQPDEK/2
724.874315926504,2,587.346,1.20797164,QNLAMTGEVSLTGK/2
661.350018987629,3,587.346,0.87273712,RGPVWQEAPQLPVDPHR/3
862.926122680504,2,588.09,1.23944028,EEIQSSISGVTAAYNR/2
661.995024485629,3,588.834,0.87482984,MHTTFEHDIQALGTQVR/3
734.046330363629,3,588.834,0.88374049,LVSNHSLHETSSVFVDSLTK/3
464.89581161662903,3,588.834,0.85768531,QQMQDFFLAHK/3
952.4502962350041,2,588.834,1.24482207,ENNVDAVHPGYGFLSER/2
729.401555162004,2,589.577,1.22313742,AQQVSQGLDVLTAK/2
635.3026229789624,3,589.577,0.87306608,ENNVDAVHPGYGFLSER/3
785.8966369115041,2,589.577,1.21922781,SSHSTWPVDVSQIK/2
516.2523902099623,3,590.321,0.86014096,MLTEAIMHDC[UNIMOD:4]VVK/3
439.92235514429575,3,590.321,0.85931566,LDLIHESILHK/3
773.874947081504,2,590.321,1.2293522,MLTEAIMHDC[UNIMOD:4]VVK/2
744.374148751004,2,590.321,1.21297433,EQVLEPMLNGTEK/2
494.26204859529577,3,590.321,0.86041878,TEMENEFVLIKK/3
952.963433431504,2,590.321,1.24355904,LEGLGSSEADQDGLASTVR/2
707.8860723035041,2,591.065,1.22424797,QLQALSSELAQAR/2
920.900598639504,2,591.065,1.23088041,EAVC[UNIMOD:4]IVLSDDTC[UNIMOD:4]SDEK/2
811.3998405690041,2,591.065,1.2252179,AIAC[UNIMOD:4]VVTAC[UNIMOD:4]SAELEK/2
748.871053380504,2,591.065,1.21901506,ALVSQC[UNIMOD:4]NLYMAAR/2
714.3684160346289,3,591.065,0.86574446,MAKPEEVLVVENDQGEVVR/3
952.9703927875041,2,591.065,1.25349214,EIESEIDSEEELINKK/2
608.9557300246291,3,591.065,0.86902741,FYPHTHNMDGFFIAK/3
682.9766477419622,3,591.808,0.88212309,SLGTIQQC[UNIMOD:4]C[UNIMOD:4]DAIDHLC[UNIMOD:4]R/3
705.9286972445042,2,591.808,1.22291113,LVVVLC[UNIMOD:4]NLKPQK/2
892.951617562504,2,592.551,1.22637612,QEQIQAMPLADSQAVR/2
608.6439861649624,3,593.295,0.87423344,ELQELVQYPVEHPDK/3
647.6476247599625,3,593.295,0.87743489,QFTPC[UNIMOD:4]QLLADHANSPNK/3
875.439003237004,2,594.039,1.24876959,GAEVHLVPWNHDFTK/2
583.9617609802957,3,594.039,0.8726082,GAEVHLVPWNHDFTK/3
912.4623410140041,2,594.039,1.24809164,ELQELVQYPVEHPDK/2
438.2231398519415,4,594.039,0.74040327,GAEVHLVPWNHDFTK/4
720.892646095504,2,594.783,1.21427172,ILHGLGFTPAMQR/2
762.8938972935041,2,595.526,1.24137697,LQALDTGWNELHK/2
772.419944916004,2,595.526,1.21753693,QLLLESQSQLDAAK/2
508.9316903512957,3,595.526,0.86822723,LQALDTGWNELHK/3
795.4088572840042,2,596.27,1.24652076,DIYALISDQKHMR/2
685.6460609766291,3,597.013,0.88590215,LC[UNIMOD:4]DEQLSSQSHYDFGLR/3
780.3797654240042,2,597.757,1.21569012,QMSSFVQNGSTFVK/2
937.9419696765042,2,598.5,1.2414584,NASTFEDVTQVSSAYQK/2
437.90782867629565,3,598.5,0.86192474,TEQC[UNIMOD:4]LVALLHK/3
807.9203090085041,2,598.5,1.22211554,EPNSSAQIDIVISNK/2
894.457067036004,2,599.244,1.23657202,AIGVLTSGGDAQGMNAAVR/2
959.958682371504,2,599.244,1.24066767,SVGDNSSDLSNVAVIDGNR/2
861.9204172975042,2,599.244,1.22845353,ILC[UNIMOD:4]C[UNIMOD:4]ISC[UNIMOD:4]NSNIQIK/2
692.0249780769624,3,599.987,0.87064277,QVEPLDPPAGSAPGEHVFVK/3
791.9015849585041,2,599.987,1.23256056,IGYSSPLTLSDQSSK/2
820.4437543090041,2,599.987,1.2361763,FLSDPQVHTVLVER/2
901.9314050075042,2,599.987,1.2296529,IQFENNEDQDVNPLK/2
784.396804114004,2,600.731,1.24049497,VFSSTLQNWQTTR/2
707.898648350504,2,600.731,1.20885555,QVLALQSQLADTK/2
547.2982616949624,3,600.731,0.86669979,FLSDPQVHTVLVER/3
769.377025826004,2,601.475,1.24137744,DYIAYAHSTIMPR/2
751.9017222895039,2,601.475,1.2283251,VNQPASFAVSLNGAK/2
564.7451646944414,4,601.475,0.74159636,HNDDEQYAWESSAGGSFTVR/4
714.9008566735041,2,602.218,1.2187798,IIITVVEEQEQK/2
759.8649137145042,2,602.218,1.21751383,AGEVINQPMMMAAR/2
505.299825555629,3,602.218,0.85633776,QQGVLALRPYLQK/3
767.3394080369625,3,602.962,0.88178556,GNLYSFGC[UNIMOD:4]PEYGQLGHNSDGK/3
752.6577941036289,3,602.962,0.87525794,HNDDEQYAWESSAGGSFTVR/3
402.73434611094154,4,602.962,0.73269071,LGSFHELLLEPPKK/4
551.6190064626289,3,602.962,0.86664407,LDSHPC[UNIMOD:4]LEVTAAALR/3
830.369594662004,2,602.962,1.23060551,WETFC[UNIMOD:4]TSSLGETNK/2
501.51689094719154,4,603.705,0.75099982,KQDIENILHWNVTQHK/4
625.3392314269623,3,604.449,0.876567,REPWLLPSQHNDIIR/3
857.8891171135039,2,604.449,1.2369777,YGAAMALGIC[UNIMOD:4]C[UNIMOD:4]AGTGNK/2
539.5916680806291,3,604.449,0.86453316,WANFHLENSGWQK/3
502.23823739262906,3,604.449,0.86048986,C[UNIMOD:4]PENAFFLDHVR/3
942.926950794504,2,605.193,1.23105747,MQEVVANLQYDDGSGMK/2
843.4339179260041,2,605.193,1.2499835,TSILAAANPISGHYDR/2
758.9056160635041,2,605.193,1.22441145,VLLDAPC[UNIMOD:4]SGTGVISK/2
771.3889790700041,2,605.193,1.21955135,GEAHLAVNDFELAR/2
946.9836375275041,2,605.193,1.23850985,ADSGPTQPPLSLSPAPETK/2
872.930350792504,2,605.936,1.23778235,LLQQLAMTGSEEGDPR/2
772.898125408504,2,605.936,1.22571867,APGGPM[UNIMOD:35]LLPQTYGAR/2
681.3456114322956,3,605.936,0.87145856,DQVAIHEAMEQQTISITK/3
718.4044322350039,2,606.68,1.21926086,LNHLVDSLQQLR/2
866.9154205625042,2,606.68,1.24695903,ASLGSLEGEAEAEASSPK/2
699.8668168255041,2,606.68,1.21627603,KEFSPFGSITSAK/2
820.4272469530041,2,607.424,1.22814991,GLGHQVATDALVAMEK/2
645.6742797159624,3,607.424,0.87655409,RGAPPSSNIEDFHGLLPK/3
431.91905646496235,3,607.424,0.85164231,AVGHPFVIQLGR/3
726.9246661175041,2,608.167,1.21859305,VQAQVIQETIVPK/2
466.893124196629,3,608.167,0.86231733,ISDEDWDIIHR/3
674.2924073459623,3,608.167,0.87016606,EPGEYAVHIMC[UNIMOD:4]DDEDIK/3
688.6556800136291,3,608.167,0.86161326,MHSPQTSAMLFTVDNEAGK/3
716.3381729719623,3,608.911,0.89096242,SADESGQALLAAGHYASDEVR/3
440.90419566662905,3,608.911,0.8640038,YC[UNIMOD:4]LSILTSHVK/3
764.3755373320041,2,609.654,1.24297946,SLTNDWEDHLAVK/2
810.417402195004,2,609.654,1.21871293,QTGEGVGPQEYTLLK/2
509.9194503769624,3,609.654,0.86781186,SLTNDWEDHLAVK/3
732.8882805945041,2,609.654,1.22520975,ALADVEVTYTVQR/2
918.970530167504,2,610.398,1.23114903,SQIFSTASDNQPTVTIK/2
972.9689529665042,2,610.398,1.25216005,TVFEALQAPAC[UNIMOD:4]HENMVK/2
820.8796066865041,2,610.398,1.23256451,QFC[UNIMOD:4]STQAALQAMER/2
741.341360164004,2,610.398,1.22400674,EDDLNSFNATDLK/2
944.489224427004,2,611.141,1.23068343,VTHAVVTVPAYFNDAQR/2
876.4408856620039,2,611.141,1.23681467,IFVGNVSAAC[UNIMOD:4]TSQELR/2
917.3943210000041,2,611.141,1.22393081,NPDDITNEEYGEFYK/2
991.507476758004,2,611.141,1.23774604,ELEEVSPETPVVPATTQR/2
711.3509996910041,2,611.141,1.21526299,SLYYYIQQDTK/2
707.4142685890041,2,611.141,1.20352389,RNVIFQPVAELK/2
771.9097443495041,2,611.141,1.22919511,AQALAIETEAELQR/2
727.3935331750041,2,611.885,1.23852467,INLNLIYDHNPK/2
834.9110953885041,2,611.885,1.22881361,ALTLPGSSENEYIM[UNIMOD:35]K/2
818.9052901145042,2,612.63,1.22220365,TSESLC[UNIMOD:4]QNNMVILK/2
485.26478093896236,3,612.63,0.86671606,INLNLIYDHNPK/3
579.5814973459625,3,612.63,0.87544115,QSANDFFSYYDSHR/3
629.995241773629,3,613.373,0.8610925,VTHAVVTVPAYFNDAQR/3
706.6982079342957,3,613.373,0.86826809,RGHVFEESQVAGTPMFVVK/3
478.9402973012957,3,613.373,0.86130498,LLVGNDDVHIIAR/3
900.914700720504,2,613.373,1.24365862,FLEETNC[UNIMOD:4]LYAAEGQR/2
729.4003039400042,2,613.373,1.22693877,LMITHIVNQNFK/2
717.9068077185041,2,613.373,1.22684682,LLVGNDDVHIIAR/2
924.9761469035041,2,614.117,1.24774353,VFSDEVQQQAQLSTIR/2
486.6026281156291,3,614.117,0.85947511,LMITHIVNQNFK/3
518.5231102856915,4,614.86,0.74555044,VTEGLTDVILYHQPDDKK/4
794.9306767265039,2,615.604,1.22958231,KSDIDEIVLVGGSTR/2
518.5842906289623,3,615.604,0.86963179,EAYPGDVFYLHSR/3
452.585854443629,3,615.604,0.8694631,WIGLDLSNGKPR/3
493.60491463462904,3,615.604,0.86747982,VIQYLAYVASSHK/3
489.6086590659623,3,615.604,0.84936571,ERPPFIPEGVVAR/3
777.3727977100041,2,616.347,1.23514916,EAYPGDVFYLHSR/2
739.9037337185041,2,616.347,1.23889825,VIQYLAYVASSHK/2
989.4905754580041,2,616.347,1.23059202,GHVFEESQVAGTPM[UNIMOD:35]FVVK/2
783.877055601504,2,617.091,1.22016072,DIEREDIEFIC[UNIMOD:4]K/2
522.920462556629,3,617.091,0.85247814,DIEREDIEFIC[UNIMOD:4]K/3
437.92257805362897,3,617.091,0.86077284,AGNAIHAILLYR/3
587.2892145349623,3,617.091,0.87502125,MLDAEDIVGTARPDEK/3
959.497443439004,2,617.834,1.24202597,TLTGTAALTVQSQEDNLR/2
488.9489042739624,3,617.834,0.86537835,YQILPLHSQIPR/3
688.3875820930041,2,617.834,1.20946059,VVLLTGETSTDLK/2
744.853580478504,2,617.834,1.21963115,DTVDPVQDEMLAR/2
829.9284683705041,2,618.578,1.22498742,NQVALNPQNTVFDAK/2
889.449961916004,2,618.578,1.23622073,SQNIVTDSSSLSAEAIR/2
684.0324670989622,3,618.578,0.8896036,LLQALAQYQNHLQEQPR/3
821.393069752004,2,618.578,1.23263587,LDADMPEVAVEGPNGK/2
906.4785223600041,2,619.321,1.22953595,QGAIVAVTGDGVNDSPALK/2
804.3357518810042,2,619.321,1.23588407,DMDLWEQQEEER/2
732.9197181775041,2,619.321,1.23353923,YQILPLHSQIPR/2
412.8839004019624,3,619.321,0.85359854,APFDLFENRK/3
661.6643984299623,3,619.321,0.87908079,LSSPC[UNIMOD:4]IMVVNHDASSIPR/3
646.3532062266289,3,619.321,0.86991314,ALPAVQQNNLDEDLIRK/3
671.7007173886291,3,620.065,0.88246371,LLEAQIATGGVIDPVHSHR/3
788.3966667340039,2,620.065,1.23155727,ILGADTSVDLEETGR/2
811.8808494645041,2,620.065,1.23398659,GSNEEDTDTPLFIGK/2
437.5679122592957,3,620.065,0.84613144,KAPDFVFYAPR/3
957.968184464504,2,620.809,1.24344517,IEELDQENEAALENGIK/2
561.301783251629,3,620.809,0.86591006,TSEVPYAGINIGPVHK/3
892.9460008145041,2,621.553,1.23138852,VQVQDNEGC[UNIMOD:4]PVEALVK/2
455.59764859862906,3,621.553,0.85184167,LLGHEVEDVIIK/3
813.4326666850038,2,621.553,1.23444708,LC[UNIMOD:4]SAHGVLVPGGFGVR/2
679.0202936252957,3,622.299,0.87505672,SVVLMSHLGRPDGVPMPDK/3
863.3821791570042,2,622.299,1.23175001,EIC[UNIMOD:4]NAYTELNDPMR/2
841.4490366440041,2,622.299,1.23568428,TSEVPYAGINIGPVHK/2
682.8928346645041,2,622.299,1.21771185,LLGHEVEDVIIK/2
491.9439302956289,3,622.299,0.86274634,TQRPADVIFATVR/3
918.4458336550041,2,622.299,1.23996876,FEVQGLQPNGEEM[UNIMOD:35]TLK/2
760.9013879535041,2,623.043,1.21269848,QQEPVTSTSLVFGK/2
919.4919641340041,2,623.043,1.25253896,EQTLSPTITSGLHNIAR/2
581.9626617102957,3,623.043,0.86553534,LAGGYENVPTVDIHMK/3
760.930814142504,2,623.786,1.22428489,HSSLITPLQAVAQR/2
805.379962441004,2,623.786,1.22434045,TEMQDNTYPEILR/2
613.3304015782957,3,623.786,0.87862883,EQTLSPTITSGLHNIAR/3
507.62296825062896,3,623.786,0.8564336,HSSLITPLQAVAQR/3
819.355295689004,2,624.53,1.22172936,ELMDEEDVLQEC[UNIMOD:4]K/2
715.8822783935041,2,624.53,1.23712653,MYIALTGLQHAGR/2
924.4021460470041,2,625.274,1.22572533,NPDDITQEEYGEFYK/2
814.8805151325041,2,625.274,1.23221674,EEYITSALESTEEK/2
732.0549373036289,3,625.274,0.87545048,AHGPGLEGGLVGKPAEFTIDTK/3
947.5070828710041,2,625.274,1.23116175,GHVTQDAPIPGSPLYTIK/2
711.868502282504,2,625.274,1.21470821,EKFEEMIQQIK/2
741.899179633504,2,625.274,1.21603976,EPLLVTNGADNALR/2
440.93811665862904,3,626.017,0.8537453,LIAHAGSLLNLAK/3
687.3824371550041,2,626.761,1.2310667,LYSLALHPNAFK/2
838.886131845504,2,626.761,1.22789651,SDGGYTYDTSDLAAIK/2
675.3930018550041,2,626.761,1.2036853,IHVLEAQDLIAK/2
458.59071692562907,3,626.761,0.86084669,LYSLALHPNAFK/3
722.9227921305041,2,626.761,1.22230282,QIGNVAALPGIVHR/2
482.28428690929576,3,627.504,0.85861337,QIGNVAALPGIVHR/3
689.861011623504,2,627.504,1.22715824,C[UNIMOD:4]LYASVLTAQPR/2
755.8748388415041,2,627.504,1.22131653,LPSSPVYEDAASFK/2
538.9594688832957,3,627.504,0.86041194,LPVPAAAPTPWETHK/3
762.871773271504,2,628.248,1.22567816,NVEGQDMLYQSLK/2
694.6642869889624,3,628.248,0.87421847,REDESYGYVLPNHMMLK/3
909.4656119950041,2,628.991,1.24258016,SLETENSALQLQVTER/2
807.385047826004,2,628.991,1.22556814,YC[UNIMOD:4]DPVVLTYQAER/2
802.3928727990041,2,629.735,1.22224811,SPFEVQVGPEAGMQK/2
433.53152675329574,3,629.735,0.86025095,DYAFVHFEDR/3
687.3409662529624,3,629.735,0.8728968,QLPYPSEASTTFPESHLR/3
906.4070940230042,2,629.735,1.22888869,SIVEEEEDDDYVELK/2
786.918723433504,2,629.735,1.22638754,GDILVVATGQPEM[UNIMOD:35]VK/2
432.5783655102957,3,629.735,0.85639303,TLDVVLEEHLK/3
745.7291128172956,3,630.478,0.88143063,TQQAAQANITLQEQIEAIHK/3
745.8795982905041,2,630.478,1.21591551,QVQSLTC[UNIMOD:4]EVDALK/2
556.9528197132956,3,630.478,0.87132752,ETNLDSLPLVDTHSK/3
775.3819737560041,2,630.478,1.20922106,EPVIC[UNIMOD:4]TPVSSGFEK/2
831.904127644504,2,630.478,1.22362386,IVPEWQDYDQEIK/2
935.9135090625042,2,630.478,1.22488284,ETLEAGNYESPMELC[UNIMOD:4]K/2
754.8925086765041,2,631.222,1.20874053,RTEMENEFVLIK/2
845.3748770120039,2,631.222,1.23141392,AFVSMVYSEEGAEDR/2
817.3964697740041,2,631.222,1.22810008,AYDYLVQNTSFANK/2
982.475122421004,2,631.222,1.23408296,FEPSSQMIEVQEGQNLK/2
813.8515607265041,2,631.222,1.21452638,EFTPYDYSQSDFK/2
786.889965978504,2,631.222,1.22307117,QELAVFC[UNIMOD:4]SPEPPAK/2
834.925591336504,2,631.965,1.24341251,ETNLDSLPLVDTHSK/2
834.3866333470041,2,631.965,1.23463787,WVVIGDENYGEGSSR/2
789.9008650515042,2,631.965,1.22861218,AIANEC[UNIMOD:4]QANFISIK/2
413.902960605629,3,631.965,0.85994105,TLDELGIHLTK/3
919.938707160504,2,631.965,1.24569057,GVIQVYDLGQDGQGM[UNIMOD:35]SR/2
887.9339476635041,2,631.965,1.23046912,GEIGDATPFNDAVNVQK/2
583.624925976629,3,631.965,0.87722229,IVFSGNLFQHQEDSK/3
845.917766304504,2,631.965,1.24834679,IDVDAPDIDIHGPDAK/2
481.5676949779624,3,631.965,0.86630189,IC[UNIMOD:4]YIFHETFGR/3
825.8908828165041,2,633.452,1.23328951,TEEIAEEEETVFPK/2
913.9621738095041,2,633.452,1.2271251,YAALVVEPTSDGNYVTK/2
694.3875820900041,2,633.452,1.2149701,ELLVTETQEVVK/2
574.284457920629,3,633.452,0.87242494,VDIDTPDIDIHGPEGK/3
689.893700337504,2,633.452,1.21900693,GQPLGPAGVQVSLR/2
815.8966369305042,2,634.196,1.2330515,FNALFAQGNYSEAAK/2
858.417076236004,2,634.196,1.22245352,TPLIDLC[UNIMOD:4]DGQADQAAK/2
994.491303825004,2,634.196,1.24496224,LLEAQAC[UNIMOD:4]TGGIIDPSTGER/2
443.2504717982956,3,634.196,0.8546832,LSTDHIPILYR/3
554.9492981512957,3,634.196,0.87056417,VGIDTPDIDIHGPEGK/3
821.9177663015041,2,634.94,1.22630821,EGVQGPLNVSLSEEGK/2
869.374877025004,2,635.683,1.22910965,SDAYYC[UNIMOD:4]TGDVTAWTK/2
942.964913426504,2,635.683,1.22736089,SVPTSTVFYPSDGVATEK/2
444.56406197362895,3,636.426,0.8661984,LALDMEIHAYR/3
877.967790546504,2,636.426,1.23664206,TEPTAQQNLALQLAEK/2
543.6421398666289,3,636.426,0.87367544,VVEIAPAAHLDPQLR/3
990.9484061255042,2,636.426,1.23168107,VC[UNIMOD:4]PTTETIYNDEFYTK/2
993.0079783505041,2,636.426,1.23377722,EAIQQQQNQLVWVSEGK/2
420.21906019596236,3,636.426,0.86661716,DVLDVYIEHR/3
922.4390628130042,2,637.17,1.24293757,TAESQTPTPSATSFFSGK/2
860.4492336020039,2,637.17,1.23388455,SSTGPEPPAPTPLLAER/2
772.3823081710041,2,637.17,1.22510604,QYQAGQTVTC[UNIMOD:4]FLK/2
945.4854901270039,2,637.17,1.23852452,QMASQAPAVNTLTESTLK/2
814.9595715665039,2,637.17,1.24574718,VVEIAPAAHLDPQLR/2
685.6460609632958,3,637.17,0.87085469,DMSGHYQNALYLGDVSER/3
683.6568429706291,3,637.17,0.87784055,GYTLADEEEDPLIYQHR/3
747.7218467492957,3,637.17,0.87712433,EVVVYLDDNQKPPVGEGLNR/3
567.9566756342956,3,637.914,0.87090093,LGLLDNHSSEFNVTR/3
896.4128481130042,2,637.914,1.23858167,YYEAADTVTQFDNVR/2
783.8935629225039,2,638.658,1.22722675,ITPSYVAFTPEGER/2
846.4153908340039,2,639.401,1.23776649,ELAQQVQQVADDYGK/2
530.275457048629,3,639.401,0.87285694,FLGVAEQLHNEGFK/3
794.9095473395041,2,639.401,1.24969453,FLGVAEQLHNEGFK/2
661.984236919629,3,639.401,0.8644145,LFFHC[UNIMOD:4]SQYNGNLQDLK/3
888.442136881004,2,639.401,1.24892934,ETQDPTAQSLAASLSTR/2
830.4499023310038,2,639.401,1.23747947,VGGNIEVLGFNTRQR/2
551.9688041242956,3,640.145,0.88209262,VTAEVVLAHLGGGSTSR/3
879.4332492070041,2,640.145,1.22567787,VITDVYYVDGTEVER/2
927.9305476795042,2,640.145,1.23450055,NSGPLGTEMNTGFSSEVK/2
827.4495679530039,2,640.888,1.25885925,VTAEVVLAHLGGGSTSR/2
883.4281638160041,2,640.888,1.23164086,SEGGEDYTGATVIEPLK/2
767.8622628285041,2,640.888,1.2262438,GYAYTFITEDQAR/2
834.409774079004,2,640.888,1.22973639,VDIEGPDVNIEGPEGK/2
908.940915430504,2,640.888,1.2550273,MLDAEDIVNTARPDEK/2
914.4257669480041,2,641.632,1.2389285,NFILDQC[UNIMOD:4]NVYNSGQR/2
764.4175396290041,2,641.632,1.24152861,YQEALHLGSQLLR/2
606.2963691092956,3,641.632,0.87652837,MLDAEDIVNTARPDEK/3
509.9474519082957,3,641.632,0.86935342,YQEALHLGSQLLR/3
456.58697803762897,3,641.632,0.86420374,SALNEVHLVVMR/3
721.332142003629,3,642.375,0.88790836,NAQAIEDMVGYAQETQHEK/3
948.004707324504,2,642.375,1.25599368,NVAYDTLPIVVHGNGPTK/2
865.9621738225039,2,642.375,1.23003081,LSLPQNETVADTTLTK/2
783.4035665100041,2,643.119,1.22141117,VEYHFLSPYVSPK/2
540.2959752012956,3,643.119,0.86799543,LQMEAPHIIVGTPGR/3
522.6048031622958,3,643.862,0.85620518,VEYHFLSPYVSPK/3
646.6499112616291,3,643.862,0.8819344,VELAQLQEEWNEHNAK/3
809.9403245685039,2,644.606,1.23687469,LQMEAPHIIVGTPGR/2
812.3877874210042,2,644.606,1.23103176,GLVVDMDGFEEERK/2
977.535840276004,2,645.349,1.2385044,VAPEEHPVLLTEAPLNPK/2
790.8848806035041,2,645.349,1.22700319,ALVEFTNSPDC[UNIMOD:4]LSK/2
816.3992094410041,2,645.349,1.2334609,WLQDLQEENESLK/2
769.4113999690039,2,645.349,1.21298768,EQLHLVMQGDVIR/2
854.389707333004,2,646.093,1.24584211,GSLGGGFSSGGFSGGSFSR/2
482.2115768459624,3,646.093,0.86724281,GFC[UNIMOD:4]FLEYEDHK/3
773.418890572004,2,646.093,1.21481588,AMGVVVATGVNTEIGK/2
837.8915516205041,2,647.58,1.23634212,DYSHYYTTIQDLR/2
745.3875905310041,2,647.58,1.23167847,DLLVQQASQC[UNIMOD:4]LSK/2
706.6569543996292,3,648.324,0.87721394,FVINYDYPNSSEDYVHR/3
418.5567959162957,3,648.324,0.8534494,ISMPDVDLHVK/3
834.9223287655041,2,648.324,1.24218721,DPLLLSGTHVMEGSGR/2
558.9301265692957,3,648.324,0.86694334,DYSHYYTTIQDLR/3
828.399209424004,2,649.067,1.23199979,YDGQVAVFGSDLQEK/2
652.0263190062957,3,649.067,0.86625235,VAPEEHPVLLTEAPLNPK/3
533.5060945971916,4,649.067,0.75025055,LLNC[UNIMOD:4]QEFAVDLEHHSYR/4
872.9630395225041,2,649.067,1.24035649,SNASLTNNQNLIQSLK/2
718.0234142982957,3,649.067,0.87545234,GAYSVGPLHSDLEYTVTSQK/3
711.0057006406291,3,649.067,0.88773183,LLNC[UNIMOD:4]QEFAVDLEHHSYR/3
926.4366575070042,2,649.067,1.25304598,RGFGFVTFDDHDPVDK/2
960.9633362885041,2,649.811,1.22436177,QVMVVPVGPTC[UNIMOD:4]DEYAQK/2
617.9601971602957,3,649.811,0.87097966,RGFGFVTFDDHDPVDK/3
741.701111314629,3,649.811,0.87669718,LPLQLDDAVRPEAEGEEEGR/3
414.5464541556291,3,649.811,0.85495962,YWC[UNIMOD:4]PPLLHR/3
508.9522028826291,3,649.811,0.87312761,LLDSVPPTAISHFK/3
646.998429000629,3,651.298,0.87394205,LPYDVTPEQALAHEEVK/3
914.475979719004,2,651.298,1.24135096,IQAGEGETAVLNQLQEK/2
787.8670222295041,2,651.298,1.2335578,AGQTTYSGVIDC[UNIMOD:4]FR/2
742.6604815442956,3,652.042,0.88623964,C[UNIMOD:4]DLVNYSYGEATHWPNSGR/3
969.9940052675041,2,652.042,1.2507071,LPYDVTPEQALAHEEVK/2
789.909744353504,2,652.042,1.23455519,ASSSAGTDPQLLLYR/2
643.6861853192956,3,652.042,0.86240377,LTHVDSPLEAPAGPLGQVK/3
787.403771902004,2,652.785,1.22890643,DSAIQQQVANLQMK/2
789.946129858504,2,652.785,1.22418577,TQTPPLGQTPQLGLK/2
855.8888715105041,2,652.785,1.22910065,EDVQDYSEDLQEIK/2
653.990156419629,3,652.785,0.88589268,LVGSQEELASWGHEYVR/3
962.9620448145041,2,653.529,1.24394105,NLEAVETLGSTSTIC[UNIMOD:4]SDK/2
841.8825348745041,2,653.529,1.23597221,DENSVELTMAEGPYK/2
698.854043869504,2,653.529,1.20542828,IHVFYIDYGNR/2
944.957096873504,2,653.529,1.2427042,ELNEMQAQIAEESQIR/2
510.6191788749624,3,654.273,0.8515993,ILMDKPEMNVVLK/3
981.9814291565041,2,654.273,1.25415587,VDVSAPDVEAHGPEWNLK/2
980.508342473004,2,655.016,1.24407032,QGVQVQVSTSNISSLEGAR/2
654.990044926629,3,655.016,0.87774698,VDVSAPDVEAHGPEWNLK/3
971.932953025504,2,655.76,1.22472012,ETVYC[UNIMOD:4]LNDDDETEVLK/2
681.3205202662958,3,655.76,0.87884058,FGQMLGSNMTEFHSQISK/3
551.2559566589624,3,655.76,0.87860992,SSFDEMLPGTHFQR/3
417.96232861869146,4,655.76,0.7454355,DQMSHLFNVAHTLR/4
556.9473460026289,3,655.76,0.88391822,DQMSHLFNVAHTLR/3
793.4097144980042,2,656.504,1.23339986,AAYNPGQAVPWNAVK/2
882.894588014504,2,656.504,1.2317031,TSAC[UNIMOD:4]FEPSLDYM[UNIMOD:35]VTK/2
787.420279216004,2,657.247,1.23842816,AIWAALQTQTSNAAK/2
621.3196139702958,3,657.247,0.86835353,TFAYTNHTVLPEALER/3
428.5834509002957,3,657.247,0.85181002,IIFSEHLPLSK/3
802.9301454475042,2,657.247,1.2245502,LIEQEEYLNVQVK/2
850.395809406004,2,657.991,1.23221918,MDAEVPDVNIEGPDAK/2
565.6494058972957,3,657.991,0.88603624,DEIGHILHHVNIGLK/3
956.9032786915042,2,657.991,1.24829434,SGYAFVDC[UNIMOD:4]PDEHWAMK/2
940.9113007465041,2,658.735,1.24142905,SAYDSTMETMNYAQIR/2
796.896114040504,2,658.735,1.23933016,SAYALGGLGSGIC[UNIMOD:4]PNR/2
947.4416139790039,2,658.735,1.24808881,EQMAQQLAEETQGFQR/2
905.977635329504,2,658.735,1.2494806,LIEGLSHEVIVSAAC[UNIMOD:4]GR/2
638.2712779499624,3,658.735,0.87288003,SGYAFVDC[UNIMOD:4]PDEHWAMK/3
885.4696346820042,2,658.735,1.23509261,LEEGGPVYSPPAEVVVK/2
448.57506682496233,3,658.735,0.85953616,VNAVFEWHITK/3
537.9109099929624,3,658.735,0.86970425,VFITDDFHDMM[UNIMOD:35]PK/3
537.9109099929624,3,658.735,0.86885057,VFITDDFHDM[UNIMOD:35]MPK/3
787.3819737930041,2,659.478,1.22365248,LC[UNIMOD:4]SLFYTNEEVAK/2
528.2948515952958,3,659.478,0.8699821,LGELQGNHFTVVLR/3
928.954880156504,2,660.222,1.24265726,ALEYTIYNQELNETR/2
761.3425142580043,2,660.222,1.22560493,SAYEFSETESMLK/2
967.471091303004,2,660.222,1.24821828,TELEDTLDTTAAQQELR/2
961.493649486004,2,660.222,1.23826353,AERMGFTEVTPVTGASLR/2
926.4683516010039,2,660.965,1.24806262,VALVNDSLSDVTSTTSSR/2
960.4632662710039,2,660.965,1.24740077,TELEDTLDSTAAQQELR/2
500.296192502629,3,660.965,0.86024025,SPAPPLLHVAALGQK/3
768.3830280100041,2,660.965,1.22643474,DVFASEVTPSDLQK/2
510.0333108231916,4,660.965,0.74263861,EIEGEEIEIVLAKPPDKK/4
960.5072798360042,2,661.709,1.23873848,LSGSNPYTTVTPQIINSK/2
433.2590787382957,3,661.709,0.85236005,IYSHSLLPVLR/3
872.4327262730039,2,661.709,1.23195954,NEEIVMPEEQTGLVR/2
787.3693977030041,2,661.709,1.21753685,HLVDETMDPFVDR/2
663.3460516329625,3,662.453,0.87683522,FTAQGLPDLNHSQVYAVK/3
747.9250004715041,2,662.453,1.24508935,LQWQTTLGHAVLK/2
804.8968338915038,2,662.453,1.23733343,FASEIAGVDDLGTTGR/2
886.960496857504,2,663.197,1.24285716,NLQEQTVQLQSELSR/2
851.4545159810042,2,663.197,1.23890704,LTNLQENLSEVSQVK/2
607.6573496906291,3,663.197,0.87780319,MVNPTTVLESPHSLPAK/3
740.4030435850041,2,663.94,1.23470553,APIIC[UNIMOD:4]VLGHVDTGK/2
429.21415281296237,3,663.94,0.85584452,ISMPDVDLHMK/3
854.901593317504,2,663.94,1.23743958,TQETPSAQMEGFLNR/2
798.4355948960042,2,663.94,1.21941005,ENGPVVETVQVPLSK/2
493.93778787896235,3,663.94,0.86364094,APIIC[UNIMOD:4]VLGHVDTGK/3
761.0499690372957,3,663.94,0.88787375,NQILSQQLQQMEAEHNTLR/3
483.2683025049623,3,663.94,0.85194735,LIVAYVDDLDRR/3
757.906670302504,2,664.684,1.23006414,LVSIGAEEIVDGNAK/2
933.9946740015038,2,664.684,1.26067647,IGDLQAFQGHGAGNLAGLK/2
812.3877874660039,2,664.684,1.23980787,LLTEISSSWDGC[UNIMOD:4]QK/2
771.917372404504,2,664.684,1.25133522,NFVELISHQQLSK/2
517.2522066242957,3,664.684,0.85009972,EKYDTDFYILDK/3
814.8683732415041,2,665.427,1.22958018,AMTEDGFLAVC[UNIMOD:4]SEAK/2
778.9175693995039,2,665.427,1.23446635,LQEAGILSAEELQR/2
622.9988748232955,3,665.427,0.88001521,IGDLQAFQGHGAGNLAGLK/3
833.943587170504,2,665.427,1.22942452,TLFQPQTGAYQTLAK/2
739.360518474004,2,665.427,1.22488605,MLGQMTDQVADLR/2
435.9223551402956,3,665.427,0.8488809,ISHLPLVEELR/3
800.9068672645041,2,665.427,1.22592869,DQLDETVNVEPLTK/2
554.956787096629,3,666.171,0.88691151,LSTDDLNSLIAHAHR/3
416.4694094391915,4,666.171,0.74700907,LSTDDLNSLIAHAHR/4
737.3957498810041,2,666.914,1.23323734,SGALLAC[UNIMOD:4]GIVNSGVR/2
846.451776358004,2,666.914,1.23355566,VEPYSLTAQQSSLIR/2
820.9086900445042,2,667.658,1.21562412,HVIPMNPNTDDLFK/2
824.3457852430041,2,667.658,1.22621877,DQNESLDEEMFYK/2
810.8968338795041,2,667.658,1.23781279,NGNLPEFGDAISTASK/2
630.300113606629,3,667.658,0.86899576,SGMSHEEDQLIPNLYR/3
609.9985404562957,3,667.658,0.8671886,VLGTPVETIELTEDRR/3
849.395612477004,2,668.402,1.23079381,FFQTAC[UNIMOD:4]DVPELQDK/2
611.651586580629,3,668.402,0.87784786,QNLLSQSHAYQQFLR/3
812.3861020490041,2,668.402,1.22625355,QAWATDDVAQIYDK/2
857.904955722504,2,668.402,1.21960455,SSEPVVTMSVEYQMK/2
985.015469004504,2,669.145,1.26215774,DAGEGLLAVQITDQEGKPK/2
688.9992687599623,3,669.145,0.86563697,RAEDGSVIDYELIDQDAR/3
745.8795982545041,2,669.145,1.22441903,ADIGVAMGIAGSDVSK/2
730.890823255504,2,669.145,1.24015392,SLESLHSFVAAATK/2
854.917431950504,2,669.889,1.23070242,LLDPEDVDVPQPDEK/2
592.3439824559624,3,669.889,0.8699526,RPLILQLVHVSQEDK/3
657.012738158629,3,669.889,0.8826183,DAGEGLLAVQITDQEGKPK/3
705.3748090850041,2,670.632,1.22226059,TYTIANQFPLNK/2
847.913972439504,2,670.632,1.23662304,LLQFYAETC[UNIMOD:4]PAPER/2
495.9247586536291,3,670.632,0.86741792,NVNVQNFHISWK/3
707.362541465629,3,670.632,0.87874325,QEQHEAQAQVAELELQLR/3
737.8880835835041,2,671.376,1.2225478,VFHAGFGVVLGEDK/2
859.437477312004,2,672.119,1.23242901,EEISATQIIVC[UNIMOD:4]TPEK/2
723.6908360826291,3,672.119,0.87663312,VAHSFNC[UNIMOD:4]TPIEGMLSHQLK/3
790.9180035205039,2,672.119,1.21698099,VHLMNPMVPGLTGSK/2
743.3834997470042,2,672.119,1.24034468,NVNVQNFHISWK/2
849.925256967504,2,672.863,1.22701308,IDVTAPDVSIEEPEGK/2
888.9229112795041,2,672.863,1.23537151,EIESEIDSEEELINK/2
740.8619284825041,2,672.863,1.22515898,EYELLSDELNQK/2
556.2521007279624,3,673.606,0.86704982,TWTDFEHMETIEK/3
914.9468580785042,2,674.35,1.23519603,GANAVGYTNYPDNVVFK/2
896.932362140504,2,674.35,1.22891572,MAPYQGPDAVPGALDYK/2
540.6083247216291,3,674.35,0.87044799,FYQGFLFSEKPEK/3
786.3836967580039,2,675.093,1.22755942,QFAYQNSWGLTTR/2
810.4088488490041,2,675.093,1.24512701,FYQGFLFSEKPEK/2
417.8767458076291,3,675.093,0.86441688,FDASFFGVHPK/3
787.9046589595041,2,675.837,1.23301578,NLSSNEAISLEEIR/2
927.9487404965041,2,675.837,1.23974774,IDQDVVITNSYETAMR/2
676.3726007552958,3,675.837,0.88519146,LLEAQIATGGIIDPVHSHR/3
765.3850477970041,2,675.837,1.23592703,GDINVLLC[UNIMOD:4]GDPGTAK/2
851.9339477265041,2,675.837,1.2413973,ESADGLQGETQLLVSR/2
856.4179334440041,2,675.837,1.23868523,FTLSGGNWNTVSETAK/2
831.898184937504,2,675.837,1.23161991,SEDAEVLDATPSGIMK/2
739.4173426150041,2,675.837,1.23062163,LPNNHIGISFIPR/2
881.9339477455039,2,676.581,1.23803972,SEDPDQQYLILNTAR/2
493.2806538989624,3,676.581,0.86389247,LPNNHIGISFIPR/3
820.9043245605039,2,676.581,1.23234902,VDIDAPDVSIEGPDAK/2
809.890694265504,2,677.324,1.24284669,EAMVQAEEAAAEITR/2
734.8547345625041,2,677.324,1.21028275,NLLTVTSSDEMMK/2
833.401949077004,2,677.324,1.23048448,FQIQDISVETEDNK/2
613.9742834542957,3,677.324,0.87113503,HSQAVEELAEQLEQTK/3
920.457786948004,2,677.324,1.25177494,HSQAVEELAEQLEQTK/2
746.8857379265041,2,678.068,1.23158718,ELSDPAGAIIYTSR/2
701.893031593504,2,678.068,1.21267301,ATAVLVIASTDVDK/2
859.9063443325041,2,678.068,1.23143364,AMWPDGQQDITEVTK/2
544.294405788629,3,678.068,0.86959893,LISVETDIVVDHYK/3
900.4061855650039,2,678.811,1.239769,MTNGFSGADLTEIC[UNIMOD:4]QR/2
766.8670138585042,2,678.811,1.22205537,IFYPETTDIYDR/2
828.3450653210042,2,678.811,1.23709841,LFGNMEGDC[UNIMOD:4]PSDWK/2
613.613020396629,3,678.811,0.86321882,HQYYNQEWTLWDR/3
687.0116201579623,3,678.811,0.87923712,AQAEAQQPTFDALRDELR/3
919.9158923615041,2,678.811,1.23188687,HQYYNQEWTLWDR/2
547.6020098759624,3,678.811,0.85516245,SHPLDPIDTVDFER/3
938.9785522005039,2,679.559,1.23879585,EQLDSSNSTIAILQTEK/2
926.4214014390041,2,679.559,1.24308944,ESQLFDPSDLQDTSNR/2
820.8993765805042,2,679.559,1.22108278,SHPLDPIDTVDFER/2
632.6003401769625,3,679.559,0.8734065,GESDDFHMDFDSAVAPR/3
542.6385068789623,3,679.559,0.86815176,QVLIASHLPSYELR/3
902.454850281004,2,679.559,1.24375811,VDVNAPDVQAPDWHLK/2
868.446690938004,2,680.302,1.23239097,GSNNVALGYDEGSIIVK/2
740.893366009504,2,680.302,1.21799768,TILPAAAQDVYYR/2
817.9063443805039,2,680.302,1.22862959,TQMLDQEELLASTR/2
601.9723256762957,3,680.302,0.87199185,VDVNAPDVQAPDWHLK/3
670.9803200039623,3,680.302,0.88586266,DDDHNGHIDFITAASNLR/3
631.3339231062956,3,680.302,0.8766987,LVTSIGDVVNHDPVVGDR/3
538.5973254262957,3,681.046,0.87187636,MGPLGLDHMASSIER/3
809.4112625390042,2,681.046,1.23234626,AVLVDLEPGTM[UNIMOD:35]DSVR/2
523.5974312632957,3,681.046,0.85823523,TFTDHVMLFTQTK/3
649.6366142612957,3,681.046,0.86431393,YPIEHGIVTNWDDMEK/3
571.3207319882957,3,681.046,0.84460916,KLEPISNDDLLVVEK/3
784.892508661504,2,681.046,1.22663842,TFTDHVMLFTQTK/2
543.9289636362956,3,681.046,0.8720784,M[UNIMOD:35]GPLGLDHMASSIER/3
908.9412414025041,2,681.046,1.24407288,TFAVDETSVSGYIYHK/2
657.6813228626289,3,681.789,0.87745009,LASTLVHLGEYQAAVDGAR/3
914.911923501504,2,681.789,1.23031342,LLTEC[UNIMOD:4]PPMMDTEYTK/2
986.018346060504,2,681.789,1.25387031,LASTLVHLGEYQAAVDGAR/2
498.2875855826289,3,681.789,0.864327,LVEDHLAVQSLIR/3
686.3410776726291,3,681.789,0.8831638,VDINTPDVDVHGPDWHLK/3
606.2965864239624,3,681.789,0.87218815,TFAVDETSVSGYIYHK/3
746.9277401405038,2,681.789,1.23245019,LVEDHLAVQSLIR/2
895.964527958504,2,682.533,1.24036411,MVPVSVQQSLAAYNQR/2
640.981438028629,3,682.533,0.88054516,AGTQIENIDEDFRDGLK/3
800.930676762504,2,682.533,1.23377435,NLLLLANSTEEQQK/2
456.9418611172957,3,683.277,0.86321647,LPGLIDVHVHLR/3
757.9192463945041,2,683.277,1.2270942,TILEEEITPTIQK/2
451.92347870229565,3,683.277,0.86422707,VAVTVMDVAHLAK/3
882.9963509575041,2,683.277,1.23100739,KGVNLPGAAVDLPAVSEK/2
625.3471696149624,3,683.277,0.87315568,LTEVPVEPVLTVHPESK/3
895.9330904565041,2,683.277,1.24035992,SNQQLENDLNLM[UNIMOD:35]DIK/2
889.4536586710042,2,684.02,1.23961238,LASTNSSVLGADLPSSMK/2
722.403043609004,2,684.02,1.22314412,VVQMLGSLGGQINK/2
937.5171161890041,2,684.02,1.24820653,LTEVPVEPVLTVHPESK/2
684.909153442504,2,684.02,1.22915216,LPGLIDVHVHLR/2
850.3925468560042,2,684.02,1.23701631,FTQSALDC[UNIMOD:4]MSVEVGR/2
973.030725123504,2,684.764,1.2389687,LHIIEVGTPPTGNQPFPK/2
892.453993037004,2,684.764,1.26211447,DVSSVELLMNNHQGIK/2
793.4130853510039,2,684.764,1.2291157,AMSTLVPQGGPVLC[UNIMOD:4]R/2
856.4493710220042,2,684.764,1.24693146,NYPPWQHTTLSVLR/2
783.412119803004,2,685.507,1.22597281,APDVDVNIAGPDAALK/2
959.5308923140041,2,685.507,1.22784174,LHIIEVGQPAAGNQPFVK/2
742.408128997004,2,685.507,1.22838962,GLLPGC[UNIMOD:4]VYHVQLK/2
511.0088987156915,4,686.251,0.74968953,VDINAPDVEVHGPDWHLK/4
851.4125137510041,2,686.251,1.23255821,VDIDTPDINIEGSEGK/2
604.9949074479622,3,686.251,0.87283261,LEAAIAEAEERGELALK/3
974.461157763004,2,686.994,1.23688498,ESLQDTQPVGVLVDC[UNIMOD:4]C[UNIMOD:4]K/2
515.0076273711916,4,686.994,0.74952375,VDINTPDVDVHGPDWHLK/4
681.0094394652957,3,686.994,0.88369644,VDINAPDVEVHGPDWHLK/3
890.4339774860039,2,686.994,1.23742287,ETSELGGSDVSILDTTR/2
676.337556110629,3,686.994,0.8828878,VDINAPDVDVHGPDWHLK/3
598.0036258522957,3,686.994,0.86879571,KLDAGNQLALIEELHK/3
943.424575244004,2,686.994,1.24650148,VMNMEESTNGSLAAEFR/2
505.25490261944145,4,686.994,0.74696055,VDINAPDVDVQGPDWHLK/4
960.457067057004,2,686.994,1.24140564,FSHQGVQLIDFSPC[UNIMOD:4]ER/2
711.3288377662957,3,687.738,0.87842702,FVINYDYPNSSEDYIHR/3
640.640470193629,3,688.481,0.86836915,FSHQGVQLIDFSPC[UNIMOD:4]ER/3
462.220406700629,3,688.481,0.86240171,FYFHLGDAMQR/3
649.0229089046289,3,688.481,0.86495737,LHIIEVGTPPTGNQPFPK/3
535.2764692189623,3,688.481,0.86473479,LIVDHNIADYMTAK/3
952.0045699345042,2,689.225,1.24086905,AQTLPTSVVTITSESSPGK/2
931.9492718115041,2,689.225,1.24668235,NITGTDDQVQQAMNSLK/2
672.665561315629,3,689.225,0.87936797,VWQLGSSSPNFTLEGHEK/3
451.91397109896224,3,689.225,0.86632236,TILQHLSEAWR/3
942.4402169500039,2,689.225,1.24089338,IM[UNIMOD:35]YDLTSKPPGTTEWE/2
738.906473337504,2,689.968,1.24619952,LEGVEGVAHIIDPK/2
885.4732400950039,2,689.968,1.24995992,LQQQLTQAAQELAAEK/2
557.2656872189623,3,689.968,0.85346684,EHIMQMLQNPDWK/3
652.3349352979623,3,689.968,0.87841009,LQATLDMQSGIIHAAEEK/3
770.9056160785041,2,690.712,1.22675029,LGDVISIQPC[UNIMOD:4]PDVK/2
728.8497866225041,2,690.712,1.22536388,C[UNIMOD:4]YLTMTQALEAR/2
835.394892595004,2,690.712,1.21959335,EHIMQMLQNPDWK/2
660.636508411629,3,690.712,0.8802888,AFTMDC[UNIMOD:4]ITLEGDQVSHR/3
990.4511243840041,2,690.712,1.2541061,AFTMDC[UNIMOD:4]ITLEGDQVSHR/2
796.8993765985041,2,691.455,1.24266997,AFLDALQNQAEASSK/2
728.6955205529622,3,691.455,0.88884033,NFTEVHPDYGSHIQALLDK/3
774.8734586375041,2,691.455,1.23574844,AC[UNIMOD:4]LDTAVENMPSLK/2
507.6000521539624,3,691.455,0.8678767,IILWDHDLNPER/3
693.0176062332956,3,691.455,0.8818964,ISNTAISISDHTALAQFC[UNIMOD:4]K/3
517.6035737412957,3,691.455,0.87462456,ISNLLSDYGYHLR/3
771.4428886510041,2,691.455,1.24011929,SLGEIPIVESEIKK/2
584.6138096262957,3,691.455,0.86617705,TEDSLMPEEEFLRR/3
996.9734667535041,2,692.199,1.24545684,WEAVDESELEAQAVTTSK/2
604.9786461619624,3,692.942,0.87177882,LGPNYLHIPVNC[UNIMOD:4]PYR/3
525.7562724389414,4,692.942,0.74873912,VDIDAPDVEVHDPDWHLK/4
769.390853060004,2,692.942,1.23528004,FAIQDISVEETSAK/2
886.9536288635042,2,692.942,1.22870447,NLHVVFTMNPSSEGLK/2
758.6878199269623,3,692.942,0.86984283,NC[UNIMOD:4]GC[UNIMOD:4]LGASPNLEQLQEENLK/3
937.960162416504,2,693.686,1.24597702,IETVNESWNALATPSDK/2
700.6726044296289,3,693.686,0.88247536,VDIDAPDVEVHDPDWHLK/3
911.941249845504,2,694.429,1.23945863,GVIQVYDLGQDGQGMSR/2
732.872099223504,2,694.429,1.22272051,ALEHFTDLYDIK/2
488.917158304629,3,694.429,0.85472565,ALEHFTDLYDIK/3
940.9968823065041,2,694.429,1.24885633,LPQFGISTPGSDLHVNAK/2
541.0006450611916,4,695.173,0.74684456,QEVPSWLENMAYEHHYK/4
856.4321949270042,2,695.173,1.21542805,EVIPVNVPEAQEEMK/2
716.898982668504,2,695.916,1.24293805,DGLEVAVLPHNIR/2
787.914298385504,2,695.916,1.23003245,INDFVLSPGPQPYK/2
720.9984345926291,3,695.916,0.88310832,QEVPSWLENMAYEHHYK/3
729.4099983996289,3,695.916,0.87410264,LLHYLGHVMVNGPTTPIPVK/3
734.9132441605041,2,696.66,1.22295425,LLEVVQPC[UNIMOD:4]LQAAK/2
652.9973109712955,3,696.66,0.88438191,TVTLGGDVFDPHGTLSGGAR/3
723.3833623940042,2,696.66,1.24865,DNALLSAIEESRK/2
842.930676715504,2,697.403,1.23698137,VYATILNAGTNTDGFK/2
707.8957117205041,2,697.403,1.22724412,AYFHLLNQIAPK/2
838.9116266635041,2,697.403,1.22834895,NDSVVAGGGAIEMELSK/2
787.3875905320042,2,697.403,1.23579797,LLTSYGFIQC[UNIMOD:4]SER/2
761.8765242505041,2,697.403,1.22118232,ELDMEPYTVAGVAK/2
865.3828989930042,2,698.147,1.2415712,ETADTDTADQVMASFK/2
472.266233302629,3,698.147,0.85948626,AYFHLLNQIAPK/3
765.374483117004,2,698.147,1.21772375,EQWLNNMQIPEK/2
495.62805364862896,3,698.147,0.86955708,GILIGIQQSFRPR/3
555.2802136769624,3,698.147,0.86055411,ALQHMTDFAIQFNK/3
657.0369951626291,3,698.147,0.86657872,SKVDQIQEIVTGNPTVIK/3
773.0826100546288,3,698.891,0.88885437,MPLATSTDHGHNLQTVQLLIK/3
557.629788490629,3,698.891,0.86809886,QLEAIDQLHLEYAK/3
561.2907783669624,3,698.891,0.8651685,TEDTEHVIIPVC[UNIMOD:4]LR/3
651.9815494769623,3,698.891,0.86778529,HGEPEEDIVGLQAFQER/3
918.9705301895041,2,698.891,1.24146888,SNDLAVLDASNQISVYK/2
964.9604968295041,2,699.634,1.23952654,SLGYAYVNFQQPADAER/2
910.392546848004,2,699.634,1.23979538,FVEGVC[UNIMOD:4]PFC[UNIMOD:4]GYEEAR/2
834.446159600004,2,699.634,1.23089362,EAQAVPATLPELEATK/2
835.941044502504,2,699.634,1.24280303,QLEAIDQLHLEYAK/2
594.6453326689623,3,699.634,0.85984688,FRQDLMNIAGTTLSSK/3
598.2930704926289,3,699.634,0.87439477,ELAQQVQQVAAEYC[UNIMOD:4]R/3
857.8438522755041,2,700.378,1.24069866,MGGMEGPFGGGMENMGR/2
896.9359675055039,2,700.378,1.24758455,ELAQQVQQVAAEYC[UNIMOD:4]R/2
756.922654741504,2,700.378,1.23288276,IQGLTVEQAEAVVR/2
794.9151640455041,2,700.378,1.24288975,FQSGDFHVINGVLR/2
530.2792015192957,3,700.378,0.8712114,FQSGDFHVINGVLR/3
714.6880371922956,3,700.378,0.87437512,ERVEAVNMAEGIIHDTETK/3
740.8807899095041,2,701.121,1.22059884,ARFEELNADLFR/2
569.9807097836291,3,701.121,0.87800337,IDQLQEELLHTQLK/3
984.531089264004,2,701.121,1.26490865,AAPEASSPPASPLQHLLPGK/2
802.3819822060038,2,701.865,1.22781742,C[UNIMOD:4]LMDQATDPNILGR/2
494.25628542862904,3,701.865,0.85260423,ARFEELNADLFR/3
697.9851431916289,3,701.865,0.87216162,HFIMQVVC[UNIMOD:4]EATQC[UNIMOD:4]PDTR/3
544.9460660919623,3,701.865,0.85611689,LLHEMILVC[UNIMOD:4]DAYR/3
431.2542162682956,3,701.865,0.86249757,LGLHQVLQDLR/3
880.9645195685041,2,701.865,1.25127714,IFASIAPSIYGHEDIK/2
816.915460904504,2,701.865,1.22090184,LLHEMILVC[UNIMOD:4]DAYR/2
750.888280566504,2,701.865,1.23219433,ISAPNVDFNLEGPK/2
587.6454385346291,3,702.608,0.8755289,IFASIAPSIYGHEDIK/3
863.9597685505041,2,702.608,1.23592908,IHTEPQLSAALEYVR/2
725.6748965532956,3,702.608,0.87685119,AAFGISDSYVDGSSFDPQRR/3
676.665561305629,3,703.352,0.88341703,VDIDAPDVDVHGPDWHLK/3
507.75099009594146,4,703.352,0.74951506,VDIDAPDVDVHGPDWHLK/4
683.0334736112958,3,703.352,0.86265457,VIRPLDQPSSFDATPYIK/3
500.7522614404415,4,703.352,0.74893184,VDISAPDVDVHGPDWHLK/4
507.5049861996915,4,703.352,0.74917385,VDINAPDVDVHGPDWHLK/4
789.9279371365039,2,703.352,1.24127064,YSELTTVQQQLIR/2
791.351501766004,2,703.352,1.21930665,DMQPSMESDMALVK/2
729.8879462665041,2,703.352,1.22966061,ELEELSLEAQGIK/2
927.431237848004,2,703.352,1.24498906,YEEELEINDFPQTAR/2
786.8552659035041,2,704.095,1.2356319,NC[UNIMOD:4]ETDTLINYMAK/2
621.666790806629,3,704.095,0.87689237,DLKPENILLDEEGHIK/3
667.3339230982957,3,704.095,0.88242102,VDISAPDVDVHGPDWHLK/3
876.3605780370041,2,704.839,1.22995249,C[UNIMOD:4]DYMDEVTYGELEK/2
951.495038121004,2,704.839,1.25034254,VNSININQGSITFAGGPGR/2
785.358695652004,2,704.839,1.22510266,EEQFNMLSSDLEK/2
489.6207876046289,3,704.839,0.8580751,LYRPPPVLDALGR/3
807.3718030700041,2,705.582,1.2331249,EYLESLQC[UNIMOD:4]LESDK/2
740.0472310809623,3,705.582,0.87872831,SVVC[UNIMOD:4]SDVEQQVIVIEEEKK/3
704.342812554629,3,706.326,0.88733073,DLLLTSSYLSDSGSTGEHTK/3
981.9577280075041,2,706.326,1.23924183,NC[UNIMOD:4]ASPSSAGQLILPEC[UNIMOD:4]MK/2
724.0490178376291,3,706.326,0.86851194,FSHLTSLPQQLPSQQLMSK/3
621.3667870942955,3,707.07,0.86691447,TVLQRPLSLIQGPPGTGK/3
593.640576032629,3,707.07,0.87648746,GAPPSSNIEDFHGLLPK/3
818.4059802140042,2,707.07,1.21634873,QALETVNDYNPLMK/2
825.9005390875041,2,707.07,1.23977549,EQQAAVTSSIMQAMR/2
943.9165830795041,2,707.07,1.23747361,MNSDTVDYDDAC[UNIMOD:4]LIVR/2
839.9415757695041,2,707.07,1.23394076,DIHLDLPSNNNLVSK/2
937.4969121110041,2,707.07,1.24830867,SVQLAIEITTNSQEAAAK/2
560.2968093352957,3,707.07,0.86184962,DIHLDLPSNNNLVSK/3
856.470500459004,2,707.813,1.24334149,LQAQLNELQAQLSQK/2
654.6645042509624,3,707.813,0.85546226,GHVFEESQVAGTPMFVVK/3
844.3819821700041,2,707.813,1.24307836,GC[UNIMOD:4]AFAQFMTQEAAQK/2
591.3524779516291,3,707.813,0.87507292,ILHLLTQEALSIHGVK/3
990.4520328420041,2,707.813,1.23337517,EEVAYDPEDETILEEAK/2
886.4301835960041,2,707.813,1.23236843,C[UNIMOD:4]IPALDSLTPANEDQK/2
602.2944113639624,3,707.813,0.87614043,IDVGFVYDEPGHAVMR/3
507.608436220629,3,707.813,0.85181029,LHSLLGDYYQAIK/3
981.4931181430042,2,708.557,1.22600587,GHVFEESQVAGTPMFVVK/2
905.9283310285042,2,708.557,1.25409444,DLDIIDNYDYSHTVK/2
604.2879795079624,3,708.557,0.87893783,DLDIIDNYDYSHTVK/3
760.909016097504,2,708.557,1.22080543,LHSLLGDYYQAIK/2
443.76617758044154,4,708.557,0.74265099,ILHLLTQEALSIHGVK/4
822.448839776004,2,708.557,1.24618541,ALYYLQIHPQELR/2
981.9924280705042,2,708.557,1.26567934,HGVKIC[UNIMOD:4]DVYNAVM[UNIMOD:35]DVVK/2
710.428864442004,2,708.557,1.23768381,EIMRVVRYILK/2
971.9914625965041,2,709.3,1.26205833,VTEGLTDVILYHQPDDK/2
793.8779128775041,2,709.3,1.23349825,IAGDYVSEEVWYR/2
636.9625558552958,3,709.3,0.88402235,SLSGGASYVDFLC[UNIMOD:4]HMHK/3
891.4990609490039,2,709.3,1.24440169,IIPLYSTLPPQQQQR/2
696.914101401504,2,710.044,1.20801688,TPNGVVLAPVQLGK/2
648.3300672199624,3,710.044,0.88264689,VTEGLTDVILYHQPDDK/3
721.3482322796291,3,710.044,0.89025622,GQSLGYAFAEFQEHEHALK/3
827.912149592504,2,711.531,1.2314374,VDIEAPDVSLEGPEGK/2
795.401229228004,2,711.531,1.22891731,QEQIINTMTQDLR/2
805.9523692905042,2,711.531,1.25004829,IAILTC[UNIMOD:4]PFEPPKPK/2
893.935633123504,2,711.531,1.23251246,DNPEATQQMNDLIIGK/2
472.57222867496245,3,711.531,0.86629227,SPVTTLLEC[UNIMOD:4]MHK/3
450.5627154222957,3,711.531,0.86375759,IEDTVFHVFDK/3
438.2034101199624,3,712.275,0.86388186,DYAFIHFDER/3
928.453993007004,2,712.275,1.24645204,VGEGPGVC[UNIMOD:4]WLAPEQTAGK/2
799.881283679504,2,712.275,1.22443051,MEMINVSGYVAQEK/2
826.4305095390041,2,713.019,1.23294108,TFNTSTGGLLLPSDTK/2
814.928134025504,2,713.019,1.23841644,GAGIGGLGITVEGPSESK/2
887.4618180960038,2,713.019,1.2391437,ASMQPIQIAEGTGITTR/2
537.6373383492958,3,713.019,0.87517865,IAILTC[UNIMOD:4]PFEPPKPK/3
971.4598067090042,2,713.019,1.23672197,MQEVYNFNAINNSEIR/2
901.4569212690042,2,713.762,1.23815202,LLVDVDESTLSPEEQK/2
936.451450330004,2,713.762,1.24379795,FTSGAFLSPSVSVQEC[UNIMOD:4]R/2
502.22857341596233,3,713.762,0.85975272,ISIMHEDWC[UNIMOD:4]WK/3
897.9143663295041,2,713.762,1.237785,AEDIPQMDDAFSQTVK/2
822.4250301770041,2,713.762,1.23550985,AAPGPGPSTFSFVPPSK/2
885.4206730950041,2,714.506,1.23993539,GENSWFSTQVDTVATK/2
738.401889462004,2,714.506,1.23376675,NGSFGVLVATNVAAR/2
756.3603215040039,2,714.506,1.24010976,MDFILSHAVYC[UNIMOD:4]R/2
798.3853821690041,2,714.506,1.23891433,GLQSFVQC[UNIMOD:4]QPFER/2
852.433583590004,2,715.249,1.22982914,LNIQPSEADYAVDIR/2
773.366323710004,2,715.249,1.22232937,NIFIEC[UNIMOD:4]TGTDFTK/2
511.28500010494156,4,715.249,0.74752396,SPSELFAQHIVTIVHHVK/4
682.0018391249624,3,715.249,0.87544735,FYPLEIDYGQDEEAVKK/3
920.5018005420042,2,715.249,1.26224813,ILQDIASGSHPFSQVLK/2
906.4623410350041,2,715.992,1.24837858,IYGADDIELLPEAQHK/2
681.3775746509624,3,715.992,0.88550121,SPSELFAQHIVTIVHHVK/3
944.999425017504,2,715.992,1.2443187,NNEFIVIHNGIITNYK/2
755.8804555465041,2,715.992,1.23098935,QAVDQISSGFFSPK/2
856.392546875004,2,716.736,1.23640935,DPETLVGYSMVGC[UNIMOD:4]QR/2
939.4584181120041,2,716.736,1.24129879,DSLVQSC[UNIMOD:4]PGSLSLC[UNIMOD:4]AGVK/2
914.9518061245041,2,716.736,1.24014095,ASNLENSTYDLYTIPK/2
571.9822735782956,3,716.736,0.86033538,LLHDQVGVIQFGPYK/3
883.4192845390041,2,716.736,1.22703305,DTAYPETNDAIPMISK/2
514.9171638912958,3,716.736,0.85712976,ARFEELC[UNIMOD:4]SDLFR/3
826.9136380735041,2,716.736,1.22239556,ALTLPGSSENEYIMK/2
604.6439861789623,3,716.736,0.87402876,IYGADDIELLPEAQHK/3
432.92845266596237,3,716.736,0.85517721,TAGLVMTHLILK/3
980.4723911810038,2,716.736,1.2546947,AIQTVSC[UNIMOD:4]LLQGPC[UNIMOD:4]DAGNR/2
953.020023052504,2,717.479,1.23833537,VVSAGTYPVLIQGETSVGK/2
765.403240577004,2,717.479,1.21841614,QIMENAEINNIIK/2
879.915035070504,2,717.479,1.2633801,IC[UNIMOD:4]DQWDALGSLTHSR/2
857.469772134004,2,717.479,1.23089368,LLHDQVGVIQFGPYK/2
942.4425711000041,2,717.479,1.24432432,TEC[UNIMOD:4]NHYNNIMALYLK/2
586.945782202629,3,718.223,0.8847383,IC[UNIMOD:4]DQWDALGSLTHSR/3
622.2860273406291,3,718.223,0.88396694,DSFSDPYAHIC[UNIMOD:4]FLHR/3
628.6308062222957,3,718.223,0.86863109,TEC[UNIMOD:4]NHYNNIMALYLK/3
759.971950702504,2,718.966,1.23257884,LLIHQSLAGGIIGVK/2
506.9837259572957,3,718.966,0.86200553,LLIHQSLAGGIIGVK/3
586.2970322219625,3,718.966,0.86189942,HFNALGGWGELQNSVK/3
771.9223203665041,2,719.71,1.23109681,LVSIGAEEIVDGNVK/2
728.6904351949623,3,719.71,0.89153425,EELGLIEQAYDNPHEALSR/3
533.9712630589623,3,719.71,0.86612094,VYALPEDLVEVKPK/3
800.4532563550041,2,719.71,1.23682042,VYALPEDLVEVKPK/2
615.9500930116291,3,719.71,0.87650668,EADEMHTLLQLEC[UNIMOD:4]EK/3
593.3209549122956,3,720.453,0.85851337,QLYHLGVVEAYSGLTK/3
889.4777941350039,2,720.453,1.2284029,QLYHLGVVEAYSGLTK/2
593.2897269522958,3,720.453,0.87484138,ILQLC[UNIMOD:4]MGNHELYMR/3
721.8511667805041,2,720.453,1.22131285,VLYPNDNFFEGK/2
692.3435478599622,3,720.453,0.8692931,IHNLALNC[UNIMOD:4]C[UNIMOD:4]TQLADLYR/3
814.0679055549623,3,720.453,0.88964762,VSGQGLHEGHTFEPAEFIIDTR/3
965.9914626115042,2,721.197,1.22682962,QAIPLDENEGIYVQDVK/2
889.4309521950042,2,721.197,1.24703347,ILQLC[UNIMOD:4]MGNHELYMR/2
724.0333733009621,3,721.197,0.87121799,TNC[UNIMOD:4]NVAVINVGAPAAGMNAAVR/3
843.3774197310041,2,721.94,1.23516524,C[UNIMOD:4]YLFGGLANDSEDPK/2
423.22867928296233,3,721.94,0.85752951,ISMPDVDLHLK/3
735.403566546004,2,721.94,1.22555134,YLILGSAVGGGYTAK/2
798.8520033195041,2,721.94,1.23593244,MLC[UNIMOD:4]DTWC[UNIMOD:4]IEAAAR/2
576.9737780759624,3,721.94,0.8806776,LFQFLQAEPHNSLGK/3
703.876661681504,2,721.94,1.22209176,VLQGDLVMNVYR/2
593.309950009629,3,721.94,0.86529746,EANSIIITPGYGLC[UNIMOD:4]AAK/3
916.9548800555042,2,722.684,1.23888779,VVVAENFDEIVNNENK/2
580.9808211979624,3,722.684,0.8661596,LSFQHDPETSVLVLR/3
787.873981594504,2,722.684,1.23118337,FTDELMEQGLTYK/2
879.959631118504,2,722.684,1.2404453,VSVGAPDLSLEASEGSIK/2
845.398686482004,2,722.684,1.23369575,ADFPAGIPEC[UNIMOD:4]GTDALR/2
737.384516457004,2,722.684,1.22880352,ISMSEVDLNVAAPK/2
687.3229182022957,3,722.684,0.88483313,MDIDAPDVDVHGPDWHLK/3
590.9913858739624,3,722.684,0.86217322,NDPKLSEDSVSVLVLR/3
687.370877784004,2,722.684,1.21609336,VIASELGSMPELK/2
870.9675935635041,2,723.427,1.23542532,LSFQHDPETSVLVLR/2
554.966512056629,3,723.427,0.86981619,LGAVYDVSHYNALLK/3
560.3102787492957,3,723.427,0.87245919,LVINTEEVFRPYAK/3
840.9437840865041,2,723.427,1.24769564,LGGAVLSFSEATSSVQK/2
574.3054162726289,3,723.427,0.88029633,AVGSVTVYYEVAGHLR/3
824.3877874770039,2,723.427,1.22775663,NISMSVEGDYTYLR/2
775.0581301379622,3,723.427,0.88653264,LVSDGQALPEMEIHLQTNAEK/3
969.512562160004,2,724.171,1.26076336,DAGEGLLAVQITDPEGKPK/2
790.425561589004,2,724.171,1.21860696,QPAIISQLDPVNER/2
678.9779164679625,3,724.171,0.8733704,AFTHTAQYDEAISDYFR/3
804.400894814004,2,724.171,1.2441969,VLGTSVESIMATEDR/2
732.432658364004,2,724.171,1.23277718,QLLGEHLTAILQK/2
646.6774669289623,3,724.171,0.88229619,DAGEGLLAVQITDPEGKPK/3
836.918100667504,2,724.171,1.22967506,AHFNLDESGVLSLDR/2
521.276692141629,3,724.171,0.86707221,TVHSLAC[UNIMOD:4]LLTQYR/3
896.3636519860041,2,724.914,1.22827286,DVFSGSDTDPDMAFC[UNIMOD:4]K/2
779.8894430705041,2,724.914,1.22908745,GNINIC[UNIMOD:4]LMGDPGVAK/2
739.8779128765041,2,724.914,1.22422511,ESLVVNYEDLAAR/2
683.6918875599623,3,724.914,0.88285607,LLEAQIATGGIIDPEESHR/3
776.395415537004,2,724.914,1.2375776,GAGPGC[UNIMOD:4]YLAGSLTLSK/2
494.5750724362956,3,724.914,0.85569051,RPIFEC[UNIMOD:4]FWNGR/3
555.3015603622957,3,724.914,0.87385749,EIAAVISPELEHLDK/3
468.24063535662907,3,725.659,0.87494862,NSVSNFLHSLER/3
819.4226844710039,2,725.659,1.23000511,VGVEVPDVNIEGPEGK/2
516.6433693476291,3,725.659,0.85734587,IEPHTGLLLLSVQK/3
841.417599093004,2,726.402,1.23391468,VDVDVPDVNIEGPDAK/2
843.8988536395041,2,726.402,1.24093712,NIAFFSTNC[UNIMOD:4]VEGTAR/2
807.4408772930042,2,727.146,1.23644078,LLDAQLSTGGIVDPSK/2
569.9607039602957,3,727.146,0.86746864,SRPEFMLPVHFYGK/3
768.4068374420041,2,727.889,1.23245724,GTATFDGTAIANAVVK/2
427.7223470869415,4,727.889,0.73428681,SRPEFMLPVHFYGK/4
430.5799293389623,3,727.889,0.8516153,VFLHLADIYAK/3
854.919786131504,2,727.889,1.24089935,SLQYGEQVNEILC[UNIMOD:4]R/2
527.2885976962957,3,728.633,0.87353366,IETMLGDVAVAVHPK/3
806.8527231835043,2,728.633,1.23063048,EEAC[UNIMOD:4]DC[UNIMOD:4]LFEVVNK/2
918.391689577004,2,728.633,1.23056967,TMQFEPSTMVYDAC[UNIMOD:4]R/2
790.4292583110041,2,728.633,1.24826284,IETMLGDVAVAVHPK/2
442.922466578629,3,728.633,0.86278348,VSIVNHLEFLR/3
758.907627412504,2,728.633,1.23520107,EVLLFPAMKPEDK/2
804.3830279960042,2,728.633,1.22542975,EADSVYGEWVPVEK/2
506.27417709729565,3,728.633,0.86560158,EVLLFPAMKPEDK/3
898.4539930220042,2,729.376,1.24190203,LNFSTPTSTNIVSVC[UNIMOD:4]R/2
987.509299620004,2,729.376,1.24635527,LVQAAQMLQSDPYSVPAR/2
739.8795982875041,2,729.376,1.22991292,QDLMNIAGTTLSSK/2
921.9890573205041,2,729.376,1.24859536,QVVQGLLSETYLEAHR/2
678.398284195004,2,729.376,1.22325839,IVQLLAGVADQTK/2
731.8821409775039,2,729.376,1.23884382,SDIGEVILVGGM[UNIMOD:35]TR/2
659.9903792982956,3,729.376,0.88243311,TAGYPNVNIHNFTTSWR/3
904.490378576004,2,730.12,1.24053618,ANIVHLMLSSPEQIQK/2
987.957619760504,2,730.12,1.25498021,IEWLESHQDADIEDFK/2
477.90648776896234,3,730.12,0.87320658,TQDEC[UNIMOD:4]ILHFLR/3
866.3825135160041,2,730.12,1.24247541,SC[UNIMOD:4]QAMFQQINDSFR/2
443.5943499332957,3,730.12,0.84701103,RGLALALFGGEPK/3
603.329344539629,3,730.863,0.86777907,ANIVHLMLSSPEQIQK/3
950.9077925145041,2,730.863,1.23690908,LGIYDADGDGDFDVDDAK/2
880.902747484504,2,730.863,1.23984182,YILQLAQEYC[UNIMOD:4]GDC[UNIMOD:4]K/2
858.4174021770041,2,730.863,1.23673952,FWQTYSSAEEVLQK/2
614.9951303692957,3,730.863,0.87578008,QVVQGLLSETYLEAHR/3
658.9741719959624,3,730.863,0.8747267,IEWLESHQDADIEDFK/3
518.608547621629,3,730.863,0.87403217,LVEIQFPAEHGWK/3
817.4328552760039,2,730.863,1.23288616,IYPLPDDPSVPAPPR/2
893.452504638004,2,731.608,1.23791803,EEEAIQLDGLNASQIR/2
657.0023963712957,3,731.608,0.88895172,WLSTSIPEAQWHSSLAR/3
737.7135292666289,3,731.608,0.8881491,VGVTVAQTTMEPHLLEAC[UNIMOD:4]VR/3
956.917214257504,2,731.608,1.24078132,MDAGIIC[UNIMOD:4]DVC[UNIMOD:4]TC[UNIMOD:4]ELQK/2
465.59787149729567,3,731.608,0.84614107,AHQLWLSVEALK/3
880.9315048295042,2,731.608,1.23452304,NLLPSNDPVVM[UNIMOD:35]EMASK/2
897.427975258004,2,732.352,1.23245243,QLC[UNIMOD:4]DNAGFDATNILNK/2
790.4110656160042,2,732.352,1.23720218,C[UNIMOD:4]IYNLLQSSSPAVK/2
839.9088870185042,2,732.352,1.23619029,EIFEQPESVVNTMR/2
697.893169012504,2,732.352,1.21187369,AHQLWLSVEALK/2
571.614138370629,3,732.352,0.87701801,GAGAFGYFEVTHDITK/3
795.8859348575041,2,732.352,1.23205752,TEGSLEDWDIAVQK/2
982.9853229795041,2,733.095,1.23456913,AESLIGVYPEQGDC[UNIMOD:4]VISK/2
810.9110953535042,2,733.095,1.24552679,VGEATETALTC[UNIMOD:4]LVEK/2
723.6967556352956,3,733.095,0.87678469,VAYIPDEMAAQQNPLQQPR/3
856.917569322504,2,733.095,1.25471723,GAGAFGYFEVTHDITK/2
877.470166030004,2,733.095,1.24585823,GDVVLQSDHVIETLTK/2
472.58915309696243,3,733.095,0.86652608,AVEDIHGLFSLSK/3
510.50880025919156,4,733.095,0.74938494,HEYGSPGILEFFHHQLK/4
585.3158695089622,3,733.095,0.86976536,GDVVLQSDHVIETLTK/3
473.94174965696243,3,733.095,0.86247704,HFGLQILEHVVK/3
787.9354277565042,2,733.839,1.22807823,VDQSILTGESVSVIK/2
906.427640907004,2,733.839,1.23808552,NLFEDQNTLTSIC[UNIMOD:4]EK/2
778.9212661185041,2,733.839,1.21878954,GDILVVATGQPEMVK/2
860.9202203185041,2,733.839,1.24415039,ILALC[UNIMOD:4]MGNHELYMR/2
525.2645636209622,3,733.839,0.86310956,LSMWDRPDDLIGR/3
859.4546533820039,2,733.839,1.24223184,EPWLLPSQHNDIIR/2
573.3055277436289,3,733.839,0.87288509,EPWLLPSQHNDIIR/3
921.436854529004,2,733.839,1.24114374,NLIDEDGNNQWPEGLK/2
772.9195807095041,2,733.839,1.22771499,QSLPATSIPTPASFK/2
580.9531091919624,3,733.839,0.87249455,MLDGLDPHPMLPNYK/3
834.400894799004,2,734.582,1.23622012,NVQAEEMVEFSSGLK/2
802.4216302440041,2,734.582,1.24203672,EMSSSTLNLVVAGAPK/2
810.4190875590041,2,734.582,1.23977435,EM[UNIMOD:35]SSSTLNLVVAGAPK/2
672.0287225796288,3,736.069,0.87116182,RPTELLSNPQFIVDGATR/3
884.443616897004,2,736.069,1.23374753,VYEEVLSVTPNDGFAK/2
756.3906561320041,2,736.069,1.2266766,IFQILYANEGESK/2
850.4034375280041,2,736.069,1.24115598,FSEYLLEC[UNIMOD:4]PSAEVR/2
574.2825723679624,3,736.069,0.87374376,ILALC[UNIMOD:4]MGNHELYMR/3
500.59664202029575,3,736.069,0.87022956,NVNIQNFHISWK/3
556.9424779119623,3,736.069,0.88146582,EAADWVSGHFPSPIR/3
908.9468580895038,2,736.069,1.24365674,EPEYVPWTATSGPGGIR/2
956.463169116004,2,736.069,1.24515349,GLM[UNIMOD:35]ELHMVLPAPDTDEK/2
787.8961055995042,2,736.813,1.23115406,TGTAYTFFTPNNIK/2
783.4032405200039,2,736.813,1.23481017,MGFTEVTPVTGASLR/2
409.5595282432957,3,736.813,0.86847224,DGLAFNALIHR/3
915.9487404805038,2,736.813,1.2423057,LLENISPADVGGMEETR/2
910.4483763400041,2,737.556,1.2341688,FEVQGLQPNGEEMTLK/2
715.8892377095042,2,737.556,1.22489816,MVIITGPPEAQFK/2
839.4803368010041,2,738.3,1.23277685,LLSPVVPQISAPQSNK/2
759.8935628915041,2,738.3,1.23670993,VPSENVLGEVGSGFK/2
760.376691422004,2,738.3,1.22037321,FAMVAPDVQIEDGK/2
775.6987133792956,3,738.3,0.8918487,IDC[UNIMOD:4]DNLEQYFIQQGGGPDKK/3
609.9381874042957,3,738.3,0.87183681,TDC[UNIMOD:4]DIEDDRLAAMFR/3
763.367043635004,2,739.043,1.22269613,EEASDYLELDTIK/2
816.4190875890042,2,739.043,1.23613107,AILVDLEPGTM[UNIMOD:35]DSVR/2
643.3134715442957,3,739.043,0.87686989,TYVGPMTESLFPGYHTK/3
964.4665690830041,2,739.043,1.25041137,TYVGPMTESLFPGYHTK/2
805.9228516645039,2,739.787,1.23201324,VNVEAPDVNLEGLGGK/2
733.6907695192958,3,739.787,0.89640493,DQFLDTLQAHGHDVNSFVR/3
691.0563897119623,3,739.787,0.88748794,IASQVAALDLGYKPGVEAIR/3
966.9579541025041,2,739.787,1.25576259,FFQGSQEFLASASASAER/2
965.9471924785041,2,739.787,1.25930775,FNFLNPNDPYHAYYR/2
748.364115402004,2,740.53,1.23727447,GLELIASENFC[UNIMOD:4]SR/2
655.665672806629,3,740.53,0.87351242,RNENQLIIFADDTYPR/3
715.867348207504,2,740.53,1.21743596,QIWQNLGLDDTK/2
596.6380666142958,3,740.53,0.85851173,TPISEHAVFNVDLMSK/3
702.3586361220041,2,740.53,1.24634334,GISDLAQHYLMR/2
710.377548772004,2,740.53,1.22247859,QAQEYEALLNIK/2
856.937447526504,2,741.274,1.24559903,EAPC[UNIMOD:4]VLIYIPDGHTK/2
571.627390506629,3,741.274,0.87436103,EAPC[UNIMOD:4]VLIYIPDGHTK/3
962.4826130790042,2,741.274,1.2490021,TIGTGLVTNTLAM[UNIMOD:35]TEEEK/2
753.3475691516288,3,741.274,0.87179477,DGSC[UNIMOD:4]GVAYVVQEPGDYEVSVK/3
915.4190959610041,2,742.017,1.23788059,AISEPNFSVAYANMC[UNIMOD:4]R/2
743.8860722405041,2,742.017,1.23457928,GGSWVVIDSSINPR/2
468.5748495702957,3,742.017,0.87566587,GISDLAQHYLMR/3
568.9665176306289,3,742.017,0.88260979,AVGMASDIPGLHLPGGGR/3
904.9786895985039,2,743.504,1.23330497,ALPAVQQNNLDEDLIR/2
763.930479764504,2,743.504,1.22675166,NVIVNGLVLASDGQK/2
820.4073688030039,2,743.504,1.22933115,EPEPNFQLLDNPAR/2
560.985906574629,3,744.248,0.85948965,YRVPDVLVADPPIAR/3
973.9552144065041,2,744.248,1.2563273,FGAVWTGDNTAEWDHLK/2
649.6392350932957,3,744.248,0.87876408,FGAVWTGDNTAEWDHLK/3
563.2956408442957,3,744.248,0.8741952,IFSIIAEGEMHEAIK/3
844.4398230330041,2,744.992,1.25092538,IFSIIAEGEMHEAIK/2
876.983775006504,2,744.992,1.24576919,LEILQQQLQVANEAR/2
840.975221628504,2,744.992,1.22951317,YRVPDVLVADPPIAR/2
430.2409192579624,3,745.735,0.86073576,YGSVIQLLHMK/3
826.412316817004,2,746.479,1.24788101,SQEQLAAELAEYTAK/2
928.9565654825041,2,746.479,1.26380816,VEAVNMAEGIIHDTETK/2
768.0535964329623,3,746.479,0.88478252,GAFIDQSQSLNIHIAEPNYGK/3
448.2662332979624,3,746.479,0.86566872,GFDILGIKPVQR/3
506.60016360229565,3,746.479,0.87272717,FGTLNGFQILHDR/3
980.499789118004,2,746.479,1.25419392,VDINAPDVGVQGPDWHLK/2
991.9724125335041,2,746.479,1.25057808,VLNNM[UNIMOD:35]EIGTSLFDEEGAK/2
619.640135810629,3,747.222,0.8818479,VEAVNMAEGIIHDTETK/3
681.393001816004,2,747.222,1.2194553,VPDVLVADPPIAR/2
771.913441068504,2,747.222,1.21486437,DPIVMGVTVEAGQVK/2
780.8572773105041,2,747.222,1.22832637,MYELSC[UNIMOD:4]YLPQEK/2
470.9224665912957,3,747.222,0.86586528,YGLIFHSTFIGR/3
952.934007263504,2,747.222,1.24039316,SLDDDLDGVPLDATEDSK/2
871.4099710410042,2,747.966,1.24505989,ETTDTDTADQVIASFK/2
895.9495977945039,2,747.966,1.23821616,SYELPDGQVITIGNER/2
849.3697916270039,2,747.966,1.2489275,SAC[UNIMOD:4]DTVDTWLDDTAK/2
789.4015552040039,2,747.966,1.23698334,ALNLAYSSIYGSYR/2
825.9114297195041,2,747.966,1.23718086,SSLEWNSC[UNIMOD:4]VVQTLK/2
505.59765418596226,3,747.966,0.85661032,NHPGLLLMDTTFR/3
859.459601375004,2,747.966,1.22642679,QNGTVVQYLPTLQEK/2
884.4344116790041,2,747.966,1.23932056,C[UNIMOD:4]TLSANLVASGELMSSK/2
726.3721605459623,3,747.966,0.87314383,KHEALMSDLSAYGSSIQALR/3
746.9277401555041,2,748.71,1.23126892,AQLLQPTLEINPR/2
690.368633372629,3,748.71,0.89036328,VTEGLVDVILYHQPDDKK/3
990.5106506270042,2,748.71,1.24447609,TSGVVTSC[UNIMOD:4]TGVLPQLSM[UNIMOD:35]VK/2
897.9563685055041,2,748.71,1.2430028,EFTVC[UNIMOD:4]SIGTANAVAGAVK/2
812.9068672465041,2,749.453,1.24339531,VVSEDFLQDVSASTK/2
910.441182493004,2,749.453,1.23136059,LPLMEC[UNIMOD:4]VQMTQDVQK/2
597.3004423396291,3,749.453,0.8686216,SEHDVLFQVTQFPSR/3
826.9175694045041,2,749.453,1.23340798,NYLLPAGYSLEEQR/2
743.0499634039624,3,749.453,0.8868775,VSIVNHLEFLRDEELEER/3
660.338679770629,3,750.196,0.88522964,ISIEMHGTLEDQLSHLR/3
841.4490366190041,2,750.196,1.22619576,QTQPTVNWVVPVADK/2
835.9483465685039,2,750.196,1.2314441,RGDINLLMLGDPGTAK/2
934.442759635004,2,750.94,1.23888812,IMYDLTSKPPGTTEWE/2
816.3830280620041,2,750.94,1.22976612,FLQEFYQDDELGK/2
726.009110733629,3,750.94,0.88890232,VFSWLQQEGHLSEEEMAR/3
882.9599655125039,2,750.94,1.23865948,DTYLDTQVVGQTGVIR/2
470.2214398719415,4,750.94,0.73713502,VEQFARAFPMPGFDEH/4
833.457196056004,2,750.94,1.24040457,AFAHITGGGLLENIPR/2
555.9738895262957,3,750.94,0.86872091,AFAHITGGGLLENIPR/3
843.9461298935041,2,750.94,1.23911876,ITSQIFIGPTYYQR/2
608.6752863042956,3,750.94,0.86948346,EVIDLLKPDQVEGIQK/3
770.7360444789623,3,751.684,0.88023318,ADLLLSTQPGREEGSPLELER/3
915.465611965004,2,751.684,1.24461096,GVGIISEGNETVEDIAAR/2
801.8985108835042,2,751.684,1.23234466,LFSSVTFETVEESK/2
815.956163184504,2,752.427,1.22504186,YVVVTGITPTPLGEGK/2
958.004569973504,2,752.427,1.24120739,IDLPAENSNSETIIITGK/2
668.9758079552957,3,752.427,0.86758846,C[UNIMOD:4]C[UNIMOD:4]NHPYLFPVAAMEAPK/3
831.401229207004,2,753.171,1.24049069,IC[UNIMOD:4]DQWDNLGALTQK/2
843.951746498504,2,753.171,1.23918276,VFLQGPAPVGTPSFNR/2
610.647953491629,3,753.171,0.87873562,ANSFTVSSVAAPSWLHR/3
857.9521404795041,2,753.915,1.24391044,VQLDLAETDLSQGVAR/2
755.3431829530041,2,753.915,1.25123427,DDFDFGTMGHVIR/2
832.906009999504,2,753.915,1.23535555,ITLETDEDMVTEIR/2
503.89788079096235,3,753.915,0.87841047,DDFDFGTMGHVIR/3
780.922654756504,2,753.915,1.23390705,LTAQVEQLEVFQR/2
582.6162075882957,3,753.915,0.88494317,DLEADIIGDTSGHFQK/3
586.001222295629,3,753.915,0.8646952,IEDYGLKPVPGDLVLK/3
726.8959086815041,2,753.915,1.22291326,HIPQFLQEALEK/2
401.90212644962895,3,753.915,0.85769709,IAVMELFRPK/3
794.8692305395041,2,753.915,1.22784113,GEWC[UNIMOD:4]GVELDEPLGK/2
873.4206731490041,2,754.658,1.2642691,DLEADIIGDTSGHFQK/2
794.405980222004,2,754.658,1.24151875,AEINILLC[UNIMOD:4]GDPGTSK/2
731.8804555765041,2,754.658,1.22668868,FTQLDLEDVQVR/2
773.4172052300039,2,754.658,1.23345627,IGIIDGEYVVNPTR/2
851.4419399310041,2,754.658,1.25345134,TLSSVQNEVQEALQR/2
797.3669924310041,2,754.658,1.23513472,WMDWNAPQVQYR/2
801.3811164850041,2,754.658,1.21920747,QTMLFSATMTDEVK/2
746.8857379085039,2,754.658,1.22894789,EDIYAVEIVGGATR/2
505.2667386682958,3,754.658,0.86544793,GVVDSEDLPLNISR/3
767.4297812730042,2,755.401,1.22204301,KVESLQEEIAFLK/2
573.318779833629,3,755.401,0.87459974,AHLLADMAHISGLVAAK/3
427.90430710429564,3,755.401,0.86496992,DGVC[UNIMOD:4]VLGLHLAK/3
825.8767296315041,2,755.401,1.2252173,EMLTADNLDIDNMR/2
520.6228567922957,3,755.401,0.87151154,LFGHSSTSALSAILR/3
704.3298498966291,3,755.401,0.86705292,NRPLSDEELDAMFPEGYK/3
743.8692221655042,2,755.401,1.22637337,FTELYVEELESK/2
730.8831952185039,2,755.401,1.23649607,SDIDEIVLVGGSTR/2
565.9264934769624,3,756.146,0.87268904,GFGFVTFDDHDPVDK/3
859.474531517004,2,756.146,1.25454678,AHLLADMAHISGLVAAK/2
955.0118636715042,2,756.146,1.25894877,EIEGEEIEIVLAKPPDK/2
511.9556130042958,3,756.146,0.85197266,KVESLQEEIAFLK/3
823.405457311004,2,756.146,1.23126146,AIAMSLGQDIPMDQR/2
430.2409039919415,4,756.146,0.743323,AHLLADMAHISGLVAAK/4
746.8537178555041,2,756.146,1.23104343,GFPPEAINNFC[UNIMOD:4]AR/2
638.9841254619624,3,756.146,0.88332782,SLNSASYLYEVMERPR/3
848.3861019820041,2,756.889,1.24934081,GFGFVTFDDHDPVDK/2
843.869427492504,2,756.889,1.23524042,FAMEPEEFDSDTLR/2
637.0103346032957,3,756.889,0.88106001,EIEGEEIEIVLAKPPDK/3
717.3442705129623,3,756.889,0.87574975,MDSFDEDLARPSGLLAQER/3
765.864805486504,2,756.889,1.2413268,LANQAADYFGDAFK/2
715.007875670629,3,756.889,0.89253614,AVEYYFASDASAVIEHTNR/3
756.4200822850041,2,756.889,1.2250732,HQVAYLGLLENVR/2
504.6158136789624,3,756.889,0.85809613,HQVAYLGLLENVR/3
849.398875080004,2,756.889,1.22753294,EAYPEEAYIADLDAK/2
656.314640040629,3,756.889,0.88369753,GTVGEPTYDAEFQHFLR/3
549.267184445629,3,756.889,0.87098124,GNWAHSGFPEIAFGR/3
606.364272068629,3,756.889,0.86197346,TTPLKPSPLPVIPDTIK/3
623.6548852239624,3,757.632,0.87767988,GTSYQSPHGIPIDLLDR/3
511.6276077992956,3,757.632,0.85713649,AVHEDIVAVELLPK/3
703.6757972719624,3,757.632,0.87335211,ELQSQISDTSVVLSMDNSR/3
858.4428970140041,2,757.632,1.2553483,NDMVELLGPRPFAEK/2
993.4341744180042,2,758.376,1.2435448,DSAAFEDNEVQDEFLEK/2
856.4001749570041,2,758.376,1.22882425,TTQIPQWC[UNIMOD:4]VEYMR/2
976.9688156075041,2,758.376,1.24093198,SLPSVETLGC[UNIMOD:4]TSVIC[UNIMOD:4]SDK/2
976.526003931004,2,758.376,1.25795007,ALQAAIQQLAEAQPEATAK/2
776.8841607605041,2,758.376,1.23481528,ITDVIIGFQAC[UNIMOD:4]C[UNIMOD:4]R/2
742.937773513504,2,758.376,1.22919204,IQSIAPSLQVITSK/2
704.6726044422957,3,758.376,0.88331978,SGAWDESGVFIYTTSNHIK/3
919.9318392865041,2,758.376,1.23569364,C[UNIMOD:4]FLTYQSC[UNIMOD:4]QSLIYR/2
710.8953773735041,2,758.376,1.20777715,YHISALYVVDLK/2
945.4313460610042,2,759.119,1.24010285,AMADPEVQQIMSDPAMR/2
847.9284683865042,2,759.119,1.23719624,NAVITVPAYFNDSQR/2
854.4347376530042,2,759.119,1.23985487,ALTVPELTQQM[UNIMOD:35]FDAK/2
761.882140925504,2,759.119,1.22652332,ADVGFAMGIAGTDVAK/2
662.3457172959623,3,759.119,0.86618416,DKPNPQLIYDDEIPSLK/3
887.467760721004,2,759.863,1.23087782,QFASQANVVGPWIQTK/2
933.4858161590041,2,759.863,1.22918463,QYEQQTYQVIPEVIK/2
892.9205059715041,2,759.863,1.24175907,EEEIEFLYNENTVR/2
566.965171160629,3,759.863,0.87552293,LYDLNHNEIGELIR/3
787.872404368504,2,759.863,1.22486075,AMDPAVPNMMIDAAK/2
776.3804853210041,2,759.863,1.2313229,GQFSTDELVAEVEK/2
933.9381758235041,2,759.863,1.25792964,QNVAYEYLC[UNIMOD:4]HLEEAK/2
715.377025845004,2,759.863,1.24024523,AILC[UNIMOD:4]AIQNLEER/2
622.9612093712957,3,760.606,0.87776697,QNVAYEYLC[UNIMOD:4]HLEEAK/3
503.9413094369624,3,760.606,0.85225729,LHNMIVDLDNVVK/3
755.4083259220041,2,761.35,1.22028518,LHNMIVDLDNVVK/2
708.3686389692956,3,761.35,0.88500999,TMIQSPSGVILQEAADVHAR/3
825.826282317504,2,761.35,1.2307834,MAC[UNIMOD:4]GAEFSMIMDC[UNIMOD:4]K/2
718.052756669629,3,761.35,0.88168447,VEPFLPGHYEVLDLKPNGK/3
763.9010536415041,2,761.35,1.21949254,IEEIPLDQVDIDK/2
664.0165940782957,3,761.35,0.8751705,ASGDSARPVLLQVAESAYR/3
794.4042948190041,2,761.35,1.23069992,DIPNENELQFQIK/2
930.9540228115039,2,762.093,1.23163968,EVTDMNLNVINEGGIDK/2
881.9521404865038,2,762.093,1.24120669,YINENLIVNTDELGR/2
820.403437506004,2,762.093,1.24313208,VDTILEFSQNMNTK/2
809.415628031004,2,762.093,1.24357376,LVFLAC[UNIMOD:4]C[UNIMOD:4]VAPTNPR/2
729.6601471866288,3,762.836,0.87856552,EMEENFAVEAANYQDTIGR/3
799.928468385504,2,762.836,1.24051319,GGVQVPAVDISSSLGGR/2
728.341597401004,2,762.836,1.22517808,AEWMIAAQTC[UNIMOD:4]FK/2
823.4434199680039,2,763.58,1.23937562,VINEPTAAALAYGLDK/2
783.8985109535041,2,763.58,1.24069463,LSQELEYLTEDVK/2
532.0269285181915,4,763.58,0.75062509,TLPLTGSTFHDQIAMLSHR/4
835.8990422365041,2,763.58,1.2424119,YSGPEDDAAISLAFSK/2
670.6631633702956,3,764.323,0.87218983,VHYENNSPFLTITSMTR/3
673.3374446702957,3,764.323,0.87940384,VDINAPDVDVQGPDWHLK/3
834.919974606504,2,764.323,1.23265724,VDVEVPDVSLEGPEGK/2
859.9046589125041,2,764.323,1.24311029,FSLSGGYWNSVSDTAK/2
709.0334792019625,3,764.323,0.8847471,TLPLTGSTFHDQIAMLSHR/3
901.9400497755041,2,764.323,1.22938932,EIVEPELSIEVC[UNIMOD:4]EEK/2
822.934904818504,2,765.067,1.2252287,APSVATVGSIC[UNIMOD:4]DLNLK/2
586.6199520489623,3,765.067,0.87320308,EANHDGDFGITLAELR/3
530.2607077132958,3,765.81,0.87323804,SYSPYDMLESIRK/3
654.6512522029624,3,765.81,0.86725693,ELYHVISFDGSYVNYR/3
766.4457656850041,2,766.554,1.23275071,VLALPEPSPAAPTLR/2
864.3992094090039,2,766.554,1.24409937,YFEIQFSPGGEPDGGK/2
784.8957712855041,2,766.554,1.21836791,YPNIELSYEVVDK/2
772.4107266999623,3,767.297,0.88933249,DGNVLLHEMQIQHPTASLIAK/3
804.906147409504,2,767.297,1.22602959,C[UNIMOD:4]QLEINFNTLQTK/2
774.900530679504,2,767.297,1.22670882,DASLMVTNDGATILK/2
586.6371659636291,3,767.297,0.88474363,GGQQALLQHWSEYIK/3
729.8829982535041,2,767.297,1.23045985,AWTQVLLGQAEDK/2
865.9245370675042,2,767.297,1.2452417,VSMFVLGTGDEPPPER/2
991.5025287670042,2,768.042,1.24419444,TVTNAVVTVPAYFNDSQR/2
889.461286781004,2,768.042,1.23724743,EANSIIITPGYGLC[UNIMOD:4]AAK/2
769.9304797945042,2,768.042,1.24008836,LLDAQLATGGIVDPR/2
661.3374446669624,3,768.042,0.87216284,TVTNAVVTVPAYFNDSQR/3
755.4172052470041,2,768.042,1.25720007,GELTTLIHQLQEK/2
496.2732763999623,3,768.042,0.8762046,IAFTEWIEPPKR/3
942.5072798320041,2,768.786,1.24849409,GLQAQIASSGLTVEVDAPK/2
799.8901629745043,2,768.786,1.23941281,TYEAALETIQNMSK/2
520.2523180992957,3,768.786,0.8637736,DDTHYLLYIYDK/3
779.8748389155041,2,768.786,1.23330888,DDTHYLLYIYDK/2
954.944709381504,2,769.529,1.24226026,AEDGSVIDYELIDQDAR/2
920.4654150120041,2,769.529,1.2454831,WQLSVATEQPELEGPR/2
777.4214332910042,2,769.529,1.22811801,TLINAEDPPMVVVR/2
608.3151468266291,3,769.529,0.86435702,YPLAVRPFYTMPDPR/3
736.0586817902955,3,769.529,0.88934987,AIGGIILTASHNPGGPNGDFGIK/3
745.8673481745042,2,769.529,1.22068161,QSIINPDWNFEK/2
636.965565076629,3,769.529,0.86930771,AEDGSVIDYELIDQDAR/3
707.907961799504,2,770.272,1.2277117,VVVVQAISALC[UNIMOD:4]QK/2
843.9219944425039,2,770.272,1.24682729,GSSSYSQLLAATC[UNIMOD:4]LTK/2
700.4025122600041,2,770.272,1.21284598,VMQVLNADAIVVK/2
456.606367021629,3,770.272,0.85298942,LIHITIEPLYR/3
812.8854119685041,2,771.016,1.24027909,AC[UNIMOD:4]LISLGYDVENDR/2
654.3130762059624,3,771.016,0.87135784,DATNVGDEGGFAPNILENK/3
765.4032405710041,2,771.016,1.23721408,SPSAQLMEQVAQLK/2
980.965976075504,2,771.016,1.24727039,DATNVGDEGGFAPNILENK/2
972.990408385504,2,771.016,1.24404677,YPDEQLTPENM[UNIMOD:35]PLILR/2
864.4158250270041,2,771.759,1.23845117,YTQQGFGNLPIC[UNIMOD:4]MAK/2
672.0082710029623,3,771.759,0.87221422,AIELWYHDPAC[UNIMOD:4]TTPVLK/3
705.3442704929622,3,771.759,0.86903653,GQVGGEINVEMDAAPGVDLSR/3
874.8971306995041,2,772.503,1.23359813,TSAC[UNIMOD:4]FEPSLDYMVTK/2
689.6897790679623,3,772.503,0.86888586,QLILVGDHC[UNIMOD:4]QLGPVVMC[UNIMOD:4]K/3
764.4042947890041,2,772.503,1.23985503,DLAEIGIAVGNNDVK/2
539.2692087769623,3,772.503,0.88574238,C[UNIMOD:4]MLDAALATLNTHGK/3
767.8494522635041,2,773.246,1.2275275,EYTAC[UNIMOD:4]ELMNIYK/2
761.430449972004,2,773.246,1.24167797,VEIAGPGFINVHLR/2
507.956058803629,3,773.246,0.87182825,VEIAGPGFINVHLR/3
808.400174932004,2,773.246,1.26678549,C[UNIMOD:4]MLDAALATLNTHGK/2
941.962705138504,2,773.991,1.24287294,LEQELFSGGNTGINFEK/2
877.488358798004,2,773.991,1.24039912,VDQIQEIVTGNPTVIK/2
841.408719868004,2,773.991,1.2488354,FDEILEASDGIM[UNIMOD:35]VAR/2
616.6636036116289,3,773.991,0.86659329,HEIEGTGLPQAQLLWR/3
765.9223203485041,2,773.991,1.23404589,AVDPSSVALVTLGSSK/2
924.491767184004,2,773.991,1.23858454,HEIEGTGLPQAQLLWR/2
792.9408475005041,2,774.733,1.23085496,AVFQANQENLPILK/2
886.4668950840041,2,775.477,1.23430202,LVYLVENPGGYVAYSK/2
738.8870294055041,2,775.477,1.22396687,LGYWNQQMVPIK/2
673.6643984526289,3,775.477,0.89007379,AAVLYVMDLSEQC[UNIMOD:4]GHGLR/3
535.9593574942957,3,776.22,0.86651216,GGYVLHIGTIYGDLK/3
844.395809424004,2,776.22,1.23312894,MDVNVGDIDIEGPEGK/2
733.9037336655042,2,776.22,1.24510758,DILADVNHPFVVK/2
744.9008566805041,2,776.22,1.22912876,LAYINPDLALEEK/2
519.635096720629,3,776.22,0.85730488,GHAVNLLDVPVPVAR/3
761.388447806004,2,776.22,1.22782107,LAFYPNQDGDILR/2
778.949006847504,2,776.22,1.22378699,GHAVNLLDVPVPVAR/2
629.6214044159624,3,776.22,0.87193436,HFHPLFEYFDYESR/3
812.411596924004,2,776.22,1.24111558,YNVLGAETVLNQM[UNIMOD:35]R/2
803.4353980080041,2,776.964,1.23911152,GGYVLHIGTIYGDLK/2
951.028182464504,2,776.964,1.247136,LLPSAPQTLPDGPLASPAR/2
778.3872561350041,2,776.964,1.23553618,FTTDDSIC[UNIMOD:4]VLGISK/2
587.292959019629,3,776.964,0.88987294,SLQSLEASLHAMESTR/3
525.2487630164416,4,776.964,0.7390094,NYTEEEDRFLIC[UNIMOD:4]MLHK/4
913.4757827060041,2,777.708,1.24729938,TSVLAAANPIESQWNPK/2
740.379234148004,2,777.708,1.21378272,NPLMYLTGVQTDK/2
447.9382281229623,3,777.708,0.86459425,LLLIQAFRPDR/3
928.442759641004,2,777.708,1.23636227,AIEEGIPAFTC[UNIMOD:4]EEYVK/2
577.9494095956292,3,777.708,0.87797834,EESQIPVDEVFFHR/3
699.9959251996291,3,777.708,0.87529732,NYTEEEDRFLIC[UNIMOD:4]MLHK/3
545.5596671661915,4,777.708,0.75046058,QEAVSMIPPLLLNVRPHHK/4
830.451245018004,2,778.451,1.2409547,IINEPTAAAIAYGLDK/2
811.4196104840041,2,778.451,1.23730348,SVILEAFSSPSEEVK/2
553.969922167629,3,778.451,0.86526382,IINEPTAAAIAYGLDK/3
470.2646694959623,3,778.451,0.87764039,EDTLLLIGHLER/3
677.9888155036291,3,779.195,0.89850344,SDFFELLSNHHLDSQSR/3
768.9296140645041,2,779.195,1.22442049,DVTPPPETEVVLIK/2
508.7434307444415,4,779.195,0.75940281,SDFFELLSNHHLDSQSR/4
530.2805424639624,3,779.195,0.87091914,QPLWNHLLNYYK/3
941.4743941570041,2,779.938,1.23685844,VTYC[UNIMOD:4]PTEPGNYIINIK/2
440.2541048079623,3,779.938,0.85580164,LDPHLVLDQLR/3
841.449036634004,2,779.938,1.23212149,TPVEEVPAAIAPFQGR/2
697.3577399429623,3,779.938,0.8885361,LATYGITVAELTGDHQLC[UNIMOD:4]K/3
797.406314591004,2,779.938,1.24514411,LGIGQSQEMNTLFR/2
716.0148073782957,3,779.938,0.8791875,YESSALPSGQLTSLSEYASR/3
791.427769918004,2,780.682,1.23505567,GPQITGPSLEGDLGLK/2
652.3400206679623,3,780.682,0.87889506,SC[UNIMOD:4]PVVQSSQHLFLDLPK/3
978.006392768504,2,780.682,1.25764054,SC[UNIMOD:4]PVVQSSQHLFLDLPK/2
857.9214631125041,2,780.682,1.22172028,C[UNIMOD:4]NLVPTDEITVYYK/2
674.0284996829623,3,781.425,0.87204768,ILATPPQEDAPSVDIANIR/3
856.446690931004,2,781.425,1.25047629,VDIETPNLEGTLTGPR/2
896.988191611504,2,781.425,1.24594571,YEAAGTLVTLSSAPTAIK/2
566.9581279639624,3,781.425,0.86072887,THVADFAPEVAWVTR/3
931.397829246004,2,781.425,1.24681084,YYDGWLIC[UNIMOD:4]EEPTC[UNIMOD:4]R/2
908.963039498504,2,782.169,1.25194803,VEDPTFLNQLQSGVNR/2
903.4388659030042,2,782.169,1.2359745,EYAQNIWNVEPSDLK/2
849.9335537125041,2,782.169,1.2297588,THVADFAPEVAWVTR/2
835.8901629375041,2,782.169,1.23686574,FETPGIMQFTNEEK/2
745.8584689475042,2,782.169,1.2269226,EIGFINYYGMQR/2
786.4068374930042,2,782.169,1.22732755,IQALGLGEDWNVEK/2
789.4032405410043,2,782.169,1.24791329,FGGGNPELLTQMVSK/2
622.3257115019624,3,782.169,0.86171128,TKPSPSQFMPLVVDYR/3
817.901396355504,2,782.169,1.24294506,ESAVGQMGWSGGLSLR/2
972.4907724820039,2,782.913,1.25015495,AALETDENLLLC[UNIMOD:4]APTGAGK/2
582.3162038919622,3,782.913,0.88220615,AEIIHHLADLLTDQR/3
696.3737243599622,3,782.913,0.87581044,NTLTNIAMRPGLEGYALPR/3
769.943055859504,2,782.913,1.23765876,LLEAQIATGGIIDPK/2
838.935762141504,2,782.913,1.24009869,FLSNGYIPIPGQQDK/2
927.9996219545042,2,783.656,1.24778677,TVNELQNLSSAEVVVPR/2
685.686190928629,3,783.656,0.88799717,ALNQEQVIAVHIDNGFMR/3
527.9342663129624,3,783.656,0.87817551,FFC[UNIMOD:4]FQVLEHQVK/3
998.0527201835041,2,783.656,1.25936854,AGVAAPATQVAQVTLQSVQR/2
772.893759874504,2,783.656,1.23607287,GEVDVSLANVEGDLK/2
834.9150266745041,2,783.656,1.24455511,FLGDEQDQITFVTR/2
677.6908304999623,3,783.656,0.87365329,AEVIMNYHVGETVLSLQK/3
794.4119228680041,2,783.656,1.2490287,ETQFAQIFEPLHK/2
665.7042389446291,3,783.656,0.88084066,AGVAAPATQVAQVTLQSVQR/3
921.400234475004,2,783.656,1.2406217,FVC[UNIMOD:4]SPDEVMDTIDEGK/2
835.4070344530039,2,783.656,1.23827864,LQSVEYVVFDEADR/2
744.8806525625039,2,783.656,1.23378024,EIDLLLGQTDDTR/2
791.3977612360042,2,783.656,1.25739931,FFC[UNIMOD:4]FQVLEHQVK/2
707.7051396539623,3,784.4,0.88416734,LAGANPAVITC[UNIMOD:4]DELLLGHEK/3
856.3958094420041,2,784.4,1.23526097,IDINMSGFNETDDLK/2
632.2965920279624,3,784.4,0.87872768,EQQHVMEELFQSSFR/3
828.8786411725041,2,784.4,1.24491721,AGFDSDYDQALADIR/2
543.9701450942957,3,784.4,0.8737098,YLQLAEELIRPER/3
825.956694544504,2,784.4,1.22654461,LQPLSPVPSDIEISR/2
856.423315726004,2,784.4,1.2326393,VTAMQLYEC[UNIMOD:4]QLIDK/2
542.9510848739624,3,784.4,0.88175376,SFPAAIEHTIQWAR/3
529.9437074009624,3,784.4,0.87499403,ETQFAQIFEPLHK/3
786.430646937004,2,785.143,1.23119552,VSHLLGINVTDFTR/2
915.447419227004,2,785.143,1.24615272,NSDVLQSPLDSAARDEL/2
955.4969120930041,2,785.143,1.24601116,VLAGETLSVNDPPDVLDR/2
524.6228567802956,3,785.143,0.86197908,VSHLLGINVTDFTR/3
718.8878866455042,2,785.887,1.23081567,QFLFRPWDVTK/2
813.8714388905041,2,785.887,1.22920731,YMTISDEWDIPEK/2
479.5943499192958,3,785.887,0.86026841,QFLFRPWDVTK/3
887.9287652395041,2,785.887,1.24098498,NLLSC[UNIMOD:4]VYSC[UNIMOD:4]PSYIAK/2
800.8930400505039,2,785.887,1.24174082,LC[UNIMOD:4]QIFSDLNATYR/2
641.6826637719623,3,785.887,0.8853932,NLAYDTLPVLIHGNGPTK/3
813.4283012430042,2,785.887,1.2279648,DQISVLPNEQDLVR/2
743.8986483205041,2,785.887,1.2240874,EVIQEWNLTNIK/2
604.6429346909623,3,786.63,0.87275363,LDTHPAMVTVLEMGAAR/3
775.897791004504,2,786.63,1.23724802,FDMAENVVIVASQK/2
876.4313376980041,2,786.63,1.24309776,LTEMETLQSQLMAEK/2
936.935830086504,2,787.374,1.25470142,YSSDVQEMILSSATADR/2
906.460763803004,2,787.374,1.24660541,LDTHPAMVTVLEMGAAR/2
685.6729388212957,3,788.118,0.88559591,NPVWYQALTHGLNEEQR/3
579.3282209436289,3,788.118,0.88089013,TTIENIQLPHTLLSR/3
868.488693182004,2,788.118,1.2558684,TTIENIQLPHTLLSR/2
827.9015849255042,2,788.118,1.23881936,YNEFSVSLLNEDPK/2
769.8657710165039,2,788.118,1.22460945,YHFNMGLLMGEAR/2
823.4308438840042,2,788.118,1.24585043,LVGSVNLFSDENVPR/2
903.432923271004,2,788.86,1.25361031,MEVQEQEEDISSLIR/2
781.343902817004,2,788.86,1.23403103,GFGFVDFNSEEDAK/2
843.4752514560041,2,788.86,1.24707621,ITNLTQQLEQASIVK/2
848.425424143004,2,789.604,1.23804187,VDIDVPDVNIEGPDAK/2
848.425424143004,2,789.604,1.23697721,VDIDVPDVNIEGPEGK/2
467.26746834429576,3,789.604,0.87122195,VTMLFLGLHNVR/3
442.25388188929577,3,790.347,0.87136775,EASIDILHSIVK/3
478.5605403796291,3,791.091,0.87077874,ADWLSHYWMPK/3
960.4951379810041,2,791.091,1.24219305,EPQGIIAC[UNIMOD:4]C[UNIMOD:4]NPVPPLVR/2
790.392872799004,2,791.091,1.23347076,SDMGVGVFTPTIEAR/2
881.4727087340041,2,791.835,1.24108545,VLAQNSGFDLQETLVK/2
926.4720483950041,2,791.835,1.24160012,SLVEASSSGVSVLSLC[UNIMOD:4]EK/2
562.9978121799624,3,791.835,0.87164173,LEIYVVTAEGLRPVK/3
697.3495731949623,3,791.835,0.88451729,AIQTLGYFPVGDGDFPHQK/3
537.9197398516291,3,792.578,0.87323388,AC[UNIMOD:4]WVLHYFC[UNIMOD:4]EVK/3
801.4138052240041,2,793.322,1.22939101,AVLVDLEPGTMDSVR/2
545.955835895629,3,793.322,0.86450743,VFVHYTGWLLDGTK/3
856.4034375120041,2,793.322,1.23962797,LVAEDLSQDC[UNIMOD:4]FWTK/2
818.430115610004,2,794.809,1.2358979,VFVHYTGWLLDGTK/2
521.9267829829624,3,795.552,0.87254106,ISFC[UNIMOD:4]LDIHNMSVK/3
422.9187221419624,3,795.552,0.87066111,SQLDIIIHSLK/3
601.6723220219624,3,795.552,0.87435305,QGILGAQPQLIFQPHR/3
660.6790307289624,3,795.552,0.86636369,FSPFPVQDRPESSLVFK/3
407.9897120581915,4,795.552,0.74338138,FSKSQLDIIIHSLK/4
782.3865362410043,2,795.552,1.24655382,ISFC[UNIMOD:4]LDIHNMSVK/2
516.9713745206291,3,795.552,0.86012681,ASELHLLETPLVVK/3
787.414662544004,2,796.296,1.23893345,NIYVLQELDNPGAK/2
844.4543190350039,2,797.04,1.24780296,IINEPTAAAIAYGLDR/2
476.96433140462904,3,797.04,0.84601417,IRVESLLVTAISK/3
661.6824464819623,3,797.04,0.87372515,IGRPSETGIIGIIDPEC[UNIMOD:4]R/3
565.3260402769623,3,797.04,0.87709827,VLSGEFQIVNPHLLK/3
794.9056160945041,2,797.04,1.24422019,AIIEEYLHLNDMK/2
512.9411980072956,3,797.04,0.85869857,GMLREDAVLEYLK/3
788.9124839555041,2,797.04,1.25180055,VTSAVEALLSADSASR/2
714.9428588735041,2,797.04,1.21613323,IRVESLLVTAISK/2
849.9328850345041,2,797.04,1.23482454,LWSPDEEVSPEVLAK/2
758.9112327485041,2,797.783,1.23756505,SQNVMAAASIANIVK/2
530.2728362186291,3,797.783,0.87015591,AIIEEYLHLNDMK/3
563.3053048456289,3,797.783,0.87254012,IINEPTAAAIAYGLDR/3
620.0071474149623,3,797.783,0.8699889,TLSHNLLVSEVYNQLK/3
594.3353754919623,3,798.527,0.86684426,RTGAIVDVPVGEELLGR/3
847.4854221820041,2,798.527,1.25232213,VLSGEFQIVNPHLLK/2
784.3826341030042,2,798.527,1.23736385,EWYGYHFPELVK/2
729.3435926842957,3,798.527,0.89219903,QGAGGVEGAEWWATQAFHQR/3
789.3731782729623,3,799.271,0.89451836,TVYGGGC[UNIMOD:4]SEMLMAHAVTQLANR/3
867.4074284030039,2,799.271,1.24260757,ESEITDEDIDGILER/2
671.7104423499624,3,799.271,0.8749054,HLPTLDHPIIPADYVAIK/3
504.0346508791915,4,799.271,0.74806728,HLPTLDHPIIPADYVAIK/4
871.423215851004,2,799.271,1.23878438,NIFLQYASTEVDGER/2
935.4756453230041,2,799.271,1.23751546,TVELSIPADPANLDSEAK/2
849.932885053504,2,799.271,1.2420789,DPGVITYDLPTPPGEK/2
427.90056264962897,3,800.014,0.86289274,ISMPDLDLHLK/3
870.9837749735038,2,800.014,1.2515593,LASIVEQVSVLQNQGR/2
839.9492038645039,2,800.014,1.26327003,SVTLGYLFSQGHLTR/2
930.9633362995041,2,800.014,1.2511125,C[UNIMOD:4]AVSEAAIILNSC[UNIMOD:4]VEPK/2
916.959828131504,2,800.758,1.24734997,LQEELSQAESTIDELK/2
877.4616126850042,2,800.758,1.22651017,GPVFAPPYEPLPENVK/2
835.4040978260041,2,800.758,1.24982301,EVWYFGLHYVDNK/2
900.4571585120041,2,800.758,1.23516242,VMYTPM[UNIMOD:35]APGNYLISVK/2
761.9350338115041,2,801.501,1.24216117,DILVEVNHPFIVK/2
834.9094099385042,2,801.501,1.23655876,EGAFSNFPISEETIK/2
762.9590402415039,2,801.501,1.23619822,ILIVGGGVAGLASAGAAK/2
819.404925960004,2,801.501,1.2396147,AGSVELLGAMAYC[UNIMOD:4]APK/2
623.9540547496291,3,802.245,0.88196323,FDEVLVNHFC[UNIMOD:4]EEFGK/3
719.0270473079622,3,802.245,0.87517167,AYTNFDAERDALNIETAIK/3
831.4044917540041,2,802.245,1.24331679,WLLLNDPEDTSSGSK/2
732.3598091152957,3,802.245,0.87951024,VVYGGGAAEISC[UNIMOD:4]ALAVSQEADK/3
822.3378714710041,2,802.245,1.2289685,C[UNIMOD:4]C[UNIMOD:4]MLFVDDMAEPR/2
854.892714040504,2,802.988,1.23320875,NPDIFTEVANC[UNIMOD:4]C[UNIMOD:4]IR/2
818.9488694495041,2,803.732,1.23400418,GVNLPGAAVDLPAVSEK/2
864.9388360925041,2,803.732,1.24305471,AGGFVVGYTSSGNPIFR/2
548.2617647266289,3,803.732,0.86514608,DPVQEAWAEDVDLR/3
755.044043872629,3,804.476,0.88474584,GPAVGIDLGTTYSC[UNIMOD:4]VGVFQHGK/3
487.9243128662957,3,804.476,0.86475246,IFDEILVNAADNK/3
474.28188337662897,3,804.476,0.85977973,YAPLHLVPLIER/3
821.889008856504,2,805.22,1.23582135,DPVQEAWAEDVDLR/2
651.0264305032956,3,805.22,0.88051738,LTHYDHVLIELTQAGLK/3
464.945159782629,3,805.22,0.86692825,LGIEGLSLHNVLK/3
814.4034375030039,2,805.22,1.22812834,TTMVTSFTNEDLLR/2
957.4749254570041,2,805.22,1.24865306,VTQSAYAQIVQFGMNEK/2
976.036007521504,2,805.22,1.26165951,LTHYDHVLIELTQAGLK/2
656.330067230629,3,805.964,0.87956367,ETLVYLTHLDYVDTER/3
983.9914626125039,2,805.964,1.25350176,ETLVYLTHLDYVDTER/2
875.943587089504,2,805.964,1.25139114,TFSVWYVPEVTGTHK/2
584.2981502152957,3,805.964,0.87742257,TFSVWYVPEVTGTHK/3
488.52164199419144,4,805.964,0.74656177,LTHYDHVLIELTQAGLK/4
838.9175693035041,2,806.707,1.2414963,NEGNIFPNPEATFVK/2
868.4466909190039,2,806.707,1.25439086,LGNTISSLFGGGTTPDAK/2
753.8770556105042,2,806.707,1.23228842,TVQSLEIDLDSMR/2
557.3079922569624,3,806.707,0.87750081,LFPLIQTMHSNLAGK/3
910.4496275680042,2,807.45,1.24418289,EALELTDTGLLSGSEER/2
831.4464940180039,2,807.45,1.24538168,GIYQSLEGAVQAGQLK/2
883.975418565504,2,807.45,1.23039272,APLNVQFNSPLPGDAVK/2
832.9060099935041,2,807.45,1.24960162,SEETNTEIVEC[UNIMOD:4]ILK/2
966.9507602835042,2,808.194,1.25070361,IC[UNIMOD:4]YQEVSQC[UNIMOD:4]FGVLSSR/2
644.9695990112958,3,808.194,0.87469114,IC[UNIMOD:4]YQEVSQC[UNIMOD:4]FGVLSSR/3
936.9907342645041,2,808.194,1.23192772,LPPGEYVVVPSTFEPNK/2
720.864905300504,2,808.194,1.21480001,EMMLVTSGAVAFGK/2
490.2479623599624,3,808.937,0.86945451,FYTLIPHDFGMK/3
791.9435871515041,2,808.937,1.24302403,ILAQVVGDVDTSLPR/2
885.920308970504,2,809.681,1.231772,APVPTGEVYFADSFDR/2
902.4548503110041,2,809.681,1.2420127,TLPGSDWTPNAQFITR/2
904.954880134504,2,809.681,1.24781644,VQSGSESVIQEYVDLR/2
463.28177192762905,3,809.681,0.87279744,LLLDIPLQTPHK/3
467.2504717742957,3,810.424,0.85572442,KPGGFDISLFYR/3
681.352871845629,3,810.424,0.88785622,DLEGENIEIVFAKPPDQK/3
837.4299866550041,2,811.168,1.22914032,TPMENIGLQDSLLSR/2
813.927937072504,2,811.168,1.24147839,GFQQISFVNSIATSK/2
988.481065048004,2,811.168,1.24679346,AVTVYTNYPFPGETFNR/2
867.4226844860041,2,811.912,1.23576062,IEFEGQPVDFVDPNK/2
831.4590700650041,2,811.912,1.23493252,IYLAIESANELAVQK/2
835.9208403365039,2,811.912,1.24523995,NGDGVVDIGELQEGLR/2
942.4729056850041,2,811.912,1.24145146,SSTPPGESYFGVSSLQLK/2
912.9599655125039,2,812.656,1.24291325,LYQEVEIASVDAFQGR/2
459.28551636629567,3,812.656,0.86047224,VNVHVLGVLLGQK/3
824.9109068205039,2,813.399,1.24264466,SVMDATQIAGLNC[UNIMOD:4]LR/2
995.4198158440041,2,813.399,1.24938904,YGETANEC[UNIMOD:4]GEAFFFYGK/2
824.9306767235041,2,813.399,1.23749592,ETLQLESAAEVGFVR/2
713.3666497390041,2,813.399,1.23408048,YISPDQLADLYK/2
951.912354977504,2,813.399,1.25315527,LFDVC[UNIMOD:4]GSQDFESDLDR/2
718.8713793445041,2,813.399,1.22157222,WMIQYNNLNLK/2
886.9221913955041,2,813.399,1.24652341,STLQTMESDIYTEVR/2
917.4727086860041,2,814.143,1.24575418,DGPNALTPPPTTPEWIK/2
899.425758555004,2,814.143,1.2429064,YIQPWESEFIDSQR/2
907.4519732260042,2,814.143,1.24424561,AGTGENAPWVVEDELVK/2
626.6900412642957,3,814.143,0.87832822,ALVSHNGSLINVGSLLQR/3
790.3750060510041,2,814.887,1.23125159,FNYGFEYLGVQDK/2
678.3565048459623,3,814.887,0.87408666,FTASAGIQVVGDDLTVTNPK/3
975.4313460920042,2,814.887,1.25112817,FGDYQC[UNIMOD:4]NSAMGISQMLK/2
890.441605523004,2,815.63,1.25196077,GADFLVTEVENGGSLGSK/2
728.922123434504,2,815.63,1.23819883,ILAQATSDLVNAIK/2
917.9501290885041,2,815.63,1.24591317,QTNLENLDQAFSVAER/2
596.9878643119624,3,815.63,0.86523834,VQGGALEDSQLVAGVAFK/3
894.9781582345041,2,816.373,1.24202668,VQGGALEDSQLVAGVAFK/2
780.3814508690041,2,816.373,1.23860604,ALDIAENEMPGLMR/2
855.433249175004,2,816.373,1.23479025,VDIDVPDVNLEAPEGK/2
569.979875595629,3,816.373,0.87501674,WVPLQIDMKPEVPR/3
826.9539548095041,2,817.117,1.23565315,LNPADAPNPVVFVATK/2
748.3862394160042,2,817.117,1.24394283,AAFALGGLGSGFASNR/2
824.8724931175041,2,817.117,1.23483789,FGYVDFESAEDLEK/2
961.9982333895041,2,817.117,1.24145806,VVC[UNIMOD:4]VYGGTGISEQIAELK/2
798.3665206810042,2,817.117,1.23509202,TEDSLMPEEEFLR/2
909.9927540595041,2,817.117,1.26021557,ILGSGISSSSVLHGMVFK/2
989.487895400004,2,817.117,1.24787048,TEPTEDSGISLEMAAVTVK/2
883.985983248504,2,817.117,1.24230959,VSVNGAVVLEEPVGELR/2
587.6344336546291,3,817.117,0.88201068,EYLNLLIC[UNIMOD:4]EESHLK/3
543.959357479629,3,817.86,0.8505587,HELLQPFNVLYEK/3
606.9975948619624,3,817.86,0.882742,ILGSGISSSSVLHGMVFK/3
919.4863474280039,2,817.86,1.2389123,VQANLGAPDINIEGLDAK/2
815.4353979860041,2,818.604,1.21766923,HELLQPFNVLYEK/2
871.4337805390039,2,818.604,1.24457099,ELDALDANDELTPLGR/2
596.9616495299624,3,818.604,0.87240295,WGEEHIPGSPFHVTVP/3
727.387916494004,2,818.604,1.24103755,LDYLGVSYGLTPR/2
741.6897068832958,3,818.604,0.87600771,QFVVFEGNHYFYSPYPTK/3
932.379833433004,2,819.347,1.24512502,GLC[UNIMOD:4]NFLMSDEEYDDR/2
776.4406802710039,2,819.347,1.22993718,VAAPDVVVPTLDTVR/2
907.9463351955039,2,819.347,1.24971907,ISPDAWQVC[UNIMOD:4]AEALAQR/2
791.8821409745041,2,820.091,1.22045801,NPEQVDLYQFMAK/2
935.4868787890039,2,820.091,1.24081378,ANLQIDQINTDLNLER/2
473.5857429932956,3,820.091,0.84958693,LHSFLGDDVFLR/3
677.863022957504,2,820.091,1.23251958,VVYSAFLMATPR/2
868.3836676030039,2,820.834,1.24000478,FC[UNIMOD:4]MISATFC[UNIMOD:4]DSQLR/2
878.9631309775041,2,820.834,1.23909595,VTYTPM[UNIMOD:35]APGSYLISIK/2
829.4401573720043,2,821.578,1.23305308,QVQAEVPGSPIFVMR/2
477.5919519672957,3,821.578,0.86879775,QGFPIIFHGVMGK/3
837.9328850675041,2,822.321,1.23574214,LQLDSPEDAEFIVAK/2
839.4476480720041,2,822.321,1.2368443,YLEGTSC[UNIMOD:4]IAGVLVPAK/2
465.2769094362955,3,822.321,0.875729,EAITHLLGVALTR/3
797.943587154504,2,822.321,1.23428272,IPSIVSSPLNSPLDR/2
776.869230564504,2,822.321,1.22898324,DYVIEDDVNMAIR/2
488.59289756362904,3,823.066,0.85593538,RVDIIPGFEFDR/3
894.427966885004,2,823.066,1.24090761,VYEIQDIYENSWTK/2
624.979769740629,3,823.066,0.8702498,AFIHWVSQPLMC[UNIMOD:4]EVR/3
936.966016377504,2,823.066,1.23994866,AFIHWVSQPLMC[UNIMOD:4]EVR/2
938.488555770004,2,823.066,1.24064177,LYIGNLNESVTPADLEK/2
831.877055535504,2,823.066,1.24197478,GFGFVC[UNIMOD:4]FSSPEEATK/2
955.4625379800041,2,823.809,1.24521065,EGPYSISVLYGDEEVPR/2
769.846475350504,2,823.809,1.2450877,DDEEADAIYAALDK/2
606.2727752019623,3,823.809,0.88608776,DGQWFTDWDAVPHSR/3
867.4531273880041,2,823.809,1.23979806,LLSAMLVSEGDLTEQK/2
792.9219860155041,2,823.809,1.23514018,LSELLPEEVEAEVK/2
926.4482389600039,2,823.809,1.23950389,SESLDPDSSMDTTLILK/2
983.4680172900041,2,824.553,1.24411861,QSDDEVYAPGLDIESSLK/2
830.876532670504,2,825.296,1.23259902,AVQGMLDFDYVC[UNIMOD:4]SR/2
536.9424779199625,3,825.296,0.86455471,DREALFNEFVAAAR/3
844.9645195285041,2,825.296,1.2328483,IEVGLVVGNSQVAFEK/2
939.9536884755041,2,825.296,1.24402685,SEALSSVLDQEEAMEIK/2
831.924005809504,2,826.04,1.23058098,AMYLPDTLSPADQLK/2
754.852191873504,2,826.04,1.23084084,DMSPLSETEMALGK/2
796.419944868004,2,826.04,1.24017205,SINDNIAIFTEVQK/2
481.7490931779415,4,826.04,0.75558281,ALEHAFQLEHIMDLTR/4
854.9141693675039,2,826.783,1.24357853,VGWSTMQASLDLGTDK/2
558.6367201396291,3,826.783,0.85429592,ERVDELTTDLEILK/3
786.884349319504,2,826.783,1.22894867,VGYYTIPSMDDLAK/2
915.4990608400042,2,826.783,1.25467987,ATAAFILANEHNVALFK/2
774.922654781504,2,827.527,1.23540892,TGLIDYNQLALTAR/2
884.9518061055043,2,827.527,1.2392187,TVSLLDENNVSSYLSK/2
726.3869099139623,3,827.527,0.8916368,ELLLPNWQGSGSHGLTIAQR/3
835.9066703005042,2,827.527,1.23257312,YNQPFFVTSLPDDK/2
744.3598091366289,3,827.527,0.88268805,DLYANTVLSGGTTM[UNIMOD:35]YPGIADR/3
610.6684660489624,3,827.527,0.87695941,ATAAFILANEHNVALFK/3
843.9259256815042,2,827.527,1.23484395,SPAISWVNNLEVDSR/2
551.2761006954414,4,828.271,0.75322041,NTHATTHNAYDLEVIDIFK/4
922.9553142545041,2,828.271,1.23853634,GGGFLPMTPMAAAPEGNVK/2
855.397297892004,2,829.014,1.24623517,FMADIDLDPGC[UNIMOD:4]TLNK/2
785.0885295486287,3,829.014,0.89155508,ISGETIFVTAPHEATAGIIGVNR/3
532.6361089002957,3,829.014,0.8714205,RLDLVHTAALMLDK/3
911.4075657880041,2,829.014,1.24178255,ASGGLPQFGDEYDFYR/2
895.931839227504,2,829.014,1.24251155,LLQAPFTDC[UNIMOD:4]GDGPMLR/2
774.3979582070041,2,829.014,1.23941382,WSSLAC[UNIMOD:4]NIALDAVK/2
682.354329804629,3,829.014,0.88997274,LALC[UNIMOD:4]SADSVAFPVLTHSTR/3
916.433880364004,2,829.758,1.23662158,IAVYSC[UNIMOD:4]PFDGMITETK/2
439.22867928296233,3,829.758,0.86457467,ISMPDFDLHLK/3
798.3652694410042,2,829.758,1.24544429,VFITDDFHDMMPK/2
442.5689244302957,3,829.758,0.85723229,IPMPDFDLHLK/3
673.3205202842956,3,830.501,0.89222958,TC[UNIMOD:4]FVDC[UNIMOD:4]LIEQTHPEIR/3
998.9891168905042,2,830.501,1.25402704,ELTTEIDNNIEQISSYK/2
601.6130203512956,3,830.501,0.87744754,DEAGHFLWPGFGENAR/3
666.6984252842957,3,830.501,0.89138707,HVQYLDFLHTVIKAEGK/3
767.391384373004,2,830.501,1.25236406,DTSATTALELVAGER/2
458.2479623752957,3,830.501,0.84995568,VDHIIDIC[UNIMOD:4]FLK/3
859.942729875504,2,830.501,1.24451444,LQQPEAAAGVLEYAMK/2
914.919786047504,2,831.245,1.24862077,AVYSTNC[UNIMOD:4]PVWEEAFR/2
948.949074798504,2,831.245,1.24680378,GDGQFFAVSVVC[UNIMOD:4]PETGAR/2
419.22538062962894,3,831.245,0.8682191,WMALESILHR/3
770.7301249349622,3,831.989,0.8723951,QGNGPVLVC[UNIMOD:4]APSNIAVDQLTEK/3
958.9892542815039,2,832.732,1.24330583,EQGVTFPSGDIQEQLIR/2
554.9856836692958,3,832.732,0.8663124,IAPVHIDSEAISALVK/3
960.9887229505041,2,832.732,1.23829691,FFLQDPQSQELDVQVK/2
840.904462007504,2,832.732,1.24451289,FWQIYIEGQDEPR/2
782.416870882004,2,833.475,1.23621352,EEYAVLISEAQAIK/2
532.5792717829625,3,833.475,0.87194022,VFITDDFHDMMPK/3
705.689489594629,3,833.475,0.89080906,ETLLNGVGYLHEGLSPMER/3
596.3087205539623,3,833.475,0.88340563,VIAALLQTMEDQGNQR/3
720.389404934004,2,833.475,1.22291601,ALQQFLYVQMAK/2
748.918329520504,2,833.475,1.24062148,MLNIHPSLLPSFK/2
960.946394771504,2,833.475,1.24119526,ASLLTDEEDVDMALDQR/2
893.959442597504,2,834.219,1.26196145,VIAALLQTMEDQGNQR/2
911.461818078004,2,834.219,1.24136493,RFDEILEASDGIMVAR/2
859.4414085400041,2,834.219,1.24351127,SATDADVVNSGWLVVGK/2
607.9769708742956,3,834.965,0.86761041,RFDEILEASDGIMVAR/3
929.9194517025041,2,834.965,1.23946564,TGYAFVDC[UNIMOD:4]PDESWALK/2
893.4363232290042,2,834.965,1.25799877,SGQSALYDALFSSQSPK/2
857.9032703035041,2,835.709,1.24432582,IDC[UNIMOD:4]FSEVPTSVFGEK/2
723.6671847352956,3,835.709,0.87706924,LLTETEDWLYEEGEDQAK/3
809.8728274835041,2,836.452,1.22995991,DQFGFINYEVGDSK/2
887.9356331415041,2,837.196,1.23961607,SNQQLENDLNLMDIK/2
938.9623707875041,2,837.196,1.23825292,GDLETLQPGDDVEFTIK/2
774.4105342420041,2,837.196,1.23041347,MTLVEEGFNPAVIK/2
755.7000542599623,3,837.196,0.88920199,DGLLENQTPEFFQDVC[UNIMOD:4]KPK/3
879.9345704255041,2,837.196,1.2357536,LWVPDEEVSPETMVK/2
518.2728362159623,3,837.196,0.86835891,DDMIHQLPLLTEK/3
801.3794311190042,2,837.939,1.23135879,C[UNIMOD:4]EFQDAYVLLSEK/2
813.4359293010041,2,837.939,1.22819835,QSLIDWNNPAIINK/2
534.588712901629,3,837.939,0.85919929,C[UNIMOD:4]EFQDAYVLLSEK/3
735.0550487646289,3,837.939,0.89117468,NAALNTIVTVYNVHGDQVFK/3
779.364638333004,2,837.939,1.2263749,AALEYLGSFDHYAT/2
823.933416398504,2,837.939,1.25048722,AIELATTLDESLTNR/2
958.4516389460041,2,838.683,1.23792275,FYPLEIDYGQDEEAVK/2
743.8986482995041,2,838.683,1.2358321,EGPAVVGQFIQDVK/2
768.8806525115042,2,838.683,1.23358603,NVISLTEDVDEFR/2
840.4207729970041,2,839.427,1.241716,VINQILTEMDGMSTK/2
664.0058064829624,3,839.427,0.88513558,WQVVDTPGILDHPLEDR/3
892.439497100004,2,839.427,1.24423203,MAAQIIGNMYSLTDQK/2
733.0003923739623,3,839.427,0.88205658,IDC[UNIMOD:4]DNLEQYFIQQGGGPDK/3
965.991462604504,2,839.427,1.24834944,EVVQEILQFQEDPQTK/2
909.9259257495041,2,839.427,1.24580661,YWGEIISQQYNFDR/2
865.9483465895041,2,840.17,1.24861079,LLGSTIPLC[UNIMOD:4]SAQWER/2
855.9385017595041,2,840.17,1.24053718,SDQSYVISFVVPNQK/2
818.9201120375039,2,840.17,1.24291773,LVPTGLDFGQEGFTR/2
804.4124541630042,2,840.17,1.24113102,GFQEVVTPNIFNSR/2
594.0003272089624,3,840.915,0.88561251,WTTLNSLQLHGLQLR/3
640.300336486629,3,840.915,0.89759183,NFEATLGWLQEHAC[UNIMOD:4]SR/3
773.418890641004,2,840.915,1.22567391,NLIESMQINGSVLK/2
959.9468664965041,2,840.915,1.28329766,NFEATLGWLQEHAC[UNIMOD:4]SR/2
651.0035143812958,3,840.915,0.88007532,GYIFLEYASPAHAVDAVK/3
890.4968525800041,2,840.915,1.26318338,WTTLNSLQLHGLQLR/2
518.6277192742957,3,840.915,0.87611587,GAPVGGHILSYLLEK/3
570.9614266619624,3,840.915,0.86844584,SDQSYVISFVVPNQK/3
691.0129610699623,3,841.659,0.88486489,LQYAVSGLEPLAWSEDHR/3
946.9988937025042,2,841.659,1.2447887,FSLVPHNYGLVLYENK/2
742.0282823722956,3,842.403,0.86679498,GRPITMFIPSDVDNYDDIR/3
888.4259554410042,2,843.146,1.24111239,DDPVTNLNNAFEVAEK/2
837.422684504004,2,843.146,1.23691809,SLDIQVPNFPADETK/2
875.9829092645039,2,843.146,1.24741412,VTLSFPSTLQTGTGTLK/2
633.6670802832956,3,843.146,0.86847988,YLILPVHSNIPMMDQK/3
734.3831654080041,2,843.889,1.23600466,GTQGVVTNFEIFR/2
976.0016333385041,2,843.889,1.25964738,GYIFLEYASPAHAVDAVK/2
581.974790245629,3,843.889,0.86950493,LIQQVAQEIWVC[UNIMOD:4]EK/3
900.4571585120041,2,843.889,1.23532461,VM[UNIMOD:35]YTPMAPGNYLISVK/2
875.4568700900038,2,843.889,1.26819807,NFELVINLSM[UNIMOD:35]RGAGGR/2
872.4585471350041,2,844.633,1.24468543,LIQQVAQEIWVC[UNIMOD:4]EK/2
468.9297326252957,3,844.633,0.8795922,LQWDLGLGHLPR/3
602.977082354629,3,844.633,0.89481411,ELDELLNC[UNIMOD:4]LHPQGIR/3
998.468351586004,2,844.633,1.24529375,ESGVGQTDWSGVEAGEFLK/2
844.8987078665042,2,844.633,1.24472061,LETSEFFELTSEEK/2
891.4078625990041,2,845.377,1.23913571,DC[UNIMOD:4]EEC[UNIMOD:4]IQLEPTFIK/2
644.3349352939623,3,845.377,0.87411276,GIEILTDMSRPVELSDR/3
936.5016631080041,2,845.377,1.25040505,TSSAETPTIPLGSAVEAIK/2
807.958705891504,2,845.377,1.23041964,YVLVAGITPTPLGEGK/2
518.6277192942956,3,846.12,0.87237107,IPLLYDAEIHLTR/3
863.3986865100042,2,846.12,1.2443721,YQEELNFDNPLGMR/2
709.7053625792956,3,846.12,0.89151813,LYPNMTAVLLHNTQLDQR/3
790.9301453985041,2,846.12,1.23834194,GIEFTTASTLSLVNK/2
921.434934618004,2,846.864,1.23291526,EEFAIMQTPAGELYDK/2
716.3276748332955,3,846.864,0.88048649,YAAC[UNIMOD:4]NAVGQMATDFAPGFQK/3
486.93063333329565,3,846.864,0.87921445,DTLSIHYLMLPR/3
755.7159272392956,3,846.864,0.89204995,AAAIGIDLGTTYSC[UNIMOD:4]VGVFQHGK/3
729.892311766504,2,846.864,1.24756746,DTLSIHYLMLPR/2
861.499060918004,2,846.864,1.25678141,LVLSDLHLLTQSQVR/2
879.470303428004,2,846.864,1.23501783,QFGAQANVIGPWIQTK/2
780.900530712504,2,847.608,1.21888471,SPQISMSDIDLNLK/2
884.4661751460042,2,847.608,1.24857786,FGEAIGMGFPVKVPYR/2
767.4115884870041,2,848.351,1.22344941,SPFSVAVSPSLDLSK/2
742.3875821460041,2,848.351,1.21917285,ELVLALYDYQEK/2
815.9182005215039,2,848.351,1.2409789,VAAAESMPLLLEC[UNIMOD:4]AR/2
859.8881515495041,2,848.351,1.2554464,DTENAIENMVGPDWK/2
954.4851557640042,2,849.095,1.2432963,TIGTGLVTNTLAMTEEEK/2
996.961324917504,2,849.095,1.2560369,MVSDINNAWGC[UNIMOD:4]LEQVEK/2
820.4034375550041,2,849.095,1.24755971,MDVAQSELDIYLSR/2
762.4032321580041,2,849.095,1.23091137,LVSEFPYIEAEVK/2
545.960703973629,3,849.095,0.86414644,NVHLAPGWLMQLEK/3
696.7006059589622,3,849.838,0.8905212,EAEAAIYHLQLFEELRR/3
924.903141328504,2,849.838,1.24376277,GEDEEMADPMEDVIIR/2
889.9152235795041,2,849.838,1.24636243,EPSLATWEATWSEGSK/2
585.6125745779623,3,849.838,0.87004198,LVSFHDDSDEDLLHI/3
773.408325910004,2,850.582,1.22746747,LVIWGTDVNVAAC[UNIMOD:4]K/2
867.938175806504,2,850.582,1.24774355,TESAVSQMQSVIELGR/2
932.432726229004,2,850.582,1.2619424,DEPSVAAMVYPFTGDHK/2
818.4374177270041,2,850.582,1.23775801,NVHLAPGWLMQLEK/2
794.7131283629624,3,850.582,0.89082955,LSIFDANESGFESYEALPQHK/3
632.6462333562956,3,850.582,0.87096915,GLMELHMVLPAPDTDEK/3
522.7772735859414,4,850.582,0.74970336,EAEAAIYHLQLFEELRR/4
796.9268828305039,2,851.326,1.26214453,NEVDMQVLHLLGPK/2
778.3928728540038,2,851.326,1.23706295,ISVYSIMGGSTDGLR/2
967.4771422050039,2,852.069,1.25593845,GVESQGMLLC[UNIMOD:4]ASIEGINR/2
531.6203473759623,3,852.069,0.88199234,NEVDMQVLHLLGPK/3
808.4216302740042,2,852.069,1.23289294,AILVDLEPGTMDSVR/2
832.919254800504,2,852.069,1.24175898,DLAYC[UNIMOD:4]VSQLPLTER/2
827.9270797745039,2,852.069,1.23056469,EEPVTADVINPMALR/2
539.2835123382957,3,852.069,0.86592972,AILVDLEPGTMDSVR/3
982.5131933120042,2,852.813,1.24081696,TSGVVTSC[UNIMOD:4]TGVLPQLSMVK/2
753.9537579315041,2,852.813,1.25175365,TAVISIGNQLLHLK/2
645.3205202922956,3,852.813,0.87922487,GVESQGMLLC[UNIMOD:4]ASIEGINR/3
976.471425654004,2,853.557,1.25624106,SSLSSAQADFNQLAELDR/2
689.3418669376289,3,853.557,0.87548414,VTTMDAELEFAIQPNTTGK/3
846.900204742504,2,853.557,1.23373465,QQEMMAALTDAIQDK/2
892.4321949830041,2,854.3,1.2539469,YGIVDYMIEQSGPPSK/2
942.999287591504,2,854.3,1.25305348,LSVEEAVAAGVVGGEIQEK/2
827.9415757965041,2,854.3,1.23917938,NPDSITNQIALLEAR/2
595.290555477629,3,854.3,0.87573284,YGIVDYMIEQSGPPSK/3
771.9587059205041,2,855.044,1.24119494,ITSEALLVTQQLVK/2
590.5548474401915,4,855.044,0.76492689,NHQNEIIAMAALVHHSFALDK/4
913.4813994270039,2,855.787,1.24910127,APGEQTVPALNLQNAFR/2
872.467426355004,2,855.787,1.23357765,DQSAVVVQGLPEGVAFK/2
718.047671311629,3,855.787,0.87640948,AAYPDLENPPLLVTPSQQAK/3
738.7244227389623,3,855.787,0.8934222,NYLSVSLSEHHMATLASIIK/3
771.9250004875041,2,855.787,1.23145306,LGFHLPLEVAYQR/2
755.9241431915041,2,855.787,1.24995343,TNIAMLTVLHEIR/2
410.55087641029564,3,855.787,0.86304047,ASLAHLLDMMK/3
922.397494839004,2,856.531,1.24367209,MFSEADAC[UNIMOD:4]ELWIDEK/2
514.9524258139623,3,856.531,0.86481182,LGFHLPLEVAYQR/3
562.3065398932955,3,856.531,0.87313188,AAVEEGIVLGGGC[UNIMOD:4]ALLR/3
998.4826130390041,2,856.531,1.24138188,DMDEPSPVPNVEEVTLPK/2
462.91280257796234,3,856.531,0.85407059,IMHFPTWVDLK/3
504.285187616629,3,856.531,0.87775479,TNIAMLTVLHEIR/3
644.0197217016289,3,856.531,0.87398583,ALLHVWAGGPWPQGATLR/3
525.972832497629,3,856.531,0.87335091,LPTGINPLTLHIMR/3
804.4141396090042,2,857.275,1.24151677,YNVLGAETVLNQMR/2
842.9561716065039,2,857.275,1.24694283,AAVEEGIVLGGGC[UNIMOD:4]ALLR/2
819.4263813080041,2,857.275,1.22746148,MIVVLGEIGGTEEYK/2
798.9514121745041,2,857.275,1.23651625,SPISVPGGSALISNLGK/2
707.0233028492956,3,857.275,0.89201478,SLAYLTAATHGLDEEAESLK/3
507.27781013229577,3,857.275,0.85478289,KQPALDVLYDVMK/3
844.928134034504,2,857.275,1.24175478,LQPFATEADVEEALR/2
826.4093801990041,2,858.018,1.23461375,AELNPWPEYIYTR/2
723.8846836625039,2,858.018,1.23774482,SDIGEVILVGGMTR/2
765.7264919246289,3,858.018,0.87519029,STVLTPMFVETQASQGTLQTR/3
811.9034077345041,2,858.762,1.24241957,WLSC[UNIMOD:4]ETQLPVSFR/2
849.9385017835041,2,858.762,1.23524657,EIISFGSGYGGNSLLGK/2
672.340854816629,3,859.505,0.89178026,LDEIYVAGLVAHSDLDER/3
832.3925468530042,2,859.505,1.25255977,AGDMENAENILTVMR/2
971.0018303175041,2,859.505,1.2721895,VTEGLVDVILYHQPDDK/2
761.927405774504,2,859.505,1.22856588,LLVVGITDPDPDIR/2
802.4199448870041,2,859.505,1.24102851,DGTAGIPNLQLYDVK/2
647.6703123672957,3,859.505,0.88945295,VTEGLVDVILYHQPDDK/3
983.025639760504,2,859.505,1.2533757,HNQLPLVIEFTEQTAPK/2
821.4294553330041,2,859.505,1.24254087,LC[UNIMOD:4]LTLGIPQATDPDK/2
882.4352689410041,2,860.249,1.24933084,SGC[UNIMOD:4]IVNNLAEFTVDPK/2
715.6897124959623,3,860.249,0.8934933,DVHNIYGLYVHMATADGLR/3
642.996253942629,3,860.249,0.8802105,EQLAQAMFDHIPVGVGSK/3
967.950957250504,2,860.249,1.2508459,SPAESC[UNIMOD:4]DLLGDIQTC[UNIMOD:4]IR/2
537.0191034886915,4,860.249,0.75832778,DVHNIYGLYVHMATADGLR/4
961.4322034330041,2,860.249,1.23249367,QQYEQC[UNIMOD:4]MDLQLFYR/2
643.331302287629,3,860.249,0.88720867,ISIEMNGTLEDQLSHLK/3
971.9832519635042,2,860.992,1.24624663,HTAMVSWGGVSIPNSPFR/2
692.006712799629,3,860.992,0.88018854,APGQLEC[UNIMOD:4]ETAIAALNSC[UNIMOD:4]LR/3
962.9987562975042,2,860.992,1.25773791,YLEVIPFSDIKDGVSDK/2
870.972541564504,2,860.992,1.24837872,LLEGIGLENLDSPAATK/2
648.3245934646292,3,861.736,0.87289265,HTAMVSWGGVSIPNSPFR/3
977.023628387504,2,861.736,1.24603542,TPASINATPANINLADLTR/2
655.6861853292957,3,862.479,0.87350656,HNQLPLVIEFTEQTAPK/3
874.3615435020041,2,862.479,1.24342472,EDPTAVAC[UNIMOD:4]TFSC[UNIMOD:4]MMK/2
575.649182978629,3,862.479,0.88374165,ASVITQVFHVPLEER/3
753.887946249504,2,863.223,1.23304691,DVYAVLQLEAEEK/2
940.464557721004,2,863.223,1.24945875,TGLTPLMEAASGGYAEVGR/2
495.28177188962906,3,863.223,0.86233676,LSEVTFRPLFFK/3
888.9560341995041,2,863.966,1.24928839,MSSSDTPLGTVALLQEK/2
821.433386576004,2,863.966,1.2495714,GANVIAGVWLEEAGQK/2
525.9679644189624,3,863.966,0.87823461,IFSFAHQTISALIK/3
788.0676826889621,3,863.966,0.8780389,ERDVYEELLTQAEIQGNINK/3
587.0085997659625,3,864.71,0.88152009,EPPLSLTIHLTSPVVR/3
907.3868303280042,2,864.71,1.25511323,DDDYAGFVFGYQSSSR/2
896.9518061165041,2,864.71,1.24545159,EELQSQVELLNSFEK/2
724.8795899225041,2,864.71,1.22465829,ELYLEDSPLELK/2
734.8424845105042,2,864.71,1.22991783,C[UNIMOD:4]DENILWLDYK/2
808.8974566575041,2,865.454,1.23229216,SFYPEEVSSMVLTK/2
880.0092614155042,2,865.454,1.25355923,EPPLSLTIHLTSPVVR/2
733.0515272246289,3,866.197,0.89425811,NLVEQHIQDIVVHYTFNK/3
862.410305425004,2,866.197,1.23711617,DTSFLGSDDIGNIDVR/2
846.419087594004,2,866.197,1.24235742,IVFNLC[UNIMOD:4]PLQTEDDK/2
979.969149955504,2,866.197,1.25238502,AFMDIMSAQASSGSTSVLR/2
567.624925986629,3,866.197,0.88997298,DLQGLTVEHAIDSFR/3
947.9465237785041,2,866.941,1.24168055,IYADTFGDINYQEFAK/2
608.9827789479624,3,866.941,0.89171556,SEEPAGQILSHLSSELK/3
778.892508662504,2,866.941,1.23678758,VVIGM[UNIMOD:35]DVAASEFFR/2
864.4805337990041,2,867.684,1.24660896,SVIEQGGIQTVDQLIK/2
834.4190876130041,2,868.428,1.24687657,ESC[UNIMOD:4]LEAYTGIVQGLK/2
763.897791025504,2,868.428,1.2206743,APNISMPDVDLNLK/2
786.4194135750041,2,868.428,1.23748991,LYLVSDVLYNSSAK/2
593.3401265449623,3,868.428,0.86301782,EIRPALELLEPIEQK/3
796.925197400504,2,868.428,1.23856913,IFVNSNTDVAPFLR/2
556.6151505642957,3,868.428,0.87084416,ESC[UNIMOD:4]LEAYTGIVQGLK/3
799.9142984205041,2,868.428,1.22691298,ETYPNYLPLYVAR/2
557.2983282789623,3,868.428,0.87961379,LILGLMMPPAHYDAK/3
814.4275729390042,2,869.172,1.24200206,FLGSGGFIGYAPNLSK/2
481.589487456629,3,869.172,0.87835598,ENYVWNVLLHR/3
819.875044216504,2,869.172,1.25193984,DPFDTLATMTDQQR/2
889.5065515840041,2,869.172,1.23780498,EIRPALELLEPIEQK/2
771.9173724195039,2,869.915,1.23034738,EQLWLANEGLITR/2
836.925728719504,2,869.915,1.24543196,NFINNPLAQADWAAK/2
510.2767979759624,3,869.915,0.87067659,DPILFPSFIHSQK/3
884.4271095850041,2,869.915,1.24565765,LAALASDFSEDMLQEK/2
589.9906632042957,3,870.658,0.88794524,VLEQLIVAHFPMQSR/3
764.9115587305041,2,870.658,1.24262371,DPILFPSFIHSQK/2
927.0099896755041,2,871.402,1.25313547,TVNELQNLTAAEVVVPR/2
680.0124038322957,3,871.402,0.86957718,IQEIIEQLDVTTSEYEK/3
884.4823565730042,2,871.402,1.26585682,VLEQLIVAHFPMQSR/2
857.3986864910041,2,872.146,1.2476687,WTSQDSLLGMEFSGR/2
618.3424186059624,3,872.146,0.87732843,TVNELQNLTAAEVVVPR/3
732.3756820932957,3,872.889,0.87990893,VGEQAQVVIIDMNDPSNPIR/3
975.498066217004,2,872.889,1.24571183,LLAVAIGADC[UNIMOD:4]TYPELTDK/2
815.9386391565042,2,872.889,1.24044757,LPGGVQNFPQFSALR/2
605.6285197172956,3,872.889,0.88713987,DGGLQNMELHGMIMLR/3
777.9190578045041,2,873.633,1.24854767,SLHDALC[UNIMOD:4]VLAQTVK/2
617.0074817392955,3,873.633,0.87313547,APHNGFLSLVGGGLGPVTR/3
498.299714082629,3,873.633,0.87016235,AVAEQIPLLVQGVR/3
670.339797784629,3,873.633,0.87076317,IIDINYYPVPEAC[UNIMOD:4]LSNK/3
697.3183452029624,3,873.633,0.88235955,AC[UNIMOD:4]FLMAHNGWVMGDDPLR/3
518.9484640252957,3,874.376,0.87102559,SLHDALC[UNIMOD:4]VLAQTVK/3
812.4442856460039,2,874.376,1.25355918,GNENANGAPAITLLIR/2
585.2933992396289,3,874.376,0.87054063,HWEEILQQSLWER/3
780.927602727504,2,875.12,1.23818998,ELLLSAIDSVNATSK/2
491.9210142009624,3,875.12,0.88043868,EWTDGLFTHVLR/3
806.4013581500041,2,875.12,1.23568693,NYPATFWVNPQFK/2
926.465415016004,2,875.12,1.25406576,LVSASYDGTAQVWDALR/2
874.4123167810039,2,875.12,1.24541059,AAFFVTLDETEEGYR/2
747.395938490004,2,875.863,1.24198921,DTLQSELVGQLYK/2
520.9328139652957,3,875.863,0.88219849,DITLFHAMDTLQR/3
959.020023088504,2,876.607,1.24990244,GSYGDLGGPIITTQVTIPK/2
573.6699184446289,3,876.607,0.88072421,LLQVASPFLEPHLVR/3
637.3425300802955,3,876.607,0.89150451,EAIDSPVSFLALHNQIR/3
737.3778830680042,2,876.607,1.25345737,EWTDGLFTHVLR/2
817.895779646504,2,877.35,1.24309874,ASEWVQQVSGLMDGK/2
709.3442705089624,3,877.35,0.89072536,NMDPLNDNIATLLHQSSDK/3
814.7543819396288,3,877.35,0.90741314,LLYMLAEALPVSHGAHFSGDVSK/3
860.001239433504,2,877.35,1.25558144,LLQVASPFLEPHLVR/2
559.2923421549623,3,877.35,0.8718263,IEPVFHVMGFSVTGR/3
639.6824408812956,3,877.35,0.87317825,GSYGDLGGPIITTQVTIPK/3
956.9841689095041,2,877.35,1.25266003,DLAQINDLQAQLEEANK/2
789.7571142619623,3,878.094,0.90455315,FENAFLSHVVSQHQALLGTIR/3
592.5696548131915,4,878.094,0.7666577,FENAFLSHVVSQHQALLGTIR/4
783.9461298255039,2,878.838,1.23301665,APVPASELLASGVLSR/2
925.510156890004,2,878.838,1.27197405,AGLGSGLSLSGLVHPELSR/2
980.9861801995044,2,879.581,1.24595952,SVTTVQWENSFVSVYSK/2
617.3425300822956,3,879.581,0.89176879,AGLGSGLSLSGLVHPELSR/3
969.479873479004,2,879.581,1.24203116,ELC[UNIMOD:4]SLASDLSQPDLVYK/2
748.4008268690042,2,879.581,1.24831086,IFLFDTQHFISK/2
781.4222905860042,2,879.581,1.24170019,VLFASQEIPASPFR/2
590.661422951629,3,879.581,0.87524399,DVVEPLLRPQWYVR/3
499.2696434016291,3,880.324,0.87225797,IFLFDTQHFISK/3
902.9756155645041,2,881.068,1.2491454,AAVPSGASTGIYEALELR/2
761.9035963345041,2,881.068,1.22734554,SDVEINYSLIEIK/2
568.9678585692958,3,881.068,0.86578963,SHYVLYGLVAAMQPR/3
541.6503009852956,3,881.068,0.85979052,VVVQVLAEEPEAVLK/3
811.971813244504,2,881.811,1.23098245,VVVQVLAEEPEAVLK/2
602.3195025319624,3,881.811,0.87434843,AAVPSGASTGIYEALELR/3
808.9318308225039,2,882.555,1.22592445,QMTDVLLTPATDALK/2
653.346118207629,3,882.555,0.8817453,SLC[UNIMOD:4]IPFKPLC[UNIMOD:4]ELQPGAK/3
516.0048877451916,4,882.555,0.76071344,HYLDFINHYANLFHEK/4
607.019387348629,3,882.555,0.86886755,VPTLAVPAISLPDDVRR/3
833.411262553004,2,883.299,1.24436378,FDEILEASDGIMVAR/2
875.4488993090041,2,883.299,1.23895725,ELLSNVDEGIYQLEK/2
513.3082095682958,3,883.299,0.87119751,LVLIGSNHSLPFLK/3
808.4127510300041,2,884.042,1.23435331,IMGIPEEEQMGLLR/2
736.3589749692957,3,884.042,0.88901806,GMFLISAAPPEMYEVHTASR/3
959.9300164225042,2,884.042,1.25051109,GDPQVYEELFSYSC[UNIMOD:4]PK/2
643.015425606629,3,884.042,0.86706323,C[UNIMOD:4]RPDQLTGLSLLPLSEK/3
981.462931908004,2,884.042,1.25232657,TQLEELEDELQATEDAK/2
882.432006442004,2,884.042,1.25095124,IC[UNIMOD:4]IIWDLQSC[UNIMOD:4]QATR/2
555.9432671909623,3,884.042,0.87054894,FDEILEASDGIMVAR/3
863.952140455504,2,884.786,1.25250501,DGSIDLVINLPNNNTK/2
852.435268995004,2,884.786,1.24894895,TQEQLALEMAELTAR/2
568.6259381522956,3,884.786,0.87293801,TQEQLALEMAELTAR/3
742.9288942125041,2,884.786,1.2311869,VLVVGAGGIGC[UNIMOD:4]ELLK/2
848.4386689680039,2,884.786,1.24119355,SPGLYFLTAGDQGTLR/2
872.4597983240039,2,884.786,1.24205347,EATGVLLSIDGEDGIVR/2
737.4374093410041,2,884.786,1.22843695,VNYVVQEAIVVIK/2
640.2891031039625,3,884.786,0.87441526,GDPQVYEELFSYSC[UNIMOD:4]PK/3
938.4577869150039,2,885.529,1.25163784,NEVSLVAEGFLPEDGSGR/2
874.9281340225041,2,886.273,1.24391284,VLQLTSWDEDAWASK/2
856.9374475355041,2,886.273,1.23071234,GEIVIGGQNISMGYFK/2
694.654622995629,3,886.273,0.8836815,AVPMIEGYMFEEHEMIR/3
927.9563685965041,2,887.016,1.24017981,DPYTGQQISLFQAMQK/2
916.4880244170041,2,887.016,1.24583162,LESLSAATTFEPLEPVK/2
760.9030733745041,2,887.76,1.24754633,AGC[UNIMOD:4]AVTSLLASELTK/2
955.4642234580041,2,887.76,1.24388662,M[UNIMOD:35]QQQLDEYQELLDIK/2
827.903270331504,2,887.76,1.24258776,SYESQIEVMAAEVAK/2
880.4466909340041,2,887.76,1.24261775,QGFDLNVPGGEIDASLK/2
682.6812113796291,3,887.76,0.88348664,VDIDVPDVNVQGPDWHLK/3
683.009216574629,3,887.76,0.88369839,VDIDVPDVDVQGPDWHLK/3
635.6670137232958,3,887.76,0.88964574,LTQLGTFEDHFLSLQR/3
683.0081651659624,3,887.76,0.8901452,DVLDVYIEHRLMMEQR/3
983.9749552185041,2,888.504,1.25124597,VLNNMEIGTSLFDEEGAK/2
714.0002808849623,3,888.504,0.88134793,DPTVHDDVLELEMDELNR/3
689.4037894309622,3,888.504,0.87823749,LTSADALRPSVVSITGPLIR/3
891.9708645635039,2,888.504,1.26655198,DLDQASLAAVSQQLAPR/2
491.26612746362906,3,888.504,0.87571879,QGYNMLNLLIHR/3
552.9449424739623,3,888.504,0.88241337,VSFYQLSHFLQC[UNIMOD:4]K/3
656.3190623012957,3,888.504,0.87304276,VLNNMEIGTSLFDEEGAK/3
618.9733378866291,3,888.504,0.86617259,DPYTGQQISLFQAMQK/3
752.411922938004,2,889.247,1.24345528,LYDNLLEQNLIR/2
830.874847203504,2,889.247,1.24082135,NGEFFMSPNDFVTR/2
571.6524816659623,3,889.247,0.85681552,ERLDPETLESLGLIK/3
695.6859679999624,3,889.991,0.89802588,ELLNPVVEFVSHPSTTC[UNIMOD:4]R/3
645.0107804379622,3,889.991,0.88664871,LNYYVGGEIVTIAHLDR/3
617.3097327156289,3,890.734,0.87660297,ALC[UNIMOD:4]QITDSTMLQAIER/3
925.460960840004,2,890.734,1.25281728,ALC[UNIMOD:4]QITDSTMLQAIER/2
748.3516307930041,2,891.478,1.21465685,C[UNIMOD:4]PLDPYFIMPDK/2
829.4325293590041,2,891.478,1.24383464,DIILGMEISAPSQQR/2
639.3266627169622,3,891.478,0.88184045,C[UNIMOD:4]DRVDQLTAQLADLAAR/3
667.3560050949624,3,891.478,0.89130505,HGLQPALLVHWAEC[UNIMOD:4]LQK/3
910.9182600645041,2,891.478,1.23727268,EVEGDDVPESIMLEMK/2
831.920309005504,2,891.478,1.25336592,NQEQLAAELAEFTAK/2
792.444908411004,2,891.478,1.24178748,ASTNAMLISAGLPPLK/2
614.6755092196289,3,891.478,0.87359318,TLGHNLLVSELYNQLK/3
720.3661744559623,3,891.478,0.89111671,ELQNTVSQLLESEGWNRR/3
556.2730590992957,3,891.478,0.87192218,NVDPFHIYFC[UNIMOD:4]NLK/3
578.971380118629,3,892.222,0.88745023,ALVTGYFMQVAHLER/3
827.959768600504,2,892.222,1.25087964,LDLQQGQNLLQGLSK/2
741.3660629756291,3,892.222,0.89389044,VDGAEWGVDLPSVEAQLGSHR/3
871.9648539065042,2,892.222,1.24422713,INSAPQQIEVFPPFR/2
867.4514419610041,2,892.222,1.24345492,NQEIVIEISFETSPK/2
829.423215898004,2,892.222,1.25868657,ELDDISQEIAQLQR/2
774.3721605246288,3,892.222,0.88559865,DSPYMAFIHPATGGYNPDLVR/3
835.951609136504,2,892.965,1.24868912,VADNLAIQLAAVTEDK/2
782.8963026155039,2,892.965,1.24598424,YTLNVLEDLGDGQK/2
902.4638378380039,2,892.965,1.25487611,AINC[UNIMOD:4]ATSGVVGLVNC[UNIMOD:4]LR/2
601.9783173809623,3,892.965,0.87860983,AINC[UNIMOD:4]ATSGVVGLVNC[UNIMOD:4]LR/3
997.0009730065041,2,893.709,1.24726354,LGVC[UNIMOD:4]FDVPTASVTEIQEK/2
742.8819440765039,2,893.709,1.23236497,ALQLLQMYYEGR/2
804.8899659705041,2,893.709,1.23079632,YNFPVEVEVPMER/2
802.8925086805041,2,893.709,1.2383706,SGGFQSMGLSYPVFK/2
860.4202416850042,2,894.452,1.23982281,LMDGEEPLPMLPSYK/2
731.9112244165041,2,894.452,1.22515767,IYVDDGLISLQVK/2
848.4020489320042,2,895.196,1.23714517,MIDAGDALIYMEPEK/2
981.530754994004,2,895.939,1.24292296,FIQLLSDQSDQSVLIQK/2
917.9779612845041,2,895.939,1.24326063,IIQQAGQVWFPDSAFK/2
924.4910984370041,2,895.939,1.24099276,VLTLVSQIDVNNEFEK/2
778.917569366504,2,896.683,1.23372871,QDVIITALDNVEAR/2
654.6895954849623,3,896.683,0.86721663,FIQLLSDQSDQSVLIQK/3
735.6930111326288,3,896.683,0.88929763,GPLLVQDVVFTDEM[UNIMOD:35]AHFDR/3
969.9956907365039,2,897.427,1.24319172,TLLQGSGC[UNIMOD:4]LAGIYLEDTK/2
879.4369459760042,2,897.427,1.242165,LASEYLTPEEMVTFK/2
546.3129661846289,3,897.427,0.8789042,LFPLIQAMHPTLAGK/3
575.3366049529624,3,897.427,0.87731102,VPSVSSSALVSSLHLLK/3
881.9647165785041,2,898.171,1.23937887,LLVLYSGEDDELLQR/2
800.4568616930039,2,898.171,1.24911137,NLTALGLNLVASGGTAK/2
918.9467207055039,2,898.171,1.25042156,DSEEPFSSVEIQAALSK/2
911.9343819045041,2,898.171,1.22482153,RLLQSPC[UNIMOD:4]PFC[UNIMOD:4]DSPVF/2
683.6740568079623,3,898.171,0.88639278,VSVPSNLSYGEWLHGFEK/3
738.8826639055042,2,898.171,1.22898744,DIINEEEVQFLK/2
646.6346172329623,3,898.171,0.88023222,C[UNIMOD:4]C[UNIMOD:4]LFPFGLHC[UNIMOD:4]TGMPIK/3
981.0043729735042,2,898.914,1.25378959,IISAASEGGANVFTVSYFK/2
751.4166738650041,2,898.914,1.22374301,SPFTVGVAAPLDLSK/2
527.2837287619415,4,898.914,0.75984895,HVFWGSGSHTLPALLENLK/4
770.940316187504,2,898.914,1.23824132,FIQPNIGELPTALK/2
939.467623338004,2,898.914,1.23788204,EFLPEGQDIGAFVAEQK/2
869.4456367100041,2,899.658,1.24235721,EQSTC[UNIMOD:4]NFQAIVISLK/2
702.7092128602957,3,899.658,0.89013774,HVFWGSGSHTLPALLENLK/3
626.6475077142957,3,899.658,0.86587552,EFLPEGQDIGAFVAEQK/3
873.4012291560042,2,899.658,1.2412405,NGFEQFC[UNIMOD:4]INFVNEK/2
763.415096718004,2,900.401,1.22977524,MSQVPAPVPLMSLR/2
883.9262225065041,2,900.401,1.24620579,VLSEC[UNIMOD:4]SPLMNDIFNK/2
813.4590700460041,2,900.401,1.23275447,ALIPLALEGTDVGQTK/2
629.6667908026291,3,900.401,0.88229571,IELFVGGELIDPADDRK/3
818.9658110435039,2,900.401,1.25737211,LFPLIQAMHPTLAGK/2
956.5014745720039,2,901.145,1.28423726,IIEVVDAIMTTAQSHQR/2
638.0034085369622,3,901.145,0.90067732,IIEVVDAIMTTAQSHQR/3
713.4159540250039,2,901.145,1.23034224,ALLLVPASVNC[UNIMOD:4]LR/2
762.7083324442957,3,901.145,0.89343937,VEDMAELTC[UNIMOD:4]LNEASVLHNLK/3
454.57992934762905,3,901.145,0.84806821,YRPLFDYFLK/3
796.9195806765041,2,901.145,1.24000163,VTPNEGLTVSFPFGK/2
947.4743940980042,2,901.145,1.24288292,C[UNIMOD:4]SPTVAFVEFPSSPQLK/2
855.9566945645042,2,901.888,1.23966154,ITPYDVQLGYSVLSR/2
784.9013879425041,2,902.632,1.23391946,ENGAFTVLVDNYVK/2
751.440483358004,2,902.632,1.23689215,VNYVVQEAIVVIR/2
557.2769434149415,4,902.632,0.76634732,LSYLEEAVMHLDHSDPITR/4
723.7110591879622,3,902.632,0.87077427,LHDINAQLVEDQGFLDTLK/3
742.7001657309623,3,902.632,0.90462512,LSYLEEAVMHLDHSDPITR/3
789.4077049149623,3,902.632,0.89107004,EAIVTSEELGQDLEHVEVLQK/3
848.9201120115042,2,903.376,1.23781306,NSSYFVEWIPNNVK/2
569.6610885979624,3,903.376,0.86787603,IAPVHIDTESISALIK/3
566.2825001632958,3,903.376,0.86621934,NSSYFVEWIPNNVK/3
516.9138596192957,3,903.376,0.87504097,EWYGWHFPELGK/3
953.9664019625042,2,903.376,1.25408303,IAQDLEM[UNIMOD:35]YGVNYFSIK/2
501.2960810609623,3,903.376,0.86700508,VNYVVQEAIVVIR/3
864.4679577370039,2,904.12,1.24822242,NALLQLTDSQIADVAR/2
814.4037634560041,2,904.12,1.2416966,VEGFPTIYFAPSGDK/2
828.429978224004,2,904.12,1.24457551,FYEGVVELSLTAAEK/2
900.464026404004,2,904.863,1.2559925,SLEEGEGPIAVIMTPTR/2
611.9758472822956,3,904.863,0.8911698,ILFIFIDSDHTDNQR/3
960.039081519504,2,905.607,1.26807687,ISSIQSIVPALEIANAHR/2
499.2645580262957,3,905.607,0.87777657,VSDILHSIFSSYK/3
927.961985262504,2,905.607,1.2490734,C[UNIMOD:4]FNTLTNSFQPSLLGR/2
640.3618131686289,3,906.35,0.88994005,ISSIQSIVPALEIANAHR/3
781.896105598504,2,906.35,1.2404836,ETIIAFAWEPNGSK/2
748.3931988060041,2,906.35,1.25417331,VSDILHSIFSSYK/2
668.0102287522956,3,906.35,0.87528617,IPEISIQDMTAQVTSPSGK/3
768.7155984969622,3,906.35,0.88872751,AVTDSINQLITMC[UNIMOD:4]TQQAPGQK/3
709.419353994004,2,906.35,1.25115314,WLPLGLGLNHLGK/2
473.2819948182957,3,906.35,0.87651276,WLPLGLGLNHLGK/3
614.0144134329624,3,907.094,0.8815025,ILDVASLEVLNEVNRR/3
785.9072016635041,2,907.837,1.24456317,DDGTGQLLLPLSDAR/2
877.4721773850041,2,908.581,1.23979892,EEEVTGPVIAPLFPQK/2
928.4609523700042,2,908.581,1.23969602,EVMVLNATESFVYEPK/2
848.4115968500041,2,908.581,1.25058988,DVTNFTVGGFAPMSPR/2
554.2857988479624,3,908.581,0.87799843,TESDDLHTFLLEIK/3
930.9163860775041,2,909.324,1.25876033,MEGNAEESTLFC[UNIMOD:4]FAVR/2
956.0511262485041,2,909.324,1.24154829,VLQALGSEPIQYAVPVVK/2
432.60636699896236,3,909.324,0.86136241,LAAVALINAAIQK/3
569.9582394682957,3,909.324,0.88403376,AQLADSFHLQQFFR/3
895.949597785504,2,909.324,1.24687052,NDLGVGYLLIGDNDNAK/2
796.4331896560041,2,909.324,1.24701112,WFTLSSGQGQVLLR/2
698.3384568259622,3,909.324,0.88518431,MDIDVPDVEVQGPDWHLK/3
894.469643146004,2,909.324,1.24443364,QTDVLQQLSIQMANAK/2
689.3456114202958,3,909.324,0.88839081,IVGELEQMVSEDVPLDHR/3
821.075955258629,3,909.324,0.89188807,VTFDPTSSYTLEDLKPDTLYR/3
575.2802136856291,3,910.068,0.88042375,GELGC[UNIMOD:4]FLSHYNIWK/3
794.375537341004,2,910.068,1.23811536,QDTFSGTGFFPLDR/2
973.9727384945041,2,910.812,1.2436764,YVLEPEISFTSDNSFAK/2
699.7124000712956,3,911.556,0.88985145,LALVTGGEIASTFDHPELVK/3
760.919580758504,2,911.556,1.23127286,TIAEIVSYQVELR/2
892.459701197004,2,912.299,1.23362142,VMYTPMAPGNYLISVK/2
960.4475190690041,2,912.299,1.23799369,FLQMC[UNIMOD:4]NDDPDVLPDLK/2
797.369003823004,2,912.299,1.2366326,WYQMGAYQPFFR/2
494.268413946629,3,912.299,0.87473367,NPGFEIIHGLLDR/3
857.9558372345041,2,912.299,1.2408311,IMLNTPEDVQALVSGK/2
953.9570884645043,2,912.299,1.244281,YYLQDGDLDVVFASSSK/2
904.433446173004,2,912.299,1.24218507,QLDDEEVSEFALDGLK/2
768.370886183004,2,912.299,1.23258148,NC[UNIMOD:4]PLIDNIC[UNIMOD:4]AFAK/2
681.021122214629,3,912.299,0.88486154,LGGSLADSYLDEGFLLDKK/3
595.0819694141915,4,912.299,0.74763736,ELSIAIRGYGLFAGPC[UNIMOD:4]KVINAK/4
695.0129610599624,3,913.043,0.88054299,HVINFDLPSDIEEYVHR/3
740.898982686504,2,913.043,1.24816358,NPGFEIIHGLLDR/2
830.4529304560041,2,913.043,1.22883833,QLLSNELLLTQMEK/2
732.4039009420042,2,913.043,1.24106188,LQLNYLGNYIPR/2
590.3367164112956,3,913.043,0.87225785,ALESPERPFLAILGGAK/3
521.5115399116916,4,913.043,0.74927216,HVINFDLPSDIEEYVHR/4
885.0014363835039,2,913.043,1.25236571,ALESPERPFLAILGGAK/2
804.866156553504,2,913.787,1.24095841,IGDEYFTFITDC[UNIMOD:4]K/2
773.7143634472956,3,913.787,0.89619327,DALLSALSIQNYHLEC[UNIMOD:4]NETK/3
585.6853456119624,3,913.787,0.86502236,DPLPPLDPQAIKPILK/3
541.9736666336289,3,914.53,0.87849908,LAGTQPLEVLEAVQR/3
812.4568617170039,2,914.53,1.25585473,LAGTQPLEVLEAVQR/2
794.3590794326291,3,914.53,0.89418572,EEIPEEELAEDVEEIDHAER/3
879.9332278175041,2,914.53,1.24346801,ELGVGQMDWGNNLGLR/2
831.933553793504,2,915.273,1.24402807,VWQLQDLSFQTAAR/2
939.927611099504,2,915.273,1.25257455,FFQPTEMASQDFFQR/2
939.9276111035042,2,915.273,1.25906198,FFQPTEM[UNIMOD:35]AAQDFFQR/2
784.9301453985041,2,916.017,1.24520021,DLANIAEVEVSIPAK/2
756.9428588405042,2,916.017,1.22660968,GQVPPLVTTNFLVK/2
513.9628790509624,3,916.017,0.87718095,ELLITDLLPDNRK/3
586.6429291289622,3,916.017,0.87251892,LMNETTAVALAYGIYK/3
603.6575670592957,3,916.761,0.86222456,HSQFIGYPITLYLEK/3
904.9827123555041,2,916.761,1.23505416,HSQFIGYPITLYLEK/2
879.460755460004,2,916.761,1.25088165,LMNETTAVALAYGIYK/2
796.9301453805041,2,916.761,1.23373165,GITGVDLFGTTDAVVK/2
771.9299484645042,2,918.248,1.23721077,LLDAVDTYIPVPAR/2
767.921789050504,2,918.248,1.23304057,LLAESVTEVEIFGK/2
888.469969014004,2,918.991,1.24425087,TSGVPSGFNFTAPPVLGK/2
668.6402528809623,3,918.991,0.88657784,SNMDNMFESYINNLRR/3
750.4068375080041,2,918.991,1.25227758,SLLGEVEQNLQAAK/2
692.6728939236291,3,918.991,0.88861429,LAFSC[UNIMOD:4]IWEMNHNAEILK/3
963.4781880130039,2,919.735,1.24687307,WVTTASLLDYDTVAGADK/2
758.8695565315041,2,919.735,1.23077596,EYQDAFLFNELK/2
886.971821664504,2,919.735,1.24133053,VPLQGFAALEGMNGIQK/2
978.990408333504,2,920.478,1.24522447,DAATIMQPYFTSNGLVTK/2
580.9942906092957,3,920.478,0.87257214,LFLFHTSLPIAEAPGK/3
662.6766327869624,3,920.478,0.87441104,EMLFEGGPRPWILEPSK/3
625.9747902282958,3,920.478,0.88629753,FFSTLYENC[UNIMOD:4]FHILGK/3
902.9650508865041,2,921.222,1.23783671,QEIFQEQLAAVPEFR/2
765.731577304629,3,921.222,0.88828724,LGEINVIGEPFLNVNC[UNIMOD:4]EHIK/3
721.377351790004,2,921.222,1.2329097,YGLFPANYVELR/2
732.4021141466288,3,921.222,0.8763086,LGAASLGAEDPETQVVLINAVK/3
941.980897910504,2,921.965,1.23878083,EQNIVFNAETYSNLIK/2
947.4667661430041,2,921.965,1.24348647,MQQQLDEYQELLDIK/2
908.9522403235039,2,921.965,1.24172844,LMNDMTAVALNYGIYK/2
587.8253321414414,4,921.965,0.76357117,ISQMPVILTPLHFDRDPLQK/4
783.431350699629,3,921.965,0.89654323,ISQMPVILTPLHFDRDPLQK/3
631.9802695842957,3,922.709,0.86651774,MQQQLDEYQELLDIK/3
764.9277401565041,2,923.452,1.23079992,DPVQLNLLYVQAR/2
782.905616091504,2,924.196,1.23648457,AYVEANQMLGDLIK/2
932.4036428780041,2,924.196,1.25936514,SNM[UNIMOD:35]DNMFESYINNLR/2
819.4428886710041,2,924.196,1.22297419,EPVYLSGYGVELAIK/2
932.4036428780041,2,924.196,1.25616957,SNMDNM[UNIMOD:35]FESYINNLR/2
876.943784117504,2,924.196,1.2421046,SQVVFSAEELIYPDR/2
915.4444825900039,2,924.196,1.24624752,IVNGWQVEEADDWLR/2
870.9656736625041,2,924.939,1.23700891,VTYTPMAPGSYLISIK/2
902.4767398560041,2,924.939,1.25367836,YVIWSADMSHVALLAK/2
688.3265512492957,3,924.939,0.88106599,NFLYDIAGC[UNIMOD:4]SGTFTVQNR/3
580.9795412639623,3,924.939,0.86527493,VTYTPMAPGSYLISIK/3
775.9486725505039,2,925.683,1.24134497,ALIAGGGAPEIELALR/2
990.0113407555041,2,925.683,1.24330238,TLTTMAPYLSTEDVPLAR/2
601.9869187262957,3,925.683,0.87518729,YVIWSADMSHVALLAK/3
668.3437651732957,3,926.427,0.87239759,YHQC[UNIMOD:4]ATIQLDFQLPIR/3
997.9856572785042,2,926.427,1.25033759,AFC[UNIMOD:4]EPGNVENNGVLSFIK/2
858.9361560345039,2,927.17,1.25117936,QDLEAEVSQLTGEVAK/2
677.664398458629,3,927.17,0.88644136,C[UNIMOD:4]EYPAAC[UNIMOD:4]NALETLLIHR/3
695.0456020706291,3,927.17,0.87961194,HKPAFTEEDVLNIFPVVK/3
739.0281709266288,3,927.914,0.88095578,DLYANTVLSGGTTMYPGIADR/3
554.5229473116914,4,927.914,0.75000956,DLYANTVLSGGTTMYPGIADR/4
920.4359888780041,2,927.914,1.24019391,EDFPLIETEDEAYLR/2
825.9240057635042,2,928.657,1.23216761,C[UNIMOD:4]DFTGTLIVVPDVSK/2
745.3656171802955,3,928.657,0.89362917,SSTAISSIAADGEFLHELEEK/3
930.4369544210042,2,928.657,1.24136904,DQTC[UNIMOD:4]YNIIPLYNSMK/2
652.6960273416289,3,929.401,0.87191939,LIHFSGVALGEAC[UNIMOD:4]TIVLR/3
825.9405131175041,2,929.401,1.24204176,VSEYVPEIVNFVQK/2
550.9627675672957,3,929.401,0.86878213,VSEYVPEIVNFVQK/3
860.4076656320041,2,929.401,1.24788742,MNSSC[UNIMOD:4]ADILLFASYK/2
834.453787735004,2,929.401,1.23377752,AVVYVSDIQELYIR/2
962.4597983080041,2,930.144,1.24224327,SFITTDVNPYYDSFVR/2
908.908660914504,2,930.144,1.23766326,VTDEC[UNIMOD:4]IQIMGGMGFMK/2
996.0096553125042,2,930.144,1.25110656,FVDHVFDEQVIDSLTVK/2
664.3421956972958,3,930.888,0.87289856,FVDHVFDEQVIDSLTVK/3
758.9221233955041,2,931.631,1.23074887,EAFAIVSVPVSEIR/2
954.4263896930042,2,931.631,1.23139807,C[UNIMOD:4]PFVPQMGDEVYYFR/2
429.49261890419143,4,931.631,0.75687823,LIILDEIHLLHDDR/4
816.8483980065042,2,931.631,1.22510891,MQYSMEYFQFMK/2
727.3855185029623,3,932.375,0.8812108,SVLLLAYKPMEGNFEEIAR/3
746.403043615004,2,932.375,1.2423715,VLFLLGADGGC[UNIMOD:4]ITR/2
589.6589135486289,3,933.118,0.88253041,ISQMPVILTPLHFDR/3
764.9238088585041,2,933.862,1.23735995,LLTGELLPTDGMIR/2
728.3866870339622,3,933.862,0.87783935,EPELQQYVPQLQNNTILR/3
864.4316636700042,2,933.862,1.23121195,NLPIYSEEIVEMYK/2
742.368416058629,3,933.862,0.88896042,VIMELFDNDQVGKDEFLGR/3
787.7741052806291,3,934.606,0.9037079,TLAYLLPAIVHINHQPYLER/3
904.9618394935039,2,934.606,1.24003191,EIGLLSEEVELYGETK/2
946.996213641504,2,934.606,1.24412795,SLGETQLVLYGDVEELK/2
523.6338167812958,3,934.606,0.85389144,IPPPVIMVQNVSFK/3
931.4995921590039,2,934.606,1.25517393,DAVITVPVFFNQAERR/2
695.017383330629,3,934.606,0.87404248,GQTQVLC[UNIMOD:4]TVTFDSLESGIK/3
529.2755684969624,3,934.606,0.86758439,HWPTFISDIVGASR/3
810.3956041470041,2,935.349,1.22110302,DLLIAYYDVDYEK/2
947.953825828504,2,935.349,1.24284929,GPAFNMASPESDFGINLK/2
840.441211661004,2,935.349,1.25285812,YLNTNPVGGLLEYAR/2
784.9470869385042,2,935.349,1.22075643,IPPPVIMVQNVSFK/2
598.3437595472957,3,936.093,0.89021021,LSEIPLTLHSVSELVR/3
845.4383345830041,2,936.836,1.25485519,SEQLEELFSQVGPVK/2
780.4007732752956,3,936.836,0.88525378,IDQLEGDHQLIQEALIFDNK/3
814.6962039396291,3,936.836,0.89748622,YEEYDNAIITMMNHPTDAWK/3
540.2609306172957,3,936.836,0.87612291,C[UNIMOD:4]ELYHWVDLLDR/3
563.9613152109624,3,936.836,0.87544366,SEQLEELFSQVGPVK/3
882.9061474245041,2,937.58,1.24525892,YANMWLEYYNLER/2
799.9536205095042,2,937.58,1.23947334,VGIQLPEVELSVSTK/2
964.998567727504,2,937.58,1.27348985,WEDAIPLALKMATEQGR/2
827.4277699160041,2,938.324,1.24058804,DPYTGQSVSLFQALK/2
912.5149079140037,2,938.324,1.24261542,QLLVEAIDVPAGTATLGR/2
764.6893837009624,3,938.324,0.89839087,DNTC[UNIMOD:4]VVEFQFMLPTSHPNR/3
800.0893188256291,3,938.324,0.89192239,VLLIESLATMEPDSRPELQEK/3
546.605709443629,3,938.324,0.86666016,SQPDMAIMAVNSFVK/3
592.7802788509415,4,938.324,0.75660113,TTHLHNDLWEVFSNPEDWK/4
842.9508808895041,2,939.067,1.24125403,FIAYQFTDTPLQIK/2
819.4049259320042,2,939.067,1.23939166,SQPDMAIMAVNSFVK/2
926.0147407385041,2,939.811,1.2500295,LLPVLLSTAQEADPEVR/2
841.477794130004,2,939.811,1.24628521,LNALLEPGGVLTISER/2
848.414859491004,2,939.811,1.25281266,EENLADWYSQVITK/2
667.6994374332958,3,939.811,0.87522686,MLVTFDEELRPLPVSVR/3
752.8818066285041,2,939.811,1.24129318,TLNDELEIIEGMK/2
786.927602739504,2,940.554,1.24761533,IEEVLSGVLDTELR/2
792.4194135370041,2,940.554,1.24065435,ELDSITPEVLPGWK/2
987.9725499345041,2,940.554,1.2481035,TGLWVGDC[UNIMOD:4]FIYTSSVNR/2
884.4674263610041,2,940.554,1.23895077,GLPLVDDGGWNTVPISK/2
812.9488694795039,2,941.298,1.24067322,TGAIVDVPVGEELLGR/2
972.4620150160041,2,941.298,1.27190227,DSDPVMAGIGEEIAHFQK/2
685.3495731909624,3,941.298,0.88357029,REYEIPSNLTPADVFFR/3
866.4422742730042,2,942.041,1.25800291,NNSELLNNLGNFINR/2
988.484001701004,2,942.041,1.25080644,DDVAQTDLLQIDPNFGSK/2
840.925591345504,2,942.041,1.25362679,ETDDTLVLSFVGQTR/2
706.7173796202957,3,942.041,0.88877541,VAIQLNDTHPALSIPELMR/3
855.3936010800041,2,942.785,1.25157392,DDPSAMDFVTSAANLR/2
556.6158136549624,3,942.785,0.86727405,NQHFEVPFIAFYR/3
590.3173274799623,3,942.785,0.87776821,AC[UNIMOD:4]ANPAAGSVILLENLR/3
884.9723529865039,2,943.528,1.25429327,AC[UNIMOD:4]ANPAAGSVILLENLR/2
826.4381376550041,2,943.528,1.24615219,AAQAPSSFQLLYDLK/2
540.9460660759623,3,943.528,0.88273247,ETGLMYSIMVHALR/3
776.9191867645042,2,943.528,1.24042852,GFVHPDPLWIPFK/2
680.717374019629,3,943.528,0.87528635,VLVTVIQGAVEYPDPIAQK/3
722.0322441462957,3,944.272,0.88760031,GFFDPNTHENLTYVQLLR/3
851.9121496075041,2,944.272,1.24869417,EAWEEEQEVAELLK/2
518.2818833319624,3,944.272,0.86853002,GFVHPDPLWIPFK/3
519.9472289609624,3,944.272,0.86784128,SPQTPELVEALAFR/3
903.977823904504,2,945.015,1.24390161,QLLDETSAITLTSTWK/2
933.4732400440041,2,945.015,1.25860549,VEGTAFVIFGIQDGEQR/2
869.438334590004,2,945.759,1.24343017,ATSIDPNTYITWIDK/2
981.0007845035041,2,945.759,1.2652294,MLSAVSQQVQC[UNIMOD:4]IQEALR/2
886.929819465504,2,945.759,1.24424205,DPYSGSTISLFQAMQK/2
728.7301193436289,3,945.759,0.8709027,GKPEIVGSNLDTLVSIGLDEK/3
782.9144953645041,2,946.502,1.24522341,ELLQSFDSALQSVK/2
760.4186936490041,2,946.502,1.24815634,FGANAILGVSLAVC[UNIMOD:4]K/2
507.2815545882957,3,946.502,0.87189834,FGANAILGVSLAVC[UNIMOD:4]K/3
828.392015555004,2,946.502,1.24622382,IFAMDENLSSIMER/2
696.0139731996288,3,946.502,0.87525085,SFANTLVDVC[UNIMOD:4]AYAGSGNVLK/3
718.3382395486291,3,947.246,0.87410436,GQC[UNIMOD:4]DLELINVC[UNIMOD:4]NENSLFK/3
774.9716163485041,2,947.246,1.24189365,TLQSLLTPQPPLLK/2
882.4495304210043,2,947.246,1.2361006,SILVPNEELSMVMSSK/2
961.474788091004,2,947.989,1.25336786,MQLSAELQSDTEEILSK/2
667.3447107469623,3,947.989,0.8919204,DLSSHQLNEFLAQTLQR/3
686.998211684629,3,947.989,0.88335899,DDAIVC[UNIMOD:4]NIGHFDVEIDVK/3
830.4750545400041,2,948.733,1.25217798,YTQQIIQGIQQLVK/2
749.9205378655041,2,948.733,1.21539733,C[UNIMOD:4]PVVLAPLLYPEK/2
543.9677414962957,3,948.733,0.86934027,GIEKPPFELPDFIK/3
791.9108983975041,2,949.477,1.24708134,NFTTEQVTAMLLSK/2
777.448505405004,2,949.477,1.24647147,LLEQALVIEEQLR/2
824.9141694065042,2,949.477,1.25354812,C[UNIMOD:4]ITDTLQELVNQSK/2
937.486347459004,2,950.22,1.25240123,GEELLSPLNLEQAAYAR/2
954.984791660504,2,950.22,1.24023286,SDMYILNESLTDPAIVK/2
954.476276487004,2,950.22,1.24035661,EELGTVNGMTITMVGDLK/2
827.8897690435042,2,950.22,1.23998491,YFVTFPYPYMNGR/2
577.9637853236289,3,950.22,0.87291484,ALESDMAPVLIMATNR/3
518.634762425629,3,950.22,0.87233341,LLEQALVIEEQLR/3
866.4420397520039,2,950.963,1.24580607,ALESDMAPVLIMATNR/2
892.998893730504,2,950.963,1.24762508,ILLGSEQGSLQLWNVK/2
728.7319060662957,3,951.707,0.87573376,VFHLPTTTFIGGQESALPLR/3
955.4674859400039,2,951.707,1.24291286,EFLLSLDDSVDETEAVK/2
590.9577543472957,3,951.707,0.87247032,AAVMHDILDMMPEGIK/3
885.932993287504,2,951.707,1.24567029,AAVMHDILDMMPEGIK/2
658.3737187599623,3,951.707,0.8649451,EHLLQGLLPDVQVPTSVK/3
966.9507602435042,2,951.707,1.26055038,DAGMAEAWLC[UNIMOD:4]SQEPLVR/2
731.407311019629,3,952.45,0.89239656,IPGLLSPHPLLQLSYTATDR/3
860.925060017504,2,952.45,1.24066054,VELTITPDFQWDEK/2
694.033367777629,3,952.45,0.88692009,NLNLNDESQHGLLMQLLK/3
561.9456651369624,3,952.45,0.87440793,AANSLEAFIFETQDK/3
640.0071474022957,3,952.45,0.87928965,QIDSVNHINLFFTELK/3
794.442365725004,2,953.194,1.24849356,VAC[UNIMOD:4]ITEQVLTLVNK/2
842.4148594720041,2,953.194,1.25260875,AANSLEAFIFETQDK/2
912.4623410510042,2,953.194,1.24903312,ENYLEENLLYAPSLR/2
977.491244228004,2,953.194,1.27178196,QFNTLIPWC[UNIMOD:4]LPHTGNR/2
529.9640026389624,3,953.937,0.87143282,VAC[UNIMOD:4]ITEQVLTLVNK/3
533.3031242002957,3,953.937,0.87839322,LNLLHEFLQTEIK/3
939.9563685415042,2,953.937,1.23053684,NPLFC[UNIMOD:4]GAENTSLWELK/2
838.958902889504,2,954.681,1.24096161,YEILQSVDDAAIVIK/2
902.9284308545041,2,954.681,1.24323954,LLMSEDYFTQAMEVK/2
754.881944009504,2,954.681,1.23502846,AAMIWIVGEYAER/2
735.9375765675039,2,954.681,1.23741059,YQQAGLPLIVLAGK/2
940.9780208545042,2,955.425,1.24755699,EASDIILTDDNFTSIVK/2
745.8904889565041,2,955.425,1.23644736,DGIQLSEYLPEVK/2
980.473733828004,2,955.425,1.24598119,C[UNIMOD:4]VEDPETGLC[UNIMOD:4]LLPLTDK/2
766.9215921205041,2,955.425,1.23404439,TVQTAVFLYSLYK/2
807.9078243965041,2,956.168,1.23661678,AFYPEEISSMVLTK/2
645.3425300702957,3,956.168,0.88173679,DNHLLGTFDLTGIPPAPR/3
812.382839426004,2,956.168,1.24903759,DTNMGAWFEAQVVR/2
873.428301214004,2,956.912,1.25411907,SAFSNLFGGEPLSYTR/2
938.9882998485043,2,956.912,1.25632209,AGKPVIC[UNIMOD:4]ATQMLESMIK/2
919.504540178004,2,956.912,1.25382699,SVPNQPSTNEILQAVLK/2
952.528015277004,2,957.655,1.24833228,GHVDILAPTVQELAALEK/2
626.3279587212959,3,957.655,0.87586699,AGKPVIC[UNIMOD:4]ATQMLESMIK/3
861.459070044004,2,957.655,1.25006088,VESLESLYFTPIPAR/2
921.985126061504,2,957.655,1.25417839,VC[UNIMOD:4]NDEQLLLELQQIK/2
635.3544356736289,3,957.655,0.86911348,GHVDILAPTVQELAALEK/3
532.6290658022957,3,957.655,0.87611263,ALQLLHC[UNIMOD:4]FPLDIR/3
967.510156872004,2,957.655,1.26024442,DNHLLGTFDLTGIPPAPR/2
614.9925095299624,3,958.399,0.8746028,VC[UNIMOD:4]NDEQLLLELQQIK/3
685.9921141649623,3,958.399,0.87703802,STNGDTFLGGEDFDQALLR/3
771.7275490292956,3,958.399,0.88830275,EQELQQTLQQEQSVLDQLR/3
975.499986179004,2,958.399,1.27178315,LQQELDDLLVDLDHQR/2
739.7073868499624,3,958.399,0.88044187,GDC[UNIMOD:4]TVLKPTLMAAVPEIMDR/3
966.496715180004,2,959.142,1.27005481,EAEAAIYHLQLFEELR/2
857.954151840504,2,959.142,1.23873111,VQSDGQIVLVDDWIK/2
650.669082941629,3,959.142,0.89024147,LQQELDDLLVDLDHQR/3
853.9648539125039,2,959.142,1.25378672,LLGPNASPDGLIPWTR/2
768.9025420345041,2,959.142,1.23739167,TFAPEEISAMVLTK/2
680.6883210816292,3,959.142,0.87319032,VVSQYSSLLSPMSVNAVMK/3
809.451579395004,2,959.142,1.24935737,LLELQSIGTNNFLR/2
860.4674263920041,2,959.142,1.25400607,SGGVNQYVVQEVLSIK/2
572.305193382629,3,959.142,0.86448103,VQSDGQIVLVDDWIK/3
644.666902275629,3,959.887,0.88984243,EAEAAIYHLQLFEELR/3
772.4236416350041,2,959.887,1.23024333,EPEVLSTMAIIVNK/2
853.945992445504,2,959.887,1.24440862,DGTIDFTPGSELLITK/2
736.3981468300041,2,959.887,1.22253678,QIEILELEDLEK/2
863.388121778004,2,960.63,1.24595472,VWLWTAC[UNIMOD:4]DFADGER/2
961.9694759645041,2,960.63,1.2519088,FLQDC[UNIMOD:4]QELSLWINEK/2
515.284853245629,3,960.63,0.86211063,EPEVLSTMAIIVNK/3
611.9651318662958,3,960.63,0.88656981,MMLDQC[UNIMOD:4]LELQLFHR/3
693.7088785219622,3,961.374,0.87424793,GIDIHGVPYVINVTLPDEK/3
595.3115138382956,3,961.374,0.8656441,LRPLYDIPYMFEAR/3
815.4459626530041,2,961.374,1.23927109,LGTPVLQALGDGDFVK/2
730.6929053049622,3,962.117,0.8865846,EILSEVERNLQDAMQVC[UNIMOD:4]R/3
801.9190577955042,2,962.117,1.24486538,IMGNIWDASLVVER/2
921.478188030004,2,962.861,1.25688504,SEGALELADVSNELPGLK/2
762.9352308125041,2,962.861,1.23776643,GDINILLIGDPSVAK/2
553.9699221509624,3,962.861,0.86999075,ALTVPELTQQVFDAK/3
742.3985925726289,3,962.861,0.88978463,EELSALVAPAFAHTSQVLVDK/3
834.4158249990041,2,962.861,1.25170128,MVSAVLNGMLDQSFR/2
612.9949074599624,3,962.861,0.88590309,SLVEIIEHGLVDEQQK/3
673.6619948672957,3,962.861,0.88041041,SIFYVPDMKPSMFDVSR/3
556.6129754882958,3,962.861,0.87765925,MVSAVLNGMLDQSFR/3
567.6381780986289,3,962.861,0.88114471,QAAC[UNIMOD:4]TIVEALATIPSR/3
772.4219562080041,2,963.604,1.24008851,VFGAPEVLENLEVK/2
830.4512449930041,2,963.604,1.24539245,ALTVPELTQQVFDAK/2
872.435988829004,2,963.604,1.24795865,EEVGEEAIVELVENGK/2
772.912386883504,2,963.604,1.23151079,ENVIMSQILPC[UNIMOD:4]IK/2
561.3066513496291,3,963.604,0.89118376,NTIEMQAITALAHLR/3
758.7435943582955,3,963.604,0.89883868,MGLVDQLVEPLGPGLKPPEER/3
566.638289559629,3,963.604,0.89191018,NTIEM[UNIMOD:35]QAITALAHLR/3
889.9774299755042,2,964.348,1.23736005,HSQFIGYPITLFVEK/2
675.696972960629,3,964.348,0.87485662,HVQLVLGQLIDENYLDR/3
966.4335836260041,2,964.348,1.24176931,TYFYQLWYDQDYAR/2
519.959357501629,3,964.348,0.87038369,SYHLSELVQQILK/3
796.9195807275041,2,964.348,1.24741238,LVIDQIDNGFFSPK/2
941.964390529504,2,964.348,1.2524939,DQGSFTEVVSISNLGMAK/2
689.681322874629,3,964.348,0.87894022,QINIHNLSAFYDSELFR/3
551.649183024629,3,964.348,0.87969668,SLEQNIQLPAALLSR/3
779.4353980190041,2,964.348,1.24722045,SYHLSELVQQILK/2
908.014740741504,2,965.091,1.25173259,TVGALQVLGTEAQSSLLK/2
593.654045472629,3,965.091,0.86367066,HSQFIGYPITLFVEK/3
728.711393543629,3,965.091,0.88541852,FANSLVGVQQQLQAFNTYR/3
827.4188905720041,2,965.091,1.24107039,VNAMTFTFDNVLPGK/2
931.930153788504,2,965.835,1.25732687,FFQPTEMAAQDFFQR/2
571.2897213269624,3,965.835,0.86036147,AHMGMFTELAILYSK/3
746.3959717059623,3,965.835,0.88967023,SFAMSAVITEGVKPTLSELEK/3
705.7049167672957,3,965.835,0.87147797,KLDVSIEMPEELDISQLR/3
826.970136303504,2,965.835,1.25600246,SLEQNIQLPAALLSR/2
519.2885977542956,3,965.835,0.87000442,LTDQLPLIIVC[UNIMOD:4]DR/3
755.7159272499622,3,965.835,0.89496858,DSNSLAYYNMANGAVIHLALK/3
973.5074768150041,2,966.579,1.2537421,LQVELDNVTGLLSQSDSK/2
864.9547830375041,2,966.579,1.23654271,C[UNIMOD:4]ITDPQTGLC[UNIMOD:4]LLPLK/2
540.9500278232957,3,966.579,0.86544008,LHFFMPGFAPLTSR/3
818.7177791396289,3,966.579,0.90616572,LSSC[UNIMOD:4]DSFTSTINELNHC[UNIMOD:4]LSLR/3
787.7741052679625,3,967.322,0.90616416,TLSYLLPAIVHINHQPFLER/3
866.941241394504,2,967.322,1.24218206,VIFLEDDDVAAVVDGR/2
810.9214035015041,2,967.322,1.23391431,LHFFMPGFAPLTSR/2
628.6534328216289,3,968.066,0.88872909,NEEDAAELVALAQAVNAR/3
985.0433012205041,2,968.066,1.24689057,IGPYQPNVPVGIDYVIPK/2
942.476510999004,2,968.066,1.2746264,NEEDAAELVALAQAVNAR/2
777.8896316835039,2,968.066,1.24201134,DM[UNIMOD:35]LEAGILDTYLGK/2
689.6460609279625,3,968.81,0.88891131,DDDSNFHMDFIVAASNLR/3
676.3492388432957,3,968.81,0.87991152,LLSEEVFDFSSGQITQVK/3
685.700494510629,3,968.81,0.9001444,LEGVLAEVAQHYQDTLIR/3
881.9283309725042,2,968.81,1.24664865,DDPLTNLNTAFDVAEK/2
983.4994548340039,2,968.81,1.25322294,LYIVFEGEEGQDAGGLLR/2
822.389078922004,2,968.81,1.23871035,FMNPFNMPNLYQK/2
986.030922103504,2,968.81,1.27712364,AIEPPPLDAVIEAEHTLR/2
657.6897068912957,3,969.553,0.89396808,AIEPPPLDAVIEAEHTLR/3
939.9989532765039,2,969.553,1.25715911,TVQLTSSELESTLETLK/2
969.971881213504,2,969.553,1.25280805,MVEDLISVGEEESFNLK/2
892.9463267615042,2,970.297,1.25225605,FSNTGEDWYVLVGVAK/2
680.3893688279624,3,970.297,0.88969496,EGDIIPPLTGATPPLIGHLK/3
784.3948841780042,2,971.04,1.23548851,AFDSGIIPMEFVNK/2
718.3948481459623,3,971.04,0.87049653,KLELDILPLQEANAELSEK/3
710.7001657382956,3,971.04,0.88335845,VIESTQDLGNDLAGVMALQR/3
945.9689446475041,2,971.783,1.2487894,IAQDLEMYGVNYFSIK/2
900.4517763100039,2,971.783,1.2414428,AYLPVNESFGFTADLR/2
974.4779911160041,2,971.783,1.25315485,YEDAYQYQNIFGPLVK/2
704.3398033492957,3,971.783,0.88853048,SDIYVC[UNIMOD:4]MISFAHNVAAQGK/3
600.6369430289623,3,971.783,0.87006332,AYLPVNESFGFTADLR/3
986.0147407275041,2,971.783,1.23998255,QHFPATPLLDYALEVEK/2
610.9905517479624,3,971.783,0.88592718,FDLSQNHPLGMAIFLK/3
752.0406337422957,3,973.271,0.88522399,GVNWAAFHPTMPLIVSGADDR/3
931.4718514300039,2,973.271,1.25017691,ALEFGEPVLLVGDTGC[UNIMOD:4]GK/2
775.8961056625042,2,973.271,1.23422152,EPLEFEQYLNLR/2
903.9910686815041,2,974.014,1.246018,NAQLAQYNFILVVGEK/2
657.6789193072957,3,974.014,0.86459217,QHFPATPLLDYALEVEK/3
564.627279047629,3,974.014,0.87059218,ALTVPELTQQMFDAK/3
997.0518545255038,2,974.758,1.24963182,EGDTIIVPGVEGPIVTQIR/2
908.4800024540041,2,974.758,1.24033943,LAQDPFPLYPGEVLEK/2
846.4372803380041,2,974.758,1.2456935,ALTVPELTQQMFDAK/2
836.9670622535042,2,974.758,1.24377017,IFQNLNGALDEVVLK/2
827.9072016125042,2,974.758,1.25541636,DFTATFGPLDSLNTR/2
837.4590700460042,2,974.758,1.24531765,IFQNLDGALDEVVLK/2
952.450061802004,2,974.758,1.25020586,IYDQLYDEVNMMTIR/2
803.4459626560041,2,975.501,1.25186762,LAATNALLNSLEFTK/2
665.0369951726288,3,975.501,0.8765468,EGDTIIVPGVEGPIVTQIR/3
890.4541816150041,2,975.501,1.2500479,EASSASQFEELEIVLK/2
658.3468408912956,3,976.244,0.86971563,KIEDLGAAMEEALILDNK/3
968.462734928004,2,976.244,1.26249647,EADESLNFEEQILEAAK/2
875.441939934004,2,976.988,1.25908895,DTGNFVIGQILSDQSR/2
889.473862849004,2,976.988,1.2366784,ELYAGMPTIQITALEK/2
456.93811666662896,3,976.988,0.88483499,EGGFLLLHTLLR/3
521.6119577452957,3,976.988,0.86570022,FHVDISLTDFIQK/3
789.937250606504,2,976.988,1.251352,YAIQLITAASLVC[UNIMOD:4]R/2
688.6931891636291,3,976.988,0.88652398,DMAGLLKPTAC[UNIMOD:4]TMLVSSLR/3
943.5094881910039,2,976.988,1.24729697,EVENLILENTQLLETK/2
781.9142983845041,2,976.988,1.23966576,FHVDISLTDFIQK/2
938.480927696004,2,977.732,1.25711583,DTILQTVDLVSQETGEK/2
866.4436169290041,2,977.732,1.24791197,DFADILVQPTLEENK/2
517.9569595349624,3,978.475,0.88170288,ALLADAQLMLDHLK/3
876.9312080765039,2,979.219,1.25855898,DAFQNAYLELGGLGER/2
779.9003337205041,2,979.219,1.23472508,NTLEWC[UNIMOD:4]LPVIDAK/2
788.9132441375041,2,979.219,1.23868927,IVSLMWDPVTPYR/2
586.3226301492956,3,979.962,0.87183963,GFHQVPFAPIVFIER/3
979.489284029004,2,979.962,1.25485645,DTLVQGLNEAGDDLEAVAK/2
985.0230970865041,2,979.962,1.25822674,IAPLEEGTLPFNLAEAQR/2
789.403240541004,2,979.962,1.24316595,QAMTSIWNALVTDK/2
751.9017223225039,2,979.962,1.24719362,NAGLAFIELVNEGR/2
722.0333677642956,3,979.962,0.89000813,ESGYNMIHFTPLQTLGLSR/3
853.920840355504,2,979.962,1.26631228,DLQEEVSNLYNNIR/2
770.384850863004,2,979.962,1.24753092,EC[UNIMOD:4]GNYPGFLTILR/2
829.945992442504,2,979.962,1.241353,DVTVLSVAEEQDLLK/2
813.4431953389621,3,979.962,0.90153587,FGAILAQGILDAGGHNVTISLQSR/3
479.57121654796236,3,980.706,0.88489883,DIINMLFYHDR/3
878.980306990504,2,980.706,1.24268831,GFHQVPFAPIVFIER/2
542.653934031629,3,980.706,0.85942825,RESPEVLLTLDILK/3
877.9444152845041,2,980.706,1.24456511,LYTVC[UNIMOD:4]DVALC[UNIMOD:4]VINSK/2
925.4735368960042,2,981.449,1.24354644,TMQALEIELQSQLSMK/2
816.864145205504,2,981.449,1.24291886,SDYDMVDYLNELR/2
669.992620933629,3,981.449,0.8964939,AIMTYVSSFYHAFSGAQK/3
907.9532945185041,2,981.449,1.25299756,FLEGTSC[UNIMOD:4]IAGVFVDATK/2
617.3181167529625,3,982.192,0.8681218,TMQALEIELQSQLSMK/3
786.9263514995041,2,982.192,1.2379061,MNLPGEVTFLPLNK/2
931.9965480225039,2,982.192,1.25712386,ITISSLQDLTLYNPER/2
970.0360075335041,2,982.192,1.25521303,IAPLAEGALPYNLAELQR/2
643.3185569382957,3,982.192,0.88375397,DIPFSAIYFPC[UNIMOD:4]YAHVK/3
904.459266978004,2,982.936,1.24666663,LFVGNLPADITEDEFK/2
966.9742269905041,2,982.936,1.24624649,IAQDLEMYGVNYFEIK/2
871.943981117504,2,982.936,1.24932868,EQDDLLVLLADQDQK/2
963.474925457004,2,982.936,1.2522821,TIVADAMQGPAAYSDLFR/2
967.540925669004,2,983.68,1.24222679,VPAGNWVLIEGVDQPIVK/2
814.943064246504,2,983.68,1.25296413,SVLDAAQIVGLNC[UNIMOD:4]LR/2
874.461621131004,2,983.68,1.2617132,IVGDLAQFMVQNGLSR/2
581.6317462339623,3,983.68,0.87323203,EQDDLLVLLADQDQK/3
621.654662296629,3,983.68,0.88226653,TEAEQQITEVFVLAER/3
764.920112043504,2,984.423,1.25815438,NDGAAILAAVSSIAQK/2
645.363042601629,3,984.423,0.86769567,VPAGNWVLIEGVDQPIVK/3
923.4417054090042,2,984.423,1.24238385,MYVPMTEDIYNAISAK/2
835.399840593004,2,985.167,1.24890443,FEILSVESLC[UNIMOD:4]EGMR/2
995.029010608504,2,985.167,1.25169549,VQSSEMGTSVLIMQPILR/2
868.4867732250042,2,985.167,1.25071649,LGSIAEIDLGVPPPVMK/2
615.9635624282957,3,985.167,0.86741191,MYVPMTEDIYNAISAK/3
829.9122869605042,2,985.167,1.24772687,GGDINFVFTGFSVNGK/2
821.451579359004,2,985.91,1.25933315,LAFLNVQAAEEALPR/2
598.297710038629,3,985.91,0.87254406,LEAELGNMQGLVEDFK/3
896.9429268245041,2,986.654,1.25082214,LEAELGNMQGLVEDFK/2
878.9796382815041,2,986.654,1.23752632,VSYFPTVPGVYIVSTK/2
962.9696729215041,2,986.654,1.26504513,LSEEASQALIEAYVDMR/2
834.958714301504,2,986.654,1.23519725,SPLVMDVLNIQGVQR/2
943.9027557975041,2,986.654,1.25223461,DNPNLLFNMC[UNIMOD:4]GFEC[UNIMOD:4]R/2
642.3155407699624,3,986.654,0.88382873,LSEEASQALIEAYVDMR/3
556.9749016899623,3,986.654,0.86600296,SPLVMDVLNIQGVQR/3
703.3601378782956,3,986.654,0.8829827,TISQTSAPVWDESASFLIR/3
684.0541032236291,3,987.398,0.87612454,QLGPQVQQIILVSPMGVSR/3
932.933613297504,2,987.398,1.25887776,ETGWASFSEFTSSLSTK/2
759.874118962504,2,987.398,1.23496945,NNVAFMSYFLQGK/2
690.0514157956289,3,988.141,0.8831451,ILTATVDNANILLQIDNAR/3
929.472708705004,2,988.141,1.25480765,AYSEALAAFGNGALFVEK/2
958.0121980925039,2,988.141,1.24487003,YGDLLPADGILIQGNDLK/2
845.462144012004,2,988.141,1.25216499,FAVLTGLVEVGEVSNR/2
757.427238602004,2,988.885,1.24059081,GEVLGDVLQLETLK/2
825.484890866004,2,989.628,1.25126798,LFVEALGQIGPAPPLK/2
926.4521702760039,2,989.628,1.25695187,EDIDAAIETYNLLSER/2
815.9512152365041,2,989.628,1.24868668,LAALADQWQFLVQK/2
483.28043099829557,3,989.628,0.86097025,RSFLLDLLNATGK/3
510.6169316629624,3,989.628,0.8601626,HGFLEEFITPIVK/3
683.3460516449624,3,989.628,0.871001,IPYLPITNFNQNWQDGK/3
926.9793123305041,2,989.628,1.24715905,LFPNMLPSTFETQSLK/2
784.4563304070039,2,990.372,1.24529325,TIAIIAEGIPEALTR/2
974.985854291504,2,990.372,1.26667349,GILAVLDEAC[UNIMOD:4]SSAGTITDR/2
523.3066457602955,3,990.372,0.87324384,TIAIIAEGIPEALTR/3
653.010780414629,3,990.372,0.88602729,FDLNEPLHLSFLQNAAK/3
794.9508809075039,2,991.115,1.24713357,VLLLSSPGLEELYR/2
994.504205779004,2,991.859,1.24949374,LSPEPWTPETGLVTDAFK/2
830.9416756595041,2,991.859,1.24453476,AVQTLQMELQQIMK/2
802.7543819636289,3,991.859,0.89779335,LSSIIDC[UNIMOD:4]TGTASYHGFLPVLVR/3
797.874838841504,2,992.602,1.23721785,GYAFIEFASFEDAK/2
810.9025420535042,2,992.602,1.24402877,ISATSIFFESMPYK/2
424.90637071729566,3,992.602,0.86511886,SLDLDGIIAEVK/3
827.424507326004,2,992.602,1.24615791,ALQVMTDFAIQFNR/2
844.4378116390039,2,993.346,1.25737597,SGAAQGLAEVMAGLGVEK/2
563.2942999149623,3,993.346,0.87683296,SGAAQGLAEVMAGLGVEK/3
970.0178148075042,2,994.089,1.26285966,LLQQVSQIYQSIEFSR/2
963.9996219635042,2,994.089,1.25644463,VTIDPENNLISIWNNGK/2
737.420902023004,2,994.089,1.23750546,TIEC[UNIMOD:4]ISLIGLAVGK/2
787.404097833004,2,994.089,1.25176242,VGDQVWLFIDEPR/2
807.929948430504,2,994.089,1.24338782,FPEVIINFPDPAQK/2
828.8823379265041,2,995.577,1.25147774,VEFEELC[UNIMOD:4]ADLFER/2
985.969475920504,2,996.32,1.25495837,FFGGYVPEMVLTPDDQR/2
862.9192547555042,2,996.32,1.26373874,AC[UNIMOD:4]YALENFVENLGPK/2
818.9161807255042,2,996.32,1.24398407,SDPGLLTNTMDVFVK/2
948.531089294004,2,996.32,1.25896349,INISQVIAVVGQQNVEGK/2
678.6907190489624,3,997.064,0.87550025,LKLEAELGNMQGLVEDFK/3
774.0580130769622,3,997.064,0.88829732,GEPETFLPLDYLEVKPTDEK/3
772.4093801790041,2,997.064,1.24357988,EWTLEAGALVLADR/2
783.911755725504,2,997.064,1.23800392,ILIFQTDFEDGIR/2
657.6487427692956,3,997.064,0.87979738,FFGGYVPEMVLTPDDQR/3
838.925197438504,2,997.807,1.24834583,YSNFVSFPLYLNGR/2
561.6551690819623,3,997.807,0.87347518,VLQEALC[UNIMOD:4]VISGVPGLK/3
831.9748872645041,2,997.807,1.23879981,VPTLAVPAISLPDDVR/2
621.980709725629,3,997.807,0.86754463,KIPNPDFFEDLEPFR/3
715.7002716352957,3,997.807,0.88673823,VDYEYSELLLYQNQVLR/3
948.450781692004,2,997.807,1.24380584,EALIEIDYGDLC[UNIMOD:4]EDLK/2
789.8774897795041,2,998.551,1.24713806,MNTLQAIWMMDPK/2
914.435988848004,2,998.551,1.25569462,EEYNGVIEEFLATGEK/2
841.979115389504,2,998.551,1.2515823,VLQEALC[UNIMOD:4]VISGVPGLK/2
771.700054276629,3,998.551,0.8961144,VDLNSNGFIC[UNIMOD:4]DYELHELFK/3
797.8749470945041,2,998.551,1.24463418,M[UNIMOD:35]NTLQAIWMMDPK/2
878.4800024720041,2,999.294,1.24081283,DLYLIPLSAQDPVPSK/2
703.3370045249623,3,999.294,0.87604765,DQMQQQLNDYEQLLDVK/3
797.874947094504,2,999.294,1.25402843,MNTLQAIWM[UNIMOD:35]MDPK/2
687.357517041629,3,1000.038,0.87842429,LGGTIDDC[UNIMOD:4]ELVEGLVLTQK/3
872.948869450504,2,1000.038,1.24367881,GVAFVGGFSYADVLGSAK/2
952.0178147465041,2,1000.038,1.25549657,SISVNQWGSQLGLSVLSK/2
773.4370473089621,3,1000.038,0.89520407,EVTLALLSLPETHLVTQQPTK/3
930.4834704210041,2,1000.038,1.257548,AELGTDLLSQLSLEDQK/2
949.4553440960041,2,1000.038,1.24331995,GIDIQDVSMVVNYDMAK/2
771.4217592800042,2,1000.782,1.24256051,IWYGTGLTFVSGLK/2
748.4457657180042,2,1000.782,1.24833209,LAQVSPELLLASVR/2
893.4965181990041,2,1000.782,1.24892985,NNGVLFENQLLQIGVK/2
886.4698317120041,2,1000.782,1.24165886,QQEVEAITLELEELK/2
767.9278399615041,2,1000.782,1.24138762,GLVPPMHLADILMK/2
943.4863474130041,2,1000.782,1.25698346,VSIDPESNIISIWNNGK/2
591.3156466302956,3,1000.782,0.86648061,QQEVEAITLELEELK/3
942.9963510585042,2,1001.525,1.257785,LAQEGIYTLYPFINSR/2
652.9588113886291,3,1001.525,0.87083851,HPWDDISYVLPEHMSM/3
579.3608619989624,3,1001.525,0.8716603,ILISLRPQELVDVIK/3
897.4388658780042,2,1001.525,1.261109,AVEVAWETLQEEFSR/2
839.4063145680041,2,1002.268,1.24654722,NNDLC[UNIMOD:4]YWVPELVR/2
681.4055778810041,2,1002.268,1.2333387,VFSATLGLVDIVK/2
801.9587059095041,2,1002.268,1.23954335,IPVDTYNNILTVLK/2
628.9999928612957,3,1002.268,0.88047424,LAQEGIYTLYPFINSR/3
828.9154608765041,2,1002.268,1.24571759,LLENMPMPWEQIR/2
721.0599112719623,3,1002.268,0.88954085,DLLFGSIVAVDEPTRPIYR/3
978.9345788495042,2,1002.268,1.24809813,HPWDDISYVLPEHMSM/2
768.8975940945041,2,1003.012,1.23605846,WAIAQLNYADMLK/2
899.9647165265039,2,1003.012,1.25834296,LFIGGLSFETTEESLR/2
590.3073740412956,3,1003.012,0.89275985,GLGTDEDTIIDIITHR/3
842.4674263910042,2,1003.012,1.25902459,ILDVASLEVLNEVNR/2
828.4018894960041,2,1003.012,1.25865284,VDNAYWLWTFQGR/2
986.957096816504,2,1003.012,1.25503117,EDGVFNISVDNTC[UNIMOD:4]SLFR/2
600.3122365066289,3,1003.012,0.88086395,LFIGGLSFETTEESLR/3
777.4234447040042,2,1004.499,1.23885172,LYSPSQIGAFVLMK/2
769.8961056435041,2,1004.499,1.25147202,LAGFLDLTEQEFR/2
894.4048260810041,2,1004.499,1.25405355,GWEWEGEWIVDPER/2
920.969998855504,2,1004.499,1.25850127,VLSDVDAFIAYVGTDQK/2
531.0326395256915,4,1005.243,0.76083756,QQDVIYELIQTELHHVR/4
872.444051117004,2,1005.243,1.24404445,VNEMIIGGGM[UNIMOD:35]AFTFLK/2
653.9921141549622,3,1005.243,0.88951049,DTNGENIAESLVAEGLATR/3
920.9832437015041,2,1005.243,1.2405514,QQQWLLYLSNSGYLK/2
756.9226547955041,2,1005.243,1.25141688,TLELQGLINDLQR/2
826.430509551004,2,1005.987,1.26149265,TSQTVATFLDELAQK/2
758.377548687004,2,1005.987,1.23787232,EVAFFNNFLTDAK/2
778.9321568415041,2,1005.987,1.23434466,LDQLIYIPLPDEK/2
837.451876169004,2,1005.987,1.24416679,VVVENGELIMGILC[UNIMOD:4]K/2
737.029734752629,3,1005.987,0.89267428,QWIQISDAVYHMVYEQAK/3
778.3601840930041,2,1005.987,1.24538636,MFVLDEADEMLSR/2
932.4432909470039,2,1006.73,1.26311732,NDALEMVEETTWQGLK/2
796.3710747320041,2,1006.73,1.2313384,MFFDALYDEDVVK/2
760.4275729320038,2,1006.73,1.24718462,VLAFLSSVAGDALTR/2
871.435791912004,2,1006.73,1.24850008,QSEDLGSQFTEIFIK/2
940.4407482620039,2,1006.73,1.26322491,NDALEM[UNIMOD:35]VEETTWQGLK/2
920.957856973504,2,1006.73,1.25401766,ALFATETFAMGINMPAR/2
507.28747411029553,3,1007.474,0.87331656,VLAFLSSVAGDALTR/3
676.0333621629624,3,1007.474,0.87622986,IISSDRDLLAVVFYGTEK/3
795.9481412175041,2,1007.474,1.23605066,GQQELLYVVPFVAK/2
752.3881134270042,2,1007.474,1.2458349,EISGLWNELDSLK/2
671.991057153629,3,1008.217,0.8822841,YYGGAEVVDEIELLC[UNIMOD:4]QR/3
834.4355949300041,2,1008.217,1.25026741,DAVLYFSESLVPTAR/2
692.3519318886289,3,1008.217,0.87652664,TIQQC[UNIMOD:4]C[UNIMOD:4]ENILLNAAWLK/3
481.60491464129564,3,1008.217,0.87019241,LPDIFEAQIAGLR/3
899.0094584315041,2,1008.961,1.24863582,NVQALEIELQSQLALK/2
655.0250895832955,3,1008.961,0.89018215,NPELSTQLIDIIHTAAAR/3
761.963791298504,2,1008.961,1.24647545,VLLATLSIPITPER/2
793.924863055504,2,1008.961,1.24748937,IPVENILGEVGDGFK/2
850.374680034004,2,1008.961,1.24395963,AWMWLASDFSDGDAK/2
979.9945365805042,2,1009.705,1.25717243,GHYTEGAELVDSVLDVVR/2
915.979509262504,2,1009.705,1.24897112,MSINAEEVVVGDLVEVK/2
929.0402271805038,2,1009.705,1.25105164,ILDSFAAAPVPTTTLVLK/2
653.6654498759625,3,1010.448,0.87763673,GHYTEGAELVDSVLDVVR/3
773.4209020050041,2,1010.448,1.24348493,FGLEGC[UNIMOD:4]EVLIPALK/2
459.59060547529566,3,1010.448,0.86707903,ADVFHAYLSLLK/3
886.4321949790042,2,1011.192,1.246583,DPYTEQTISLFQAMK/2
769.7183252112956,3,1011.192,0.8936772,GFFDPNTHENLTYLQLLER/3
447.60139305729564,3,1011.192,0.86746369,VNILEVASGAVLR/3
874.465317883004,2,1011.192,1.25865833,EILIPVFKNMADAMR/2
924.4061855630041,2,1011.935,1.26168811,SNMDNMFESYINNLR/2
684.6772440062958,3,1011.935,0.87164322,NVIFEISPTEEVGDFEVK/3
781.894528442504,2,1011.935,1.23679174,NPFLSLAAC[UNIMOD:4]VMPSR/2
616.6065491976291,3,1012.679,0.88404857,SNMDNMFESYINNLR/3
715.3830540016289,3,1013.422,0.88643216,GIDVQQVSLVINYDLPTNR/3
730.361372922629,3,1013.422,0.8915324,GPLLVQDVVFTDEMAHFDR/3
602.9997699272957,3,1013.422,0.87935688,GLDIPEVDLVIQSSPPK/3
784.953954893504,2,1013.422,1.26292626,LASQANIAQVLAELK/2
946.982386366504,2,1013.422,1.25725815,LVSWYTLMEGQEPIAR/2
631.6573497332956,3,1013.422,0.88075991,LVSWYTLMEGQEPIAR/3
612.9709399059624,3,1014.166,0.87271955,DRPMEESLLLFEAMR/3
920.519993259004,2,1014.166,1.25026328,GLPLGSAVSSPVLFSPVGR/2
849.932885053504,2,1014.166,1.25393995,EGYVLTAVEGTIGDFK/2
819.4138052600041,2,1014.166,1.25345472,SLFEASQQLLNEMK/2
902.4961838150041,2,1014.909,1.24931259,TAVDSGIPLLTNFQVTK/2
590.9784232439624,3,1014.909,0.89512719,EMDLVGLGLHPLFSSR/3
966.4944692640041,2,1014.909,1.25209988,TIEEC[UNIMOD:4]EVILMVGLPGSGK/2
903.9960166575041,2,1014.909,1.25734011,GLDIPEVDLVIQSSPPK/2
937.4718514430041,2,1014.909,1.25678276,M[UNIMOD:35]SATFIGNSTAIQELFK/2
950.504737161004,2,1014.909,1.2572753,AVEGLLDATSGADADLLLR/2
644.6654049982957,3,1014.909,0.87448998,TIEEC[UNIMOD:4]EVILMVGLPGSGK/3
984.4927838310041,2,1015.653,1.26238427,IMEFTTTLLNTSPEGWK/2
909.4875015690042,2,1015.653,1.24819608,TLQGLEIELQSQLSMK/2
742.4457657180039,2,1015.653,1.23748829,QIALAVLSTELAVR/2
928.989254269504,2,1015.653,1.26946289,SVQNDSQAIAEVLNQLK/2
656.6642813762957,3,1015.653,0.88233244,IMEFTTTLLNTSPEGWK/3
443.286857313629,3,1015.653,0.84819191,RPLILQLIFSK/3
495.2996026342956,3,1015.653,0.86744878,QIALAVLSTELAVR/3
869.9359590695041,2,1016.396,1.2555857,EFNEEGALSVLQQFK/2
881.954151844504,2,1016.396,1.2417899,QGLLPLTFADPADYNK/2
580.293064868629,3,1016.396,0.87776271,EFNEEGALSVLQQFK/3
831.8952483465041,2,1016.396,1.25683513,FAQTMEFVEEYLR/2
716.3829425512957,3,1017.14,0.88401609,YLEVVLNTLQQASQAQVDK/3
982.000056162504,2,1017.14,1.26491795,GC[UNIMOD:4]FAVPMVHSTFLIDLR/2
734.934699496504,2,1017.884,1.23518906,EVDILISTALIPGK/2
655.002462930629,3,1017.884,0.88671038,GC[UNIMOD:4]FAVPMVHSTFLIDLR/3
770.895051347504,2,1018.628,1.23992151,VVIGMDVAASEFFR/2
702.0174947449624,3,1018.628,0.8730223,GMSLNLEPDNVGVVVFGNDK/3
771.9279370725039,2,1018.628,1.25392908,GVDEVTIVNILTNR/2
726.6883266742956,3,1018.628,0.88122079,GIGMGNIGPAGMGMEGIGFGINK/3
544.7740365584415,4,1018.628,0.75148131,AGYTDKVVIGMDVAASEFFR/4
514.9543835372956,3,1019.371,0.87968114,GVDEVTIVNILTNR/3
929.472382758004,2,1019.371,1.25907068,GEETPVIVGSALC[UNIMOD:4]ALEGR/2
619.9840139942957,3,1019.371,0.88020367,GEETPVIVGSALC[UNIMOD:4]ALEGR/3
945.485816076004,2,1019.371,1.24840851,GVIFGQTSSTFTFADLAK/2
583.341690365629,3,1019.371,0.88237441,GLAPVQAYLHIPDIIK/3
950.011478128504,2,1020.115,1.25546889,LFVSDGVPGC[UNIMOD:4]LPVLAAAGR/2
912.509291175004,2,1020.115,1.25790514,TTEPGVTGLLLAVEGPAAK/2
961.4754568020039,2,1020.115,1.2662012,EDQFQLSLLAAMGNTQR/2
825.4319980040041,2,1020.115,1.24853859,DFGEC[UNIMOD:4]VIALQASVIK/2
608.6752862722957,3,1020.115,0.87662341,TTEPGVTGLLLAVEGPAAK/3
809.429455291004,2,1020.858,1.2560462,VAGSVTELIQAAEAMK/2
672.3758994166288,3,1020.858,0.88372741,VAVLISGTGSNLQALIDSTR/3
961.020160465504,2,1021.602,1.26438085,LGAVFNQVAFPLQYTPR/2
781.7027416599623,3,1021.602,0.8995032,FFGEFTGFVDMC[UNIMOD:4]VQHIPSPK/3
725.8775189285041,2,1021.602,1.23742413,GVPLVYEAFNWR/2
738.3655954420041,2,1022.345,1.22972947,GFYEGIMLVDGFK/2
584.9819448119623,3,1022.345,0.89252001,AC[UNIMOD:4]TQLVDNLVEHILK/3
755.9512152335042,2,1023.089,1.24643133,NVIVLQTVLQEVR/2
796.4275729650042,2,1023.089,1.24819321,IGSFGPQEDLLFLR/2
712.0408511082957,3,1023.089,0.89230616,EAQTSFLHLGYLPNQLFR/3
995.979320699504,2,1023.089,1.25881876,NGIAFMGPPSQAMWALGDK/2
889.4354659720041,2,1023.833,1.26165029,GLGTDEDSLIEIIC[UNIMOD:4]SR/2
593.2927361369624,3,1023.833,0.88329542,GLGTDEDSLIEIIC[UNIMOD:4]SR/3
821.932696492504,2,1023.833,1.25779228,DNC[UNIMOD:4]PLVANLVTASLR/2
835.9265485075041,2,1023.833,1.25162669,LLTFYNLADC[UNIMOD:4]IAEK/2
970.019500140504,2,1023.833,1.2531913,LPDMLNAEIVLGNVQNAK/2
960.4818932230041,2,1023.833,1.24696641,ELVQVQTLMDNMTLER/2
935.465080637004,2,1024.576,1.25771525,ESDTGLAPPALWDLAADK/2
678.6741682762957,3,1024.576,0.89120586,YNFLPEALDFVGVHQER/3
955.9456664275041,2,1024.576,1.24446364,SDGEMVLPGFPDADSFVK/2
872.9776269545041,2,1025.32,1.24442586,GVLLEIEDLQVNQFK/2
873.469634699004,2,1025.32,1.24744168,VVDFIDEGVNIGLEVK/2
770.4093801592957,3,1026.063,0.89054854,GVPQIEVTFDIDANGIVHVSAK/3
947.9825833405039,2,1026.807,1.26468726,IGLSVSEVIEGYEIAC[UNIMOD:4]R/2
970.473871197004,2,1026.807,1.25831815,VSPDMAIFITMNPGYAGR/2
918.464026404004,2,1026.807,1.25254448,TWTLELSPELASMTTR/2
865.4451053780042,2,1026.807,1.25156111,YGAATANYMEVVSLLK/2
779.3970925960041,2,1026.807,1.23631567,VLYLLELYC[UNIMOD:4]EDK/2
632.3241477159622,3,1027.55,0.88540437,IGLSVSEVIEGYEIAC[UNIMOD:4]R/3
647.3183396202957,3,1027.55,0.8822552,VSPDMAIFITMNPGYAGR/3
858.455473127004,2,1028.294,1.24351971,WTMLITQLPDIQEK/2
779.7262690352958,3,1028.294,0.88715828,YAPTEAQLNAVDALIDSM[UNIMOD:35]SLAK/3
956.980563580504,2,1029.037,1.25524094,LGGSLADSYLDEGFLLDK/2
889.985983336504,2,1029.037,1.2514475,TLQLLNDLSIGYSSVR/2
830.903930661504,2,1029.781,1.23981474,EVWFFGLQYQDTK/2
814.9394589135042,2,1029.781,1.24071988,FGDPEC[UNIMOD:4]QVILPLLK/2
809.4697721450041,2,1029.781,1.25897407,LALLLSQFVGSQSVR/2
891.9441184865041,2,1029.781,1.26312,WGTDEAQFIYILGNR/2
458.9187221059624,3,1029.781,0.86272131,VHLEDVFQLFK/3
592.3171046012957,3,1030.525,0.88001326,LTAIDILTTC[UNIMOD:4]AADIQR/3
703.863851079504,2,1030.525,1.24079333,MLLC[UNIMOD:4]EAVAAVMAK/2
593.0037373006289,3,1030.525,0.89259759,AGLLVLAVLSDGAGDHIR/3
973.9820520405042,2,1031.268,1.25023103,IAQDLEMYGINYFEIK/2
805.934176574504,2,1031.268,1.24336862,YFLVGAGAIGC[UNIMOD:4]ELLK/2
887.972018668504,2,1031.268,1.25820027,LTAIDILTTC[UNIMOD:4]AADIQR/2
783.4081885690041,2,1031.268,1.25197357,TSSMEISSILQELK/2
537.6252098719623,3,1031.268,0.86802873,YFLVGAGAIGC[UNIMOD:4]ELLK/3
817.9430558575041,2,1032.755,1.25547675,LFADAVQELLPQYK/2
456.9330312886289,3,1032.755,0.87460597,LDNLVAILDINR/3
757.4146625730039,2,1032.755,1.25453519,SLEELLLDANQLR/2
707.9188524985041,2,1034.242,1.23414491,IVILPDYLEIAR/2
738.0315810256288,3,1034.242,0.88258617,TSETGIVDQVMVTLNQEGYK/3
948.413144922004,2,1034.242,1.24364633,FDVFYC[UNIMOD:4]MNITDIDDK/2
741.7256578126289,3,1034.986,0.89268438,ELGGLGMLSMGHVLIPQSDLR/3
854.9306767265041,2,1035.729,1.25429842,EFNEDGALAVLQQFK/2
914.9888603365041,2,1035.729,1.26234974,ALLLAQWAWQEGSVTR/2
661.984236889629,3,1035.729,0.89972455,DFGLYVVNMFDTHQAAR/3
853.9371131835042,2,1035.729,1.23899936,ALDELMDGDIIVFQK/2
841.942729856504,2,1035.729,1.24859529,DMEALNVLPPDVLTR/2
939.9903999315042,2,1035.729,1.24121432,EYVLPSFEVIVEPTEK/2
939.0225657885039,2,1036.472,1.25798523,LTSIIFAEDITTGQVLR/2
744.3928959819623,3,1036.472,0.87969451,NIHVC[UNIMOD:4]LGGLFVPEAYITATR/3
790.445765686004,2,1036.472,1.24009646,ASVVTLPVYLNFTR/2
633.3282265149624,3,1036.472,0.90159057,TSLIQWLAAATGNHC[UNIMOD:4]VR/3
740.3552305126291,3,1036.472,0.87718857,LGVENC[UNIMOD:4]YFPMFVSQSALEK/3
759.3976238740041,2,1037.216,1.24976742,NILEESLC[UNIMOD:4]ELVAK/2
822.468717904004,2,1037.216,1.24312918,GVLMAGLYPNLIQVR/2
853.449036634004,2,1037.959,1.25279654,DAVITVPVFFNQAER/2
787.452733470004,2,1037.959,1.24911221,LLLLDTVTMQVTAR/2
691.682223572629,3,1037.959,0.88126473,VTIAQGYDALSSMANIAGYK/3
841.481490882004,2,1039.447,1.23625412,VTMINAIPVASLDPIK/2
896.944846748504,2,1039.447,1.2681962,GDADQASNILASFGLSAR/2
863.977961305504,2,1039.447,1.24476977,QLLQANPILEAFGNAK/2
824.428104312004,2,1039.447,1.2417942,QVGYEDQWLQLLR/2
872.444051117004,2,1039.447,1.24543985,VNEM[UNIMOD:35]IIGGGMAFTFLK/2
598.2989899879623,3,1039.447,0.88615421,GDADQASNILASFGLSAR/3
821.983669436504,2,1040.19,1.23876002,IVFVPGC[UNIMOD:4]SIPLTIVK/2
619.0156429139623,3,1040.19,0.88876474,LLTSLFQDLQVEALHK/3
562.286088294629,3,1040.19,0.87188163,YFDTVPVAAAMC[UNIMOD:4]VLK/3
833.8838263795042,2,1040.19,1.22375808,LLQSPC[UNIMOD:4]PFC[UNIMOD:4]DSPVF/2
743.429781258004,2,1040.19,1.25141695,LDLSVTEAVVAGIAK/2
690.3635479819623,3,1040.934,0.88098185,EDVHISTSQVAEIVATLEK/3
911.9825833155039,2,1040.934,1.2587553,TGIVDISILTTGMSATSR/2
842.9254942085041,2,1040.934,1.2484525,YFDTVPVAAAMC[UNIMOD:4]VLK/2
801.910178515504,2,1040.934,1.24089529,DLGVFIPAPMAQGMR/2
761.421620143629,3,1040.934,0.89219302,IASSIVAQTAGIPTLPWSGSGLR/3
560.9859065899624,3,1040.934,0.88685764,DILLVNDHLLNFVR/3
495.9556129942957,3,1040.934,0.87272962,LDLSVTEAVVAGIAK/3
944.0147407755042,2,1043.165,1.25886236,ITISPLQELTLYNPER/2
584.9623273592957,3,1043.908,0.87210638,VGEVTYVELLMDAEGK/3
711.4343353560041,2,1043.908,1.23173945,VLAPELIPSILEK/2
876.9398528055041,2,1044.652,1.25068702,VGEVTYVELLMDAEGK/2
678.389591734629,3,1044.652,0.88851881,IAQPGDHVSVTGIFLPILR/3
843.962076741504,2,1044.652,1.23561758,LIMAMQTLIPIDEAK/2
927.949066427504,2,1044.652,1.24669606,TPEEVIEYSAVFWER/2
778.4368864230041,2,1045.395,1.24183342,LAVVDPLFGMQPIR/2
845.935959088504,2,1045.395,1.26334045,DGENYVVLLDSTLPR/2
564.2930648812957,3,1045.395,0.8856443,DGENYVVLLDSTLPR/3
885.369899931004,2,1046.138,1.2655054,DMGEDLEC[UNIMOD:4]LC[UNIMOD:4]QIMR/2
590.9805983039623,3,1046.138,0.89095387,DLLDTVLPHLYNETK/3
842.433052243004,2,1046.138,1.24602554,TQGFLALFSGDTGEIK/2
618.9684697739623,3,1046.138,0.87325631,TPEEVIEYSAVFWER/3
775.7243112886289,3,1046.138,0.88756417,IPEIWEGHNIADYIDPAIMK/3
962.4946066570039,2,1046.882,1.25772691,LAM[UNIMOD:35]QEFMILPVGAANFR/2
641.9988299269625,3,1046.882,0.88146157,LAMQEFM[UNIMOD:35]ILPVGAANFR/3
818.464489784004,2,1046.882,1.25698817,AGEQLAPFLPQLVPR/2
641.9988299269622,3,1046.882,0.88082055,LAM[UNIMOD:35]QEFMILPVGAANFR/3
856.472511751004,2,1046.882,1.24457246,QVVNQVWEAADVLIK/2
885.967259222504,2,1046.882,1.27416308,DLLDTVLPHLYNETK/2
571.3174333229623,3,1046.882,0.86804204,QVVNQVWEAADVLIK/3
595.0048553299624,3,1047.626,0.88898813,IEVPLYSLLEQTHLK/3
638.6549966722956,3,1047.626,0.90207264,YLQDLLAWVEENQHR/3
957.478856775004,2,1047.626,1.28840098,YLQDLLAWVEENQHR/2
550.6371659629623,3,1048.369,0.87965774,HDADGQATLLNLLLR/3
904.9374475575041,2,1048.369,1.25607285,YC[UNIMOD:4]YLQNEVFGLFQK/2
825.452110711004,2,1048.369,1.25843842,HDADGQATLLNLLLR/2
892.0036447615041,2,1049.113,1.27053823,IEVPLYSLLEQTHLK/2
761.429781310004,2,1049.856,1.25669539,TLAESALQLLYTAK/2
712.7209011882956,3,1049.856,0.90066008,VVIEAC[UNIMOD:4]DELGIILAHTNLR/3
812.9452641645041,2,1050.6,1.24821657,LDDIFEPVLIPEPK/2
933.9854519395041,2,1050.6,1.25087209,VGDGVYLPPEAFTFNIK/2
736.0633213896289,3,1050.6,0.88082845,TSGTLISFIYPAQNPELLNK/3
904.9900144705041,2,1051.344,1.25846915,AIIASNIMYIVGQYPR/2
603.6624351359624,3,1051.344,0.8841069,AIIASNIMYIVGQYPR/3
909.480868082004,2,1052.831,1.25357176,AVPVWDVLASGYVSGAAR/2
580.9940733199624,3,1052.831,0.8745912,ALPGMGTTIDVILINGR/3
948.4729056460039,2,1053.574,1.25580183,EGETYFDVVAVVDPVTR/2
943.0049042885039,2,1053.574,1.27677964,DIGEGNLSTAAAAALAAAAVK/2
967.025108408504,2,1054.318,1.25785041,AAVATFLQSVQVPEFTPK/2
859.9371131805041,2,1054.318,1.24981204,VEQMFQILLDPEEK/2
893.9796467265039,2,1054.318,1.25567228,LGMPQFLSPEAQSLLR/2
677.0458249992956,3,1054.318,0.88117375,EAGFLRPVTIFGPIADVAR/3
606.656337543629,3,1054.318,0.87810429,AVPVWDVLASGYVSGAAR/3
870.9874717465041,2,1054.318,1.24670457,ALPGMGTTIDVILINGR/2
645.0191644279623,3,1055.061,0.87954423,AAVATFLQSVQVPEFTPK/3
853.9334163805041,2,1055.061,1.24705262,QNDQVSFASLVEELK/2
589.309950023629,3,1055.061,0.88295596,TQYSSAMLESLLPGIR/3
959.5193329560041,2,1055.805,1.25968807,TC[UNIMOD:4]ATVTIGGINIAEALVSK/2
919.4757827700039,2,1055.805,1.26659503,TYDLPGNFLTQALTQR/2
883.461286802004,2,1055.805,1.26082915,TQYSSAMLESLLPGIR/2
613.3196140022956,3,1055.805,0.88648187,TYDLPGNFLTQALTQR/3
926.9832436095041,2,1056.548,1.2597578,FVEFFGPGVAQLSIADR/2
777.3926759040041,2,1056.548,1.24915102,EMGLSLQWLYSAR/2
768.7266033769623,3,1056.548,0.88742586,TVSEWISQMATLPQASNLATR/3
720.7089899682956,3,1056.548,0.88365006,SFKPDFGAESIYGGFLLGVR/3
708.0419746776291,3,1056.548,0.89067939,TVQVVPHITDAIQEWVMR/3
816.4250302780042,2,1056.548,1.24734219,QYVYGVLFSLAESR/2
731.4192166050042,2,1057.292,1.24366355,GNLEVLLFTIQSK/2
681.0152026719624,3,1057.292,0.89155066,EVLPLAFLGMHEIADEEK/3
827.4370833580041,2,1058.036,1.24221478,NFLVFQGAVESIAMK/2
775.442168769004,2,1058.036,1.24164833,VPGLPTPIENMILR/2
531.6556093079624,3,1058.036,0.88733281,LLGQFTLIGIPPAPR/3
796.9797757285041,2,1058.036,1.26443111,LLGQFTLIGIPPAPR/2
700.7524186436289,3,1058.78,0.8801582,LVNQQLLADPLVPPQLTIK/3
795.424695880004,2,1058.78,1.25201802,IAPSFAVESIEDALK/2
530.6188894089623,3,1058.78,0.87348395,IAPSFAVESIEDALK/3
729.0389529106291,3,1059.523,0.88359387,DFSHDDTLDVPTQVELLIK/3
858.435594911004,2,1060.267,1.25556128,LTEVSISSDAFFPFR/2
925.4569212540041,2,1060.267,1.26112318,VDLTLDWLTETSEEAK/2
555.2982617069624,3,1061.011,0.88398092,LLNNAFEELVAFQR/3
913.504540211004,2,1061.754,1.26188963,ENDAVTIQVLNQLIQK/2
832.4437543270042,2,1061.754,1.26284834,LLNNAFEELVAFQR/2
930.9798436765041,2,1061.754,1.25359173,ALQEWILETDGVSLMR/2
609.338785629629,3,1062.498,0.88166471,ENDAVTIQVLNQLIQK/3
780.953423581504,2,1062.498,1.2426278,DIVISVGIYNLVQK/2
696.3891515186289,3,1062.498,0.88262427,VLVLLSGGVDSTVC[UNIMOD:4]TALLNR/3
748.730565185629,3,1062.498,0.88739421,HLEVQILADQYGNAISLFGR/3
764.379234160004,2,1063.241,1.24192584,DVDFMYVELIQR/2
597.2859824389624,3,1063.241,0.8887729,GMFEVLEPLHAMMER/3
949.925788265504,2,1063.241,1.26063912,LNFEAAWDEVGDEFEK/2
921.495129597004,2,1063.985,1.24693617,WLLLC[UNIMOD:4]NPGLADTIVEK/2
900.504343249004,2,1063.985,1.25280228,NNGVLFENQLLQIGLK/2
701.7029590279623,3,1064.729,0.87294656,AAPC[UNIMOD:4]IYWLPLTDSQIVQK/3
898.468580488004,2,1065.472,1.23992773,GQELIYAGMPITEVFK/2
772.7191144282956,3,1065.472,0.88024003,EDVGTVVGIDLGTTYSC[UNIMOD:4]VGVFK/3
725.7388377519624,3,1065.472,0.88452559,KFESEILEAISQNSVVIIR/3
603.8404051859414,4,1066.215,0.7698482,QWLDLHLHQEIPTSLLILSR/4
702.3686333926289,3,1066.215,0.88848824,FLEVQYLTGGLIEPDTPGR/3
578.3245879212956,3,1066.959,0.89140737,ENIVEAIIHSPELIR/3
706.0019112849623,3,1066.959,0.87662009,LC[UNIMOD:4]YGLNMDFVDPAQITMK/3
914.4836077890039,2,1068.447,1.25892357,ALTLQDLDNIWAAQAGK/2
866.983243648504,2,1068.447,1.26998018,ENIVEAIIHSPELIR/2
814.890823283504,2,1069.19,1.23207914,QEFEFWYPVDLR/2
913.495986869004,2,1069.934,1.25274993,YGLVFAGGASGLQIFPTK/2
963.0331304805039,2,1069.934,1.25530825,TLDQISDADNIPGLLVLK/2
909.9706300455041,2,1069.934,1.25475518,IDMVPELLSSNLC[UNIMOD:4]SLK/2
777.0218111812956,3,1069.934,0.88615159,LMSSNSTDLPLNIEC[UNIMOD:4]FMNDK/3
864.4554731220042,2,1070.677,1.2447835,SELALSALGGC[UNIMOD:4]VFYLK/2
929.4743941280042,2,1071.421,1.26004287,MSATFIGNSTAIQELFK/2
769.892174368504,2,1071.421,1.24290431,DMLEAGILDTYLGK/2
468.2514839332957,3,1071.421,0.88074121,DTGIFLDLMHLK/3
482.5975427576289,3,1071.421,0.88121109,SNEILTAIIQGMR/3
705.931959860504,2,1071.421,1.2443429,LLSLISIALPENK/2
619.9853549076291,3,1071.421,0.87932464,MSATFIGNSTAIQELFK/3
833.9723445995041,2,1072.165,1.2503513,GPTPAILESLISINNK/2
492.3107855399623,3,1072.165,0.86045391,HLGVILPAVMLALK/3
624.3351525852956,3,1072.908,0.90082948,VEFATLQEALAHALTEK/3
816.4355949470039,2,1072.908,1.24722983,FDLLVDANDVILER/2
704.0261017169623,3,1072.908,0.89119773,WGLLSMPVDEEVESLHLR/3
908.501800572004,2,1073.652,1.2587804,AFLQGGQEATDIALLLR/2
747.7148036372956,3,1073.652,0.90384835,GIPVELWAHYVEELNSTQR/3
994.0062554095041,2,1073.652,1.25636464,LDVSIEMPEELDISQLR/2
806.878544064504,2,1074.395,1.24661435,VLDILEDYC[UNIMOD:4]MWR/2
606.0036258702957,3,1074.395,0.88064134,AFLQGGQEATDIALLLR/3
683.6590901672956,3,1075.883,0.88422234,SMEAEMIQLQEELAAAER/3
721.3685275249622,3,1075.883,0.89319051,ETEHC[UNIMOD:4]VSLSLAQLSATIFR/3
972.4861504390041,2,1076.626,1.26936347,WFGFLEAQQAFQSVGTK/2
962.4946066570042,2,1076.626,1.25766488,LAMQEFM[UNIMOD:35]ILPVGAANFR/2
975.0060584235041,2,1076.626,1.26428335,FSLALEC[UNIMOD:4]GNIEIALEAAK/2
746.4188822570039,2,1076.626,1.23730126,ETIEILFSEGLIK/2
589.6769615806289,3,1076.626,0.89028343,QELLGWLAEKLPTLR/3
943.4900441960041,2,1077.37,1.25611674,M[UNIMOD:35]AVTFIGNSTAIQELFK/2
942.4382055540042,2,1077.37,1.26393937,DLDFANDASSMLASAVEK/2
830.451245011004,2,1078.114,1.24895818,ATSFLLALEPELEAR/2
855.9587059035041,2,1078.114,1.23576019,FQFLYDVQVPIVDK/2
976.4645577060041,2,1078.114,1.26472653,GPELLTM[UNIMOD:35]WFGESEANVR/2
698.4050189046288,3,1078.857,0.8796209,VYSPHVLNLTLIDLPGITK/3
982.9311789225039,2,1078.857,1.26324479,AAFEC[UNIMOD:4]MYTLLDSC[UNIMOD:4]LDR/2
650.3302901306289,3,1078.857,0.90321028,DDIINIFSVASGHLYER/3
948.965021756504,2,1078.857,1.25456587,SELLMIIQMETQSSMR/2
651.3121306262957,3,1079.601,0.88409604,GPELLTM[UNIMOD:35]WFGESEANVR/3
986.5361746940039,2,1081.088,1.28984488,IAALQAFADQLIAAGHYAK/2
949.4701660280041,2,1081.088,1.25481134,EYEIPSNLTPADVFFR/2
759.076685002629,3,1081.088,0.90375282,LYELYLQLLLHQDQMVQK/3
741.0357264219624,3,1081.088,0.88320602,MQAQAMLEGSPQLNMVGLFR/3
658.0265419516289,3,1081.832,0.90051894,IAALQAFADQLIAAGHYAK/3
770.924134808504,2,1081.832,1.23989436,FASFPDYLVIQIK/2
764.4007732172955,3,1081.832,0.90661082,EGLAVAEEALVDHVAELTATPR/3
990.469643032004,2,1082.575,1.23924927,FSAPVVPSSFNFGGPAPGMN/2
519.6408599072957,3,1083.319,0.88270685,GVMLAVDAVIAELKK/3
778.9576516275041,2,1083.319,1.26098013,GVMLAVDAVIAELKK/2
621.322912655629,3,1083.319,0.87752732,EVLQALEELAVNYDQK/3
789.7590720439622,3,1083.319,0.88550485,NQILNLTTDNANILLQIDNAR/3
931.4807307500041,2,1083.319,1.25525376,EVLQALEELAVNYDQK/2
959.494272309004,2,1084.062,1.24214259,VDYIMQLPVPMDAALNK/2
805.403429141004,2,1084.062,1.24333571,DLYEDELVPLFEK/2
673.359080841629,3,1084.806,0.88347682,IIGLDQVAGMSETALPGAFK/3
937.9677905325041,2,1085.55,1.25545834,DPELWGSVLLESNPYR/2
743.4180985836289,3,1085.55,0.89321275,HDHAVSLLTAASPTIALLLER/3
760.961582942504,2,1086.293,1.25624435,AVPLALALISVSNPR/2
842.427435571004,2,1086.293,1.26156435,FLGLLYELEENTDK/2
853.4672294410041,2,1086.293,1.25627236,LQFDVSSPNGILLFR/2
721.6916646352956,3,1086.293,0.88224701,EIFDIAFPDEQAEALAVER/3
538.2871397639624,3,1086.293,0.87318316,ESYVETELIFALAK/3
806.9270714125041,2,1087.037,1.24993426,ESYVETELIFALAK/2
550.9848495272958,3,1087.037,0.8786177,SPLVAAMQHFLPVLK/3
507.64348078396233,3,1087.037,0.88305786,AVPLALALISVSNPR/3
982.4734369980042,2,1087.037,1.27587221,FAGGDYTTTIEAFISASGR/2
656.6847329616289,3,1087.037,0.88558463,DQLSVLENGVDIVVGTPGR/3
655.3180501542957,3,1087.037,0.89046146,FAGGDYTTTIEAFISASGR/3
971.043832583504,2,1087.78,1.25928423,LYQGINQLPNVIQALEK/2
859.4483679410041,2,1087.78,1.25565282,ALFEEVPELLTEAEK/2
774.445234390004,2,1087.78,1.24189394,FQEFSNIVIPLIK/2
684.0102287849624,3,1087.78,0.8779644,DVMQQQLAEYQELLDVK/3
989.472382817004,2,1087.78,1.25940644,QEMLVQYLQDAYSFSR/2
515.2539989189623,3,1087.78,0.89204283,SWWDAVC[UNIMOD:4]TLIHR/3
825.9736360575041,2,1088.524,1.25609064,SPLVAAMQHFLPVLK/2
987.016623067504,2,1088.524,1.2586722,GEPVSAEDLGVSGALTVLMK/2
955.458606733004,2,1088.524,1.24910225,DLELEMGDDYILDLQK/2
628.3421957452956,3,1089.268,0.88316469,ILAIGLINEALDEGDAQK/3
704.0018447322958,3,1090.011,0.9042829,YNLEELYQAVENLC[UNIMOD:4]SHK/3
942.009655384504,2,1090.011,1.26641361,ILAIGLINEALDEGDAQK/2
708.3807674932958,3,1090.755,0.88824558,VQHQDALQISDVVMASLLR/3
952.0303908275039,2,1090.755,1.2601977,SNLAYDIVQLPTGLTGIK/2
486.26466947596236,3,1090.755,0.893778,DALSDLALHFLNK/3
635.0226860406289,3,1090.755,0.87995505,SNLAYDIVQLPTGLTGIK/3
955.053865919504,2,1091.499,1.27102021,IIIEELSLVAASPTLSPR/2
637.0383361019623,3,1091.499,0.89095789,IIIEELSLVAASPTLSPR/3
743.9532265975042,2,1093.73,1.2470646,VISGVLQLGNIVFK/2
743.7264863419623,3,1093.73,0.88097534,GAIETYQEVASLPDVPADLLK/3
765.924331775504,2,1094.473,1.2400864,SIFGDALLIEPLDK/2
927.4752514610042,2,1094.473,1.28802408,DFQQALYELSYHVIK/2
955.0012989495041,2,1095.217,1.25004018,SLVASLAEPDFVVTDFAK/2
618.652593129629,3,1095.217,0.90113874,DFQQALYELSYHVIK/3
976.5329633060041,2,1095.96,1.25627476,TYLTITDTQLVNSLLEK/2
930.996350990504,2,1095.96,1.26535203,VTWLVSWTENIQGSIK/2
757.8998024135041,2,1096.704,1.24188035,FQSISTEFLALMK/2
568.6310235322957,3,1096.704,0.88366443,EIELPSGQLMGLFNR/3
946.984071747504,2,1097.447,1.25286967,SMMGGGLAEIPGLSINFAK/2
841.9956227245041,2,1097.447,1.25103301,VNALLPTETFIPVIR/2
852.442897065004,2,1097.447,1.25832505,EIELPSGQLMGLFNR/2
754.0533735102955,3,1097.447,0.88729171,SINPDEAVAYGAAVQAAILSGDK/3
780.9666683205039,2,1097.447,1.25903492,GALINVPPPFLGLPR/2
921.4620067030041,2,1097.447,1.25811925,SAIYQLEEEYENLLK/2
528.3102787706289,3,1098.191,0.8763098,QVLLSAAEAAEVILR/3
919.987668736504,2,1098.191,1.25747571,C[UNIMOD:4]YILSTADNVLTLSLR/2
560.000611073629,3,1098.191,0.88986915,FLTLPPVLHLQLMR/3
808.9500236085041,2,1098.191,1.25232503,TMLETEEGILLLVR/2
705.0599112632955,3,1098.191,0.88700426,IFPAALQLVASGTVQLGENGK/3
556.0310338111914,4,1098.191,0.75501364,DAGIEPGPDTYLALLNAYAEK/4
791.9617799225039,2,1098.934,1.25186335,QVLLSAAEAAEVILR/2
703.7231877079622,3,1100.422,0.88091124,EDLQPVQIQSLETLGVLAR/3
593.977254753629,3,1100.422,0.86824681,EFQQYLPVVMGPLMK/3
590.334095572629,3,1101.165,0.87956403,LEDVALQILLAC[UNIMOD:4]PVSK/3
987.992428101504,2,1101.165,1.27199256,AVEC[UNIMOD:4]C[UNIMOD:4]PTSVELWLALAR/2
728.0959624349624,3,1101.165,0.88941507,TLAGLPLLVAYKEDEIPVLK/3
884.9975051255041,2,1101.908,1.26106782,LEDVALQILLAC[UNIMOD:4]PVSK/2
786.7252568789622,3,1101.908,0.89848283,GTELWLGVDALGLNIYEHDDK/3
890.4622438970041,2,1101.908,1.23813063,EFQQYLPVVMGPLMK/2
747.904887815504,2,1101.908,1.23837569,TFC[UNIMOD:4]QLILDPIFK/2
745.3861297462955,3,1101.908,0.87866139,EVSDGIIAPGYEEEALTILSK/3
719.7198890372957,3,1101.908,0.88906006,AHQANQLYPFAISLIESVR/3
742.047671303629,3,1101.908,0.89442713,VSIEPNFHSLYSNFLDTLK/3
658.997377556629,3,1101.908,0.88945976,AVEC[UNIMOD:4]C[UNIMOD:4]PTSVELWLALAR/3
890.4856191470042,2,1102.652,1.26756489,IFSFLLNTLQENVNK/2
684.0128496269623,3,1103.396,0.88445045,TTQVPQFILDDFIQNDR/3
987.5324403790039,2,1103.396,1.26654718,VISTDLSIADC[UNIMOD:4]LLPITSR/2
775.966865318504,2,1104.139,1.25968713,ALLLLLVGGVDQSPR/2
965.006778344504,2,1104.883,1.26297249,LLQTDDEEEAGLLELLK/2
622.3173274639624,3,1104.883,0.89895727,DTTALSFFHMLNGAALR/3
904.9738330385042,2,1104.883,1.25209462,IVAQVWPFLGQYMEK/2
854.4318010980039,2,1105.626,1.25122676,LQYFMEQFYGIIR/2
643.6736110519623,3,1105.626,0.87911886,LLQTDDEEEAGLLELLK/3
813.9207432435041,2,1105.626,1.25744148,SFLGLTC[UNIMOD:4]LMQISTR/2
872.490567139004,2,1106.37,1.25677845,TVEELLETGLIQVATK/2
851.963465325504,2,1106.37,1.25704693,DAAAFLLSC[UNIMOD:4]QIPGLVK/2
581.9961369149623,3,1106.37,0.87555893,TVEELLETGLIQVATK/3
906.978158255504,2,1107.113,1.25837341,DPNNSLTLWVIDQGLK/2
879.4353688260042,2,1107.113,1.24921871,LYTVC[UNIMOD:4]DVAMNIIMSK/2
711.0284603912955,3,1107.857,0.87951273,MLLDPMGGIVMTNDGNAILR/3
766.0595825022956,3,1107.857,0.89444185,GAGSYTIMVLFADQATPTSPIR/3
682.6735051649624,3,1108.601,0.88378477,ADAVQDSEMVELVELEIR/3
803.7049223346289,3,1108.601,0.90054662,QWGLC[UNIMOD:4]IFDDVIEHC[UNIMOD:4]SPASFK/3
562.9702565319623,3,1108.601,0.88718069,FDLLWLIQDRPDR/3
968.4429650280042,2,1109.344,1.26234861,DC[UNIMOD:4]GEDGLC[UNIMOD:4]ISDLVLDVR/2
744.0560609442956,3,1109.344,0.89726526,VTVNTNMVDLNDYLQHILK/3
701.700494488629,3,1109.344,0.88825146,QSTTHLADGPFAVLVDYIR/3
971.5249496980041,2,1110.088,1.2602917,LNIISNLDC[UNIMOD:4]VNEVIGIR/2
790.4163395690041,2,1110.088,1.23802367,EELEALFLPYDLK/2
865.3875904560041,2,1110.088,1.25831734,FFWEMAEEEGWIR/2
834.453787685004,2,1110.831,1.26527685,LGFAGLVQEISFGTTK/2
648.0190586209624,3,1110.831,0.88206134,LNIISNLDC[UNIMOD:4]VNEVIGIR/3
871.942729844504,2,1110.831,1.25017147,GMVFSINLGFSDLTNK/2
578.0453182521914,4,1111.575,0.75220285,QGQYSPMAIEEQVAVIYAGVR/4
805.4150967030041,2,1111.575,1.25136336,LSSMNPAFVMPFLR/2
569.0185476599623,3,1111.575,0.87943411,LILPHVPAILQYLSK/3
824.9796383335041,2,1112.318,1.25596378,IVDGPDPENIILILK/2
930.967267626504,2,1113.062,1.2532381,ENLWLNLTDGSILC[UNIMOD:4]GR/2
644.3204032432957,3,1113.062,0.87438638,HLM[UNIMOD:35]LPDFDLLEDIESK/3
809.4010238170041,2,1113.062,1.23850769,EVWFFGLQYVDSK/2
810.9094099755041,2,1113.062,1.2513165,DDYELIDVLVNNAK/2
816.903793299504,2,1114.549,1.21672922,ESPESEGPIYEGLIL/2
680.3955778339624,3,1114.549,0.88808138,LMQITSLHSLNAFLLPIK/3
942.004707317504,2,1115.293,1.28365391,DLPVTEAVFSALVTGHAR/2
752.3527659899623,3,1115.293,0.90677651,VFSDVMEDLYNYINPHNGK/3
741.3346065109625,3,1115.293,0.88759344,EAC[UNIMOD:4]PELDYFVVFSSVSC[UNIMOD:4]GR/3
877.4414085920039,2,1116.036,1.26760067,DINQEVYNFLATAGAK/2
899.525275671004,2,1116.036,1.27202157,LSLSNAISTALPLTQLR/2
600.0192759362957,3,1116.036,0.89135281,LSLSNAISTALPLTQLR/3
688.6880316349625,3,1116.036,0.88497597,VFQTEAELQEVISDLQSK/3
717.3769115649624,3,1116.78,0.88765845,VANAESLNAIGVLIYMDQTK/3
731.9294171365041,2,1116.78,1.24928599,IDISAVVAYTIAVK/2
968.4671003910041,2,1116.78,1.26243168,GPELLTMWFGESEANVR/2
628.3388970339623,3,1116.78,0.90075164,DLPVTEAVFSALVTGHAR/3
902.4800024380041,2,1117.523,1.24419581,NEFIPTNFEILPLEK/2
690.010451643629,3,1118.267,0.9019132,SDMNTVLNYIFSHAQVTK/3
771.456133457004,2,1118.267,1.25033589,VSLLNEQFLPLIR/2
952.522398634004,2,1119.011,1.25933273,LLLQGEADQSLLTFIDK/2
766.3492444312957,3,1119.011,0.90003039,DFWELASLDC[UNIMOD:4]YNHLAEWK/3
849.972875924504,2,1119.011,1.24948875,QNGTVVGTDIAELLLR/2
969.004372972504,2,1119.754,1.26504227,FALGIFAINEAVESGDVGK/2
924.486150479004,2,1119.754,1.26988952,VGGYILGEFGNLIAGDPR/2
703.3746699276289,3,1119.754,0.90592845,GAVEALAAALAHISGATSVDQR/3
900.019294806504,2,1119.754,1.25731438,LLLEAQAATGFLLDPVK/2
985.9618478595041,2,1119.754,1.26573081,EGTYDGSWALADVMSQLK/2
616.659859141629,3,1119.754,0.88776845,VGGYILGEFGNLIAGDPR/3
657.6436573952957,3,1119.754,0.88347842,EGTYDGSWALADVMSQLK/3
977.4982036300039,2,1120.498,1.25664661,FQIYFDNC[UNIMOD:4]PLLTIPGR/2
727.6784790979623,3,1120.498,0.88081025,MSNYDTDLFVPYFEAIQK/3
769.9236118915039,2,1120.498,1.24709835,SLMPYFLLTQAVR/2
699.3563934402956,3,1120.498,0.8845934,LDEIFQTGLVAYVDLDER/3
903.940187180504,2,1121.241,1.26307457,ALYDTFSAFGNILSC[UNIMOD:4]K/2
773.447974047004,2,1121.241,1.24676078,GIPLDFSSSLGIIVK/2
602.9625502759624,3,1121.241,0.88272016,ALYDTFSAFGNILSC[UNIMOD:4]K/3
753.6888264779623,3,1121.241,0.88475148,EYQVETIVDTLC[UNIMOD:4]TNMLSDK/3
930.0104154975041,2,1121.985,1.2568057,LFEMVLGPAAYNVPLPK/2
928.9985677275038,2,1122.728,1.26856237,MSQVAPSLSALIGEAVGAR/2
829.959237200504,2,1122.728,1.26228654,AAVENLPTFLVELSR/2
813.934896444504,2,1122.728,1.25025964,TIEYLEEVAITFAK/2
652.0012279089623,3,1122.728,0.88096773,FQIYFDNC[UNIMOD:4]PLLTIPGR/3
553.6419169559623,3,1122.728,0.88493858,AAVENLPTFLVELSR/3
619.6681373072955,3,1122.728,0.88612933,MSQVAPSLSALIGEAVGAR/3
543.2794860854415,4,1122.728,0.7692346,SVAHVTEADLFHTIETLMR/4
864.446593802004,2,1123.471,1.24198259,VNEMIIGGGMAFTFLK/2
576.633488023629,3,1123.471,0.86727206,VNEMIIGGGMAFTFLK/3
595.6595247799623,3,1123.471,0.88368199,NEILDEVISLSQVTPK/3
493.02428316369156,4,1123.471,0.76267595,QEIIEQLLSNIFHKEK/4
717.029734770629,3,1123.471,0.89696207,AAPLDSIHSLAAYYIDC[UNIMOD:4]IR/3
681.0343743139623,3,1124.215,0.86946785,LPVVIGGLLDVDC[UNIMOD:4]SEDVIK/3
578.2957523032957,3,1124.96,0.87255477,YHDMPDVIDFLVLR/3
965.5358403120039,2,1124.96,1.2613519,EPLFGISTGNLITGLAAGAK/2
785.9512152395041,2,1124.96,1.24769491,ISLPLPNFSSLNLR/2
644.0263190302956,3,1124.96,0.88072805,EPLFGISTGNLITGLAAGAK/3
892.985648936504,2,1124.96,1.26655251,NEILDEVISLSQVTPK/2
868.4199448470042,2,1125.703,1.25018809,IPNPDFFEDLEPFR/2
915.4842389650041,2,1127.191,1.26945776,MVGGIAQIIAAQEEMLR/2
822.4428970350041,2,1127.191,1.25683998,GGGNQVSLLNVVMDLK/2
716.3490215139624,3,1127.191,0.9007253,AIGTEPDSDVLSEIMHSFAK/3
610.6585847989624,3,1127.191,0.88816885,MVGGIAQIIAAQEEMLR/3
709.359914981629,3,1127.191,0.88386433,LLQDSVDFSLADAINTEFK/3
926.501800551004,2,1127.934,1.27170043,LFDIFSQQVATVIQSR/2
618.0036258562956,3,1127.934,0.88992659,LFDIFSQQVATVIQSR/3
713.3698684302955,3,1127.934,0.89354163,DEGWLAEHMLILGITSPAGK/3
784.465643916004,2,1127.934,1.24968758,LIALQMPLLTEGIR/2
819.4561333910041,2,1128.678,1.25055338,AFAISGPFNVQFLVK/2
734.7281672169623,3,1128.678,0.91101329,LEVGIQAMEHLIHVLQTDR/3
881.972344630504,2,1129.422,1.26400776,YGALALQEIFDGIQPK/2
876.953097592504,2,1129.422,1.25293771,ALLQMVQQFGVDFEK/2
531.6313523152957,3,1129.422,0.88457903,SQLLQYVYNLVPR/3
581.325822989629,3,1130.165,0.88133514,QIVLTGILEQVVNC[UNIMOD:4]R/3
796.943390239504,2,1130.165,1.26006965,SQLLQYVYNLVPR/2
841.455996045004,2,1130.165,1.24397582,DPPDPYVSLLLLPDK/2
871.485096251004,2,1130.165,1.25687547,QIVLTGILEQVVNC[UNIMOD:4]R/2
736.425653044004,2,1130.165,1.23603755,ISLPVILMDETLK/2
674.396634868629,3,1130.165,0.89274685,VLPQLISTITASVQNPALR/3
698.9850317032957,3,1130.908,0.88816311,SVNEVMEWMNNVMNAQAK/3
968.4997891630039,2,1131.652,1.26705028,DQLGGWFQSSLLTSVAAR/2
970.0089354605041,2,1131.652,1.25899937,EVFFMNTQSIVQLVQR/2
647.008382462629,3,1131.652,0.88398318,EVFFMNTQSIVQLVQR/3
550.9978121952956,3,1132.396,0.88395473,SALSGHLETVILGLLK/3
810.4125456530041,2,1132.396,1.24553193,FVPYYDLFMPSLK/2
912.9692790035041,2,1132.396,1.25942213,LNLFYLANDVIQNC[UNIMOD:4]K/2
561.7997430059414,4,1132.396,0.75674475,HLEVQILADQYGNAISLFGR/4
825.993080059504,2,1133.139,1.26476281,SALSGHLETVILGLLK/2
935.4925868810042,2,1133.883,1.26068132,MAVTFIGNSTAIQELFK/2
939.9748872875042,2,1133.883,1.25486456,YSQFINFPIYVWSSK/2
954.9365902305042,2,1134.627,1.2611421,FAQFFLC[UNIMOD:4]PLFDESC[UNIMOD:4]K/2
623.9974834096291,3,1134.627,0.88017566,MAVTFIGNSTAIQELFK/3
897.499060919004,2,1134.627,1.27197839,IGGTAIQLNVFQYLTR/2
613.5466880601915,4,1134.627,0.76583275,EHFGTFFEC[UNIMOD:4]LQESLLDLHTK/4
946.4827505030039,2,1136.114,1.25985447,QMQLENVSVALEFLDR/2
631.324259157629,3,1136.114,0.88258928,QMQLENVSVALEFLDR/3
880.9195806955041,2,1136.858,1.2514289,GTYFPTWEGLFWEK/2
715.7194431912957,3,1136.858,0.88332411,EPPTDVTPTFLTTGVLSTLR/3
775.6861390492955,3,1136.858,0.88405138,EFEETMDALQADIDQLEAEK/3
597.5667777686915,4,1137.601,0.76816647,ELPQLVASVIESESEILHHEK/4
714.3737187959623,3,1137.601,0.88064633,SPYLYPLYGLGELPQGFAR/3
796.4199448692957,3,1137.601,0.90879949,ELPQLVASVIESESEILHHEK/3
578.7943919124414,4,1138.344,0.75863828,VEGTEPTTAFNLFVGNLNFNK/4
758.0776305482956,3,1138.344,0.90956256,LEDLASLVYLNESSVLHTLR/3
664.6783676362955,3,1138.344,0.88219472,ELLELEALSMAVESTGTAK/3
781.375958941629,3,1139.088,0.88879248,VESVFETLVEDSAEEESTLTK/3
784.9761703815041,2,1139.832,1.2377932,FPVAPLIPYPLITK/2
884.4403543670039,2,1140.575,1.25737365,AC[UNIMOD:4]LIFFDEIDAIGGAR/2
898.9807009535041,2,1140.575,1.26955842,VQSLQATFGTFESILR/2
824.4089399946289,3,1140.575,0.90739503,SNAPQIVAEMLSYLETADYSIR/3
947.4400199840043,2,1141.318,1.25360476,EDC[UNIMOD:4]FFYSLVFDPVQK/2
881.4456367190039,2,1142.062,1.25873105,TMLELINQLDGFDPR/2
811.4454313220041,2,1142.062,1.24996853,TGLFTPDLAFEAIVK/2
907.5247443740038,2,1142.806,1.26134997,VLDILLEQYPALITGR/2
810.4901732600041,2,1142.806,1.25503225,ITPENLPQILLQLK/2
540.662540995629,3,1142.806,0.87773231,ITPENLPQILLQLK/3
759.450516736004,2,1143.549,1.24611968,LTSFIGAIAIGDLVK/2
868.466895076004,2,1144.293,1.24922929,EFSITDVVPYPISLR/2
506.63610331296235,3,1144.293,0.86989332,LTSFIGAIAIGDLVK/3
929.4574525880038,2,1145.037,1.26882137,DDIDLDALAAEIEGAGAAK/2
755.4661668000041,2,1145.037,1.23874048,SILLSVPLLVVDNK/2
956.5173131720039,2,1145.78,1.26329154,VLPLEALVTDAGEVTEAGK/2
449.2674627569624,3,1145.78,0.88463948,FVTDLLLHFIK/3
595.2872567889625,3,1145.78,0.89763241,LSVEEFFMDLHNFR/3
672.365111844629,3,1146.524,0.89128253,GLIEIISNAAEYENIPIR/3
869.440346019004,2,1147.27,1.24387898,DLAIYYSYGDFLLGK/2
998.0309221215041,2,1148.014,1.26307618,ESWLLPGSNDLLLEVGPR/2
746.423247669004,2,1148.014,1.24095305,MFGIPVVVAVNAFK/2
985.551490391004,2,1148.014,1.25439882,AIAIPVDLDSQVNNLFLK/2
893.9307765605041,2,1148.014,1.23841657,EEFMPWVSQYLVMK/2
819.915126528504,2,1148.757,1.25458249,FMQDASDVMQLLLK/2
818.9343735325041,2,1148.757,1.25716484,LSDFNDITNMLLLK/2
665.6897069032957,3,1148.757,0.88579026,ESWLLPGSNDLLLEVGPR/3
656.5888872501914,4,1148.757,0.77533435,YDLLVSNAIQFLASVC[UNIMOD:4]ERPHYK/4
889.500934881004,2,1149.501,1.24983703,LPEDPLLSGLLDSPALK/2
622.9574649039624,3,1150.988,0.90795116,DFEQDILEDMYHAIK/3
679.356393429629,3,1150.988,0.88445345,GILSGTSDLLLTFDEAEVR/3
682.7286740202957,3,1151.731,0.90251937,IVQQIAILMGC[UNIMOD:4]AILPHLR/3
585.3271638929623,3,1151.731,0.87877742,LLIPVAEGMNEIWLR/3
849.9798352805041,2,1151.731,1.27307315,GELEVLLEAAIDLSVK/2
877.487107606004,2,1152.475,1.25104271,LLIPVAEGMNEIWLR/2
951.9435580075042,2,1152.475,1.2547643,EYEISMLNQMSWLMK/2
777.934896461504,2,1152.475,1.22371083,SLEELPVDIILASVG/2
980.995167740504,2,1153.219,1.26097252,QMAEIAVNAVLTVADMER/2
691.7174854712957,3,1153.219,0.89466829,FLSHSLVELLNQISPTFK/3
694.6723815816289,3,1153.962,0.8919019,FYPEDVSEELIQDITQR/3
858.9669248885041,2,1153.962,1.26812881,ILDDDTIITTLENLK/2
981.516258924004,2,1153.962,1.25482795,ETETVFVPVIQAGMEALK/2
783.3620955942957,3,1153.962,0.90386576,DASIVGFFDDSFSEAHSEFLK/3
654.3325373159623,3,1153.962,0.88308619,QMAEIAVNAVLTVADMER/3
837.412554048004,2,1153.962,1.25259792,WQFTLPMMSTLYR/2
799.479805509004,2,1153.962,1.2602683,LSDLVNTAILIALNK/2
683.0405167466291,3,1154.706,0.89125934,FESEILEAISQNSVVIIR/3
533.3222958282956,3,1154.706,0.87938599,LSDLVNTAILIALNK/3
869.9779612875038,2,1155.449,1.265153,WVGGPEIELIAIATGGR/2
922.001633369504,2,1155.449,1.25730474,DIILQSNPLLEAFGNAK/2
837.969270627504,2,1155.449,1.25018637,FQILNDEIITILDK/2
781.9506839055041,2,1155.449,1.25336307,VIQQLEGAFALVFK/2
707.0647737632958,3,1155.449,0.87848336,YPPPTELLDLQPLPVSALR/3
521.6362147592957,3,1155.449,0.87463168,VIQQLEGAFALVFK/3
808.950349580504,2,1155.449,1.24648058,FNVLLTTYEYIIK/2
740.7230762702957,3,1156.193,0.89076724,ALLELQLEPEELYQTFQR/3
975.556575754004,2,1156.193,1.27158045,ILIIGGSIANFTNVAATFK/2
692.6993259789623,3,1156.936,0.89863454,AVAFFLESIAMHDIIAAEK/3
806.451245044004,2,1157.68,1.25850212,DQVDIAVQELLQLK/2
537.9699221849623,3,1157.68,0.87902636,DQVDIAVQELLQLK/3
954.4971493420041,2,1158.424,1.25819285,LAMQEFMILPVGAANFR/2
634.675509205629,3,1158.424,0.90233036,TSPDAFVQLALQLAHYK/3
775.3524316649623,3,1158.424,0.89113424,GETDEEYLWC[UNIMOD:4]IEQTLYFK/3
636.6671917169624,3,1158.424,0.88291647,LAMQEFMILPVGAANFR/3
948.498726523004,2,1158.424,1.26335998,DYGVFIQFPSGLSGLAPK/2
939.5298297080041,2,1158.424,1.2515171,VGVWNVPYISNIYLIK/2
979.0142178095041,2,1158.424,1.26038455,GLLTIPMDNTEVAQWLR/2
995.511704898004,2,1159.911,1.27470778,NLDLAVLELMQSSVDNTK/2
715.376688675629,3,1159.911,0.88965115,MITSAAGIISLLDEDEPQLK/3
664.0102287542957,3,1159.911,0.88934462,NLDLAVLELMQSSVDNTK/3
976.528015323004,2,1159.911,1.27118977,SSPQFGVTLLTYELLQR/2
651.3544357042956,3,1159.911,0.89119494,SSPQFGVTLLTYELLQR/3
735.7062632559623,3,1160.655,0.90918735,FLVMASEDALC[UNIMOD:4]TVLHLTER/3
788.0606395669621,3,1160.655,0.88955106,GSELWLGVDALGLNIYEQNDR/3
892.437811697004,2,1160.655,1.26326104,EELLNALYC[UNIMOD:4]EFINR/2
617.965960395629,3,1161.398,0.90290819,MLDLLEDFLEHEGYK/3
673.6668629719624,3,1161.398,0.89012326,NMVDYHLIMDMIPAISR/3
994.558458170004,2,1162.141,1.26783773,IGC[UNIMOD:4]LLSGGLDSSLVAATLLK/2
867.402914592004,2,1162.885,1.26039972,MDPMNIWDDIITNR/2
663.3747309356289,3,1162.885,0.88320494,IGC[UNIMOD:4]LLSGGLDSSLVAATLLK/3
670.3468408892957,3,1162.885,0.88600827,EGTIGDMAILGITESFQVK/3
751.3812672422956,3,1162.885,0.88725313,SQDAEVGDGTTSVTLLAAEFLK/3
578.6043685502956,3,1162.885,0.8834245,MDPMNIWDDIITNR/3
954.963662263504,2,1162.885,1.251784,SMFFFLAQTEQGDIFK/2
675.0952737771914,4,1162.885,0.76449778,IMDPDVITGYNIQNFDLPYLISR/4
741.0389529259622,3,1163.629,0.88791947,DAGIEPGPDTYLALLNAYAEK/3
761.376888426004,2,1163.629,1.25952592,DLNSDMDSILASLK/2
979.032410592504,2,1164.372,1.25018253,QLQVVPLFGDMQIELAR/2
867.9748872795042,2,1165.859,1.25544675,LTSLVPFVDAFQLER/2
923.4925868870041,2,1165.859,1.26761458,ELAPAVSVLQLFC[UNIMOD:4]SSPK/2
915.9745613395041,2,1167.347,1.26952398,GIDQC[UNIMOD:4]IPLFVEAALER/2
768.4107267059622,3,1167.347,0.89815262,LNNLQAVFTDLSSMDLIRPR/3
779.9188524695041,2,1167.347,1.24611344,YFYLLENIAWVK/2
686.7149760429623,3,1167.347,0.88327622,IFSPNVVNLTLVDLPGMTK/3
610.9854663819624,3,1168.09,0.88896647,GIDQC[UNIMOD:4]IPLFVEAALER/3
939.4772627850041,2,1168.09,1.25762127,AWEDWAIYPEPFLIK/2
772.429258347004,2,1168.834,1.26658619,EIC[UNIMOD:4]AVLAAVTEVIR/2
616.0133564069623,3,1168.834,0.8985998,YAGLQGLMSVLAEIRPK/3
515.2885977202956,3,1169.577,0.88836675,EIC[UNIMOD:4]AVLAAVTEVIR/3
988.0123062375039,2,1169.577,1.2624388,MM[UNIMOD:35]AIAPNVTVMVGELVGAR/2
988.0123062375039,2,1169.577,1.26111989,M[UNIMOD:35]MAIAPNVTVMVGELVGAR/2
751.3790922129621,3,1170.321,0.90291365,DGPLNMILDDGGDLTNLIHTK/3
959.9793207805039,2,1170.321,1.26356663,WLNDLLC[UNIMOD:4]LDC[UNIMOD:4]LNITR/2
901.9783552355041,2,1170.321,1.26642737,NSLISSLEEEVSILNR/2
961.954219821504,2,1171.064,1.27277701,SSLLDDLLTESEDMAQR/2
684.7160331136289,3,1171.064,0.91191396,EILEQLLEAIVVATNPSGR/3
756.7107304229621,3,1171.064,0.90218071,DGPLNM[UNIMOD:35]ILDDGGDLTNLIHTK/3
725.028237470629,3,1171.808,0.88570575,TLTSC[UNIMOD:4]FLSC[UNIMOD:4]VVC[UNIMOD:4]VEGIVTK/3
553.2910678569623,3,1171.808,0.90266358,MAESMLAILC[UNIMOD:4]HILR/3
690.3314137352958,3,1171.808,0.89571759,FMDSVIFTLYNYASNQR/3
989.020023091504,2,1172.551,1.25797681,GTDLWLGVDALGLNIYEK/2
662.669082897629,3,1172.551,0.89703825,GLAEDIENEVVQITWNR/3
940.4774597610041,2,1172.551,1.25950313,FEFPEQLPLDEFLQK/2
685.0369951746289,3,1173.295,0.89183964,EIADLGEALATAVIPQWQK/3
771.919383815504,2,1174.038,1.26111486,GAYIYNALIEFIR/2
796.4745231600041,2,1174.782,1.26674871,DLLVGPGVELLLTPR/2
818.433486472004,2,1174.782,1.26589574,LLFQELMSMSIAPR/2
809.427769897004,2,1175.525,1.2605243,LNLVEAFVEDAELR/2
572.6433693569624,3,1175.525,0.88437313,VIEPQYFGLAYLFR/3
858.461415802004,2,1175.525,1.26101217,VIEPQYFGLAYLFR/2
476.94253890196234,3,1176.269,0.86780236,GVMLAVDAVIAELK/3
714.9101701195041,2,1176.269,1.24270043,GVMLAVDAVIAELK/2
913.9638592345041,2,1177.012,1.26943414,EAMTDIITLFGLSSNSK/2
920.505497336004,2,1177.012,1.25911166,WLLLC[UNIMOD:4]NPGLAELIAEK/2
728.759461745629,3,1177.012,0.88272705,LNGQVLVFTLPLTDQVSVIK/3
792.7651639302958,3,1177.012,0.89803571,EALEALVPVTIEVEVPFDLHR/3
614.006090379629,3,1177.012,0.87810034,WLLLC[UNIMOD:4]NPGLAELIAEK/3
980.5196673190039,2,1177.756,1.26594146,EVLGSLPNVFSALC[UNIMOD:4]LNAR/2
609.6449983119624,3,1177.756,0.88693911,EAMTDIITLFGLSSNSK/3
881.995485345504,2,1178.5,1.26072284,VAIIEELVVGYETSLK/2
691.0563897259623,3,1178.5,0.89431765,ALNAGYILNGLTVSIPGLER/3
880.501269256004,2,1178.5,1.26249929,LQAILEDIQVTLFTR/2
765.0872496312955,3,1178.5,0.88289271,GQVSEMAVLLIDPEPQIAALAK/3
763.766616309962,3,1178.5,0.89736551,SVKPQILSVFGDIALAIGGEFK/3
981.5201902910039,2,1178.5,1.26465643,LQWVQLVDLTEIYGER/2
722.0007876702957,3,1178.5,0.8898184,ILEFWTEFNC[UNIMOD:4]FQEC[UNIMOD:4]LK/3
904.0092614485038,2,1179.244,1.27374692,DLLGQDVFLIGPPGPLR/2
747.3938415656289,3,1179.988,0.91404351,FDVNTSAVQVLIEHIGNLDR/3
597.6297884772957,3,1179.988,0.88694585,QDAVDYLTWTFLYR/3
527.0205377856915,4,1179.988,0.75664021,QIVWNGPVGVFEWEAFAR/4
754.4081002359623,3,1179.988,0.88988267,LVVSSLEALESC[UNIMOD:4]FAVGPIIEK/3
635.329344527629,3,1180.731,0.90128885,MDADGFLPITLIASFHR/3
702.358291558629,3,1180.731,0.88489747,QIVWNGPVGVFEWEAFAR/3
895.9410444825041,2,1180.731,1.26323938,QDAVDYLTWTFLYR/2
930.5004119610039,2,1182.218,1.27040439,MALELLTQEFGIPIER/2
733.7037931639624,3,1182.962,0.88760107,YHEQLSTQSLIELFESFK/3
842.4800024530041,2,1182.962,1.25598608,EAVVNTQELLDLLVK/2
620.6693667962955,3,1182.962,0.89037615,MALELLTQEFGIPIER/3
712.0490178316289,3,1183.706,0.8889598,APAALPALC[UNIMOD:4]DLLASAADPQIR/3
862.9463267785042,2,1183.706,1.26860414,SEAANGNLDFVLSFLK/2
678.7101080316289,3,1183.706,0.87962964,ILVVIEPLLIDEDYYAR/3
979.9909312835041,2,1184.449,1.2628889,FYFVGDEDLLEIIGNSK/2
705.6773610679624,3,1184.449,0.89524759,AGTLSITEFADMLSGNAGGFR/3
992.9777351575041,2,1184.449,1.25047195,HNIMDFAMPYFIQVMK/2
653.663046344629,3,1185.193,0.88151507,FYFVGDEDLLEIIGNSK/3
719.0500243726291,3,1185.193,0.88524448,FILVENTYEEVVLQTVMK/3
662.3209155939624,3,1185.936,0.87409078,HNIMDFAMPYFIQVMK/3
881.9194517255041,2,1185.936,1.27045019,DLEEALEMGVDWSLR/2
667.0334736106289,3,1185.936,0.8855104,GVPQIEVTFEIDVNGILR/3
672.6823294542958,3,1187.423,0.88323958,APEVSQYIYQVYDSILK/3
861.8532461195041,2,1189.654,1.22631085,FAWAIDMADEDYEF/2
962.4796764770041,2,1189.654,1.25171604,QAAPC[UNIMOD:4]VLFFDELDSIAK/2
742.7290623282956,3,1189.654,0.90530575,GYTLLSEGIDEMVGIIYKPK/3
816.936916261504,2,1189.654,1.25856245,DPLALC[UNIMOD:4]LLLQAYDK/2
988.0397042495041,2,1189.654,1.27018249,IMYAAVVPWSAAVEQLVK/2
950.519993277004,2,1190.398,1.2636836,GPFLVSAPLSTIINWER/2
708.412284932629,3,1190.398,0.88950208,GIFEALRPLETLPVEGLIR/3
703.3626024136289,3,1190.398,0.89045443,LVQLDSAISMELWQEAFK/3
641.988876473629,3,1190.398,0.87357492,QAAPC[UNIMOD:4]VLFFDELDSIAK/3
706.342201276629,3,1191.884,0.89055523,MNLASSFVNGFVNAAFGQDK/3
921.9692705775041,2,1191.884,1.25365164,YWLFSDEVPGLFIEK/2
836.9294255225041,2,1192.628,1.25583896,ELWDWSVC[UNIMOD:4]VPLLR/2
717.7004945006289,3,1193.371,0.90915575,FDLGQDVIDFTGHALALYR/3
702.010523817629,3,1193.371,0.90991535,AC[UNIMOD:4]DTLLMC[UNIMOD:4]IVTVMNHGLR/3
683.6906076166289,3,1193.371,0.89036996,LALESIC[UNIMOD:4]LLLGESTTDWK/3
955.524744307004,2,1194.115,1.26665955,LFVTGLFSLNQDIPAFK/2
711.3321363942956,3,1194.115,0.89345888,AAAEIYEEFLAAFEGSDGNK/3
996.0116667375041,2,1194.115,1.2660884,LVYQIFDTFFAEQIEK/2
726.3792036432956,3,1194.858,0.90006299,GLVSTLQSATEQMAATVAGSVR/3
752.7171566776291,3,1194.858,0.88823033,AVANETGAFFFLINGPEIMSK/3
963.0331304775041,2,1195.602,1.26552717,QLSQSLLPAIVELAEDAK/2
727.0610292679622,3,1195.602,0.88242761,ELFVQSEIFPLETPAFAIK/3
642.3578458072957,3,1196.346,0.88163718,QLSQSLLPAIVELAEDAK/3
709.7024522359624,3,1197.833,0.89053387,ALINADELASDVAGAEALLDR/3
814.984723708504,2,1198.576,1.24820153,TTLEVLQLFPINIK/2
690.0139676042958,3,1199.32,0.87953312,FPEADPYEIIESFNVVAK/3
812.1111113002954,3,1199.32,0.90671343,DDQVTVIGAGVTLHEALAAAELLK/3
625.9697048302957,3,1199.32,0.89736488,FGVEQDVDM[UNIMOD:35]VFASFIR/3
690.3613729626289,3,1199.32,0.8961412,C[UNIMOD:4]DAIVDLIHDIQIVSTTR/3
571.3174333589624,3,1200.063,0.89767858,QEIIEQLLSNIFHK/3
871.987994693504,2,1200.063,1.26897615,DLQEFIPLINQITAK/2
581.6610886179623,3,1200.063,0.88740578,DLQEFIPLINQITAK/3
765.1103830519623,3,1200.063,0.89155308,LAPPLVTLLSAEPELQYVALR/3
725.6879201872957,3,1200.063,0.88717931,TDSEIYEDAVELQQFFIK/3
753.3972067622957,3,1200.063,0.88904607,MVLVDLPGVINTVTSGMAPDTK/3
849.9490664625039,2,1200.063,1.28120687,DPEAEAALELALSITR/2
813.4650488122955,3,1200.807,0.90197242,YQLLQLVEPFGVISNHLILNK/3
583.965059683629,3,1200.807,0.88609758,QDDPFELFIAATNIR/3
898.511833882004,2,1200.807,1.26790923,DVAAIAGGLVDAEALVALK/2
980.0148489225039,2,1201.551,1.26332553,MMAIAPNVTVMVGELVGAR/2
613.0062018219623,3,1201.551,0.88782581,DLLHLPELFSPGMLVR/3
928.4597011600041,2,1201.551,1.24863208,MYVFGGWVPLVMDDVK/2
875.4439512920039,2,1201.551,1.26592231,QDDPFELFIAATNIR/2
768.0339789716289,3,1201.551,0.8901888,NIFESFVDYVAVEQLDGDNK/3
777.696532682629,3,1201.551,0.8988395,VASNPYTWFTMEALEETWR/3
840.9224201965042,2,1201.551,1.23925675,MLPVDEFLPVMFDK/2
585.2972987794413,4,1201.551,0.75952178,EVAAFAQFGSDLDAATQQLLSR/4
653.6789914372956,3,1202.295,0.88483107,MMAIAPNVTVMVGELVGAR/3
792.452536523004,2,1202.295,1.25096752,ELIPNIPFQMLLR/2
731.0402994152956,3,1202.295,0.898051,LLLEAMDELEVAFNNTNVR/3
917.955837303504,2,1203.038,1.26607912,YSLQYYMGLAEELVR/2
945.522201649004,2,1203.038,1.25741329,VPLLLEEQGVVDYFLR/2
726.3973126672958,3,1203.038,0.90244187,LQLETEIEALKEELLFMK/3
755.766616330629,3,1203.038,0.88600605,LAPPLVTLLSGEPEVQYVALR/3
701.3790865956289,3,1203.782,0.89484955,LVLEQVVTSIASVADTAEEK/3
630.6838932549623,3,1203.782,0.88132902,VPLLLEEQGVVDYFLR/3
567.299602637629,3,1203.782,0.89733404,FDFVHDLVLYLYR/3
745.0548258692958,3,1203.782,0.89128027,DTVTISGPQAPVFEFVEQLR/3
535.6589079832956,3,1203.782,0.88123323,ILPEIIPILEEGLR/3
761.0379014679623,3,1203.782,0.90649355,AGC[UNIMOD:4]EVTILFADLHAYLDNMK/3
748.7085441462956,3,1203.782,0.88028438,EDPFVFIPEDDPLFPPIEK/3
802.984723741504,2,1204.525,1.25452051,ILPEIIPILEEGLR/2
756.7338638276291,3,1204.525,0.90118837,SLSALGNVISALAEGSTYVPYR/3
774.3946308252957,3,1204.525,0.89078613,YAPTEAQLNAVDALIDSMSLAK/3
706.6860794882958,3,1204.525,0.9049353,QQDAQEFFLHLINMVER/3
620.6609827329622,3,1204.525,0.89429562,SAEHTLVDMVQLLFTR/3
803.381836436004,2,1204.525,1.21130662,DMTLEGDDLILEIE/2
951.5238870450041,2,1205.269,1.27218118,FGAQNEEMLPSILVLLK/2
796.909016045504,2,1205.269,1.26116644,NYLDWLTSIPWGK/2
769.4046957676288,3,1205.269,0.90115367,DALLDHDLALPLC[UNIMOD:4]LLMAQQR/3
581.6732171219624,3,1205.269,0.88368788,LQNIFLGLVNIIEEK/3
784.7508603749624,3,1206.012,0.89615558,HLVMGDIPAAVNAFQEAASLLGK/3
587.0169838419623,3,1206.012,0.88354537,GALQYLVPILTQTLTK/3
880.021837529504,2,1206.012,1.26436341,GALQYLVPILTQTLTK/2
960.0354761505041,2,1206.012,1.27617478,FVTAIWNLLVTTGQEVK/2
596.9770767292957,3,1206.012,0.90414208,LDIFEFLNHVEDGLK/3
923.987857277504,2,1206.012,1.27042228,IFEDIPTLEDLAETLK/2
720.4277120899623,3,1206.012,0.89132373,LGQAELVVIDEAAAIPLPLVK/3
609.3449946256288,3,1206.755,0.89304627,MADAIILAIAGGQELLAR/3
721.7342591432956,3,1206.755,0.89286866,GMLDPLEVHLLDFPNIVIK/3
640.3594095892958,3,1206.755,0.89095161,FVTAIWNLLVTTGQEVK/3
582.9951913306289,3,1206.755,0.87829062,EFITALIPEVILC[UNIMOD:4]TK/3
999.4980662420039,2,1207.499,1.26042396,DYIYAVTPLLEDALMDR/2
957.4693087320039,2,1207.499,1.27463603,FQDTAEALAAFTALMEGK/2
694.0126267162956,3,1207.499,0.8994075,FFPEDVSEELIQEITQR/3
714.380544596629,3,1207.499,0.89103545,NLNPEDIDQLITISGMVIR/3
873.989148762504,2,1207.499,1.25341089,EFITALIPEVILC[UNIMOD:4]TK/2
666.6678029836289,3,1207.499,0.88401018,DYIYAVTPLLEDALMDR/3
793.9265484885041,2,1207.499,1.26432879,DILC[UNIMOD:4]GAADEVLAVLK/2
791.397140251629,3,1207.499,0.89557076,FLVLDEADGLLSQGYSDFINR/3
991.0518545585039,2,1208.242,1.27487866,AVDEAVILLQEIGVLDQR/2
857.995485380504,2,1208.986,1.26994357,ILSISADIETIGEILK/2
906.001102038504,2,1208.986,1.26427323,NAPAIIFIDELDAIAPK/2
661.036995194629,3,1208.986,0.89250125,AVDEAVILLQEIGVLDQR/3
716.7101136082956,3,1208.986,0.88811395,YMLLPNQVWDSIIQQATK/3
675.3881394129622,3,1208.986,0.89033845,GQNLLLTNLQTIQGILER/3
884.522004686004,2,1209.73,1.26414963,AQLGVQAFADALLIIPK/2
982.566086243004,2,1209.73,1.26387395,INQDPQVMLAPLISIALK/2
697.723410566629,3,1209.73,0.91434382,GVGAAATAVTQALNELLQHVK/3
604.336493514629,3,1209.73,0.88229526,NAPAIIFIDELDAIAPK/3
655.379816317629,3,1209.73,0.88127569,INQDPQVMLAPLISIALK/3
815.4420313710041,2,1209.73,1.25416464,EDVLTLLLPVMGDSK/2
650.995130344629,3,1209.73,0.89335791,DALEFWLQAGVDGFQVR/3
735.3755650602957,3,1210.474,0.89003132,STAISLFYELSENDLNFIK/3
840.4316636320041,2,1210.474,1.26353912,ADMVIEAVFEDLSLK/2
742.957977660504,2,1210.474,1.24801251,EALLQISIPFLLK/2
823.441842844004,2,1210.474,1.26942336,NLLVTMLIDQLC[UNIMOD:4]GR/2
729.9154525225041,2,1210.474,1.2585565,TEC[UNIMOD:4]ALLGLLLDLK/2
960.4851558060042,2,1210.474,1.27336764,AIVDC[UNIMOD:4]IISIIEENSESK/2
770.4191051366289,3,1211.217,0.88505049,QADTVYFLPITPQFVTEVIK/3
707.0370007879623,3,1211.217,0.90129278,NVGC[UNIMOD:4]LQEALQLATSFAQLR/3
982.0082667595041,2,1211.217,1.27575901,AFM[UNIMOD:35]TADLPNELIELLEK/2
755.7181022879623,3,1211.217,0.89274691,ENFIPTIVNFSAEEISDAIR/3
967.5227329840038,2,1211.217,1.2816229,VADLYELVQYAGNIIPR/2
892.9391329385041,2,1211.217,1.26469302,YVDFPITDVLQMMGR/2
903.9540144245041,2,1211.961,1.26975912,EDLATFIEELEAVEAK/2
840.969604992504,2,1211.961,1.26890548,YNVTVIQYIGELLR/2
840.9712903725041,2,1211.961,1.27672512,DGALHMIGSLAEILLK/2
581.6492495499624,3,1211.961,0.87309345,VHNLITDFLALMPMK/3
830.471449158004,2,1211.961,1.25824048,IEQLSPFPFDLLLK/2
560.9832857372957,3,1211.961,0.89211233,DGALHMIGSLAEILLK/3
751.4365521110041,2,1211.961,1.26249204,MSLLQLVEILQSK/2
823.9516091695039,2,1211.961,1.27311935,DLVSSLTSGLLTIGDR/2
711.385735799629,3,1211.961,0.88390136,IQVTPPGFQLVFLPFADDK/3
977.510779646004,2,1211.961,1.27130306,LLSPFMPFVTEELFQR/2
938.4509190120041,2,1211.961,1.28285983,FGVEQDVDM[UNIMOD:35]VFASFIR/2
689.0771251632956,3,1212.704,0.8951008,IDLRPVLGEGVPILASFLR/3
622.3558880632957,3,1212.704,0.89714237,DNTIEHLLPLFLAQLK/3
679.0321327092956,3,1212.704,0.90120784,DGHNLISLLEVLSGDSLPR/3
889.4721773880041,2,1212.704,1.26357252,ENVNSLLPVFEEFLK/2
989.9858459235041,2,1212.704,1.2800752,ILADLEDYLNELWEDK/2
973.0191658405039,2,1212.704,1.27003025,VDNMIIQSISLLDQLDK/2
913.5065515690042,2,1212.704,1.27989763,LVLPSLLAALEEESWR/2
995.0382158445041,2,1212.704,1.26908854,GLDIPLLDNVINYSFPAK/2
947.9990906485042,2,1213.448,1.27209363,NLATAYDNFVELVANLK/2
990.503348517004,2,1213.448,1.28190841,VPSTEAEALASSLMGLFEK/2
707.0755613832956,3,1213.448,0.89294421,DVLIQGLIDENPGLQLIIR/3
998.500805832004,2,1213.448,1.28089621,VPSTEAEALASSLM[UNIMOD:35]GLFEK/2
731.3921445870042,2,1213.448,1.25048286,TPLFDQIIDMLR/2
869.974355988504,2,1213.448,1.2576521,QLAAFLEGFYEIIPK/2
813.474000264004,2,1213.448,1.27026299,NSLIQMTILNLLPR/2
983.5120309110041,2,1213.448,1.24072662,TIQQLETVLGEPLQSYF/2
946.5009432740039,2,1213.448,1.26436575,DQLVMLLDQINSTFVR/2
854.9581829555041,2,1213.448,1.26673644,NSPLTVPMFLSLFSR/2
639.0048553079624,3,1213.448,0.91242832,IFSAEIIYHLFDAFTK/3
890.4512450000042,2,1214.192,1.27172447,DLYNWLEVEFNPLK/2
858.4716545100041,2,1214.192,1.27557093,SC[UNIMOD:4]QTALVEILDVIVR/2
660.6713245002957,3,1214.192,0.89379029,VPSTEAEALASSLMGLFEK/3
959.9995248825041,2,1214.192,1.2692949,LMWLFGC[UNIMOD:4]PLLLDDVAR/2
699.353772587629,3,1214.192,0.89441883,ADLEMQIESLTEELAYLK/3
778.0897590602955,3,1214.935,0.89806908,TAAFLLPILSQIYSDGPGEALR/3
858.461089836004,2,1214.935,1.27573467,WTELGALDILQMLGR/2
870.9716163195042,2,1214.935,1.26613732,FLNWIPLGYIFETK/2
788.738731903629,3,1214.935,0.89687145,FANSLPINDPLQTVYQLMSGR/3
671.3652232762956,3,1214.935,0.89612732,ASPESQEPLIQLVQAFVR/3
680.0053606962956,3,1215.679,0.89532819,FYPEDVAEELIQDITQK/3
724.7171567116288,3,1215.679,0.90675028,TDMIQALGGVEGILEHTLFK/3
926.5038118850041,2,1215.679,1.27587172,LWISNGGLADIFTVFAK/2
914.452604442004,2,1215.679,1.2869308,FAADIISVLAM[UNIMOD:35]TMSGER/2
882.4481709920042,2,1215.679,1.26799183,ISFDEFVYIFQEVK/2
974.010809444504,2,1216.422,1.27539306,AFMTADLPNELIELLEK/2
861.9930800055041,2,1216.422,1.26586113,VNDVVPWVLDVILNK/2
529.975007553629,3,1216.422,0.89230312,EVYAAAAEVLGLILR/3
943.498923505004,2,1216.422,1.27069251,DDIQALDIFLANLPEAK/2
716.7557172849624,3,1217.166,0.89682693,VLLVSPELQAAVEEILPSLK/3
952.5405913870039,2,1217.166,1.27780705,TATFAISILQQIELDLK/2
473.7641662014414,4,1217.166,0.76390415,DSQRDLVEAVAHILGIR/4
692.7319060542956,3,1217.166,0.89985021,AIPDLTAPVAAVQAAVSNLVR/3
824.442365758004,2,1217.91,1.27877046,DIALVQQLFEALC[UNIMOD:4]K/2
957.5767798800041,2,1217.91,1.27730682,AFAVVASALGIPSLLPFLK/2
837.995091414504,2,1218.653,1.27190667,LVLDAFALPLTNLFK/2
538.9797641599622,3,1219.397,0.8929369,QVVM[UNIMOD:35]AVLEALTGVLR/3
736.0824929929622,3,1219.397,0.89645008,VHAELADVLTEAVVDSILAIK/3
838.4617126090042,2,1220.14,1.24564223,IPIPLM[UNIMOD:35]DYILNVMK/2
797.7736650812953,3,1220.884,0.90964518,ESQLALIVC[UNIMOD:4]PLEQLLQGINPR/3
717.3757879769622,3,1220.884,0.90960635,ETYEVLLSFIQAALGDQPR/3
593.7045172599624,3,1220.884,0.89361777,LPILPTLLTTLEVSLR/3
890.0531376565041,2,1220.884,1.27461776,LPILPTLLTTLEVSLR/2
617.3205812569623,3,1221.627,0.89029812,MVVDAVM[UNIMOD:35]MLDDLLQLK/3
617.3205812569623,3,1221.627,0.88388164,MVVDAVMM[UNIMOD:35]LDDLLQLK/3
731.7628718932956,3,1227.576,0.90552748,GDTLLQALDLLPLLIQTVEK/3
720.759461779629,3,1229.807,0.9092213,QPENALVLELLEPLLSIIR/3
