mz,charge,rt_s,mobility,sequence
578.60318393,3,160.302,0.85912775,GDTPGHATPGHGGATSSAR/3
718.81042414,2,166.994,1.20631158,EEAATGGGSTGEADGK/2
669.85424075,2,177.40399,1.21827354,EESGKPGAHVTVK/2
526.26573207,3,179.63501,0.84225211,SHHAASTTTAPTPAAR/3
580.28311698,2,180.37799,1.20054753,TEGAEATPGAQK/2
458.25597697,2,182.60901,1.17761853,VPSPPPGHK/2
593.78361854,2,184.09601,1.20015112,YTQVGPDHNR/2
793.87950684,2,185.584,1.21874185,AVQAQGGESQQEAQR/2
544.76456008,2,185.584,1.20275296,GSETPGATPGSK/2
552.25181687,2,187.071,1.20114894,TSDSTPDPQR/2
557.73599963,2,189.301,1.1906736,EETAGSYDSR/2
533.76743716,2,190.045,1.18615674,QPQPSPAEGR/2
494.56864612,3,190.788,0.84651659,HVAVTNMNEHSSR/3
558.75505805,2,190.788,1.20521802,GGNIGDGGGAADR/2
648.8622032,2,191.532,1.20494291,SVPLGHTHHLAK/2
525.2475402,4,192.275,0.72614606,LTQTSGETTHTHTEPTGDGK/4
588.2805743,2,193.019,1.19837847,AEAVESAQAGDK/2
582.80963633,2,193.019,1.20833007,VNIGQGSHPQK/2
699.99429478,3,193.019,0.86609462,LTQTSGETTHTHTEPTGDGK/3
550.29074511,2,194.506,1.18893602,QITPQQQEK/2
624.30371503,2,195.25,1.18920337,VKVEEEEEEK/2
577.30164412,2,195.993,1.18419638,HSEVQQANLK/2
513.26673864,2,195.993,1.18627327,VAEIEHAEK/2
533.76182047,2,195.993,1.19089386,YEDEINKR/2
551.28599408,2,196.737,1.19289247,QLAEGTAQQR/2
817.93408505,2,197.481,1.21432007,VHGPGIQSGTTNKPNK/2
439.21345186,2,198.968,1.16451735,AVTEMNGR/2
672.28912761,2,199.711,1.20879369,DADSQNPDAPEGK/2
578.34023795,2,199.711,1.19066791,TKPLATTQPAK/2
492.7590808,2,200.455,1.1902739,EANQAINPK/2
598.25930754,2,200.455,1.21162101,DEDDADYKPK/2
493.75634114,2,200.455,1.19135818,YGDGPRPPK/2
618.24913677,2,200.455,1.19669669,EDVGDEGEEEK/2
569.28037736,2,200.455,1.18721902,YKAEDEVQR/2
567.28292003,2,201.198,1.19773566,FQEAEERPK/2
680.80801886,2,201.942,1.20712372,AQAVSEDAGGNEGR/2
519.24974769,3,201.942,0.84253939,TAEHEAAQQDLQSK/3
508.24589173,3,201.942,0.85353952,EEASGSSVTAEEAKK/3
625.33040159,2,201.942,1.20090172,IQQQQPPPGEK/2
571.77545915,2,203.429,1.20714657,DSDLSHVQNK/2
436.24572071,3,203.429,0.83179687,KPHVVTVAGENR/3
415.72196701,2,203.429,1.17335105,LSPSPSSR/2
527.26981264,2,204.172,1.19996005,ADGTATAPPPR/2
412.5424258,3,204.172,0.83482633,THHNDTELIR/3
585.28090868,2,204.916,1.20112125,DQALTEEHAR/2
705.84728143,2,205.659,1.20273392,YHTINGHNAEVR/2
427.2299592,2,205.659,1.17120857,SPAPGAPTR/2
526.236601,2,205.659,1.1758209,EREMAEMR/2
477.57601803,3,205.659,0.84263187,YRTEAHQDVVGR/3
538.25435959,2,205.659,1.1940235,SEIQAEQDR/2
681.30002666,2,206.403,1.21375755,QSSGASSSSFSSSR/2
564.81659568,2,206.403,1.18242386,KPTSQIPETK/2
494.77473086,2,206.403,1.18066893,KGEITGEVR/2
519.2905481,2,207.146,1.17450944,HIVENAVQK/2
528.76964545,2,207.146,1.18796812,STVDAEAVHK/2
687.81785531,2,207.89,1.19546716,AQHEDQVEQYK/2
553.746033,2,207.89,1.19005489,EQELSEEDK/2
559.25964193,2,208.633,1.19740521,ELQAEQEDR/2
408.22213418,2,208.633,1.1760782,EAQVNVR/2
522.74650472,2,210.12,1.18725103,GHPEFSTNR/2
482.21364882,2,210.864,1.18383378,TDTGEPMGR/2
575.28037736,2,211.607,1.18168415,RYDDPEVQK/2
544.29074505,2,211.607,1.19300188,TSQVGAASAPAK/2
539.59737033,3,211.607,0.85509434,SSLSSHSHQSQIYR/3
608.81765834,2,211.607,1.19188332,RQVDQLTNDK/2
621.28585664,2,212.351,1.20006673,EESAASGGAAYTK/2
557.28599404,2,212.351,1.18084929,NPSSAAPVQSR/2
545.77238516,2,212.351,1.19343359,QSSEAEIQAK/2
520.74837871,2,212.351,1.18683497,AFSETEQTK/2
510.73325998,2,212.351,1.19357445,DSETGENIR/2
489.7316744,2,213.095,1.17891586,AMQDAEVSK/2
463.7745339,2,213.095,1.16610776,AAVGRPLDK/2
540.23405834,2,213.838,1.19300205,EMEQQMQR/2
634.80748755,2,213.838,1.20975079,ATSSSSGSLSATGR/2
742.31448508,2,214.582,1.21281252,AESEEMETSQAGSK/2
426.8609899,3,214.582,0.8372901,HMNGYGSHTFK/3
579.7987373,2,214.582,1.19392767,LYAVHQEGNK/2
592.81712698,2,214.582,1.19268659,VPAQANGTPTTK/2
629.3127401,2,215.325,1.21092174,EATAGNPGGQTVR/2
590.25095959,2,216.812,1.20268477,SMEEDPQTSR/2
593.27836597,2,216.812,1.20228222,SDSHPSDALTR/2
526.28579709,2,216.812,1.18207164,AGALHAQVER/2
495.2485459,2,216.812,1.18782571,LAEAEETAR/2
531.74617042,2,216.812,1.18724661,TYGQSTYSR/2
475.89541629,3,217.556,0.8617881,EELEQASQAHGAR/3
634.30491507,2,217.556,1.2041221,GPNGESSVIHDR/2
584.7889009,2,218.299,1.1943795,LGIHEDSQNR/2
602.32003384,2,218.299,1.20223811,LAGESESNLRK/2
531.26472731,2,218.299,1.18812034,QELTSQAER/2
617.84876145,2,219.043,1.19345929,VAPAPARPSGPSK/2
552.73326001,2,219.043,1.19047643,SQESGYYDR/2
502.74837873,2,219.043,1.18120053,VIEETEER/2
472.76162348,2,219.787,1.17813998,VASQGEVVR/2
520.7778049,2,219.787,1.19975566,ALQSGPPQSR/2
509.2410552,2,219.787,1.1804099,HFDETVNR/2
529.741085,2,219.787,1.19666772,NDDIADGNPK/2
405.21123515,2,220.53,1.16571606,YAEAVTR/2
679.8038906,2,220.53,1.20880141,QVDGDNSHVEMK/2
507.56562436,3,220.53,0.85561946,ADAEGESDLENSRK/3
460.22761349,2,221.274,1.18599715,SDASPSSIR/2
566.77271947,2,221.274,1.19644783,GPPPPPGDENR/2
609.77786443,2,221.274,1.19538296,EEAQVTPDSDK/2
480.73032334,2,221.274,1.19548732,DFVEHSAR/2
585.7967259,2,221.274,1.20469813,SQAGVSSGAPPGR/2
430.22962487,2,221.274,1.17539794,LNEINEK/2
539.26981269,2,222.019,1.17906121,IREEYPDR/2
613.33040153,2,222.019,1.20095413,VVNGAAASQPPSK/2
600.81458431,2,222.019,1.19749533,LSSVVTQHDSK/2
638.31802248,2,222.019,1.20506646,ASTALSNEQQAR/2
483.90245941,3,222.019,0.85121153,ATDLGGTSQAGTSQR/3
529.77252256,2,222.762,1.19173754,LYNNHEIR/2
538.26903073,3,222.762,0.85321947,VSVNGETVHREEEK/3
510.72764328,2,222.762,1.19153342,TEEEEIDR/2
587.29094203,2,223.506,1.17674294,KPITDDDVDR/2
585.77291645,2,223.506,1.20503274,YEVTSGGGGTSR/2
611.28005141,2,224.25,1.19674223,QEMQEVQSSR/2
741.82640857,2,224.25,1.21646993,EETVNDPEEAGHR/2
486.75908081,2,224.25,1.18506091,LSPSPTSQR/2
407.85579309,3,224.25,0.84007652,QEMQEVQSSR/3
487.73253167,2,224.993,1.17979308,FHVEEEGK/2
560.77205076,2,224.993,1.19395416,VAEEEETSVK/2
506.25891364,2,224.993,1.17453238,EHDQLIEK/2
574.80656229,2,225.737,1.20214285,ETGEHLVHVK/2
607.29075347,2,225.737,1.19558048,EAHAQSIGMNR/2
729.83898463,2,225.737,1.20548761,SPQSDPADTPTNTK/2
554.809105,2,226.48,1.20081711,ALTQTGGPHVK/2
646.31547979,2,226.48,1.21450261,DSAQTSVTQAQR/2
457.7325317,2,227.224,1.16967236,SYVTTSTR/2
556.28186578,2,227.224,1.18186753,IHEATGMPAGK/2
520.72456927,2,227.224,1.18410507,EVEEDEYK/2
644.80441355,2,227.224,1.19268209,QQVAPTDDETGK/2
693.31260272,2,227.967,1.20319546,EQTFSGGTSQDTK/2
578.28565968,2,227.967,1.18632964,TAHLDEEVNK/2
503.24600321,2,227.967,1.19158549,ELSEPSSTR/2
411.20195777,3,227.967,0.84203455,AQQELEEQTR/3
514.27411612,3,227.967,0.84305541,VQRPPSAASAAPSSSK/3
781.82627117,2,227.967,1.21123551,AETPTAAEDDNEGDK/2
442.73286606,2,227.967,1.18040548,QQGPEAVR/2
475.71995563,2,228.711,1.19224213,QGEAEFNR/2
447.22910194,2,228.711,1.17119893,TQMTSAVR/2
616.29929842,2,228.711,1.20212894,AQQELEEQTR/2
739.37332902,2,229.454,1.20022857,IHNAENIQPGEQK/2
514.26198763,2,229.454,1.17975741,HGVESTLER/2
582.29876707,2,230.198,1.19772842,VGSTSENITQK/2
455.71126495,2,230.198,1.18135584,YEDEINK/2
479.75125577,2,230.198,1.18643689,VLENAEGAR/2
512.25891364,2,230.198,1.17905667,QQYESVAAK/2
561.9130241,3,230.198,0.85263583,YYLHDDREGEGSDK/3
553.26895541,2,230.198,1.20072766,EMQQLSGGQK/2
571.28345137,2,230.942,1.19371191,LGIHEDSTNR/2
504.24326356,2,230.942,1.1834963,VTEGGEPYR/2
472.263999,2,230.942,1.18630285,TAGPIASAQK/2
451.75072445,2,230.942,1.18273213,LGQEATVGK/2
506.23577286,2,230.942,1.18836334,EHPDAWTR/2
417.2003445,2,231.685,1.17373988,MGGDIANR/2
517.26165328,2,231.685,1.18519169,VADISGDTQK/2
454.22962487,2,231.685,1.18827966,YQDTPGVK/2
506.73834534,2,232.429,1.17541717,HNDLDDVGK/2
584.74128198,2,232.429,1.19814055,VGEEDDGEYR/2
658.81016764,2,232.429,1.20893504,YAHQSGFHVDR/2
697.81771786,2,233.172,1.20274716,EEASGSSVTAEEAK/2
794.3715146,2,233.172,1.22223106,NQGGGLSSSGAGEGQGPK/2
576.78021018,2,233.172,1.19297673,NKYEDEINK/2
483.21417174,2,233.172,1.20018452,FDDTNPEK/2
580.28873371,2,233.172,1.18323496,STLPDADRER/2
557.27476067,2,233.916,1.19044396,LSSETYSQAK/2
513.57797577,3,233.916,0.84315537,HRPSEADEEELAR/3
560.80910501,2,234.66,1.20652326,EIQVQHPAAK/2
503.58283824,3,234.66,0.83664686,KPDHVPISSEDER/3
538.8505759,2,234.66,1.19232912,LKPGAPLRPK/2
536.7582235,2,234.66,1.19931621,EMDVVSQHK/2
587.77037378,2,235.404,1.20392751,EGEEEQAINR/2
575.26713259,2,235.404,1.197942,ESLSEEEAQK/2
749.84767534,2,235.404,1.21423299,GVPAGNSDTEGGQPGR/2
405.89457657,3,236.147,0.84488301,LQQTEAELRK/3
562.28186576,2,236.147,1.18190118,NHPMTPEAVK/2
581.278366,2,236.147,1.2062259,STQDEINQAR/2
520.75961213,2,236.147,1.20882593,DLENGSHIR/2
467.24475197,2,236.147,1.17812131,VTAAAMAGNK/2
501.76436314,2,236.147,1.18532641,AEVSIQNNK/2
541.24907723,2,236.147,1.18698902,GQAVDYEGSR/2
538.25435959,2,236.147,1.20038565,GDTEQEIQR/2
559.80622794,2,236.891,1.1988145,GSGTAEVELKK/2
509.7800132,2,236.891,1.18143205,RETGVDLTK/2
596.80147696,2,236.891,1.19295538,LQNSYQPTNK/2
608.33822662,2,236.891,1.20904836,LQQTEAELRK/2
514.79038093,2,236.891,1.17585693,RVADPTLEK/2
494.26453033,2,237.635,1.19057428,SAPASQASLR/2
535.30365551,2,237.635,1.18182161,LKPLGEQER/2
510.76076621,2,237.635,1.1724271,RLTDADAMK/2
511.22727913,2,237.635,1.19517215,SYPDEEGPK/2
776.34208844,2,238.379,1.21945705,SAEIDSDDTGGSAAQK/2
459.74491919,2,238.379,1.16379205,ERDVIMR/2
575.81438733,2,239.122,1.20011112,VVASGPGLEHGK/2
593.76475704,2,239.122,1.20030846,VSDGGSSSTDFK/2
544.78275286,2,239.122,1.19670597,GLEPSQSTAAK/2
647.27006919,2,239.866,1.20057809,EISDDEAEEEK/2
609.27328061,2,239.866,1.20012637,EEGGENLDQAR/2
725.35005089,2,239.866,1.21682386,ATDLGGTSQAGTSQR/2
435.90184259,3,239.866,0.8586916,EIISHISQHGGK/3
528.28526574,2,239.866,1.18161511,APQHTAVGFK/2
535.22286978,3,239.866,0.84758126,DPAAGHTEESMTDDK/3
610.28311702,2,240.609,1.18761421,KYDYDSSSVR/2
573.27034399,2,240.609,1.19138939,DDAHYAVQAR/2
462.2270822,2,240.609,1.17749684,EQLNEYK/2
631.82039801,2,241.353,1.20144522,EQSQLTATQTR/2
580.7807415,2,241.353,1.19234253,TTPLNQESDR/2
429.52644136,3,241.353,0.85177156,EEEATEWQHK/3
485.25924797,2,241.353,1.18650841,VPDQGAAGVR/2
484.24580625,2,241.353,1.19189663,FDSSLDRK/2
688.80917295,2,242.096,1.20856832,GMGTVEGGDQSNPK/2
577.29602745,2,242.096,1.17814862,EHELLEQQK/2
558.27000961,2,242.096,1.19879104,EDSAPPSSVAR/2
519.2096177,3,242.839,0.84155073,DREEDEEDAYER/3
565.77545917,2,242.839,1.19747796,AADALEEQQR/2
501.27235532,2,242.839,1.18575652,VGGSGVNVNAK/2
571.27221798,2,242.839,1.19072753,LQTASDESYK/2
721.82333456,2,242.839,1.22225374,DGETPDPEDPSRK/2
581.29655877,2,242.839,1.18885538,QQLSSEQVSR/2
592.30130974,2,242.839,1.19390833,QPTPPSEAAASK/2
511.21965106,2,243.583,1.19018133,DDTDDEIAK/2
642.27294626,2,243.583,1.20092314,LESENDEYER/2
568.26492426,2,243.583,1.19462078,QTEDSLASER/2
584.30385241,2,244.327,1.18173005,VPVHDVTDASK/2
655.82039796,2,244.327,1.20469861,ALVADSHPESER/2
417.19865907,2,244.327,1.17254785,APGFGDNR/2
406.55433141,3,244.327,0.84143248,ITTGAQDDLRK/3
513.27235535,2,244.327,1.19386907,ASEAQPPVAR/2
412.918945,3,244.327,0.83886678,RPNKPAELIAK/3
624.29876709,2,245.07,1.21357104,EELEQTYHAK/2
621.79841134,2,245.07,1.18563785,THEAQIQEMR/2
416.53493688,3,245.07,0.85041669,EELEQTYHAK/3
414.86803305,3,245.07,0.83139817,THEAQIQEMR/3
609.32785889,2,245.07,1.20215598,ITTGAQDDLRK/2
651.30640354,2,245.07,1.18854787,HTNYTMEHIR/2
560.27678044,2,245.07,1.18759585,QEMNTLQQK/2
472.7146733,2,245.07,1.19116936,FNYSGSGGR/2
509.77113393,2,245.07,1.17231029,SLAMTKPDR/2
542.29890446,2,245.07,1.17497434,IVDNVRPDR/2
530.76710281,2,245.814,1.18569079,QVDQLTNDK/2
551.59737031,3,245.814,0.84955384,TPHYGSQTPLHDGSR/3
585.29022215,2,245.814,1.20311355,MQGQSPPAPTR/2
434.74472225,2,246.557,1.16652103,MQHLIAR/2
584.27308363,2,246.557,1.20378691,FGGSGSQVDSAR/2
517.25839071,2,246.557,1.188974,MQAVQEATR/2
525.78255589,2,246.557,1.1718284,KSDPVVSYR/2
558.30639515,2,246.557,1.19518556,IQSTVTQPGGK/2
466.22761349,2,246.557,1.18121776,ESPNITDR/2
462.28727715,2,247.3,1.17093628,IIAPPERK/2
544.77218818,2,247.3,1.18842836,FHEAQLSEK/2
416.71529607,2,247.3,1.1727513,LEQMPSK/2
482.25003436,2,247.3,1.18197907,GAMSTQQIK/2
451.24074683,3,247.3,0.85290706,IVNTQEQLNHR/3
478.24580624,2,248.788,1.18094452,TPNGPNIDK/2
480.75346411,2,249.531,1.18682859,LNVTEQEK/2
502.76724024,2,249.531,1.19280343,FQQQQGLR/2
558.27932309,2,249.531,1.17341224,EHINSVSAMK/2
581.78294981,2,249.531,1.19570715,VASLEESEGNK/2
789.02984476,3,249.531,0.86358824,GDPGDQTKAEGSSTASSGSQLAEGK/3
532.75894338,2,250.274,1.19691671,ETEGDVTSVK/2
609.80729062,2,250.274,1.19602437,QIAASSQDSVGR/2
678.29742441,2,250.274,1.21582371,DAQHYGGWEHR/2
518.22421353,2,250.274,1.18410939,EIENEDMR/2
565.26450261,3,250.274,0.87355241,SWAQASVTHGAHGDGGR/3
526.71804411,2,250.274,1.16550779,HMEMYADR/2
654.84895847,2,250.274,1.20568022,VIQENEHALQK/2
436.90173114,3,250.274,0.8428148,VIQENEHALQK/3
500.7459734,2,250.274,1.18434463,HVEEFSPR/2
405.88244805,3,250.274,0.83267278,QKDVLNEDVR/3
561.30111279,2,251.019,1.20657272,ELEVQHPAAK/2
571.9432062,3,251.019,0.85767816,HADHSSLTLGSGSSTTR/3
520.76657145,2,251.019,1.19828128,EVTPESGPPK/2
485.74563906,2,251.019,1.18182524,TDAPQPDVK/2
411.22942792,2,251.019,1.17283028,AYGQALAK/2
468.74289944,2,251.019,1.17800684,LQAAYAGDK/2
747.34933098,2,251.019,1.21289977,THNDIIHNENMR/2
507.25416261,2,251.761,1.19739499,GEGQLGPAER/2
485.22094256,2,251.761,1.17676052,AQYEEMAK/2
617.27769727,2,251.761,1.19404812,EQLEEEEEAK/2
504.75346411,2,251.761,1.1806473,GTQVYSPEK/2
606.3225765,2,251.761,1.20093006,QAGPAPAAATAASK/2
551.28037738,2,252.506,1.19610922,QSGQTDPLQK/2
409.7163503,2,252.506,1.15868201,GITGVEDK/2
460.24018954,2,252.506,1.17831766,TEEVSNLK/2
449.26125936,2,253.25,1.18883258,VQAQGPGLK/2
690.31788506,2,253.25,1.21088129,ETVEEQASTTER/2
708.81594377,2,253.25,1.20267448,MEELHNQEMQK/2
498.80804233,2,253.25,1.16295379,KVEPVPVTK/2
545.27149807,2,253.25,1.1939914,GQGSSPVAMQK/2
509.78001322,2,253.993,1.19803284,LDASESLRK/2
595.78040712,2,253.993,1.19645537,LEAADEGSGDVK/2
452.71890139,2,254.737,1.18031761,MGANNLER/2
473.72418374,2,254.737,1.1781491,SINNPDMR/2
501.72236094,2,254.737,1.19046658,EIEDPEDR/2
523.79004658,2,254.737,1.19806216,VLEDSDLKK/2
599.76475707,2,255.481,1.19243691,DSYVGDEAQSK/2
400.17893021,3,255.481,0.83438304,DSYVGDEAQSK/3
487.25108857,2,255.481,1.17561973,VEPAVDTSR/2
561.24821994,2,255.481,1.19296358,MEGGTENDLR/2
516.27964907,2,255.481,1.18910242,ALTTPTHYK/2
596.32204521,2,256.224,1.18572206,VYEGERPLTK/2
721.85276072,2,256.224,1.21827602,AGQSAAGAAPGGGVDTR/2
583.75164968,2,256.224,1.20341168,FQDDNVEGDK/2
526.74511613,2,256.224,1.18824669,TAYGPNGMNK/2
435.22666056,3,256.224,0.8458713,HFHNTLEHLR/3
480.7170786,2,256.224,1.18789332,DLEPESDR/2
516.74583604,2,256.224,1.19372435,DAQAEEEIK/2
553.27783464,2,256.96802,1.20237307,GSNTIASAAADK/2
536.24633755,2,256.96802,1.19615462,FDEHDGPVR/2
511.23458125,2,256.96802,1.17818402,DRDMDELK/2
620.32003382,2,257.711,1.20456635,ELVSDANQHVK/2
458.74798478,2,257.711,1.18122889,AFAETHIK/2
538.27255231,2,257.711,1.19005038,VNSLGETAER/2
432.71021068,2,257.711,1.16495965,LTDADAMK/2
431.72450973,2,257.711,1.17622715,LAQDPYR/2
706.3392892,2,257.711,1.20029206,AFHNEAQVNPER/2
519.61039392,3,258.45502,0.84411479,KIGEEEIQKPEEK/3
511.2567053,2,258.45502,1.18926578,AQFAEATQR/2
531.75347251,2,259.199,1.18512312,ATMQNLNDR/2
542.24768406,3,259.199,0.84865342,EHHFGSSGMTLHER/3
569.31676291,2,259.199,1.18863179,ILQEHEQIK/2
437.75326713,2,259.199,1.16869932,VGTVIGSNK/2
586.30692643,2,259.94202,1.19682586,TSTAPAASPNVR/2
638.81934375,2,259.94202,1.19697981,RAESMLQQADK/2
402.72671804,2,259.94202,1.16920775,ITITNDK/2
517.60687232,3,259.94202,0.84964642,FGVSSESKPEEVKK/3
812.86788786,2,259.94202,1.21209322,EHHFGSSGMTLHER/2
548.76710281,2,260.686,1.18876121,TAQEVETYR/2
490.73781406,2,260.686,1.18106577,QYDEALNK/2
417.71942434,2,260.686,1.17491484,LGDSSLSR/2
566.80910502,2,260.686,1.19254041,ALHHGIDLEK/2
515.76225465,2,260.686,1.19488112,IMMQVHGSK/2
671.29949533,2,261.42902,1.21170545,EEDPATGTGDPPR/2
458.74597345,2,261.42902,1.17260705,ERDDILR/2
559.28345138,2,261.42902,1.1995089,IQSQNDREK/2
466.73781406,2,262.173,1.18643114,LLEGEESR/2
563.25825329,2,262.173,1.19602223,DVMDSTTTQK/2
483.2274165,2,262.173,1.18877217,ASFNHFDK/2
702.82808558,2,262.173,1.20445663,VESVEPSENEASK/2
515.25924799,2,262.173,1.18038418,HFEQAIER/2
678.34932258,2,262.173,1.21156076,LGASNSPGQPNSVK/2
406.20086745,2,262.173,1.16680552,YGTDLSR/2
508.75399543,2,262.91602,1.19390077,TGDPQETLR/2
463.74746185,2,262.91602,1.17176764,MEVVVHGR/2
555.28853675,2,262.91602,1.18092722,AHGLLAEENR/2
430.22962486,2,262.91602,1.17486005,GELANEVK/2
796.35447592,2,263.659,1.21167436,NTDQASMPDNTAAQK/2
635.3253162,2,263.659,1.20311143,IEGDPQGVQQAK/2
633.27697738,2,263.659,1.18585229,YNHIDESEMK/2
654.83571368,2,263.659,1.20561038,ASSTSLTSTQPTK/2
765.85516603,2,263.659,1.21677191,ALGQAASDNSGPEDAK/2
626.26152426,2,264.403,1.20190579,EMDEAATAEER/2
611.33294424,2,264.403,1.17350967,HHVLGTITTDK/2
414.21045326,3,264.403,0.84396831,LQLEETDHQK/3
522.272021,2,264.403,1.19391022,QLTPPEGSSK/2
471.58088052,3,264.403,0.84829283,EIHKPGYLANDR/3
508.75399543,2,264.403,1.18754435,EQAELEAAR/2
557.25371505,3,264.403,0.86957206,EEASWQQSHHQFR/3
605.82495208,2,264.403,1.20536638,LIQESDQHLK/2
607.79926859,2,265.146,1.20266588,VQEFEHVNGR/2
685.81838662,2,265.146,1.2156145,GGPAEGQLQENDR/2
522.22507083,2,265.146,1.17631276,ENPYYDSR/2
404.21906021,3,265.146,0.84276202,LIQESDQHLK/3
747.80754712,2,265.89,1.2117279,IEDVGSDEEDDSGK/2
405.23504461,2,265.89,1.17330601,APAGQLPR/2
510.23563549,2,265.89,1.19664656,EAEDELSAR/2
405.53527121,3,265.89,0.842662,VQEFEHVNGR/3
444.22708215,2,266.634,1.17899786,GDVDVSAPK/2
439.21345187,2,267.377,1.17614003,MGANSLER/2
623.30150672,2,267.377,1.20313478,YSTSGSSGLTTGK/2
508.7213067,2,267.377,1.17716441,TSMTEEYR/2
522.78783827,2,267.377,1.17783003,ERELELQK/2
506.25824314,3,267.377,0.8453599,RKGDEVDGVDEVAK/3
567.7584205,2,267.377,1.19335274,IEEMAEQER/2
444.74289942,2,267.377,1.1814317,TATITEPR/2
632.29790977,2,268.12,1.18873195,VQEMVESNEAK/2
621.78021856,2,268.12,1.1913252,NHEEEMNALR/2
696.7973168,2,268.12,1.21472456,ADAEGESDLENSR/2
488.75092142,2,268.12,1.19137807,LDETGNSLK/2
431.21925716,2,268.12,1.17450433,IEESIDR/2
427.70747104,2,268.864,1.16129569,AMDVYQK/2
485.89519337,3,268.864,0.84106056,AQHSENDLEEVGK/3
498.28526577,2,268.864,1.19280436,VLATQPGPGR/2
482.78235893,2,268.864,1.17438243,IHNVGSPLK/2
473.20106439,2,269.607,1.18058169,FDSEYER/2
506.23510418,2,269.607,1.17884829,DTYIENEK/2
453.72110971,2,269.607,1.16278052,VMVTDADR/2
491.76383181,2,269.607,1.18420227,IAPAEAPDAK/2
631.30894626,2,270.351,1.18395307,AHLTNQYMQR/2
444.22708215,2,270.351,1.18234048,ADVDVSGPK/2
465.7663745,2,270.351,1.17900893,TGPTVTQVK/2
677.28499934,2,270.351,1.20913249,TFTEMDSHEEK/2
598.79567169,2,270.351,1.1911906,QAHTMDPQLR/2
587.76542577,2,270.351,1.19799085,GADDDRPSWR/2
437.21925712,2,270.351,1.18352611,GDVDVSGPK/2
537.28292005,2,271.095,1.20078467,NAEQAATQLK/2
551.27476066,2,271.095,1.19667404,IINADSEDPK/2
556.78275286,2,271.095,1.18436712,AEHDSILAEK/2
588.30706385,2,271.095,1.20473674,IQVWHAEHR/2
504.75346414,2,271.095,1.18583013,EELAQYQK/2
492.75346411,2,271.838,1.18041513,QFTSSSSIK/2
495.27235538,2,271.838,1.1705861,SEISELRR/2
553.49181855,4,271.838,0.72643854,HQHMHDRDDLYAEQMER/4
527.22061659,2,271.838,1.18220762,EQEMTEMR/2
580.7807415,2,272.582,1.20850292,SDEGQLSPATR/2
452.73474004,2,272.582,1.18053609,IEEELGSK/2
622.3356839,2,272.582,1.20035821,VLVQNAAGSQEK/2
508.91117778,3,272.582,0.8567238,SGDEVHYHVTAGPR/3
415.21872582,2,272.582,1.15980692,VPEEDLK/2
558.2373209,2,273.326,1.18965848,DYDAMGSQTK/2
533.26294478,2,273.326,1.16049494,HVMQPYYK/2
676.8494898,2,273.326,1.22138843,GQNLLQTQDHAK/2
434.99432304,4,273.326,0.71654889,RPAVVYIGSAGKPHER/4
543.28853678,2,273.326,1.19436938,LQNALNEQR/2
538.27255233,2,274.069,1.19288433,LAGESESNLR/2
617.3098035,2,274.069,1.20730272,IQVWHEEHR/2
511.73052032,2,274.069,1.18977602,VDNEFDQR/2
522.2958305,2,274.069,1.18729617,QITAQQINK/2
565.50912546,4,274.813,0.72192927,TDAPQPDVKEEEEEKEEEK/4
558.30639516,2,274.813,1.19692673,ALELEQERK/2
558.30639516,2,274.813,1.19789323,ALQLEEERK/2
568.27750028,2,274.813,1.18444777,TEVVDSDGSVK/2
473.27182404,2,274.813,1.18303394,TATQLAVNK/2
474.23764685,2,274.813,1.17952233,SAVEDEGLK/2
622.29368169,2,274.813,1.20064397,EEPSQNDISPK/2
784.8447983,2,275.556,1.21806986,DPAEGDGAQPEETPR/2
551.29857013,2,275.556,1.1955868,ALELDQERK/2
567.79873729,2,275.556,1.18708752,REEAIQNFK/2
646.32310787,2,276.3,1.2057809,VADNAQQQYVR/2
501.28493143,2,276.3,1.17149929,VREELIDK/2
483.23798122,2,276.3,1.17140742,VNEYVDAR/2
523.79566329,2,276.3,1.18606613,KEEITGTLR/2
537.78054455,2,277.044,1.19274773,ITITNDQNR/2
504.26707304,2,277.044,1.18954321,IQQNTFTR/2
492.26145632,2,277.044,1.19707438,IDDIVSGHK/2
551.79619462,2,277.044,1.2056991,SNQQNLGTIK/2
554.80348829,2,277.044,1.18488875,TPVSITEHPK/2
550.29636178,2,277.044,1.17607839,NPQNSTVLAR/2
523.78308727,2,277.044,1.19183393,SSLSQQQLR/2
419.2268852,2,277.044,1.18591319,FSNISAAK/2
617.30150669,2,277.787,1.19276829,VGGTSDVEVNEK/2
570.29381909,2,277.787,1.19716945,LGVIEDHSNR/2
704.81296686,2,277.787,1.19241726,SNTAGSQSQVETEA/2
411.87009661,3,277.787,0.83514576,VGGTSDVEVNEK/3
435.71942432,2,277.787,1.17662381,ISSSSFSR/2
519.89407537,3,277.787,0.84890787,DQGGFGDRNEYGSR/3
490.2292989,2,278.53,1.1799492,TEISEMNR/2
658.8200636,2,278.53,1.19568833,VAEVEGEQVDNK/2
497.23049052,2,278.53,1.18743848,ASFNHFDR/2
466.73286605,2,278.53,1.19675257,ELGFSSHR/2
581.93549436,3,278.53,0.85050272,TDAPQPDVKEEEEEK/3
530.76148609,2,279.274,1.19252435,VLADPSDDTK/2
487.7430964,2,279.274,1.18690184,LLEGEEER/2
452.23385297,2,279.274,1.18137876,EPMQTGIK/2
507.7769392,2,279.274,1.18612334,EEAQPIVTK/2
479.27182408,2,280.761,1.19417573,ELAQQIQK/2
702.7973168,2,280.761,1.21235485,EGIESGDPGTDDGR/2
742.31841639,2,280.761,1.21441372,TAEDYSVDENGQR/2
671.31274008,2,280.761,1.22041516,ASNGDAWVEAHGK/2
638.33059852,2,280.761,1.19929098,RESQSVEEALK/2
516.57546636,3,280.761,0.84261281,ETGERPSNEEIMR/3
547.25076264,2,281.505,1.18801116,ETMQSLNDR/2
465.74323379,2,281.505,1.17437249,YHIEVNR/2
475.58088052,3,281.505,0.84340065,LTHYHEGLPTTR/3
478.73455144,2,281.505,1.18755055,EDMAVHVR/2
515.26981267,2,282.248,1.19403961,VSGGPSLEQR/2
560.77271952,2,282.992,1.19986082,IFAQDGEGQR/2
551.25004273,2,282.992,1.1965882,MGAGLGHGMDR/2
491.27744074,2,282.992,1.19101204,VAISNPPQR/2
456.45275367,4,282.992,0.72572048,YFDGSGGNNHAVEHYR/4
431.22029522,3,282.992,0.84043793,TVAPMPPAQDHK/3
544.77017681,2,283.735,1.18859074,QDVDNASLAR/2
547.26727,2,283.735,1.19406599,IADGYEQAAR/2
493.77453388,2,283.735,1.19006802,LVHANFGTK/2
537.27235538,2,283.735,1.18604027,QVQPEGPYR/2
523.75927776,2,283.735,1.19438146,SLAAEEEAAR/2
453.23932123,4,283.735,0.72675486,DKPHVNVGTIGHVDHGK/4
519.27235537,2,283.735,1.1894599,IYVSANSGAR/2
599.26780128,2,283.735,1.21284454,DAPQDFHPDR/2
473.74563907,2,283.735,1.18338271,SVLGEADQK/2
687.80461048,2,284.479,1.21487294,SGDETPGSEVPGDK/2
690.29474431,2,284.479,1.21566846,FDDGAGGDNEVQR/2
624.3281932,2,284.479,1.19947729,VSVHVIEGDHR/2
534.8116477,2,284.479,1.18240651,VNIKPQVDR/2
537.28292005,2,284.479,1.18906063,TPTQLEGATR/2
506.77473086,2,284.479,1.19896319,HKQELTEK/2
508.77981626,2,285.22302,1.17488957,KLPEYNPR/2
695.33823503,2,285.22302,1.19886034,QAHLTNQYMQR/2
666.32225058,2,285.22302,1.20506819,INQMATAPDSQR/2
586.28916789,2,285.966,1.17546684,HQGVMVGMGQK/2
739.35120498,2,285.966,1.20998529,EMQQSEAQINTAK/2
501.30874087,2,285.966,1.18126062,RSTVAQLVK/2
647.30150672,2,285.966,1.20013565,YEPAAVSEQGDK/2
746.84935238,2,285.966,1.19695935,KYEEIDNAPEER/2
536.77271952,2,285.966,1.19163067,NADVELQQR/2
516.29088249,2,285.966,1.19207713,ALHDHLGLR/2
459.74323375,2,285.966,1.19020663,VFNTGGAPR/2
778.85972849,2,285.966,1.22694435,EESSGTPAHQMNLR/2
496.2292989,2,286.71002,1.18717287,MGGEEAEIR/2
442.27162707,2,286.71002,1.16988913,DGVVRPLK/2
553.2490772,2,286.71002,1.19917512,GPAEESSSWR/2
444.71975869,2,286.71002,1.17991319,INGDWQR/2
702.34169454,2,287.453,1.21059913,ELTNQQEASVER/2
529.30365549,2,287.453,1.1984917,LNLSTRPEK/2
458.75854947,2,288.19702,1.17395023,AVELAANTK/2
580.79331756,2,288.19702,1.1937746,LTQDQDVDVK/2
517.72164103,2,288.19702,1.18250034,DHFEEAMR/2
680.3103944,2,288.19702,1.21120732,TENPGDASDLQGR/2
457.27690944,2,288.19702,1.18090888,LAQVQVQK/2
466.76162352,2,288.94,1.18402537,ALLQSSASR/2
567.76403721,2,288.94,1.19581667,NLTQDEMQR/2
526.25075423,2,288.94,1.18540942,EGETVEPYK/2
415.21034178,3,288.94,0.8436745,LVSDSLSEHEK/3
570.80401963,2,289.68298,1.19762417,ALEATTEHIR/2
531.29223351,2,289.68298,1.17731811,RATDVMIAGK/2
480.7590808,2,289.68298,1.18699757,VTDALNATR/2
555.30111279,2,289.68298,1.17885123,VVLEHEEVR/2
505.75432979,2,289.68298,1.18551408,NQNDPLPGR/2
509.23712395,2,289.68298,1.18871777,MLEDPQER/2
640.83892509,2,289.68298,1.19336208,DPNDVRPIQAR/2
563.77800186,2,289.68298,1.18095558,HEQISDLER/2
701.84407002,2,289.68298,1.21832044,SAQQEASADVATPK/2
504.73695675,2,289.68298,1.18518996,MDASTGDAIK/2
512.75092142,2,290.427,1.18731513,EYEAALNSK/2
545.7961946,2,290.427,1.20079383,LSGTGSAGATIR/2
732.87075655,2,290.427,1.20969175,LDPHNHVLYSNR/2
494.75092142,2,290.427,1.185704,AADIDQEVK/2
464.74798478,2,290.427,1.16907047,HLFTPADK/2
543.79312058,2,291.17102,1.18997836,VAQPTITDNK/2
802.87029322,2,291.17102,1.21919372,AALMESQGQQQEER/2
765.85190344,2,291.17102,1.20910864,AAHSEGNTTAGLDMR/2
448.70905658,2,291.17102,1.18620203,ESFDGSVR/2
698.37058937,2,291.17102,1.22937217,QSVENDIHGLRK/2
485.21724579,2,291.17102,1.18327136,SDYDGIGSR/2
740.04146788,3,291.17102,0.86105428,APVQPQQSPAAAPGGTDEKPSGK/3
498.19968417,2,291.17102,1.1890055,DAMENEMR/2
681.79966253,2,291.17102,1.2118547,FEPPQSDSDGQR/2
552.78021017,2,291.17102,1.19482159,ALGSEVQDASK/2
510.28526577,2,291.17102,1.19699941,TLPGGQPPPR/2
683.29186728,2,291.914,1.22257864,SEDDESGAGELTR/2
520.26198766,2,291.914,1.19897236,SFQQSSLSR/2
645.8178553,2,291.914,1.20460302,ESQTQDNITVR/2
409.87031955,3,291.914,0.83718006,NHEEEISTLR/3
574.28311702,2,291.914,1.19776915,LLAGEDGTSER/2
460.21704879,2,291.914,1.18074981,NGPEFEAR/2
506.77146833,2,292.65802,1.17814904,MHLSQIQR/2
614.30184109,2,292.65802,1.19563238,NHEEEISTLR/2
420.22213419,2,292.65802,1.19435923,GGPGGELPR/2
451.74510774,2,292.65802,1.16988177,STLEPVEK/2
536.28767108,2,292.65802,1.17899678,TQVLQPEEK/2
539.26914396,2,292.65802,1.190083,LLETTEEDK/2
488.72778065,2,293.40198,1.18906507,AGFAGDDAPR/2
556.74075067,2,293.40198,1.18775152,NYEDEDSLK/2
639.29080463,2,293.40198,1.20257583,VEEEEDESALK/2
406.88233659,3,293.40198,0.84121035,SVSLVGEDERK/3
462.76109218,2,293.40198,1.17440622,VAIEHLDK/2
658.38263408,2,293.40198,1.18673024,KPALQSSVVATSK/2
640.7780614,2,294.14502,1.20775274,DETGELSSADEK/2
609.81986665,2,294.14502,1.19914232,SVSLVGEDERK/2
792.8366389,2,294.14502,1.21814325,SGPPAPEEEEEEER/2
439.7583525,2,294.14502,1.16592327,GIPVVEHK/2
514.77218818,2,294.14502,1.19343904,GPGLAVQSGDK/2
657.77585305,2,294.888,1.21745468,DGETPDPEDPSR/2
676.31481105,2,294.888,1.20713155,SSPELEDTATSSK/2
559.7880352,2,294.888,1.19215072,LSVADSQAEAK/2
618.85096981,2,295.63202,1.19145097,VSQEHPVVLTK/2
618.76000604,2,295.63202,1.21090498,DGEEAGAYDGPR/2
412.84242952,3,295.63202,0.84847076,DGEEAGAYDGPR/3
461.2442684,3,296.375,0.85651799,QGLQTTQAHLER/3
584.75947473,2,296.375,1.19423097,SYVDPSTDER/2
501.27436675,2,296.375,1.16379872,HIIYVDNK/2
409.56657136,3,296.375,0.84131406,RTVDLSSHLAK/3
534.78457569,2,297.11902,1.19916759,LAQALHEMR/2
495.75874645,2,297.11902,1.18087137,VSSDVIDQK/2
548.22747608,2,297.11902,1.20185094,ESEFDDEPK/2
718.86005449,2,297.862,1.21484804,QDAQSLHGDIPQK/2
470.54086198,3,297.862,0.85527215,AEEDTQFNYHR/3
540.25944499,2,297.862,1.19548392,EYNLEQQR/2
630.83076572,2,298.60602,1.2107327,LLQAETASNSAR/2
554.79091224,2,298.60602,1.18836257,RAEFTVETR/2
610.29368167,2,298.60602,1.19660787,EVAATEEDVTR/2
556.80094561,2,298.60602,1.19069691,VENGQEPVIK/2
665.85169811,2,298.60602,1.20093547,TVTAAGAENIQQK/2
491.75495257,2,298.60602,1.17959661,MQQSVYVK/2
570.26439295,2,298.60602,1.1954003,SGELAQEYDK/2
476.91207291,3,298.60602,0.84407476,IGEEEIQKPEEK/3
556.31455456,2,299.35,1.18323303,IVDQIRPDR/2
681.33079548,2,299.35,1.21129184,IETNENNLESAK/2
424.88960264,3,299.35,0.84624027,TVLDQQQTPSR/3
417.7214357,2,299.35,1.17441994,AYGPGLEK/2
636.83076573,2,300.09302,1.20536618,TVLDQQQTPSR/2
620.2724149,2,300.09302,1.20173477,DKDDDEVFEK/2
528.73695676,2,300.09302,1.17550721,VTYMEEER/2
493.71433896,2,300.09302,1.19095283,YDEEFQR/2
595.29401605,2,300.09302,1.20242254,LVSDGNINSDR/2
529.79566325,2,300.09302,1.18017196,VVVVGDQSAGK/2
413.85070209,3,300.09302,0.83962989,DKDDDEVFEK/3
442.73487741,2,300.837,1.17304855,EHTLAWK/2
562.30893786,2,300.837,1.18617737,NILYTRSEK/2
519.24854587,2,301.581,1.18396582,NNFEGEVTK/2
560.79091224,2,301.581,1.19901758,GFVQVDDGRK/2
465.23236449,2,301.581,1.18506814,GEGPEVDVK/2
544.78275286,2,301.581,1.19159234,AIGNTELENK/2
410.22160284,2,301.581,1.18833932,FNTGPVGK/2
455.24913084,3,301.581,0.83458858,VARPLPAEEPER/3
618.28225971,2,302.324,1.20135519,AAMDNSEIAGEK/2
577.75726641,2,302.324,1.20811355,DYDSNLNASR/2
501.93906781,3,302.324,0.84978008,HSPSIHQSVVAVSR/3
410.20509553,2,302.324,1.15748374,VMLEDGR/2
670.3518653,2,302.324,1.2033265,SQGGVQPIPSQGGK/2
555.27730333,2,302.324,1.18044333,STAPAVAYDSK/2
716.38878211,2,302.324,1.20737939,LHNTIVEINNHK/2
781.35245615,2,303.06702,1.2180751,LAVDEEENADNNTK/2
571.26165327,2,303.06702,1.20648685,TSYEEFTHK/2
654.27463164,2,303.811,1.19878493,EAMEDGEIDGNK/2
532.7778049,2,303.811,1.18798472,QFIAAQGSSR/2
565.24514594,2,303.811,1.19506562,DAMQYASESK/2
436.24781759,2,303.811,1.17365375,ADVVVSGPK/2
575.78856653,2,303.811,1.21175347,DLTQTASSTAR/2
602.80642491,2,304.55402,1.19378357,LTVAENEAETK/2
726.35427059,2,304.55402,1.2048786,YKPESEELTAER/2
601.28513677,2,304.55402,1.20412941,MEEANIQPNR/2
602.31115455,2,304.55402,1.20738697,MATNAAAQNAIK/2
501.76436319,2,304.55402,1.19349152,ELSEQIQR/2
401.87652852,3,304.55402,0.84223428,MATNAAAQNAIK/3
444.74289941,2,304.55402,1.1817853,ALAENSGVK/2
401.19251667,3,304.55402,0.84359944,MEEANIQPNR/3
402.20670876,3,304.55402,0.83456934,LTVAENEAETK/3
751.88151821,2,305.298,1.21977136,ASTEGVAIQGQQGTR/2
451.26634472,2,305.298,1.16562968,TKPIWTR/2
530.29328776,2,305.298,1.19565418,GISAGAVQTAGK/2
425.21386335,3,305.298,0.83993261,EAALVQQEEEK/3
667.32277348,2,306.04102,1.22501669,ETAENYLGHTAK/2
470.49087317,4,306.04102,0.72003209,LLETTDRPDGHQNNLR/4
575.81112478,2,306.04102,1.20514562,QMQVLHPAAR/2
637.3171568,2,306.04102,1.19998922,EAALVQQEEEK/2
459.26875005,2,306.04102,1.18593771,LEQSTIVK/2
743.35936436,2,306.04102,1.20944335,EVAGHTEQLQMSR/2
466.75274421,2,306.04102,1.17352067,VAAMSVAQR/2
501.21978848,2,306.04102,1.18152661,GESFYQDR/2
479.76944855,2,306.04102,1.17603484,QQEIVVSR/2
595.81353009,2,306.04102,1.19395314,MQTQQVNTLK/2
613.33601825,2,306.785,1.20331575,VLANPGNSQVAR/2
646.28279102,2,306.785,1.20612108,MDATANDVPSDR/2
409.22643766,3,306.785,0.84399341,VLANPGNSQVAR/3
668.35440797,2,306.785,1.21425455,GVQLQTHPNVDK/2
495.9086684,3,306.785,0.84895532,EVAGHTEQLQMSR/3
431.19095283,3,306.785,0.84537308,MDATANDVPSDR/3
498.75908079,2,307.529,1.19040929,TSTSQAVFR/2
621.82548334,2,307.529,1.20137123,QTPAPAASVTGSR/2
530.28624462,3,307.529,0.84845132,HKPGSTPEPIAAEVR/3
658.83330839,2,308.273,1.21300432,NIQVSHQEFSK/2
689.8113813,2,308.273,1.21815274,EMEAELEDERK/2
534.79345495,2,308.273,1.18968178,TTAAHGLELR/2
523.73052031,2,308.273,1.19295316,GPEADSEWR/2
694.34423723,2,308.273,1.20664531,VQIAANEETQER/2
556.27816902,2,308.273,1.19672841,QSGPGAPNLDR/2
592.28311702,2,308.273,1.19940438,GSDGAASSYQLK/2
684.34932258,2,308.273,1.21392552,TQNDVLHAENVK/2
714.8337023,2,308.273,1.21516219,QGPEESGLGDGTGPK/2
650.33822661,2,309.016,1.18949472,HRPELIEYDK/2
537.77492785,2,309.016,1.19727699,ESDLNGAQIK/2
516.29021377,2,309.016,1.19497802,LLEAAAQSTK/2
609.30966615,2,309.016,1.20725703,LAQQISDEASR/2
529.24734971,3,309.016,0.85130395,DEHNEERDVMLAK/3
731.84575543,2,309.759,1.20904334,LEEANGNTQMVEK/2
508.2801804,2,309.759,1.1894796,LSVAAQEAAR/2
610.79893425,2,309.759,1.21604997,DNTSVYHISGK/2
517.76297455,2,309.759,1.18639751,LQEMEGTVK/2
660.30933176,2,309.759,1.20201018,YTVENGYSTSAK/2
482.23184161,2,310.503,1.17962678,ADMETLQR/2
646.79692287,2,310.503,1.20038281,NAPNDASYDAVR/2
485.24801459,2,310.503,1.18249835,IGDTSVSYK/2
599.2727493,2,310.503,1.19428248,TEYLSNADER/2
564.80401963,2,310.503,1.19915506,LAVSAQSEPAR/2
407.53504832,3,310.503,0.85174632,DNTSVYHISGK/3
574.79331754,2,311.246,1.1964724,ITESEEVVSR/2
635.81406139,2,311.99,1.19750894,TAIHEVMEQGR/2
550.7701768,2,311.99,1.20633169,GNDPLTSSPGR/2
492.27076979,2,311.99,1.18856083,MVINHLEK/2
611.82495204,2,312.733,1.19101855,TKFETEQALR/2
462.27470107,2,312.733,1.17257258,HSVGVVIGR/2
651.3202308,2,312.733,1.21199967,EENAEQQALAAK/2
550.29074511,2,312.733,1.18980618,IPSEQEQLR/2
408.21906018,3,312.733,0.83436806,TKFETEQALR/3
547.24514593,2,313.477,1.18624906,LTAEEMDER/2
614.32766193,2,313.477,1.19070665,HRPELIDYGK/2
685.31188287,2,313.477,1.20773628,MNYSGDQGQTIR/2
664.82006364,2,313.477,1.19915549,QLYETTDTTTR/2
662.85203249,2,314.221,1.21481964,SQLLGSAHEVQR/2
458.24834895,2,314.221,1.17528888,LPSNTLDR/2
488.23015618,2,314.221,1.17931333,STFSTNYR/2
490.93191324,3,314.221,0.85303413,FLRPEDPTRPSR/3
540.25944497,2,314.964,1.19115818,AQYEDIANR/2
546.30144717,2,314.964,1.19331667,GPLPLSSQHR/2
790.86299108,2,314.964,1.2097055,QDSINAYNEPNSTK/2
431.88596961,3,314.964,0.85027528,AAYEAELGDARK/3
426.71414201,2,314.964,1.17311268,SALDQYR/2
405.74524516,2,314.964,1.15561249,VPTPIQR/2
659.33294422,2,314.964,1.19066218,FHHTFSTEIAK/2
471.27436674,2,314.964,1.17508203,KLPEELGR/2
472.72724941,2,314.964,1.17480611,YSQYLDR/2
647.32531618,2,314.964,1.21458843,AAYEAELGDARK/2
676.35748196,2,315.708,1.20445748,SAHATAPVNIAGSR/2
518.76978292,2,316.452,1.18556906,IRDWYQR/2
545.53681767,4,316.452,0.73703399,ALLKKHEAFESDLAAHQDR/4
596.29296179,2,316.452,1.19749959,MVTGDNINTAR/2
535.26727,2,316.452,1.20505685,DPSQQELPR/2
555.30111276,2,316.452,1.19646987,VSAPEVSVGHK/2
609.33548692,2,316.452,1.18240993,HPQPGAVELAAK/2
403.1883912,2,316.452,1.15439699,MGPVMDR/2
652.29603578,2,316.452,1.21462753,VTWDGHSGSMAR/2
542.26947833,2,316.452,1.18759761,STLADYSAQK/2
504.7667089,2,316.452,1.18260084,IRDWYQK/2
572.79586024,2,316.452,1.19484605,EGVLTGSPEQK/2
495.75874643,2,317.195,1.18721249,GSGTAEVELK/2
628.33568392,2,317.195,1.19001704,HQVEQLSSSLK/2
589.7953373,2,317.195,1.19612888,LVMAGETTNSR/2
563.81438734,2,317.195,1.19548045,TGPAAAQVQVGK/2
520.25075425,2,317.939,1.19528896,YESLTDPSK/2
659.33588089,2,317.939,1.20618534,EAQELSQNSAIK/2
700.8620658,2,317.939,1.21391692,YNAPTSHVTPSVK/2
680.3467799,2,318.682,1.21895293,SGAQASSTPLSPTR/2
519.7825559,2,318.682,1.17842639,DHENIVIAK/2
511.28747407,2,318.682,1.16932279,VPVVHVDEK/2
525.27235537,2,318.682,1.18738265,QQNFNTGIK/2
493.21839984,2,319.426,1.17655035,ASGFEESMK/2
464.58076906,3,319.426,0.85053849,LSVLIHNSDEHK/3
705.86480543,2,319.426,1.20121864,NPSSSVPPPSAGSVK/2
700.34985397,2,320.17,1.21672608,NIEELQQQNQR/2
508.93543481,3,320.17,0.85167248,TVEYLHSQGVVHR/3
429.53348449,3,320.17,0.84442728,SPDELPSAGGDGGK/3
475.78015064,2,320.17,1.17405815,HQVQLLGR/2
543.81131334,2,320.913,1.1846048,IVAVTGAEAQK/2
486.76670888,2,320.913,1.17670016,YADVIVHR/2
466.24580625,2,320.913,1.18324303,IDDVVNTR/2
643.7965885,2,320.913,1.20852724,SPDELPSAGGDGGK/2
810.37900528,2,320.913,1.2252589,VDNSSLTGESEPQTR/2
404.22280466,3,320.913,0.84618699,SLSQIHEAAVR/3
406.25544571,2,320.913,1.17243933,VQQLVPK/2
428.2034101,2,320.913,1.19555583,FGDQGGFK/2
480.74458483,2,320.913,1.18746862,ENMTLQPK/2
595.30659211,2,320.913,1.21146298,DSEEAEIIRK/2
523.27984607,2,321.656,1.18435795,QLETLGQEK/2
485.77145992,2,321.656,1.1856748,IAPELYHK/2
532.25805636,2,321.656,1.19170411,DMEIAQTQK/2
444.24527494,2,321.656,1.17043711,LVEIDNGK/2
568.25930756,2,321.656,1.19923505,SEDLDNSIDK/2
667.80220519,2,322.4,1.20041927,NQNSWGTGEDVK/2
499.6978316,2,322.4,1.20131037,DYDDMSPR/2
530.27509502,2,322.4,1.19788452,EGELTVAQGR/2
442.89094913,3,322.4,0.8458213,QPSLHMSAAAASR/3
457.2405239,2,322.4,1.18070783,GAPEGVIDR/2
666.83076568,2,322.4,1.18313697,QHTFVETESVR/2
595.78040713,2,322.4,1.19736417,TTSPLEEEER/2
545.76743718,2,323.145,1.20184677,GGPNYQEGLR/2
573.79110925,2,323.145,1.20990558,EIQQELSSGR/2
432.20001015,2,323.145,1.16487713,VMDDLDR/2
561.27235539,2,323.145,1.19492691,GYLPSHYER/2
456.21651748,2,323.888,1.1879846,YFDPANGK/2
546.28820238,2,323.888,1.1942113,TTEVTGTGLGR/2
560.76878817,2,323.888,1.19163817,AAEGVSAADMAK/2
608.32003385,2,323.888,1.19257134,RPELEDSTLR/2
625.82240932,2,324.632,1.19617399,EAHEPLAVADAK/2
727.85645752,2,324.632,1.20293097,MHNQIPQVTSDGK/2
404.86668653,3,325.375,0.84856771,DLEAHIDSANK/3
606.79639156,2,325.375,1.21403086,DLEAHIDSANK/2
510.23933226,2,325.375,1.18720206,MEADPELSK/2
655.34658295,2,325.375,1.19448458,HIEVQVAQETR/2
607.79365188,2,326.119,1.19753364,ASIHEAWTDGK/2
536.76215478,2,326.119,1.19654476,AWENSPNVR/2
429.73200037,2,326.119,1.17394139,GTLDPVEK/2
747.79866784,2,326.862,1.21084643,EEEMGEEEEVER/2
504.29289383,2,326.862,1.18857,LHFHNLVK/2
538.25637092,2,326.862,1.2051538,AEITFDDHK/2
632.35080264,2,326.862,1.19766637,FTSDTKPIINK/2
556.61268603,3,326.862,0.86311465,VIQQSLEQEEAEHK/3
524.24802299,2,326.862,1.19184498,EGLQNMEAR/2
566.30385246,2,326.862,1.18441982,REATADDLIK/2
527.28238871,3,326.862,0.8580106,EATNPPVIQEEKPK/3
507.28493143,2,327.606,1.19009319,LPEVQQATK/2
619.33601828,2,327.606,1.18580538,QHLEITGGQVR/2
774.34320644,3,327.606,0.86509171,ESEDKPEIEDVGSDEEEEKK/3
618.82020106,2,328.349,1.19728415,STVLQQQYNR/2
553.81385603,2,328.349,1.19850646,LLEVEHPAAK/2
572.80147696,2,328.349,1.19225784,EQEITAVQAR/2
606.79077488,2,328.349,1.19589987,SGLQTDYATEK/2
528.78783822,2,328.349,1.18741277,VSAPGVQGDVK/2
605.78856654,2,328.349,1.20059704,GSTAENAEYLR/2
637.32478487,2,328.349,1.18942046,LYHNEVEIEK/2
469.7325317,2,328.349,1.18819345,QLDFNSSK/2
581.00922394,4,328.349,0.72372075,ESEDKPEIEDVGSDEEEEKK/4
553.81385604,2,328.349,1.19632155,IESQKLNFK/2
514.28018038,2,328.349,1.19141671,GSPVNALQNK/2
566.77766749,2,329.093,1.19650742,ALELDSNNEK/2
590.33327865,2,329.093,1.20559477,QVLQLQASHR/2
543.9547179,3,329.093,0.85997248,LSEIHHLHPEYVR/3
444.75052752,2,329.837,1.20151892,YQLSIHK/2
556.29636179,2,329.837,1.20321978,DAHQSLLATR/2
416.23216757,2,329.837,1.16295736,LTALEER/2
493.27489807,2,329.837,1.19086644,EQLAQAVAR/2
508.2801804,2,330.58,1.19376913,AAAEQAISVR/2
569.28037736,2,330.58,1.1972256,YVGESEANIR/2
611.26218459,2,331.324,1.21528579,DFEEYPEHR/2
631.80220523,2,331.324,1.21851509,SLLEGEGSSGGGGR/2
407.84388188,3,331.324,0.85457673,DFEEYPEHR/3
662.83945641,2,331.324,1.21787382,GNLGAGNGNLQGPR/2
553.79566332,2,331.324,1.18713472,INQLYEQAK/2
492.75346407,2,331.324,1.19338341,GPEVDVSGPK/2
451.2349072,2,331.324,1.18748398,ADLDVSGPK/2
451.2349072,2,331.324,1.18679238,ADIDVSGPK/2
451.2349072,2,332.067,1.18584345,ADVDISGPK/2
606.76931955,2,332.067,1.18294116,MDYEDDRLR/2
465.75749524,2,332.067,1.18187894,VTQNLPMK/2
428.23778425,2,332.067,1.17894862,GANPVEIR/2
598.80656229,2,332.067,1.21035461,GFGGITHGPPEK/2
443.24306659,2,332.067,1.17287005,ATGLGPVDR/2
538.26198764,2,332.067,1.20204146,DNYPQSVPR/2
461.73507439,2,332.811,1.16956506,SDPVVSYR/2
453.76142652,2,332.811,1.17906795,VDIAPHVR/2
481.73253168,2,332.811,1.18448255,QVDAESWK/2
435.18911108,2,332.811,1.16713295,AFEDEMK/2
545.76912257,2,333.554,1.18899081,VTMQNLNDR/2
683.32330486,2,333.554,1.2146614,SQYEQLAEQNR/2
418.71106794,2,333.554,1.18540949,WDVSTTK/2
548.77641626,2,333.554,1.19086757,AEPDHMVLGK/2
438.71414196,2,333.554,1.19114959,FDGVEGPR/2
445.73253171,2,333.554,1.18666497,LDASESLR/2
642.81818964,2,334.298,1.21406236,QGGGGGGGSVPGIER/2
682.80187088,2,334.298,1.20828879,YEEIDNAPEER/2
602.29060765,2,335.041,1.18559485,VAVEEVDEEGK/2
662.81934375,2,335.041,1.19981673,TQPMTAQAASYR/2
488.90151379,3,335.041,0.84372434,EHDPVGQMVNNPK/3
558.3189712,2,335.041,1.19119156,EKPTTALLDK/2
530.27509502,2,335.041,1.19870524,GTQGAEEVLR/2
471.7719912,2,335.041,1.17231434,VAVQGDVVR/2
401.86283059,3,335.041,0.82975445,VAVEEVDEEGK/3
748.37534883,2,335.041,1.21477951,MQHNLEQQIQAR/2
671.33654956,2,335.785,1.22839489,FGQGGAGPVGGQGPR/2
564.8222124,2,335.785,1.18574266,REQEVNILK/2
584.25690225,2,335.785,1.18344356,DHVFEDSYR/2
483.23798125,2,335.785,1.18383305,AQYDELAR/2
687.30698603,2,335.785,1.20445769,STTELDDYSTNK/2
664.82819741,4,335.785,0.72828108,FGQGGAGPVGGQGPRGMGPGTPAGYGRGR/4
483.256174,2,336.528,1.18353027,VYELQASR/2
521.26093338,2,336.528,1.19503816,ELAVEGMHR/2
584.24365746,2,336.528,1.20493448,DDGEEEFAGAK/2
525.27235536,2,336.528,1.19832914,FATNEAIQR/2
526.23986359,2,336.528,1.18484619,ALDTTDMER/2
510.24326355,2,336.528,1.19715663,LFNPNDDGK/2
486.73728276,2,336.528,1.1726948,QIEYEYK/2
704.33353512,2,337.272,1.21411865,ETVEEQVSTTER/2
665.86494287,2,337.272,1.20960472,VTAIHIDPATHR/2
653.87751893,2,337.272,1.20383373,VLSGTIHAGQPVK/2
667.33333815,2,337.272,1.21529261,GGVTGSPEASISGSK/2
422.71922733,2,337.272,1.16360611,NPSVNWK/2
464.24834894,2,337.272,1.18918671,EGPGEAIVR/2
504.25650835,2,337.272,1.17577144,SHLQYFGR/2
550.30893784,2,337.272,1.18390809,QQVVLENAAK/2
607.32152225,2,337.272,1.21299546,AVMSNLSAHGVK/2
542.73441406,2,338.015,1.18713282,DVDEAYMNK/2
583.63705445,3,338.015,0.85881938,AGVENGKPTHFTVYTK/3
537.77492784,2,338.015,1.19983053,EAELTEINR/2
459.74256507,2,338.015,1.17653738,VLEDSDLK/2
530.29328776,2,338.015,1.19587733,KGEDVLGSVR/2
435.75580985,2,338.015,1.16941406,KLPDLER/2
486.7590808,2,338.015,1.19378552,ELAEAVAGGR/2
402.2109008,2,338.015,1.16135358,ADILEDK/2
622.81511567,2,338.759,1.20386175,TNQELQEINR/2
415.54583593,3,338.759,0.84365788,TNQELQEINR/3
404.69659495,4,338.759,0.72648266,TGTITTFEHAHNMR/4
597.33548697,2,338.759,1.19219104,LGHELQQAGLK/2
479.76258062,2,338.759,1.17627037,YMPHAVLK/2
586.79331755,2,338.759,1.20410654,LGSGPDGAEEIK/2
560.76384021,2,339.502,1.20366818,GMGPGTPAGYGR/2
612.7742675,2,339.502,1.19515073,SDAGLESDTAMK/2
632.83023437,2,339.502,1.20944667,ISSDLDGHPVPK/2
527.24600318,2,339.502,1.19925158,NDNDTFTVK/2
534.27202102,2,339.502,1.19285064,SSENYQIVK/2
758.35734457,2,340.246,1.2216697,WDQTADQTPGATPK/2
602.3018411,2,340.246,1.20669065,DQNTVETLQR/2
738.33406645,2,340.246,1.22804118,DVTEAEQAEEQAR/2
544.28512836,2,340.246,1.18741837,TATPEIVDNK/2
533.80382268,2,340.246,1.1751292,HTAQIEIVR/2
545.28037738,2,340.246,1.19702114,EISQDSLAAR/2
541.24019794,2,340.246,1.19195296,EAAMGQGFDR/2
716.81296686,2,340.989,1.22002933,GEDEEENNLEVR/2
471.56613116,3,340.989,0.83732684,SRAEAESMYQIK/3
679.31514539,2,340.989,1.22053918,SESSTSAFSTPTR/2
546.61290891,3,340.989,0.86095483,AGAISASGPELQGAGHSK/3
734.37553734,2,340.989,1.21436562,AGPSAQEPGSQTPLK/2
576.28258572,2,341.733,1.19734526,YIDQEELNK/2
748.85411178,2,341.733,1.21661184,LSSEMNTSTVNSAR/2
705.82280325,2,341.733,1.20251794,AVANYDSVEEGEK/2
523.79566329,2,341.733,1.19142205,LQGSGVSLASK/2
481.89893784,3,341.733,0.86289373,SEDSSGAAGLSGLHR/3
451.25309995,2,341.733,1.17889627,VPGIDATTK/2
479.60005214,3,341.733,0.8397218,KPHTESLELQVR/3
493.2874741,2,341.733,1.17830669,VVINGQEVK/2
541.25839073,2,341.733,1.18574396,QAENGMYIR/2
462.73728271,2,342.477,1.1888184,FSELTAEK/2
588.79077488,2,343.22,1.19915183,EDSNLTLQEK/2
492.75908079,2,343.22,1.18112635,VPDVQDGVR/2
550.79599765,2,343.22,1.20402347,LLEAQSHFR/2
570.25181685,2,343.22,1.19954597,SSDVSWSDTR/2
640.26829503,2,343.22,1.18960474,EEPAMSMDANGK/2
461.26125936,2,343.22,1.17402834,VQVVGTYR/2
478.27162707,2,343.22,1.19390536,LITSAHWK/2
545.28037736,2,343.964,1.20416764,SLETENAGLR/2
742.34918521,2,343.964,1.21974773,LFTTTEQDEQGSK/2
715.2804453,2,343.964,1.21102244,NSQGSEMFGDDDK/2
602.30385243,2,343.964,1.19229154,TFEGHDASVLK/2
563.29362214,2,344.707,1.20505123,EPQLAFHQR/2
632.30678906,2,344.707,1.20522105,DTQSVSAIGEEK/2
527.32439094,2,344.707,1.17968172,VVLIGGKPDR/2
680.82260632,2,345.451,1.21707283,ELEAENYHDIK/2
616.31950253,2,345.451,1.19832108,IFHELTQTDK/2
411.21542717,3,345.451,0.83756604,IFHELTQTDK/3
582.27169505,2,345.451,1.19332617,QLEMSAEAER/2
586.27816904,2,345.451,1.20179801,WQDIQNDPR/2
552.76139179,4,345.451,0.73701021,AEVDMDTDAPQVSHKPGGEPK/4
616.33568394,2,346.194,1.20275888,QAASSLQQASLK/2
523.28747412,2,346.194,1.19080728,ALYEHLTAK/2
530.76148609,2,346.194,1.19734786,GLEVTDDSPK/2
763.29988929,2,346.194,1.22600331,LDETDDPDDYGDR/2
530.27509504,2,346.194,1.18783871,QPDSGISSIR/2
411.22621478,3,346.194,0.83971407,QAASSLQQASLK/3
508.77218822,2,346.194,1.1897394,EQTEQILR/2
504.75941516,4,346.194,0.73550276,QLTANTGHTIHVHYPGNR/4
477.88597519,3,346.194,0.86292985,GMWSEGNGSHTIR/3
430.25343433,2,346.194,1.17654389,ISGTVNIR/2
570.8172644,2,346.194,1.19042085,ILAHNNFVGR/2
445.24052392,2,346.194,1.18500361,ASLENSLR/2
585.8456875,2,346.194,1.19218185,LNRPLTLSEK/2
675.78146976,2,346.938,1.22387188,DSQDAGGFGPEDR/2
568.27255231,2,346.938,1.20126042,FVGQDVEGER/2
578.81405296,2,346.938,1.18475803,TPVTDPATGAVK/2
607.84060211,2,346.938,1.1898577,GLLVDRPSETK/2
530.77146826,2,346.938,1.1731403,HGVFVGSAMR/2
470.74798483,2,346.938,1.18246878,LNQYFQK/2
552.28820241,2,346.938,1.1981076,LQETLSAADR/2
529.2438947,2,346.938,1.19159557,TMMEDFRK/2
678.79438017,2,346.938,1.22324155,EDEVEEWQHR/2
568.80094563,2,346.938,1.1849364,KEEAYELVR/2
405.56282689,3,346.938,0.83091613,GLLVDRPSETK/3
487.74871308,2,346.938,1.18377835,NLSVEDAAR/2
606.76370284,2,346.938,1.19898543,LMAEDEEGYR/2
439.72196701,2,346.938,1.17310744,IFVNDDR/2
506.27710638,2,347.682,1.18567767,DAHLLVESK/2
515.75125575,2,347.682,1.19461049,GPDPSSPAFR/2
653.29061608,2,347.682,1.21110881,EAEQMGNELER/2
506.24273225,2,347.682,1.17643674,QFAPEYEK/2
425.20682022,3,347.682,0.82591358,HPDADSLYVEK/3
451.25309998,2,347.682,1.18590466,LELEAAQK/2
433.22434252,2,347.682,1.18613771,FLEEATR/2
515.81639873,2,347.682,1.17498627,RTVALLTEK/2
582.78783821,2,348.425,1.20094046,TFGETHPFTK/2
754.8650024,2,348.425,1.2124019,AEAGPEGVAPAPEGEK/2
503.25531669,2,348.425,1.17853184,LVASMEEAR/2
581.80114256,2,348.425,1.19492178,NTTGVTEEALK/2
548.62151584,3,348.425,0.85484119,TPTQTNGSNVPFKPR/3
433.7163503,2,348.425,1.18210858,DQEFTVK/2
523.77747053,2,349.17,1.19302629,VIDDTNITR/2
527.24008368,3,349.17,0.84129703,RPAEDMEEEQAFK/3
701.81373541,2,349.17,1.21618937,TANDMIHAENMR/2
519.27998342,2,349.17,1.18130858,HGIPTAQWK/2
530.31148053,2,349.17,1.17944499,RINVELSTK/2
560.28767107,2,349.17,1.19988249,LASAAYPDPSK/2
496.73781406,2,349.17,1.20099768,YADEEIPR/2
565.79365191,2,349.17,1.19801972,LGSLVENNER/2
457.75072444,2,349.17,1.18609504,ANVDISAPK/2
560.78529557,2,349.913,1.19383009,YKDDPVDLR/2
491.74563906,2,350.657,1.19295343,SGTSEFLNK/2
609.30966613,2,350.657,1.19940121,QQSEISAAVER/2
640.83330839,2,350.657,1.19174951,NPELPNAAQAQK/2
607.82802609,2,350.657,1.2078904,LNEQQSVLQR/2
662.27040354,2,350.657,1.22033842,FEDEDSDDVPR/2
405.55444288,3,350.657,0.84603633,LNEQQSVLQR/3
530.27509504,2,350.657,1.19912824,GEEILSGAQR/2
553.7924007,2,351.4,1.18301503,IAHIMGPPDR/2
533.76182047,2,351.4,1.18396087,TVIDYNGER/2
595.31422018,2,351.4,1.18744823,RPVDSYDIPK/2
728.34476856,2,352.144,1.22586233,SSQSSSQQFSGIGR/2
691.86734817,2,352.144,1.2080365,AQTAHIVLEDGTK/2
650.34879128,2,352.144,1.20826781,SSSQIPAQPSVAK/2
677.80643334,2,352.887,1.20373696,SQYEVMAEQNR/2
595.28839934,2,352.887,1.21152409,SEDGEIVSTPR/2
530.26332851,3,352.887,0.84874529,KHEAFETDFTVHK/3
536.29328776,2,352.887,1.19796018,NGEVQNLAVK/2
617.29094203,2,353.631,1.20171698,ESEAVEWQQK/2
546.26314175,2,353.631,1.19188718,MLHDYIGDK/2
559.73389114,2,353.631,1.18840512,SGSMSAYEMR/2
411.86305351,3,353.631,0.84188951,ESEAVEWQQK/3
546.76964548,2,353.631,1.18122804,SSPYPTDVAR/2
577.30927221,2,353.631,1.18934784,THIDVIHYR/2
452.24148102,2,354.375,1.17850382,VMEHFIK/2
634.31422856,2,354.375,1.1995336,SPPPGMGLNQNR/2
422.76056084,2,354.375,1.16378485,VGEVIVTK/2
597.30111281,2,354.375,1.18649266,LHYAFQTEGK/2
508.75836093,2,354.375,1.17752367,HMQGIQFR/2
461.24306659,2,354.375,1.181351,TAEFQVAR/2
569.29857012,2,355.118,1.20589584,DPQALSEHLK/2
481.56965271,3,355.118,0.83655677,EREHLEMELEK/3
560.29328774,2,355.118,1.20039986,VNEVNQFAAK/2
603.24990535,2,355.118,1.19218848,SMMSSYSAADR/2
643.34096628,2,355.862,1.2030087,TIIQNPTDQQK/2
667.820398,2,355.862,1.21004789,IYIDSNNNPER/2
576.30639513,2,355.862,1.19397956,VNTPTTTVYR/2
411.86926249,3,355.862,0.83528087,FAEHGETLAMK/3
707.35767902,2,355.862,1.20681185,QQNQELQEQLR/2
429.22973634,3,355.862,0.84258619,TIIQNPTDQQK/3
680.84810119,2,355.862,1.19700369,RALEQQVEEMK/2
625.80028528,2,355.862,1.19580095,TLNMTTSPEEK/2
543.74617039,2,356.605,1.18717091,AYTNFDAER/2
600.78021015,2,356.605,1.19275299,RFDTEEEFK/2
579.31167752,2,356.605,1.19807178,AEAELLQQQK/2
403.72397837,2,356.605,1.17294458,VFGNEIK/2
538.27624911,2,356.605,1.18878232,AVQEIMQEK/2
573.32492228,2,357.349,1.19847898,SIRPGLSPYR/2
528.7716569,2,357.349,1.18462218,VYLQNEYK/2
667.79827394,2,357.349,1.20656516,MQDIPEETESR/2
644.32003384,2,357.349,1.19374784,HSEAFEALQQK/2
429.88244805,3,357.349,0.83332244,HSEAFEALQQK/3
485.79695475,2,357.349,1.1684115,RVMGLVPAK/2
677.29061607,2,358.093,1.21083671,DMNQFGEGEQAK/2
493.25108859,2,358.093,1.19790994,IDVGEAEPR/2
572.31148053,2,358.836,1.19545967,IGAEVYHNLK/2
605.78294983,2,358.836,1.20898437,SEFEQNLSEK/2
648.8307657,2,358.836,1.20350853,EVSHLNALEER/2
620.31464004,3,358.836,0.85482387,IPAHQVLYSTSGENASGK/3
476.29035115,2,358.836,1.17835249,RVPIPVDR/2
718.33862053,2,359.58,1.22595529,YELISETGGSHDK/2
643.32839023,2,359.58,1.20882228,NLQEIQQAGER/2
429.22135231,3,359.58,0.84597154,NLQEIQQAGER/3
705.86547418,2,359.58,1.22648297,SGNALFHASTLHR/2
546.78783825,2,360.324,1.20144775,FETLQAQAGK/2
735.84460135,2,360.324,1.22017392,DPSASPGDAGEQAIR/2
410.21419772,3,360.324,0.84331032,VEIIANDQGNR/3
614.81765834,2,360.324,1.20268658,VEIIANDQGNR/2
466.25838233,2,360.324,1.18628799,TALQEEIK/2
599.29655874,2,360.324,1.22345256,EATDAIGHLDR/2
466.73487743,2,360.324,1.20388624,WYELGHK/2
563.26914396,2,361.067,1.18646334,VEYSEEELK/2
563.29857011,2,361.067,1.19463689,VALSEPQPER/2
482.8005517,2,361.067,1.17803549,LAHLGVQVK/2
565.78509857,2,361.067,1.17770561,HYPVFENPK/2
431.73708577,2,361.067,1.16523955,APDGYIVK/2
550.79599762,2,361.067,1.19204331,VLFVHSGADR/2
491.26104203,3,361.067,0.84431812,RVALEEMENKPR/3
647.3031921,2,361.81,1.21006872,MDSTANEVEAVK/2
538.28018041,2,361.81,1.20079343,LAQFEPSQR/2
494.2771064,2,361.81,1.19375208,SPSLLQSGAK/2
431.87122022,3,361.81,0.84512292,MDSTANEVEAVK/3
485.75326716,2,361.81,1.17364587,KIDYFER/2
562.31455456,2,361.81,1.21189169,ELQTLHNLR/2
596.30227529,2,361.81,1.1992201,MNGMLLNDRK/2
407.2268852,2,361.81,1.15826712,VPEVDVR/2
564.31402322,2,361.81,1.20086166,FVELVHQQK/2
491.24801459,2,361.81,1.18573616,ETAEAYLGK/2
540.30840649,2,362.554,1.18512434,DKDPPIPVAK/2
430.7348774,2,362.554,1.17985209,VFGPGVER/2
459.25122599,2,362.554,1.19043302,RGLPFDGR/2
574.27750033,2,362.554,1.1969112,EQLGEEIDSK/2
565.29602743,2,362.554,1.19317856,KPGDLSDELR/2
454.73094616,2,362.554,1.16424254,MPYQEIK/2
614.23276682,2,363.298,1.20036503,NFGEDMDDER/2
544.77713619,2,363.298,1.19773839,ELAEQELEK/2
505.25108859,2,363.298,1.20032114,FSEGEATLR/2
536.25329692,2,363.298,1.19645661,FEDSPSYVK/2
616.80388223,2,363.298,1.19588873,EIGQSVDEVEK/2
527.26419598,2,363.298,1.18618372,GVYSEETLR/2
535.79566327,2,363.298,1.20627728,TVDLSSHLAK/2
491.27182407,2,363.298,1.18623135,IYSTLAGTR/2
741.8760389,2,363.298,1.21675989,QADNPHVALYQAR/2
567.28786801,2,364.041,1.19334203,VDATAETDLAK/2
409.82427004,3,364.041,0.8417005,NFGEDMDDER/3
568.23055008,2,364.041,1.20249194,DFVEDDTTHG/2
562.78836957,2,364.041,1.19463347,DHAISLSEPR/2
515.24475199,2,364.041,1.19130289,GLWHEEMK/2
671.82788863,2,364.041,1.20206678,NSEPAGLETPEAK/2
466.263999,2,364.041,1.1803758,ISAVSVAER/2
696.34370591,2,364.041,1.18879574,TNHIYVSSDDIK/2
487.76128916,2,364.041,1.18899448,ELSAALQDK/2
459.25122599,2,364.041,1.19439411,RFPDLNR/2
634.75861742,2,364.785,1.20237116,ESWEMNSEEK/2
763.8759015,2,364.785,1.21928664,ILDNTSEPQPGEAR/2
572.31148053,2,364.785,1.19261591,TYHALSNLPK/2
510.76076624,2,364.785,1.18805683,MLLQSSEGR/2
634.32310786,2,365.528,1.22131412,QSVENDIHGLR/2
743.85463471,2,365.528,1.20569349,DQTPDENDQVVVK/2
478.70747941,2,365.528,1.18679619,FGSGMNMGR/2
585.260796,2,365.528,1.18921161,EQVYDAMGEK/2
505.26928137,2,365.528,1.18468337,AQGYSGLSVK/2
670.85318654,2,365.528,1.21322212,VSMSPVLHTQNK/2
593.78900072,2,365.528,1.20213868,MPSMNIQTHK/2
555.81131334,2,366.271,1.18919565,AQLEPVASPAK/2
511.80890806,2,366.271,1.19278728,VTILGHVQR/2
533.76383181,2,366.271,1.1980688,FEPYANPTK/2
537.28661682,2,366.271,1.19048098,IMATPEQVGK/2
560.75947475,2,366.271,1.20210323,DLEGSDIDTR/2
723.29047867,2,366.271,1.21144063,SEDPDTSMDSYAK/2
441.89944459,3,366.271,0.85028398,TNVVTMPTAHPR/3
772.8391816,2,366.271,1.21741964,DDPENDNSELPTAK/2
581.25455654,2,367.015,1.19554386,NLDDGIDDER/2
550.29074508,2,367.015,1.19061367,GTVEPQLEAR/2
583.2904107,2,367.015,1.18449666,VVGDVAYDEAK/2
507.76436317,2,367.015,1.19535602,LDADPSLQR/2
662.34552866,2,367.015,1.21054642,TNVVTMPTAHPR/2
571.5185562,4,367.015,0.73077965,EIEDPEDRKPEDWDERPK/4
498.23606969,2,367.015,1.18109141,MMASGLTER/2
786.33968314,2,367.015,1.21523386,HGSYEDAVHSGALND/2
652.34624861,2,367.015,1.20652139,QALQSTPLGSSSK/2
578.93103282,3,367.015,0.84179598,SHMMDVQGSTQDSAIK/3
426.22909358,2,367.015,1.16778008,IGEYLEK/2
604.84463324,2,367.015,1.1908158,HKPLLIDMNK/2
611.8011426,2,367.759,1.18425635,TPAQYDASELK/2
497.25363129,2,367.759,1.19939569,FETEQALR/2
631.82039798,2,367.759,1.21390692,SNNIINETTTR/2
564.2793231,2,367.759,1.20045987,IPGSPPESMGR/2
683.8460814,2,367.759,1.22282137,EVEEEPGIHSLK/2
498.9473404,3,367.759,0.83333314,KPPLLNNADSVQAK/3
487.26928133,2,367.759,1.18001145,NSVEVALNK/2
596.30385246,2,368.502,1.20468052,LAPEYEAAATR/2
408.20318722,3,368.502,0.82827923,TPAQYDASELK/3
581.78856654,2,368.502,1.20628382,GNSSESIEAIR/2
546.79345495,2,368.502,1.19664072,GLVGPELHDR/2
570.79840293,2,368.502,1.19952014,IGQTSSSVSFK/2
612.81659572,2,369.246,1.17718265,HIYYITGETK/2
408.88015597,3,369.246,0.82372602,HIYYITGETK/3
629.356085,2,369.246,1.19117292,KEELVAEQALK/2
562.80329974,2,369.246,1.18990309,VAMHILNNGR/2
520.79038093,2,369.246,1.20120828,TADGIVSHLK/2
527.78764131,2,369.246,1.18199361,KYEAFLQR/2
562.80656231,2,369.246,1.20462107,AGGPATPLSPTR/2
626.83023437,2,369.99,1.22273001,LDEAVAEAHLGK/2
539.76182047,2,369.99,1.20116517,LAEDEAFQR/2
690.87771588,2,369.99,1.21878747,KLDEAVAEAHLGK/2
594.30438381,2,369.99,1.21078403,ELEIGQAGSQR/2
565.80622796,2,370.733,1.19981892,LATNTSAPDLK/2
763.35289036,2,370.733,1.21078302,TLMSSGQMAPSSSNK/2
406.73487745,2,371.477,1.19049207,LELQGPR/2
577.81184465,2,372.221,1.20712292,AGGPTTPLSPTR/2
685.3515309,2,372.221,1.20818195,SPVESTTEPPAVR/2
605.80114256,2,372.221,1.20116089,ASDPGLPAEEPK/2
565.30365553,2,372.221,1.18539364,LHEEGIIYR/2
600.79639158,2,372.221,1.21330799,ELDSQLNEPR/2
495.57579513,3,372.221,0.86066025,GELQSSDLFHHSK/3
494.25891366,2,372.221,1.18598968,ALELEQER/2
634.32310786,2,372.221,1.21518679,LDQPGNLPGSNR/2
441.72143568,2,372.221,1.18775758,FFTQPDK/2
515.26093336,2,372.964,1.19385243,MAGDPVANVR/2
532.25637092,2,372.964,1.19715527,FESPEVAER/2
566.26746697,2,372.964,1.19864199,EDLQELNDR/2
671.79586862,2,372.964,1.218697,DPASDQMQHWK/2
494.25891364,2,372.964,1.19842929,LGTDEISPR/2
529.78509859,2,373.708,1.19957118,FLEHLSGAGK/2
620.7744049,2,373.708,1.2017531,TFGMAEEYHR/2
555.255848,2,373.708,1.19606613,MVQFEENGR/2
534.81164773,2,373.708,1.18382855,LRDADPILR/2
414.18536209,3,373.708,0.84434381,TFGMAEEYHR/3
481.25108857,2,373.708,1.18670977,TDAVDSVVR/2
508.79038093,2,373.708,1.18071509,TGRTAPTVIT/2
618.83277711,2,374.451,1.19815563,LQQTYAALNSK/2
732.85919719,2,374.451,1.21527461,ITSEMGSASQANIR/2
412.89094356,3,374.451,0.83679046,LQQTYAALNSK/3
613.62823022,3,374.451,0.85189427,RPPTMTVSEASYQSER/3
669.36784975,2,374.451,1.22557362,TLNQQLTNHIR/2
610.95874483,3,374.451,0.86487804,NLTEQNSYSNIPHEGK/3
536.79292364,2,374.451,1.20523267,LIDVNHYAK/2
789.84753797,2,375.194,1.22795168,SEDGVEGDLGETQSR/2
595.78972063,2,375.194,1.1889151,AQMVQEDLEK/2
589.77545912,2,375.194,1.21211841,SSENPNEVFR/2
572.3170972,2,375.194,1.20067146,FATHAAALSVR/2
549.76043184,2,375.194,1.18388711,EAVAMESYAK/2
667.2936901,2,375.194,1.21672869,DQDNMQAELNR/2
511.26165329,2,375.194,1.19265977,SETDTSLIR/2
508.77218817,2,375.194,1.19927325,ASAVSELSPR/2
539.76350586,2,375.938,1.19613154,SMVEEGTGLR/2
587.80114259,2,375.938,1.18824062,DQIVSVQEEK/2
408.54706537,3,375.938,0.84054448,FVTSNTQELGK/3
612.31695982,2,375.938,1.20316209,FVTSNTQELGK/2
823.38188228,2,376.682,1.23064747,AAAAAWEEPSSGNGTAR/2
501.26673866,2,377.425,1.19127869,TSLGPNGLDK/2
522.26875841,2,377.425,1.19861223,VSITEAMHR/2
462.73402016,2,377.425,1.17099704,VMEYINR/2
515.24801459,2,378.169,1.18654488,YDEYVNVK/2
404.20341012,2,378.169,1.17291576,LAADDFR/2
419.22688525,2,378.169,1.16570736,LASYLDR/2
508.7665715,2,378.169,1.19223319,AEELGQELK/2
743.87518157,2,378.912,1.21201713,APGTNVAMASNQAVR/2
522.27763772,2,378.912,1.19632461,EGDLIAAQAR/2
665.33026414,2,379.656,1.20751959,IEDVPAPSTSADK/2
643.33601827,2,379.656,1.21758864,DFQSGQHVIVR/2
620.26353564,2,379.656,1.1985491,EFQSPDEEMK/2
613.31983688,2,379.656,1.20236094,LQHLAESWGGK/2
517.28546274,2,379.656,1.19418431,AGITTTLNSR/2
596.29060767,2,380.399,1.19245063,VESLDVDSEAK/2
616.80824772,2,380.399,1.20863477,VADMALHYANK/2
529.2980388,2,380.399,1.19644814,ITIGQAPTEK/2
429.22643767,3,380.399,0.85545319,DFQSGQHVIVR/3
589.2645899,2,380.399,1.20037235,NLDDTIDDEK/2
747.35259354,2,381.143,1.21690679,FNTANDDNVTQVR/2
654.84334178,2,381.143,1.19473495,IRYESLTDPSK/2
575.77238512,2,381.143,1.20360319,EAESSPFVER/2
614.3220452,2,381.143,1.18427681,YHDIEPGAVVK/2
570.7620174,2,381.143,1.19772016,GSFSDTGLGDGK/2
742.35480187,2,381.886,1.21858149,FSTVAGESGSADTVR/2
583.29602746,2,381.886,1.20353366,LENEIQTYR/2
592.81712704,2,381.886,1.21047169,IQETQAELPR/2
651.83974478,2,381.886,1.20921394,DDAMAAVPAKVSK/2
409.87031953,3,381.886,0.84609677,EGNPAEINVER/3
572.59351439,3,381.886,0.86357911,GEFDPGQDTYQHPPK/3
614.30184107,2,382.63,1.20494834,EGNPAEINVER/2
548.2694783,2,382.63,1.19798965,LTTDFGNAEK/2
441.75254726,2,382.63,1.18063368,VMNILHR/2
559.77915596,2,383.374,1.19423898,LQDEIQNMK/2
535.81947278,2,383.374,1.18597033,KGDIIQLQR/2
756.86447112,2,383.374,1.21698672,YSPTSPTYSPTSPK/2
604.28311701,2,383.374,1.20600345,LFADAEEEQR/2
580.79331753,2,383.374,1.19867038,TGAEGAVLDEAK/2
597.30672952,2,383.374,1.20660053,GTYLATFHQR/2
628.33073589,2,384.118,1.20234163,SVHFPGQAVGTR/2
539.79820596,2,384.118,1.18282142,ARFEEVLSK/2
503.76383183,2,384.118,1.18859575,LFNEVQEK/2
565.3092722,2,384.118,1.19159893,TLHGSALFQR/2
536.80348832,2,384.118,1.19143182,IATGQIAGVDK/2
445.7362285,2,384.118,1.17891014,LEEQLMK/2
707.86989087,2,384.118,1.21572778,NETYNSHPLLVK/2
656.28859634,2,384.862,1.20750579,EDQTEYLEER/2
597.76235179,2,384.862,1.20747779,DNDFIYHDR/2
546.81164772,2,384.862,1.17842867,HLLPVETQR/2
565.30860352,2,384.862,1.19665353,LLQQEEEIK/2
630.29113901,2,385.605,1.20858248,IDEPLEGSEDR/2
506.27384383,2,385.605,1.19451512,LMQLVDHR/2
675.82155206,2,385.605,1.21647384,MTNYDVEHTIK/2
629.34350895,2,386.349,1.20502627,KEEELQAALAR/2
600.84535312,2,386.349,1.18493997,KLTELGTVDPK/2
684.83571366,2,386.349,1.20104282,SEPIPESNDGPVK/2
579.27378739,3,386.349,0.86148395,TVAIYSEQDTGQMHR/3
560.26621574,2,387.092,1.19453238,YMIVDEGHR/2
466.56511898,3,387.092,0.8520366,DDQHFTVTGLHK/3
656.33059851,2,387.835,1.21780728,DGVIEASINHEK/2
608.78890088,2,387.835,1.20729394,QDEVNAAWQR/2
703.31230162,3,387.835,0.86727151,TETVEEPMEEEEAAKEEK/3
810.86539637,2,387.835,1.21878981,LEGALGADTTEDGDEK/2
620.29038302,3,387.835,0.86478696,KDEESGGGSNPFQHLEK/3
500.74765885,2,388.579,1.18101207,SELHLMDR/2
400.77126296,2,388.579,1.16482478,RGILTLK/2
566.29823575,2,388.579,1.19784811,VLDNAIETEK/2
539.27350945,2,389.322,1.19667901,IMGPNYTPGK/2
501.29054815,2,389.322,1.18348137,RIESLIDR/2
662.86460852,2,390.066,1.19755681,HAASTVQILGAEK/2
645.30404945,2,390.066,1.20399956,DISTNYYASQK/2
631.82039798,2,390.066,1.21323253,DGGSGNSTIIVSR/2
435.7214357,2,390.066,1.17804228,FANYIDK/2
562.28512836,2,390.066,1.19763827,FAEALGSTEAK/2
648.80695625,2,390.066,1.20320492,GGELVYTDSEAR/2
475.23659264,2,390.066,1.18384778,ISDDLMQK/2
430.53845845,3,390.066,0.84382595,DISTNYYASQK/3
581.80382267,2,390.81,1.18735302,FVHDNYVIR/2
623.25455653,2,390.81,1.21095864,ADDADEFGYSR/2
628.06524498,4,390.81,0.73921577,IMKAQAYQTGKDISTNYYASQK/4
415.83879651,3,390.81,0.84835096,ADDADEFGYSR/3
710.82554292,2,390.81,1.21298315,LGEASDSELADADK/2
411.20704312,3,390.81,0.84588527,TSEEFVHINR/3
544.76456012,2,391.554,1.2008292,AEEDEILNR/2
617.31475151,2,391.554,1.1991132,VAYPQADSNLR/2
813.37867092,2,391.554,1.22079192,TSSGDASSLSIEETNK/2
696.7943802,2,391.554,1.222499,WGDYDSHDIER/2
485.27744076,2,391.554,1.19482295,GGGQIIPTAR/2
540.23237289,2,391.554,1.2040546,WDMSAENAR/2
478.76925159,2,392.297,1.17503652,HGLYLPTR/2
560.26185026,2,392.297,1.20229953,DLQELGDSDK/2
452.74798483,2,392.297,1.17331256,IPENIYR/2
559.29041072,2,393.041,1.19213455,TIVEEVQDGK/2
498.28526577,2,393.041,1.18685801,QAGPASVPLR/2
504.25089163,2,393.041,1.19590986,DAIHFYNK/2
587.30418681,2,393.041,1.20463918,QTDVGITHFR/2
625.78602385,2,393.041,1.20886031,AENYDIPSADR/2
634.29368169,2,393.041,1.20814242,ESVEQQADSFK/2
541.28747412,2,393.041,1.19399509,IEYEPFRK/2
666.79807699,2,393.785,1.20353261,YYMNQVEETR/2
559.78241851,2,393.785,1.19014902,AALSEEELEK/2
487.74577646,2,393.785,1.18992659,IEHSFWR/2
559.80622796,2,393.785,1.19613098,STVEGIQASVK/2
554.25690225,2,393.785,1.19313638,EWGSGSDTLR/2
614.33822664,2,393.785,1.20305315,QLQLAQEAAQK/2
583.27783468,2,394.528,1.20088866,AAYEAELGDAR/2
484.26399902,2,394.528,1.18225011,DHINDIIK/2
739.33828618,2,394.528,1.20562192,EIQEPDPTYEEK/2
583.29041072,2,394.528,1.17947661,EPIVGSTDYGK/2
515.28800543,2,394.528,1.19106467,EAVQLVNTR/2
567.27898874,2,395.272,1.18818468,VMIGENVDEK/2
619.26694399,2,395.272,1.20874099,GPDNSMGFGAER/2
671.85932621,2,395.272,1.22290961,EAQLYAAQAHLK/2
463.73454306,2,395.272,1.19321084,YFEGVSPK/2
609.79110923,2,395.272,1.20199386,GSNLDAPEPYR/2
540.2813345,2,395.272,1.18752412,VSQLYMNPK/2
627.34605164,2,395.272,1.19372085,DHVTATQLIQK/2
413.18038815,3,395.272,0.8457135,GPDNSMGFGAER/3
509.75125578,2,396.016,1.20548892,DVESYIHR/2
658.84387309,2,396.016,1.20154351,VVIQSNDDIASR/2
667.35153095,2,396.016,1.20222166,SQLNSQSVEITK/2
583.30530481,3,396.016,0.8615489,VFYELQHSDKPVGTK/3
743.86025147,2,396.016,1.21143555,QQEELLAEENQR/2
463.25309998,2,396.016,1.1917108,LPDDQIPK/2
543.75548385,2,396.016,1.20412771,DFSHPQMPK/2
625.31220879,2,396.759,1.19852501,EQVANSAFVER/2
460.21186628,2,396.759,1.17980597,MPEMHFK/2
586.81712699,2,396.759,1.20214509,NADLNAQTVVK/2
520.33475867,2,396.759,1.18279298,VKPLLQVSR/2
505.27489806,2,396.759,1.19828502,EIAVHIGDR/2
594.75482354,2,397.503,1.19587223,DNSTMGYMAAK/2
649.79658853,2,397.503,1.21739309,DIQEESTFSSR/2
415.72397835,2,397.503,1.16209669,VPVDWSK/2
602.3018411,2,397.503,1.21231429,ENLTELSGGQR/2
552.77133093,2,397.503,1.19029225,LMLAQDEER/2
417.21056468,3,397.503,0.84222784,EQVANSAFVER/3
501.26673868,2,397.503,1.18918077,NQGIEEALK/2
560.31148051,2,398.247,1.19676702,FVVQNVSAQK/2
575.31676287,2,398.247,1.18204077,ERGDYVLAVK/2
542.28205439,2,398.247,1.19582372,LEEYITTSK/2
607.30164412,2,398.247,1.19982677,AGTYFSNQAVR/2
561.79312063,2,398.99,1.20230847,LEQEIATYR/2
678.39895288,2,398.99,1.21109432,TLHPAVHAGILAR/2
552.28258569,2,398.99,1.1854759,GTEVQVDDIK/2
403.86305352,3,399.734,0.84542887,TEEGPTLSYGR/3
605.29094205,2,399.734,1.20747136,TEEGPTLSYGR/2
678.84694716,2,399.734,1.21473238,EQALQDLQQQR/2
569.82696338,2,399.734,1.18571392,VEHVVSVLEK/2
598.97595871,3,400.477,0.85159807,HLHPIQTSFQEATASK/3
807.3945958,2,400.477,1.2270075,NQYVPYPHAPGSQR/2
692.86821388,2,401.221,1.21530521,NGQVIGIGAGQQSR/2
608.30946917,2,401.221,1.20627442,GLHQSIEEFR/2
581.27542937,2,401.221,1.19168937,HAYSWDINR/2
661.81972927,2,401.964,1.21382912,GLSEDTTEETLK/2
591.33548697,2,401.964,1.18255761,HEILLSQSVR/2
672.83571368,2,403.452,1.19996847,TNLDESDVQPVK/2
708.84301579,2,403.452,1.21773936,MTEIQTPENTPR/2
611.33294428,2,403.452,1.19090401,IHDPQLLTER/2
651.84367613,2,404.195,1.20913418,YAVTTGDHGIIR/2
566.7671028,2,404.195,1.19826497,GYSFTTTAER/2
619.79140604,2,404.195,1.19762289,QLTQEMMTEK/2
401.21056469,3,404.195,0.83857045,QEATLVVGGDGR/3
584.34023795,2,404.938,1.19669327,GTEITHAVVIK/2
622.36645272,2,404.938,1.18919074,KPLLESGTLGTK/2
415.2467273,3,404.938,0.83035976,KPLLESGTLGTK/3
620.32373062,2,404.938,1.19159905,VKYETELAMR/2
601.3122088,2,404.938,1.19684298,QEATLVVGGDGR/2
628.84588447,2,405.682,1.19965567,LQTLVSEQPNK/2
650.8434792,2,406.425,1.19610888,YHIIHADIYR/2
492.28526578,2,406.425,1.19899661,IAGPGLGSGVR/2
635.34350898,2,406.425,1.20249593,QLSLPQQEAQK/2
608.31441715,2,407.169,1.20552824,ELAAQLNEEAK/2
564.28493981,2,407.169,1.19260928,HASNMLGELR/2
405.87870359,3,407.169,0.843379,ELAAQLNEEAK/3
581.81438734,2,407.912,1.18615287,RANEFLEVGK/2
554.26947833,2,407.912,1.19280334,EQQDLEFAK/2
725.84407007,2,408.656,1.21937631,AEQEEYVQEGIR/2
561.27730334,2,408.656,1.18825984,AFAAQEDLEK/2
487.24815196,2,408.656,1.19809218,FNHWELK/2
622.30130977,2,408.656,1.19169872,KYEFGESDLR/2
695.33093289,2,409.4,1.2195436,NFYQEHPDLAR/2
552.77694762,2,409.4,1.19643483,LTMQNLNDR/2
628.80949892,2,409.4,1.20540311,NSEPEEVIPSR/2
539.28800549,2,409.4,1.19832218,ELYQQLQR/2
535.74871311,2,409.4,1.2015003,FLYDDNQR/2
453.20404125,2,409.4,1.1830356,MPDMHFK/2
738.3433799,2,410.143,1.21931102,SVFMSSTTSASGTGR/2
507.23798122,2,410.143,1.19766396,DGPGFYTTR/2
600.79345492,2,410.143,1.19607013,AHWTPFEGQK/2
626.33822663,2,410.143,1.18898657,HEEILQNLQK/2
463.27690941,2,410.143,1.18685486,GPNAVQLVK/2
621.30404939,2,410.887,1.20524043,TTLSASGTGFGDK/2
570.61290891,3,410.887,0.8604608,NDIASHPPVEGSYAPR/3
587.32732754,2,411.63,1.22359966,DAALATALGDKK/2
772.38917605,2,411.63,1.22659957,AISSASSPQSPGDALR/2
671.32700156,2,411.63,1.21431702,GEITGEVHMPSGK/2
436.7636349,2,411.63,1.18425889,IDLLDRK/2
631.80916456,2,411.63,1.20273258,GPSTVTDLEDTK/2
529.30365552,2,411.63,1.18794161,LRIEEEIR/2
538.80857368,2,411.63,1.19280955,GVSPEPIHLK/2
552.28258567,2,412.374,1.19903597,SPDSDVAATLK/2
684.31101716,2,412.374,1.20287366,AYVDDTPAEQMK/2
669.85985752,2,412.374,1.21839385,RTLEGELHDLR/2
526.76330893,2,412.374,1.1883407,MVEGYQGLR/2
505.78183603,2,413.118,1.19414937,GMQLHGVLR/2
523.7850986,2,413.118,1.17778475,VPVDVAYQR/2
509.78202457,2,413.118,1.18428938,KVDWLTEK/2
643.64471443,3,413.118,0.86934078,GTILISSEEGETEANNHK/3
684.84694711,2,413.861,1.23764811,EDITQSAQHALR/2
697.81646668,2,413.861,1.20473989,EIYENMAPGENK/2
621.31897961,2,413.861,1.18788705,LHELTVMQDR/2
651.83043136,2,413.861,1.20584835,VLETAEDIQER/2
560.28272309,2,413.861,1.20372701,LFAYPDTHR/2
628.79893423,2,414.605,1.20280026,DHGGALGPEEFK/2
663.35661631,2,414.605,1.21481004,VLEEANQAINPK/2
615.33548696,2,414.605,1.19589843,IHPTSVISGYR/2
670.32805587,2,414.605,1.20794593,EISYENTQISR/2
456.90039023,3,414.605,0.86733841,EDITQSAQHALR/3
589.27783466,2,414.605,1.20221774,DPDKDDFLGR/2
499.22401658,2,414.605,1.18229235,GGDLMAYDR/2
635.34350894,2,415.348,1.20588944,AVAGNISDPGLQK/2
555.75673507,2,415.348,1.19655779,DQEFTVDTR/2
503.24801456,2,415.348,1.1783165,VPVDEFDGK/2
431.54209147,3,415.348,0.84838975,LSQEDPDYGIR/3
577.81184467,2,415.348,1.20044196,GDIIGVQGNPGK/2
658.80949891,2,415.348,1.20549007,DHSGTLGPEEFK/2
556.32151385,2,415.348,1.1758928,TPTAVVAPVEK/2
471.99389441,4,415.348,0.73097206,ERPAYAVHGNMLHYVK/4
552.79345495,2,416.092,1.20598397,SAYGGPVGAGIR/2
536.76911417,2,416.092,1.19338352,SGKYDLDFK/2
604.31950252,2,416.092,1.20163423,FQTEIQTVNK/2
556.32713059,2,416.092,1.19195843,AVLIAGQPGTGK/2
646.80949898,2,416.092,1.21132062,LSQEDPDYGIR/2
403.21542717,3,416.092,0.83934701,FQTEIQTVNK/3
585.27898877,2,416.835,1.19087467,AEAESMYQIK/2
589.81184473,2,416.835,1.20011099,EYQTQLIQR/2
582.33020461,2,416.835,1.21210256,LALLHEGTGPR/2
598.78275286,2,416.835,1.19952008,AEAEAWYQTK/2
743.33386951,2,416.835,1.21503474,YASFQVENDQER/2
458.75854948,2,416.835,1.18923947,LTVEEAVR/2
463.23700235,3,416.835,0.84932915,VSDGIYQHVDVR/3
494.56841764,3,417.579,0.84181604,YSHEVLSEENFK/3
602.77766747,2,417.579,1.20909543,WGEEEAELNK/2
639.34605165,2,418.323,1.20569216,LQNNNVYTIAK/2
735.37448313,2,418.323,1.23317391,VMSQEIQEQLHK/2
735.31260275,2,419.066,1.21935574,YESSSYTDQFSR/2
540.27202105,2,419.066,1.18531352,QLYEEEIR/2
745.3693977,2,419.066,1.21667523,SAQGSSSPVPSMVQK/2
426.56645992,3,419.066,0.84244172,LQNNNVYTIAK/3
560.78698094,2,419.81,1.19415181,AAGSGELGVTMK/2
713.88045558,2,419.81,1.20944188,LNEQVTQEQPLK/2
402.20011146,3,419.81,0.85266555,SGYWASHLAGR/3
415.19558507,2,419.81,1.18645873,FPSINHD/2
572.7631715,2,419.81,1.19895372,GLEEPEMDPK/2
602.79652895,2,419.81,1.21691139,SGYWASHLAGR/2
584.29328774,2,419.81,1.20241096,ETHADLWPAK/2
684.35863606,2,420.553,1.19630249,AHSSMVGVNLPQK/2
765.39459582,2,420.553,1.23380832,SIFQHIQSAQSQR/2
541.77747054,2,420.553,1.21754405,DILQDVHDK/2
558.29583048,2,420.553,1.19819776,YLVIDEAHR/2
537.26842405,2,420.553,1.167438,NPVMELNEK/2
613.79365193,2,420.553,1.20619985,FQEAGELYNR/2
510.5988227,3,420.553,0.86442663,SIFQHIQSAQSQR/3
729.81022719,2,421.297,1.21869163,GYDSAGVGFDGGNDK/2
658.34624864,2,421.297,1.20991951,LITDLQDQNQK/2
581.77800185,2,421.297,1.20531207,ETWLSENQR/2
702.34169453,2,422.04,1.22256286,ASLEGNLAETENR/2
555.81131334,2,422.04,1.19979249,EVGEHLVSIK/2
600.82020103,2,422.04,1.20412476,ANSNLVLQADR/2
629.33789224,2,422.04,1.2014378,EIPSATQSPISK/2
621.84367613,2,422.04,1.20307449,LLASAGQDNVVR/2
580.31950256,2,422.04,1.18752147,QLTVLSDQQK/2
803.87576407,2,422.784,1.21853445,LSVEESEAAGDGVDTK/2
700.80355629,2,422.784,1.21372286,SMYEEEINETR/2
459.75580983,2,422.784,1.16801866,VPVDVAYR/2
667.81478125,2,422.784,1.21012206,DVQNFPAATDEK/2
652.31187443,2,422.784,1.19624814,VHIEFTEGEDK/2
672.2945098,2,423.527,1.20748477,SEGETIMSSSMGK/2
565.78308721,2,423.527,1.20986631,WINATDPSAR/2
526.80857372,2,423.527,1.17660026,QHITLALEK/2
611.27476071,2,423.527,1.19465133,IADYYYEER/2
576.3189712,2,423.527,1.1942156,DKGEYTLVVK/2
523.28546274,2,424.271,1.20117813,ALTSELANAR/2
478.7818276,2,424.271,1.17479248,KWGVPIEK/2
507.22540514,2,424.271,1.20166358,GGNFGFGDSR/2
818.36028116,2,424.271,1.21919916,TTGEENGVEAEEWGK/2
525.26842408,2,424.271,1.19824856,LSMSQLNEK/2
437.59412703,3,424.271,0.83429162,QKPVLEEQVIK/3
705.83773343,2,425.014,1.19933893,RFDDAVVQSDMK/2
654.6472904,3,425.014,0.86452017,AQAVLEEDHYGMEDVKK/3
444.26346771,2,425.014,1.19041841,INELTGIK/2
470.26654171,2,425.014,1.21040065,LSLNLDHK/2
618.30438375,2,425.758,1.20458993,DQVANSAFVER/2
506.74204216,2,425.758,1.19147005,YETELAMR/2
591.26248139,2,425.758,1.18943895,GDAMIMEETGK/2
512.25891366,2,425.758,1.18541443,NIYSEELR/2
547.26726997,2,426.502,1.20927918,FADLSEAANR/2
598.83531977,2,426.502,1.19197019,QPAPTTIGGLNK/2
412.53868132,3,426.502,0.84541012,DQVANSAFVER/3
561.92889707,3,426.502,0.87152311,YTLFSASSEGQNHSR/3
758.82554293,2,427.245,1.2199723,YDYEEVEAEGANK/2
519.76436318,2,427.988,1.19458967,YSGTLNLDR/2
502.2382374,3,427.988,0.85209371,VHMFEAHSDYIR/3
701.36463829,2,428.732,1.21451251,GTDTQTPAVLSPSK/2
562.81913839,2,428.732,1.21206581,SILTLSHEPK/2
458.26654171,2,428.732,1.18539922,VGAAEIISR/2
693.87411894,2,428.732,1.20343353,TVNQQTMAAPVVK/2
593.80675932,2,429.475,1.20204729,EQQLAEIEAR/2
650.83023439,2,429.475,1.18577598,HPENYDLATLK/2
586.31388583,2,429.475,1.2035116,LVDEEPQLTK/2
705.82841999,2,429.475,1.22141152,ETSYEEALANQR/2
582.28988779,2,430.219,1.20521993,DMVGIAQTGSGK/2
481.26928134,2,430.219,1.18320115,TGTVSLEVR/2
625.8002853,2,430.962,1.1993199,EEQMDGTVTLK/2
680.83585106,2,430.962,1.21184528,NFYVEHPEVAR/2
597.79110924,2,430.962,1.20435719,YSNENLDLAR/2
640.3406319,2,430.962,1.20144674,QISTLESVSTSK/2
568.27367593,3,430.962,0.86363632,LSIMTSENHLNNSDK/3
645.83604806,2,430.962,1.21039499,NTLTQTTENLR/2
537.27730338,2,430.962,1.18476948,QQEELDALK/2
551.78001319,2,431.706,1.20545297,WLNENAVEK/2
632.33260992,2,431.706,1.20032441,LAEVGQYEQVK/2
691.32772149,2,432.449,1.206631,ALEESNYELEGK/2
775.84489815,2,432.449,1.21580023,VEQTETPEMMEAR/2
496.2878085,2,432.449,1.18939499,HLDQIIPR/2
853.91757773,2,432.449,1.22366957,MQEHSDQVPVGNIPR/2
621.84367614,2,433.193,1.20228123,QVQVALETAQR/2
471.28199481,2,433.193,1.19555189,EILWRPK/2
569.61414398,3,433.193,0.85642246,MQEHSDQVPVGNIPR/3
577.82508941,2,433.937,1.20522958,AVVLAANHFGR/2
531.81894141,2,434.68,1.20204788,LLDVVHPAAK/2
526.79599764,2,434.68,1.20266028,DLVLSVHNR/2
612.29876706,2,434.68,1.20738146,FITDNTVEER/2
461.24306661,2,434.68,1.18452284,QELSFAAR/2
540.29784179,2,434.68,1.19881642,FPFNTPKTK/2
491.24801463,2,435.424,1.18335173,SDQDYILK/2
537.28292008,2,435.424,1.20790629,SLQQLAEER/2
729.83898468,2,435.424,1.21565748,SIPLDEGEDEAQR/2
695.84407004,2,435.424,1.22548235,DALNQATSQVESK/2
542.75260683,2,435.424,1.18854014,EEAYNSLMK/2
626.83954786,2,435.424,1.17957719,HPTPTMLSIQK/2
409.52778229,3,436.168,0.85767907,DFESHITSYK/3
613.78803521,2,436.168,1.22569289,DFESHITSYK/2
668.31048587,2,436.168,1.1919465,AIMYEETTYSK/2
554.74329334,2,436.168,1.20989706,WELDDSSEK/2
689.31835678,2,437.655,1.23324587,GGGGNFGPGPGSNFR/2
655.3171568,2,437.655,1.2092226,ESAEFQTQLEK/2
425.88753339,3,438.399,0.84779838,FNGSHVVGSPFK/3
638.32766186,2,438.399,1.21210246,FNGSHVVGSPFK/2
610.79331751,2,438.399,1.20522021,WPTETDVSSAK/2
734.35734459,2,438.399,1.22194334,SLGPPQGEEDSVPR/2
537.30111282,2,438.399,1.19936275,ILGATIENSR/2
711.82841997,2,439.143,1.23341891,FDETEQALANER/2
594.32257656,2,439.143,1.20128459,LRDLEDSLAR/2
651.84862409,2,439.143,1.2056753,SVSLTGAPESVQK/2
729.37078632,2,439.143,1.20845008,NTGVILANDANAER/2
534.28526577,2,439.143,1.19485607,RDFNQFIK/2
438.75052752,2,439.143,1.1727347,IPTNYLR/2
561.28460546,2,439.143,1.19811707,SMEVSTQLAR/2
635.79394875,2,439.886,1.19744462,MAQELYMEQK/2
715.36276432,2,440.629,1.2276272,AFGPGLQGGSAGSPAR/2
563.30418684,2,440.629,1.21783318,GLDISHISQR/2
772.86995043,2,440.629,1.22742264,EGLELPEDEEEKK/2
715.31514541,2,441.373,1.21873564,FQETSDEFEAAR/2
847.42883256,2,441.373,1.23318874,LESEHPDQAQAILSR/2
701.34149758,2,442.117,1.20514598,DHLYGTLDPNTR/2
582.79907162,2,442.117,1.19602125,GHNTLPSPWR/2
539.28969085,2,442.86,1.20159903,MQSTLISAAR/2
820.8861318,2,442.86,1.20980223,QLEVEPEEPEAENK/2
453.26380205,2,442.86,1.18369476,LTAQFVAR/2
459.76142655,2,442.86,1.18813795,LAQFIGNR/2
579.79873726,2,443.603,1.22251791,SNFAEALAAHK/2
649.79164052,2,443.603,1.2183485,GQSSWGTGESFR/2
635.30913479,2,443.603,1.2042576,TYNEPGSQVFK/2
664.8276917,2,444.347,1.2054433,INVYYNEATGGK/2
613.28839932,2,444.347,1.20214801,EATTEFSVDAR/2
431.71169913,2,444.347,1.17257927,MPEMNIK/2
582.79345495,2,444.347,1.18485206,HYFIEVNSR/2
598.32511921,2,444.347,1.1922662,NQSPVLEPVGR/2
601.30659211,2,444.347,1.21093546,LEAAIAEAEER/2
494.72417536,2,445.091,1.1781242,AWEEYYK/2
558.30077846,2,445.091,1.20087236,DTEPLIQTAK/2
579.30279823,2,445.091,1.20186347,AMGPGIQQDIK/2
558.81164774,2,445.091,1.18668878,LHLYNSLTR/2
714.85751184,2,445.834,1.22150339,QEELQQLEQQR/2
602.79754566,2,445.834,1.20217653,ALEQQVEEMK/2
550.77713619,2,445.834,1.18930399,EQPLDEELK/2
453.24426839,3,445.834,0.85054491,QSVEADINGLRR/3
661.82240934,2,445.834,1.20289946,VTPTANQWDYK/2
658.80949891,2,446.577,1.21373956,WGSNELPAEEGK/2
585.82749475,2,446.577,1.195586,QGNLSSQVPLK/2
522.26314173,2,446.577,1.20610482,DMIHIADTK/2
605.97802791,3,446.577,0.86421154,SNRDELELELAENRK/3
668.37821743,2,446.577,1.21094519,VSHVLAALQAGNR/2
457.76330051,2,446.577,1.17873014,IPDTVLEK/2
507.78817264,2,446.577,1.19654994,SNGVQLLQR/2
708.8938973,2,447.321,1.22878874,LAQAAQSSVATITR/2
658.84061052,2,447.321,1.21301275,QASQGMVGQLAAR/2
597.31537424,2,447.321,1.18573383,KPEMFETAIK/2
426.86758723,3,447.321,0.83579859,SEMEVQDAELK/3
611.81933538,2,447.321,1.20545103,LELEQTYQAK/2
639.3096661,2,447.321,1.20148459,SPVPSAFSDQSR/2
664.82006361,2,447.321,1.2050398,AAVELEEPEDAR/2
596.28239714,2,447.321,1.22734944,DMLQAASHYR/2
783.34103419,2,448.064,1.22486219,ELEDATETADAMNR/2
639.79774261,2,448.064,1.19541551,SEMEVQDAELK/2
752.33353511,2,448.064,1.2095912,QDWVDGEPTEAEK/2
664.34063188,2,448.064,1.19735531,VPLEVQEADEAK/2
401.20682023,3,448.064,0.84712552,LEAAIAEAEER/3
613.79859988,2,448.064,1.20160493,GPEVDIEGPEGK/2
605.29463884,2,448.064,1.19907149,IMADSGPIYDK/2
546.7640288,2,448.064,1.18794116,DPIDVNYEK/2
638.32498185,2,448.064,1.19469342,QELILSNSEDK/2
442.24286963,2,448.064,1.17290664,VPFLDHR/2
409.53482541,3,448.064,0.84027172,GPEVDIEGPEGK/3
593.29463878,2,448.064,1.18926351,EAPEPGMEVVK/2
408.21531575,3,448.064,0.84180506,LELEQTYQAK/3
740.85430038,2,448.808,1.21772457,ILELSGSSSEDSEK/2
651.32224219,2,448.808,1.20442665,ISVYYNEATGGK/2
617.29262744,2,448.808,1.20457245,GEENLMDAQVK/2
711.81022719,2,448.808,1.22033289,NETDEDGWTTVR/2
560.60564287,3,448.808,0.86072144,VSWSPAEDHNAPIEK/3
411.86417712,3,448.808,0.84169809,GEENLMDAQVK/3
636.33875792,2,449.551,1.21564404,QAGAEALSQAVAR/2
537.31412305,2,449.551,1.18604355,IKPVLMMNK/2
824.91248396,2,450.295,1.23667179,GISEETTTGVHNLYK/2
823.35975828,2,450.295,1.21941934,TSPEMDIQNPDDGAR/2
680.33059851,2,451.782,1.21818601,SEEEFIHINNK/2
970.95018862,2,452.526,1.23377414,SSLGQSASETEEDTVSVSK/2
480.2998532,2,453.269,1.18099043,FVIKPIDK/2
537.25326922,3,453.269,0.85763178,VGDDVEFEVSSDRR/3
515.78764128,2,453.269,1.21524694,FNILGTHTK/2
558.28820241,2,454.013,1.19919191,VELQELNDR/2
680.3411632,2,454.013,1.21987228,TDNSSLSSPLNPK/2
453.88949116,3,454.013,0.85130504,SEEEFIHINNK/3
657.83043133,2,454.756,1.21075488,VGEPVALSEEER/2
665.31639117,4,454.756,0.74421861,HHNQSTAINLNNPESQSMHLETR/4
612.32257653,2,455.5,1.21173119,AGVLAHLEEER/2
516.28133448,2,455.5,1.18291856,MAVLNEQVK/2
708.32719854,2,456.243,1.21410447,DQDLEPGAPSMGAK/2
585.32099097,2,456.243,1.22082124,MAQEVLTHLK/2
408.55080984,3,456.243,0.84941661,AGVLAHLEEER/3
690.36751539,2,456.243,1.21022826,TRLEQEIATYR/2
555.30874086,2,456.243,1.19926531,LGGHGPSFPLK/2
615.32224216,2,456.243,1.19852773,GDVENIEVVQK/2
694.36444135,2,456.243,1.198925,HVDYVADQIVTK/2
695.36463831,2,456.243,1.21406355,EAVEAIQNSTSIK/2
516.76076625,2,456.243,1.18731142,QLQDEMLR/2
698.3064631,2,456.243,1.20978228,TSSMLEVDDEGGR/2
524.78034756,2,456.987,1.18650014,QHLAVSHEK/2
563.80382269,2,457.73,1.18532392,HPDYAILAAR/2
809.37487703,2,457.73,1.2151273,EILSEENEMQPNGK/2
595.8244207,2,457.73,1.20496676,SDEAVKPFGLK/2
520.79239236,2,457.73,1.18155919,IYQYVINK/2
697.39722992,2,457.73,1.20110506,SKPIPIMPASPQK/2
673.82971144,2,458.474,1.19767242,HQAFMAELASNK/2
667.85678353,2,458.474,1.20045384,QLVAEQVTYQR/2
592.29172395,3,458.474,0.85203333,KHEAIETDIAAYEER/3
826.34885925,2,458.474,1.22455155,EDQYDHLDAADMTK/2
610.81151034,2,459.218,1.19831478,IASPEGQDYLK/2
568.29837315,2,459.218,1.18721081,YHTEIVFAR/2
686.83383968,2,459.961,1.22081463,GTSQNDPNWVVR/2
690.83076574,2,459.961,1.20239468,AYQHGGVTGLSQY/2
669.30765474,2,460.705,1.21936591,DNNQFASASLDR/2
681.80335929,2,461.448,1.21571231,IMADNPSWDGEK/2
507.80074866,2,461.448,1.18611559,KVDAAELLR/2
546.29583049,2,462.192,1.18644501,QDAQVVLYR/2
667.34859435,2,462.192,1.21211127,LYHDIAQQAFK/2
698.33554652,2,462.192,1.20973894,TEYEEAQDAIVK/2
585.77661322,2,462.192,1.20306754,LGSAGGTDFSMK/2
585.84568748,2,462.192,1.2025389,VLQSPATTVVR/2
646.32243915,2,462.935,1.19798734,ELISNSSDALDK/2
573.30111278,2,462.935,1.21670566,LGGSPFGPAGTGK/2
642.84895845,2,462.935,1.20974305,GPVGTVSEAQLAR/2
522.29021379,2,462.935,1.18820672,LQAEIDNIK/2
635.27443472,2,462.935,1.20589625,DDLYAEQMER/2
613.29535694,3,462.935,0.86502786,ERPTDEEGFLHPPGEK/3
431.21738492,3,462.935,0.83905225,ELISNSSDALDK/3
525.25392806,2,462.935,1.17780867,DVVMEPTMK/2
689.87550755,2,463.679,1.21194893,TPQAPASANLVGPR/2
686.80283635,2,463.679,1.20861334,DGAPSPMMPNEAR/2
435.25818535,2,464.423,1.17751148,DPNIVIAK/2
708.36920072,2,464.423,1.21303715,VASSPVMVSNPATR/2
493.93532337,3,464.423,0.85535635,SLQEEHVAVAQLR/3
406.21045327,3,465.166,0.84954247,LENDQIESLR/3
580.30893784,2,465.166,1.19767284,QPSQGPTFGIK/2
594.80896761,2,465.166,1.20460753,IAVSIEDEANK/2
546.78783829,2,465.166,1.18545191,YLVIQGDER/2
691.33333818,2,465.91,1.2094074,VSGVDGYETEGIR/2
608.63426119,3,465.91,0.87453703,GIEQAVQSHAVAEEEAR/3
550.92795149,3,465.91,0.85403783,IAVHPDYQGMGYGSR/3
530.26453035,2,465.91,1.20900354,NIEDYIHR/2
610.82970307,2,466.653,1.1973121,KFDQLLAEEK/2
590.29703223,3,466.653,0.8604819,LTHYHEGLPTTWGTR/3
658.81511563,2,466.653,1.19974049,QEVQAWDGEVR/2
407.55556087,3,466.653,0.83627231,KFDQLLAEEK/3
679.34096625,2,466.653,1.2282909,FLLEAGADQEHK/2
579.82187806,2,466.653,1.18897373,GIILAGTEEQK/2
697.84915544,2,467.397,1.22273433,GYDVIAQAQSGTGK/2
681.85918878,2,467.397,1.22143599,LDSSPSVSSTLAAK/2
553.76096317,2,468.14,1.19174699,NTDEMVELR/2
883.93702166,2,468.14,1.23183079,AGSSTPGDAPPAVAEVQGR/2
649.33534954,2,468.14,1.20560031,ELTAPDENIPAK/2
560.29823575,2,468.884,1.20425239,EAALSTALSEK/2
696.34932261,2,468.884,1.2148,VLQQFADNDVSR/2
647.3253162,2,468.884,1.21732253,LGDTYPSISNAR/2
420.76872026,2,468.884,1.16072223,APIIAVTR/2
586.81712703,2,468.884,1.20672933,DLTNVQNLQK/2
450.28166044,2,468.884,1.17828386,TIAPALVSK/2
568.59463796,3,469.628,0.85723633,GNAMVEEGHFAAEDVK/3
579.80368529,2,469.628,1.19667869,EEIGNVQLEK/2
759.84954935,2,469.628,1.22297528,SLDPENSETELER/2
592.8115103,2,470.371,1.20602717,LGAGPDGVEEIK/2
698.33353514,2,471.115,1.21609336,ELSDSVTLSSSDR/2
732.87008781,2,471.115,1.21331937,SGVAYIAAPSGSAADK/2
663.36223302,2,471.858,1.21354202,GQNQPVLNITNK/2
402.53515978,3,471.858,0.8458361,VDAQFGGIDQR/3
607.33040156,2,471.858,1.20419476,VSAPGVLTAQDR/2
707.86226276,2,472.602,1.2188695,ADVLTTGAGNPVGDK/2
669.80897603,2,472.602,1.21369879,GISQEQMNEFR/2
674.85203248,2,472.602,1.2122754,YLINGVNANNTR/2
447.57009292,3,472.602,0.84396169,SAFPHLQDAQVK/3
670.85150114,2,473.345,1.20817224,SAFPHLQDAQVK/2
584.80348834,2,473.345,1.19797939,FNQLVEQYK/2
631.78040714,2,473.345,1.20473257,EWQELDDAEK/2
574.82475507,2,473.345,1.20013629,GPQPPTVSPIR/2
656.84641575,2,474.089,1.20824682,VEPGLGADNSVVR/2
550.78836959,2,474.089,1.21250587,GGAEGELQALR/2
554.78529558,2,474.089,1.19226538,LLVGSEDYGR/2
600.78021017,2,474.089,1.19320073,QDSAAVGFDYK/2
743.89168893,2,474.832,1.21980277,GGGAFVQNSQPVAVR/2
672.8324511,2,474.832,1.21354941,AMVDPAQTVEQR/2
677.84281884,2,474.832,1.22284286,IMGNLGAADIDHK/2
468.74289947,2,474.832,1.19130933,LDIEQYR/2
621.83805943,2,475.576,1.19673323,QQLEAVNEAIK/2
571.96746322,3,475.576,0.86151382,TITVALADGGRPDNTGR/3
577.83565421,2,475.576,1.19563973,QLQQLQQLR/2
533.28238876,2,476.32,1.20022968,LEAEIATYR/2
703.33176103,2,476.32,1.19624906,QQMLENQMEVR/2
755.87844419,2,476.32,1.21765749,TTFQENTQSISVR/2
508.77419957,2,476.32,1.20437107,DEVYHILK/2
750.88626926,2,476.32,1.22174784,SDGAEGQGQGQLLIK/2
574.28018039,2,477.063,1.21882448,DYNHWLATK/2
752.8417243,2,477.063,1.21874692,ELNEDVSADVEER/2
822.39831433,3,477.063,0.88663698,TQSSASLAASYAAQQHPQAAASYR/3
499.26696158,3,477.063,0.85826231,TYSLGSALRPSTSR/3
686.85404382,2,477.807,1.21604433,YGGPNHIVGSPFK/2
503.27945214,2,477.807,1.19966512,YFQHLLGK/2
482.27911775,2,477.807,1.18226762,KGEIFELK/2
591.3172942,2,477.807,1.20292469,TNNPLPLEQR/2
676.81680107,2,478.55,1.21615953,GISQEQMQEFR/2
649.83859075,2,478.55,1.21675491,VGDPQELNGITR/2
433.56148599,3,478.55,0.85257731,VGDPQELNGITR/3
634.31187444,2,478.55,1.20212957,VEVGTEVTDYR/2
513.78255591,2,478.55,1.19383376,LPTIDPNTR/2
464.73260039,4,478.55,0.73335654,SLYHSVEWRPAEEPR/4
593.76743716,2,479.294,1.20218985,RFDYDWER/2
574.77882156,2,479.294,1.18914854,VMEIVDADEK/2
589.28278265,2,479.294,1.20745066,TLSDDLDEAAK/2
592.77218818,2,480.037,1.18576979,NPENWAYYK/2
637.33040154,2,480.037,1.20076947,RENEVLEAWK/2
420.23493316,3,480.037,0.84862464,FPGQLNADLRK/3
584.28565971,2,480.781,1.19546899,DYIVVGSDSGR/2
535.26366466,2,480.781,1.19968541,LYEWTTEK/2
627.79448002,2,481.525,1.20042624,TMATMGDTLASR/2
497.26620736,2,481.525,1.18634872,EIAEAYLGK/2
439.7401598,2,481.525,1.18727166,FSDIQIR/2
648.31302854,2,482.268,1.20233648,LVMEEAPESYK/2
634.30625777,2,482.268,1.19964446,EELSEEGYLAK/2
559.29309078,2,483.012,1.21306718,FAGGLHFSGPK/2
667.83297404,2,483.012,1.20776682,DYVAPTANLDQK/2
518.76911419,2,483.012,1.18762378,EIEYEVVR/2
681.38042575,2,483.012,1.22004537,AVQELVHPVVDR/2
411.24200399,2,483.012,1.16199662,LAVYIDK/2
636.29315039,2,483.755,1.19224662,QIAEEDFYEK/2
627.30404946,2,483.755,1.1948734,TTIYEIQDDR/2
563.28238874,2,483.755,1.20500005,YGGQPLFSEK/2
686.87517317,2,484.499,1.21482486,AIADTGANVVVTGGK/2
567.81131332,2,484.499,1.18616623,VAVVAGYGDVGK/2
661.85049545,4,484.499,0.75305816,LEHAAKQAAASATQTIAAAQHAASTPK/4
665.67998192,3,485.243,0.88022105,QAAASATQTIAAAQHAASTPK/3
593.81438734,2,485.243,1.21185558,VFNETPINPR/2
545.27149808,2,485.243,1.20424963,ANEVEQMIR/2
557.31676289,2,485.243,1.19937992,ILIENGVAER/2
589.80622799,2,485.243,1.20687221,YEDVVQGLQK/2
700.33367256,2,485.243,1.21029156,QPEWLEEQQGR/2
616.3300672,2,485.987,1.20236786,AVAGDASESALLK/2
411.22247029,3,485.987,0.83965516,AVAGDASESALLK/3
707.86226283,2,485.987,1.21479117,EELGQGLQGVEQK/2
462.24527493,2,485.987,1.20320576,FDVQSSLK/2
706.32042777,2,486.731,1.21492383,SEVSSDEDIQFR/2
498.77727359,2,486.731,1.20827231,DILETHLR/2
627.30404941,2,487.474,1.21501959,FVTETLEDGSR/2
657.33347558,2,487.474,1.22217192,QADFEAHNILR/2
480.74189373,4,487.474,0.73283305,TGTIVVEGHELHDEDIR/4
518.76023486,2,487.474,1.20243959,MPTFSTPGAK/2
452.25036033,2,487.474,1.18813467,IWDTLQK/2
528.79345496,2,487.474,1.19594585,ENVNLAQIR/2
577.76984245,2,488.217,1.21639056,SSEEIESAFR/2
622.31950254,2,488.217,1.19566689,QQLPEQPFEK/2
491.76944855,2,488.217,1.20496056,LSLDELHR/2
422.75168158,2,488.217,1.16978944,IPAMTIAK/2
533.3005815,2,488.217,1.17599403,HPEELSLLK/2
587.32171085,2,488.962,1.20173398,LVSESSDVLPK/2
714.3437059,2,488.962,1.21105587,VDQSAVGFEYQGK/2
660.33875791,2,489.705,1.20779781,AQIFANTVDNAR/2
654.88534398,2,489.705,1.21123422,LIAHAGSLTNLAK/2
618.31864523,2,489.705,1.20264371,ALGTLGMTTNEK/2
475.7180357,2,489.705,1.18462637,WEVEEMK/2
590.30385249,2,489.705,1.19927534,AIQLEYSEAR/2
564.79345496,2,490.448,1.20986247,GLLEFEHQR/2
714.85952316,2,490.448,1.21694264,SLYASSPGGVYATR/2
704.34284861,2,490.448,1.21478113,AMDLAQAGSTVESK/2
541.79566327,2,490.448,1.21562951,DLSDGIHVVK/2
652.34063188,2,490.448,1.20961945,EGIVTATEQEVK/2
662.31240577,2,491.192,1.22340621,EEAENTLQSFR/2
586.8009456,2,491.192,1.21962633,DLAEDAPWKK/2
589.94432423,3,491.192,0.85742152,VVHSYEELEENYTR/3
672.87209918,2,491.935,1.21334169,VPETVSAATQTIK/2
653.30712343,2,491.935,1.21839276,EFDELNPSAQR/2
569.29295344,2,492.679,1.20967431,YEELQSLAGK/2
719.84013874,2,492.679,1.21825954,GLNSESMTEETLK/2
715.85972014,2,492.679,1.21051046,TQLLQDVQDENK/2
743.37025501,2,492.679,1.21552387,TSVQPTFTASQYR/2
583.33241297,2,492.679,1.199454,LLHDLQIGEK/2
451.27129272,2,492.679,1.18241788,LSDGVAVLK/2
433.551822,3,492.679,0.85844831,EQMEAEIAHLK/3
649.82409476,2,492.679,1.22619493,EQMEAEIAHLK/2
569.91040321,3,492.679,0.87008328,EGEDMIAEEHFGSEK/3
692.29589841,2,493.422,1.2287854,GGAEQFMEETER/2
579.81131332,2,493.422,1.20805673,TVDLKPDWGK/2
714.31989644,2,493.422,1.20929433,ITNDFYPEEDGK/2
565.30365548,2,493.422,1.18896915,EHEVTIFVR/2
622.3300672,2,494.166,1.2028422,ALEAANGELEVK/2
650.84641576,2,494.166,1.22058608,GNEIVLSAGSTPR/2
585.82749473,2,494.166,1.20097342,ELTPQVVSAAR/2
655.8147813,2,494.166,1.21191275,DETLTYAQVDR/2
573.28292004,2,494.166,1.19442173,NQWIDNVEK/2
763.34189151,2,494.91,1.22568021,NGSEADIDEGLYSR/2
588.2938191,2,494.91,1.21188022,INQGWLDSSR/2
535.01042115,4,494.91,0.73272371,GRMSMKEVDEQMLNVQNK/4
519.24854592,2,494.91,1.19492563,ENVYDELR/2
723.84829814,2,495.653,1.21099432,EVDEQMLNVQNK/2
467.29764488,2,495.653,1.18985667,GLVLGPIHK/2
482.22622489,2,495.653,1.19376593,DDIENMVK/2
533.7436277,2,495.653,1.20463692,DGSAFEDGLR/2
521.80583405,2,495.653,1.17757659,YHVLVNLGK/2
673.34096626,2,495.653,1.2028784,QYPLVTPNEER/2
630.3331412,2,496.397,1.21320489,SGNIVAGIANESK/2
615.79110921,2,496.397,1.21072452,WIDNPTVDDR/2
534.92090833,3,496.397,0.86695071,SSIHNFMTHPEFR/3
635.80675926,2,496.397,1.21222742,AGSTSWTGFQTK/2
410.86316496,3,496.397,0.84778934,WIDNPTVDDR/3
519.92297193,3,496.397,0.85156431,FVSEDDRNSFTLK/3
595.81184468,2,496.397,1.21247118,LFQSNDPTLR/2
404.21531571,3,497.14,0.83877074,VLQSFTVDSSK/3
598.2956931,2,497.14,1.19614773,IQDYDVSLDK/2
610.32511923,2,497.14,1.20673759,AQPSVSLGAAYR/2
605.81933533,2,497.883,1.19965207,VLQSFTVDSSK/2
626.33822663,2,497.883,1.21785276,LEDLEVIQHR/2
677.85169812,2,497.883,1.21583607,VQISPDSGGLPER/2
621.31930558,2,497.883,1.18626204,KPYIWEYSR/2
673.34591423,2,498.627,1.21045506,ALEEANTELEVK/2
449.23303497,3,498.627,0.84601424,ALEEANTELEVK/3
622.33568392,2,498.627,1.20763427,LSQLEGVNVER/2
704.31409116,2,498.627,1.21992681,DVSGPMPDSYSPR/2
725.34486836,2,498.627,1.20999203,AVTVMMDPNSTQR/2
707.33093288,2,498.627,1.22493262,WGDEHIPGSPYR/2
789.05784623,3,498.627,0.87118019,ASASGSGAQVGGPISSGSSASSVTVTR/3
555.24528333,2,498.627,1.19635776,WQMNPYDR/2
569.2956335,2,498.627,1.21064232,FFLSHPAYR/2
592.04520379,4,498.627,0.73594051,ASASGSGAQVGGPISSGSSASSVTVTR/4
627.78717791,2,499.37,1.20464363,FDDAVVQSDMK/2
602.3326099,2,499.37,1.20297269,ATISNDGATILK/2
729.38336239,2,499.37,1.21758309,ELSDQATASPIVAR/2
549.62978841,3,499.37,0.85131216,TGVAVNKPAEFTVDAK/3
824.87048171,2,500.114,1.22408413,EADGSETPEPFAAEAK/2
683.3176881,2,500.114,1.22315939,TEEASSGFLPGDR/2
536.26453032,4,500.114,0.73822727,QGDFESDHSGYVRPVPVPR/4
401.89083209,3,500.114,0.8410864,ATISNDGATILK/3
526.2946287,3,500.114,0.846979,IQHAVQLATEPLEK/3
593.80675932,2,500.857,1.21252142,QEELEAALQR/2
583.32184824,2,500.857,1.20428427,EWAHATIIPK/2
580.73748808,2,500.857,1.20787102,GYFDEEMNR/2
771.8915516,2,500.857,1.21647824,EEQQLQGNINELK/2
551.80382267,2,501.601,1.2028781,VNQPASFAIR/2
486.77165686,2,501.601,1.18916112,SSLGPVGLDK/2
611.79226328,2,502.344,1.1992746,FGDPVVQSDMK/2
700.36243,2,502.344,1.20734353,QQVPSGESAILDR/2
689.30712343,2,502.344,1.21503174,FFYSDQNVDSR/2
575.77800185,2,502.344,1.2069186,DPFSSSLQNR/2
408.19726768,3,503.088,0.83704522,FGDPVVQSDMK/3
707.31969953,2,503.088,1.20467643,YYTGNYDQYVK/2
403.20984656,2,503.088,1.1668207,DDAMLLK/2
647.2975754,2,503.088,1.19618774,EVEVEVESMDK/2
656.33059854,2,503.832,1.21498872,TGYTLDVTTGQR/2
521.79820601,2,503.832,1.19800948,LAAEQELIR/2
637.81478129,2,503.832,1.2171324,ESGPSGIETELR/2
425.54561301,3,503.832,0.85427959,ESGPSGIETELR/3
516.28727714,2,503.832,1.20039547,YGLFAPVHK/2
637.80916459,2,504.575,1.20923099,ELEDLEVDGQK/2
565.2495248,3,504.575,0.85752489,YKDDDDDQLFYTR/3
431.22666057,3,504.575,0.86588178,NLGQNLWGPHR/3
588.31695983,2,504.575,1.2061978,VTELALTASDR/2
550.31656592,2,504.575,1.20052748,EVYLHAIVR/2
425.54186855,3,504.575,0.84782335,ELEDLEVDGQK/3
583.29602746,2,504.575,1.20813361,EELYQNLTR/2
577.59206201,3,504.575,0.87590305,DEESGGGSNPFQHLEK/3
579.78549253,2,505.319,1.20687494,EEGSPLELER/2
425.245078,2,505.319,1.16642896,LAVYIDR/2
682.84555852,2,505.319,1.2126033,ILSQSTDSLNMR/2
591.28225136,2,505.319,1.19580873,EELLEYEEK/2
635.80114258,2,505.319,1.19946945,DVPAYSQDTFK/2
439.24815197,2,505.319,1.18806998,LNFAVASR/2
565.26165326,2,505.319,1.20589284,FFTEEVDSR/2
504.2740324,2,505.319,1.17455662,TPALISDYK/2
605.32732756,2,506.063,1.21422432,DDPIISTHLAK/2
580.79532896,2,506.063,1.1905274,SIYYITGESK/2
564.82221244,2,506.063,1.19956779,LDSIVIQQGR/2
403.88731053,3,506.063,0.84818574,DDPIISTHLAK/3
655.62292193,3,506.063,0.86728049,ELFQTPGHTEESMTDDK/3
465.25055726,2,506.063,1.18852291,GDVDVSLPK/2
550.62173878,3,506.063,0.86296408,GPTPFNQNQLHQLR/3
646.33635262,2,506.063,1.23444808,NLGQNLWGPHR/2
525.72437232,2,506.806,1.19236854,DYFEEYGK/2
591.809302,2,506.806,1.2179909,TLEGELHDLR/2
552.9406912,3,506.806,0.86731971,EALLSSAVDHGSDEVK/3
536.78529555,2,506.806,1.20977809,NAENAIEALK/2
559.80622794,2,507.55,1.20770055,DTSASAVAVGLK/2
414.95733752,4,507.55,0.72952568,EALLSSAVDHGSDEVK/4
666.81257291,2,507.55,1.2168729,NVFSSSGTSFSGR/2
715.84915542,2,508.293,1.21497922,TWNDPSVQQDIK/2
657.87243358,2,508.293,1.20920235,QVATALQNLQTK/2
642.83446247,2,508.293,1.195505,HVMDGSLPTSLK/2
402.21553863,3,508.293,0.85197027,LLNENSYVPR/3
807.66562649,3,508.293,0.88197718,DTYYDFDAEAADHKQEEDMK/3
544.80857372,2,508.293,1.19294974,VLQLYPNNK/2
479.73524576,4,508.293,0.74713834,DLVHLSHNMLHGDGTNR/4
594.33515261,2,509.037,1.1983284,KEELTLEGIR/2
594.30808057,2,509.037,1.2047419,MLATLEPEQR/2
645.79110922,2,509.037,1.2154635,VYQWDDPDPR/2
602.81966972,2,509.037,1.21492369,LLNENSYVPR/2
667.28120549,2,509.78,1.21188302,MDQYFNQMEK/2
532.25479378,2,509.78,1.18925739,MNGMLLNDR/2
492.79546632,2,509.78,1.18513907,SPLQSVVVR/2
656.81372706,2,509.78,1.21356487,LESTLNYGMER/2
570.78952365,2,509.78,1.19426469,TYSVVPMTSR/2
679.35714765,2,509.78,1.20470072,DVLLQVDDERR/2
628.84588442,2,510.524,1.19777518,VPAINVNDSVTK/2
610.80656232,2,510.524,1.19488104,SHTFPELAYR/2
427.27892079,2,510.524,1.16871063,VPLAIVNK/2
706.87263053,2,510.524,1.20998048,LVPLNQESVEER/2
772.38355934,2,510.524,1.21854571,NTNAAEESLPEIQK/2
664.38263411,2,510.524,1.21454898,LQTQASATVAIPK/2
654.32257653,2,511.267,1.1988816,HFSGLEEAVYR/2
650.32003389,2,511.267,1.18962043,QQGLASYDYVR/2
616.81913839,2,511.267,1.2045194,YGPPPSYPNLK/2
644.84079907,2,512.011,1.20746456,DSAQNSVIIVDK/2
597.28786805,2,512.011,1.20739398,LDLGEDYPSGK/2
430.22962487,3,512.011,0.84546393,DSAQNSVIIVDK/3
593.29295343,2,512.011,1.20801044,FYDDAIVSQK/2
628.59459821,4,512.011,0.74669439,DQHFVKIQVKDSAQNSVIIVDK/4
747.83336795,2,512.011,1.22531126,TEELEEESFPER/2
479.26620734,2,512.011,1.19705366,LEGPDVSLK/2
518.77473088,2,512.754,1.20237454,TEALTQAFR/2
672.81257296,2,512.754,1.21475634,TGSGLNSFYDQR/2
520.79038096,2,513.498,1.19584073,VPLDEALQR/2
645.80930201,2,513.498,1.19760612,QYASYEFVQR/2
556.28512838,2,513.498,1.20183655,EDGPGIPADIK/2
609.31729419,2,513.498,1.22253691,GLEISGTFTHR/2
582.28820238,2,513.498,1.20161261,ALADENEFVR/2
634.82274372,2,513.498,1.2167225,DLQHPNEFIR/2
670.36444139,2,513.498,1.19777843,QQEQQVPILEK/2
621.82548339,2,514.242,1.20844316,GQLEALQVDGGR/2
504.25583959,2,514.242,1.18299131,SPFEVSVDK/2
414.88608108,3,514.242,0.8469805,GQLEALQVDGGR/3
533.27182405,2,514.242,1.19385308,WVIYNDQK/2
581.28969084,2,514.242,1.21201933,YDEVLHMVR/2
726.35628197,2,514.242,1.21082424,IYAPEAPYTSPDK/2
483.91000932,3,514.242,0.85556995,QLYTVTMDVHSR/3
691.3095287,2,514.98596,1.21733801,NFGEEVDDESLK/2
637.85879491,2,514.98596,1.20565119,EDLYLKPIQR/2
542.28272312,2,514.98596,1.20652537,GYTQQLAFR/2
577.28153146,2,515.729,1.19384236,EYQELMNVK/2
595.82240935,2,515.729,1.21466878,IDATSASVLASR/2
459.76838589,2,515.729,1.16922572,LPVEVAYK/2
615.67075816,3,515.729,0.86637152,VAIQPVNDHAPVQTISR/3
459.76838591,2,515.729,1.17795152,LPVDIAYK/2
740.35172792,2,515.729,1.2267361,DLDELSRYPEDK/2
632.32934731,2,515.729,1.2037635,VVPSYMQAVNR/2
401.9715193,4,515.729,0.71834733,TKPYIQVDIGGGQTK/4
645.82749472,2,516.473,1.21134152,YGGQPVPNFPSK/2
737.8420587,2,516.473,1.23809894,DLQDELAGNSEQR/2
622.8458845,2,516.473,1.20023286,AQQSLELIQSK/2
621.34605164,2,516.473,1.22082864,LQVAGEITTGPR/2
468.88960261,3,516.473,0.8599112,WVWDQEEERK/3
430.88742197,3,516.473,0.84807476,YGGQPVPNFPSK/3
685.87992422,2,516.473,1.21511555,NVDILKDPETVK/2
641.36170169,2,517.95996,1.2143682,GSLGQGTAPVLPGK/2
427.91022662,3,517.95996,0.85062814,GSLGQGTAPVLPGK/3
656.80811032,2,517.95996,1.20655517,EAPEPMELDGPK/2
653.36731837,2,517.95996,1.2059409,VHAPGLNLSGVGGK/2
701.86226282,2,518.704,1.20936982,QVTQLAIDTEER/2
684.38570812,2,518.704,1.21679843,TALPAQSAATLPAR/2
804.87470984,2,518.704,1.22584228,GMTSESDSIGLTPGEK/2
588.84040518,2,518.704,1.20236711,LEPHEGLLLR/2
545.8038227,2,518.704,1.20211345,AIFQTIQNR/2
652.33736933,2,518.704,1.20949717,QMTEAIGPSTIR/2
578.97970319,3,518.704,0.86534705,QLNPESIRPGGPGGLSR/3
587.29183541,3,518.704,0.87448099,LEISVDQYPTHTSNR/3
528.26579867,3,518.704,0.86674771,MMLSGGAPLSPQTHR/3
702.86447115,2,519.447,1.21247572,ETVQTTEDQILK/2
510.26145633,2,519.447,1.19438905,GDYPLEAVR/2
604.30861186,2,519.447,1.21494508,GSSAAGLTASVMR/2
608.33260989,2,520.19104,1.1991837,NAGVEGSLIVEK/2
556.28018043,2,520.19104,1.19321769,QDIAFAYQR/2
752.85991707,2,520.19104,1.21877414,TDPTTLTDEEINR/2
673.84353873,2,520.19104,1.21117009,EISDGDVIISGNK/2
602.85605524,2,520.19104,1.20507622,ILHLLGQEGPK/2
668.39079353,2,520.19104,1.21757679,LLVQHEINTLR/2
695.328687,2,520.19104,1.20440358,AQDGAAMEMQPLK/2
683.33026418,2,520.19104,1.2007284,KQDFDEDDILK/2
551.0406615,4,520.19104,0.74268477,RLGIEKTDPTTLTDEEINR/4
766.8573744,2,520.935,1.22725518,LLDEEEATDNDLR/2
666.35133397,2,520.935,1.20911595,FQQVPTDALANK/2
619.84621878,2,520.935,1.20462085,TPTAPAVNLAGAR/2
658.84387309,2,520.935,1.21286616,QEDVIATANLSR/2
639.83244274,2,520.935,1.19189715,QVLEGEEIAYK/2
634.86407722,2,520.935,1.20670601,LLQAQGVEVPSK/2
579.30874086,2,520.935,1.21852257,LAQFVEHWK/2
646.86407722,2,520.935,1.20702643,VKLEAEIATYR/2
546.94846399,3,520.935,0.8626196,FFQGMPEKPTTTVR/3
571.81184468,2,520.935,1.20927076,LANLINAEER/2
430.22879074,3,521.678,0.84487179,QLYVLGHEAMK/3
712.83624506,2,521.678,1.22808492,YELQQLEGSSDR/2
644.83954788,2,521.678,1.20711294,QLYVLGHEAMK/2
623.33294427,2,521.678,1.20818581,AQPSVSLGAPYR/2
607.98663488,3,521.678,0.87097371,LQQLGEAHQAETEVLR/3
619.84621883,2,521.678,1.21562232,LAEIGAPIQGNR/2
665.83350538,2,522.421,1.23299385,GATQQILDEAER/2
695.85664607,2,522.421,1.22210948,GADSELSTVPSVTK/2
460.78744434,2,522.421,1.18075135,LHLAIPTR/2
598.28512834,2,523.909,1.21269744,FFEEVNDPAK/2
585.75448919,2,523.909,1.20230154,TEMEDLMSSK/2
541.31296896,2,523.909,1.20093393,AIVNVIGMHK/2
475.79272669,2,524.652,1.17263737,LHVAILER/2
477.79018399,2,524.652,1.19217928,LPGLQATVR/2
526.7633089,2,525.396,1.18729624,QNNFSLAMK/2
577.2904107,2,525.396,1.20436325,EAFSDGITSVK/2
586.30130977,2,525.396,1.206092,TLEDPDLNVR/2
604.30130975,2,526.13904,1.20773633,VLDPASSDFTR/2
537.31930558,2,526.13904,1.20228155,LLASINSTVR/2
677.81900939,2,526.13904,1.21078042,GNDMQVGTYIEK/2
739.83657935,2,526.883,1.2234859,EAAFSPGQQDWSR/2
587.33294423,2,526.883,1.21376913,ASSAAGLTAAVVR/2
529.2980388,2,527.626,1.19722936,TLETVPLER/2
410.23586434,2,527.626,1.16577935,MLVELSK/2
570.26314171,2,528.37,1.2062514,DYAFVHMEK/2
687.3748091,2,528.37,1.21712787,TQILAASYELHK/2
715.87791291,2,528.37,1.21296728,NQELLQSQLTEK/2
527.61083975,3,529.114,0.85811877,HQEYLNSILQHAK/3
559.81385606,2,529.114,1.2048427,YGGAPQALTLK/2
500.78730696,2,529.114,1.19424905,LQAEIEGLK/2
624.75650895,2,529.114,1.19866979,DNSTMGYMMAK/2
632.83023441,2,529.114,1.21711108,DLHPDLEGQLK/2
633.36424441,2,529.857,1.20021798,QQHVIETLIGK/2
741.85717743,2,529.857,1.2130677,ENPLLPEEEEQR/2
625.82240937,2,529.857,1.20613499,VETYLNENLR/2
558.62503743,3,530.601,0.86769162,GITINAAHVEYSTAAR/3
540.778959,2,530.601,1.20236184,YIMLNPSSR/2
696.85390648,2,531.344,1.20593645,EEYQLVQVEQK/2
637.82735731,2,531.344,1.20240147,VAVGELTDEDVK/2
690.34076929,2,531.344,1.220609,YGGPYHIGGSPFK/2
560.26059902,2,531.344,1.21751935,EDAIEHFMK/2
506.30091587,2,531.344,1.19076186,RLDLPIER/2
553.30860347,2,531.344,1.19883574,TEVSLTLTNK/2
425.55399703,3,531.344,0.84059846,VAVGELTDEDVK/3
721.84915542,2,532.088,1.21909361,YAAVTQFEATDAR/2
757.36771231,2,532.088,1.22668841,VISESPPDQWEAR/2
628.27918572,2,532.088,1.20229511,EIMDAAEDYAK/2
931.93107904,2,532.088,1.23240217,AMSLVSNEGEGEQNEIR/2
618.80177378,2,532.831,1.20147471,LMQLMESEQK/2
557.79258929,2,532.831,1.19281683,VSYYENVIK/2
530.25232366,3,533.575,0.86354775,YAPSEAGLHEMDIR/3
647.32732754,2,533.575,1.21649209,YSDFVVHEIGK/2
520.77419957,2,533.575,1.19824444,FVDLYGAQK/2
576.28427111,2,533.575,1.20602154,TDMDQIITSK/2
566.31316594,2,533.575,1.20031116,AQGAIAMASIAK/2
731.36463831,2,534.318,1.21619717,FGAQQDTIEVPEK/2
616.82207502,2,534.318,1.21027066,LADDLSTLQEK/2
542.78730695,2,535.062,1.19999918,YGVSGYPTLK/2
492.29289386,2,535.062,1.19638733,LFNAIIHR/2
487.26366464,2,535.062,1.19332094,TDVDVSLPK/2
697.35714767,2,535.806,1.23372583,LGESQTLQQFSR/2
594.79682575,2,535.806,1.20222722,MVPAGMGAGLER/2
721.88722635,2,536.549,1.20810964,VSQGQLVVMQPEK/2
709.86903358,2,536.549,1.22061642,VLGEAMTGISQNAK/2
711.80662187,2,536.549,1.21708683,EEEWDPEYTPK/2
501.78625273,2,536.549,1.19207565,LILEQMQK/2
694.36242998,2,536.549,1.23276915,LDNTTAAVQELGR/2
642.81458439,2,537.29297,1.20957169,YLGQDYEQLR/2
636.84334178,2,537.29297,1.2130873,ELAEQTLNNIK/2
595.34297763,2,537.29297,1.20433322,IVALSSSLSNAK/2
490.25511969,2,538.78,1.18780069,VNFAMNVGK/2
665.8460814,2,538.78,1.20577745,DPLLASGTDGVGTK/2
509.77113393,2,538.78,1.19393643,SVGEVMAIGR/2
456.28727715,2,538.78,1.18103813,IPIAVSGVR/2
538.29275648,2,538.78,1.20620169,YELQLANPK/2
536.30586384,2,538.78,1.19875573,VLENIELNK/2
677.33588087,2,539.524,1.2283082,DIISDTSGDFRK/2
463.76396923,2,539.524,1.18838483,WPVAGQIR/2
548.80910506,2,539.524,1.18809838,QQQVDIPLR/2
572.80022573,2,539.524,1.18715684,VVHIMDFQR/2
704.82822303,2,539.524,1.21472137,LPDNYTQDTWR/2
560.27879179,2,539.524,1.20575009,EANMPLPGYK/2
704.33958605,2,540.26697,1.22183302,MQGQEAVLAMSSR/2
584.34585471,2,540.26697,1.20893406,LGTPQQIAIAR/2
601.31220882,2,540.26697,1.20755213,QSVEADINGLR/2
634.78242691,2,541.011,1.19962825,EQLMASDDFGR/2
414.21852885,2,541.011,1.17821802,FASFIDK/2
538.79847164,4,541.011,0.74821856,DAKLDKSQIHDIVLVGGSTR/4
698.85136376,2,541.755,1.22032415,LNESTFDTQITK/2
675.68484436,3,541.755,0.8710596,GEDSVPDTVHHVVVPVNPK/3
706.84948975,2,541.755,1.22357719,AVQGFFTSNNATR/2
684.38009139,2,541.755,1.21004808,VEPAVIEAQNAVK/2
445.7583525,2,541.755,1.19082378,FSVSPVVR/2
550.94712308,3,541.755,0.8582804,SNMGHPEPASGLAALAK/3
507.01545239,4,541.755,0.73626792,GEDSVPDTVHHVVVPVNPK/4
570.84040516,2,542.498,1.20265944,ATQALVLAPTR/2
578.29328777,2,542.498,1.20343959,VFNYNTLER/2
750.34539133,2,543.242,1.21545392,FMYDPQTDQNIK/2
695.84407006,2,543.242,1.22212865,QSLEASLAETEGR/2
547.00492173,4,543.242,0.74483556,LESEMEDAYHEHQANLLR/4
582.63454505,3,543.242,0.84948952,ATPMPSRPSTTPFIDK/3
815.40631459,2,543.242,1.22102644,KYEMFAQTLQQSR/2
638.84909584,2,543.985,1.21953443,AWGPGLHGGIVGR/2
426.23515605,3,543.985,0.85632159,AWGPGLHGGIVGR/3
543.31368889,2,543.985,1.1946261,QEPLLIGSTK/2
415.57143382,3,543.985,0.85450436,FTATASLGVIHK/3
579.82187804,2,544.729,1.19697414,VQAGDVITIDK/2
743.88540352,2,545.473,1.21489224,EVSEEQPVVTLEK/2
595.2987075,2,545.473,1.20693165,WWHTGALYR/2
619.7953373,2,545.473,1.21189715,MSQEEVNVFR/2
717.34572569,2,545.473,1.21315952,SPQNQYPAELMR/2
730.87263052,2,545.473,1.21655503,SLPTTVPESPNYR/2
584.80348832,2,546.216,1.19146939,QYGNEVFLAK/2
559.29972419,2,546.216,1.18957458,QSLTMDPVVK/2
685.85846889,2,546.216,1.21280459,SVPLATAPMAEQR/2
635.83225419,2,546.216,1.20620485,EAGMQPQLQIR/2
651.33548691,2,546.216,1.22193629,FNGTHIPGSPFK/2
818.8949599,2,546.216,1.22989078,TGPQNGWNDPPALNR/2
608.82528641,2,546.216,1.21717798,WSQLLANSAAR/2
765.8224773,2,546.95996,1.21707251,GSSFEMTDDDSAIR/2
551.80877066,2,546.95996,1.20175114,QNLIAEVSTK/2
532.29275648,2,546.95996,1.19308216,GVQYLNEIK/2
576.28258572,2,546.95996,1.19905539,QYDIDDAIAK/2
579.80368529,2,546.95996,1.2078805,NLQEVLGEEK/2
591.31167751,2,546.95996,1.20398345,ELGSSVALYSR/2
770.84935239,2,546.95996,1.2233058,NESGTWIQYGEEK/2
783.87897547,2,547.703,1.23110156,SVGGSGGGSFGDNLVTR/2
603.76773396,2,547.703,1.19871849,FMTTAMYDAR/2
598.35588804,2,548.447,1.20725717,TAITVEHLAIK/2
624.97439492,3,548.447,0.86776565,VSYIPDEQIAQGPENGR/3
414.24683877,3,548.447,0.83857971,VQTLSNQPLLK/3
461.73877117,2,549.19104,1.187745,MPSLPSYK/2
638.32498184,2,549.19104,1.20501346,ELISNASDALDK/2
620.86661993,2,549.19104,1.19950003,VQTLSNQPLLK/2
545.79820598,2,549.93396,1.18139599,VPAIYGVDTR/2
542.29529917,2,550.678,1.18171,RLEFLYDK/2
536.32405662,2,550.678,1.19661734,IQEILTQVK/2
596.35843072,2,550.678,1.2003576,LGVLHPDVITK/2
642.29550447,2,550.678,1.22832136,DGWPAMGIHGDK/2
701.37788308,2,550.678,1.23178682,GNEEAQIFRPLK/2
425.88574671,3,550.678,0.84333681,ELISNASDALDK/3
708.82246892,2,551.422,1.2124795,EGLELPEDEEEK/2
755.36262694,2,551.422,1.221162,TTDGVYEGVAIGGDR/2
686.79160299,2,551.422,1.21071254,YAGEEGMIEDMK/2
431.2235939,3,551.422,0.84244164,ILIANTGMDTDK/3
487.22434251,2,551.422,1.19770566,YNDTFWK/2
568.30893786,2,551.422,1.19161336,HGDLPDIQIK/2
717.35830171,2,552.166,1.20920176,AYGPGIEPTGNMVK/2
646.33175262,2,552.166,1.20390718,ILIANTGMDTDK/2
472.88407144,3,552.166,0.84878516,EGLELPEDEEEK/3
722.88012117,2,552.166,1.2108944,VTVDTGVIPASEEK/2
822.3390144,2,552.909,1.22856503,TDEAFFDSENDPEK/2
626.31441716,2,552.909,1.2060351,ALYETELADAR/2
764.84373569,2,552.909,1.2246081,FIEFEDSQEQEK/2
680.28859633,2,553.653,1.21244264,YTGEDFDEDLR/2
658.01307251,3,553.653,0.86593258,ITKPGSIDSNNQLFAPGGR/3
404.95332653,4,553.653,0.71511251,QPAENVNQYLTDPK/4
404.21150084,4,554.396,0.72346854,EDGLAQQQTQLNLR/4
766.81018966,2,554.396,1.21064068,EMDYETEVEMEK/2
748.87623587,2,555.14,1.22978054,DAHNALLDIQSSGR/2
743.8258773,2,555.14,1.22908407,EIDDEANSYFQR/2
563.32117779,3,555.14,0.8572063,LREVVETPLLHPER/3
596.83224578,2,555.14,1.20561897,LGQALTEVYAK/2
768.84100442,2,555.883,1.22423905,SNEDQSMGNWQIK/2
706.85443776,2,556.627,1.24950934,DLQSNVEHLTEK/2
660.84895848,2,556.627,1.19949493,QVGVGYVDSIQR/2
620.35080267,2,556.627,1.20405265,LPTGQISGPEIK/2
678.85390645,2,556.627,1.21531358,EASGDLPEAQIVK/2
714.87008787,2,556.627,1.22449685,IEDLEEGQQVIR/2
413.9029606,3,556.627,0.84199767,LPTGQISGPEIK/3
445.73454306,2,556.627,1.18261848,VDWLTEK/2
579.80435398,2,557.371,1.21392311,AGNGQWASVIR/2
582.81659572,2,557.371,1.19997822,LQAGEYVSLGK/2
404.52901736,3,558.114,0.8411817,SQAFIEMETR/3
609.8198667,2,558.114,1.20054867,QSGESIDIITR/2
606.2898878,2,558.114,1.19898654,SQAFIEMETR/2
677.86427415,2,558.114,1.21595215,EPSATPPISNLTK/2
581.31283157,2,558.85803,1.19718668,EITALAPSTMK/2
642.37715479,2,559.602,1.21638398,VTVLFAGQHIAK/2
698.3342953,2,559.602,1.20194502,LMHVAYEEFEK/2
575.29857015,2,559.602,1.21454104,LSEQELQFR/2
605.33495561,2,559.602,1.1990962,LPVHTEISWK/2
514.28780847,2,560.345,1.20106095,LADFGVLHR/2
538.26819663,3,560.345,0.87462332,DLLSQMHHYNAGVK/3
690.3397746,2,560.345,1.20740045,TLQEVTEMDSVK/2
586.84789584,2,561.089,1.20387394,KQELLEALTK/2
399.86551805,3,561.089,0.84256038,ITLDNAYMEK/3
626.31441715,2,561.089,1.21258112,QGEEVFQSLSK/2
708.87008783,2,561.83203,1.21749374,GPQVSSALNLDTSK/2
467.77145989,2,561.83203,1.17537063,ITAFVVER/2
492.7428994,2,561.83203,1.18966684,AFFSEVER/2
636.35695072,2,561.83203,1.2165618,QLQNIIQATSR/2
658.34624861,2,561.83203,1.22297208,NAQEALQAIETK/2
821.87081607,2,562.576,1.22628526,ADPEAAWEPTEAEAR/2
704.34116321,2,562.576,1.21726107,QLENSLNEFGEK/2
586.31950251,2,562.576,1.2095701,VVDALGNAIDGK/2
653.32138487,2,562.576,1.20573102,GVAINMVTEEDK/2
714.89389731,2,562.576,1.2213139,QLQNISLAAASGGAK/2
645.33280687,2,562.576,1.20645634,ELISNASDALEK/2
709.88554092,2,563.319,1.22826342,EVVETPLLHPER/2
750.05119844,3,563.319,0.8727236,QLVARPDVVEMHDVTAQDPK/3
585.30044236,3,563.319,0.86067664,LSHEGPGSELPAGALYR/3
577.76096319,2,564.063,1.18473283,QRIDEFESM/2
776.34409978,2,564.063,1.22806593,SDENEDPSVVGEFK/2
521.30619822,2,564.063,1.19422402,IVLQIDNAR/2
599.29463884,2,564.063,1.20392024,ITLDNAYMEK/2
601.33241292,2,564.063,1.22481188,EASFVLHTIGK/2
570.80603099,2,564.063,1.21117965,FFTGQITAAGK/2
580.79532896,2,564.806,1.19688101,SISLYYTGEK/2
631.3324129,2,564.806,1.21168645,LVNHFVEEFK/2
702.86447114,2,564.806,1.21658743,IIDDSDSNLSVVK/2
613.31983687,2,564.806,1.20484284,EQPWVSVQPR/2
702.86447114,2,564.806,1.21973306,ILDDSDSNLSVVK/2
659.31408282,2,564.806,1.20305241,ESGELYYSIEK/2
652.35882465,2,564.806,1.2315591,SLLDASEEAIKK/2
626.35641937,2,565.55,1.21960537,GSGNLEAIHIIK/2
662.36136739,2,565.55,1.21606388,LITYLDQTTQK/2
561.31368887,2,566.29504,1.18283546,TPYIVLSGSGK/2
569.76182045,2,566.29504,1.21090624,YEWDVAEAR/2
618.28225974,2,566.29504,1.21489099,LDLMDEGTDAR/2
651.86186888,2,566.29504,1.20762184,QVLFTPATQAAR/2
638.97708233,3,566.29504,0.86778929,HEMPPHIYAITDTAYR/3
600.31695983,2,567.03796,1.19369357,TPVPSDIDISR/2
571.35823374,2,567.03796,1.17948525,KPVIVFVPSR/2
515.7925893,2,567.03796,1.18870393,QLADETLLK/2
538.77218819,2,567.03796,1.20946189,WESGSLLER/2
727.3439029,2,567.03796,1.22059066,TGSQYDIQDAIDK/2
627.78717796,2,567.782,1.21048254,LGDLYEEEMR/2
727.35153095,2,567.782,1.1994949,QQPLFVSGGDDYK/2
407.87892648,3,567.782,0.84650967,TGNFQVTELGR/3
412.52393198,3,567.782,0.84972178,LDLMDEGTDAR/3
611.31475149,2,568.526,1.20856044,TGNFQVTELGR/2
712.86206584,2,568.526,1.22068644,VFAEYPGSSAQLR/2
667.34265167,2,569.26904,1.22286723,LVGEIMQETGTR/2
513.29817621,2,569.26904,1.20333049,YALPLVGHR/2
660.85827192,2,569.26904,1.22449704,ISLGMPVGPNAHK/2
455.77707664,2,569.26904,1.18883511,GPIQILNR/2
550.28713977,2,569.26904,1.19454255,TYSVEYLPK/2
483.24516908,3,569.26904,0.85106604,EMDRETLIDVAR/3
555.26449278,2,570.013,1.19936437,LMEEIMSEK/2
641.8431448,2,570.013,1.20075596,RFDVSGYPTLK/2
672.69356278,3,570.013,0.86321148,KVTHAVVTVPAYFNDAQR/3
786.35225923,2,570.756,1.22985833,EASFEYLQNEGER/2
725.84450424,2,570.756,1.21839319,MNMLAGPQPYGGSK/2
614.8213551,2,570.756,1.21021694,TQMAEVLPSPR/2
588.78952366,2,570.756,1.19553058,VWEQIDQMK/2
683.33588092,2,571.5,1.21311983,QEELYSELQAR/2
631.34297764,2,571.5,1.20056714,QLEPVYNSLAK/2
583.80622794,2,571.5,1.20157896,AASITSEVFNK/2
558.78222155,2,571.5,1.20541397,FSDSYASVIK/2
696.32594733,2,572.243,1.21134539,LETHMTPEMFR/2
692.35935595,2,572.243,1.21141981,VDINAPDVEVQGK/2
652.3300672,2,572.243,1.22053351,LDFTVEHDSLK/2
488.32111997,2,572.243,1.16947031,RFLVTVIK/2
727.805576,2,572.987,1.22130579,STNEAMEWMNNK/2
589.7880352,2,572.987,1.20444942,EVFEDAAEIR/2
462.74659619,2,572.987,1.18842058,FGELVMTK/2
667.84790423,2,573.73,1.20666147,LHDPEGMGIIPR/2
564.31402323,2,573.73,1.18669584,QPSYVPAPLR/2
741.83010539,2,574.474,1.22022749,VGAEDADGIDMAYR/2
671.35450779,2,574.474,1.21034172,ASMHPVTAMLVGK/2
500.80549971,2,574.474,1.19020454,IPTISTQLK/2
782.38283948,2,574.474,1.23140589,AAADTLQGPMQAAYR/2
425.73213775,2,574.474,1.19602622,FGPGVAFR/2
585.8056967,2,574.474,1.19622082,LVDLYYQEK/2
729.84661278,2,575.218,1.2249726,YSNDLYELQASR/2
646.84588449,2,575.218,1.21285691,LLYNSTDPTLR/2
585.83311145,2,575.218,1.20652626,NSINQVVQLR/2
581.33000763,2,575.961,1.18635955,HPFPGPGLAIR/2
407.905648,3,575.961,0.84127199,SLVMHTPPVLK/3
646.31749118,2,576.705,1.205457,QNGDDPLLTYR/2
556.30332113,2,576.705,1.19755081,LPDLSPVENK/2
766.8573744,2,577.448,1.22870026,GEDLTEEEDGGIIR/2
672.30933181,2,578.192,1.21423001,LYGDADYLEER/2
707.37395177,2,578.192,1.21515601,VSHIDVITAEMAK/2
626.81405299,2,578.936,1.21063688,YGEPGEVFINK/2
640.79668837,2,578.936,1.20188216,LMIEMDGTENK/2
725.31207141,2,578.936,1.21919321,EYEEEFFQNSK/2
490.7923923,2,578.936,1.19549848,LPVALDPGAK/2
677.37226636,2,579.68,1.20853091,VSGHVITDIVEGK/2
599.85638955,2,579.68,1.21040351,AVFPSIVGRPR/2
710.39247891,2,579.68,1.23481599,DQVVILHHMLSK/2
533.79820598,2,580.423,1.18325568,NPEPELLVR/2
592.85351253,2,580.423,1.20615777,VTLGTQPTVLR/2
746.35172788,2,580.423,1.21757048,NGETVPIDEQFDK/2
501.26673871,2,580.423,1.20086377,LDILDQER/2
766.3961354,2,580.423,1.22303747,SSQLLEPAVEETTK/2
617.63923512,3,581.167,0.85747421,FHQFLVSETESGNISR/3
597.28661682,2,581.167,1.18398535,HEMLPEFYK/2
594.2898878,2,581.167,1.20416093,EAMNDPLLER/2
691.37534036,2,581.167,1.21947687,TAVAPSAVNLADPR/2
619.82240935,2,581.911,1.22320385,VDENGPELLPR/2
504.76109216,2,581.911,1.20315624,IFGSEAAWK/2
413.55069839,3,581.911,0.85702735,VDENGPELLPR/3
485.75326713,2,581.911,1.20477194,FGTFGGLGSK/2
429.90161969,3,581.911,0.8571733,AQVEQELTTLR/3
567.84073956,2,581.911,1.20105597,QLHLNQLIR/2
481.77060263,2,581.911,1.17279031,TTLVIMER/2
578.6563376,3,581.911,0.86600338,LPQSQLSHQDLQLVK/3
783.33046949,2,582.654,1.22347424,FDVPGDENAEMDAR/2
409.56282689,3,582.654,0.86485485,ITLQDVVSHSK/3
644.34879131,2,582.654,1.22320524,AQVEQELTTLR/2
536.24834894,2,582.654,1.2060293,FVDGEWYR/2
918.93414461,2,582.654,1.23601255,GTPGPDSSGSLGSGEFTGVK/2
613.84060211,2,582.654,1.23594655,ITLQDVVSHSK/2
456.79747768,2,583.398,1.18694519,VGLQVVAVK/2
550.80857368,2,583.398,1.20340376,FIGPSPEVVR/2
552.84241652,2,584.141,1.2011259,LVAIVDPHIK/2
642.86153455,2,584.141,1.20686995,VEAQLQELQVK/2
558.32458791,2,584.141,1.20941474,LNLNNTVLSK/2
724.35186526,2,584.141,1.21250746,VHVQFFDDSPTR/2
601.95869991,3,584.141,0.86305846,VMVVVTDGESHDGSMLK/3
695.34644555,2,584.885,1.229058,AALEDTLAETEAR/2
598.32713059,2,584.885,1.20955625,DTYGVRPLFK/2
625.32478484,2,585.628,1.21003333,VFEVNASNLEK/2
534.79974298,4,585.628,0.74971571,DAKLDKAQIHDLVLVGGSTR/4
505.91240726,3,585.628,0.85666328,FPEHELTFDPQR/3
491.72450969,2,586.372,1.2321727,DWSHYFK/2
513.3031242,2,586.372,1.21054609,DILILSSHK/2
583.3053409,2,586.372,1.20273991,VAGMLQSFQGK/2
655.30659212,2,587.115,1.21217783,NLQEAEEWYK/2
599.31100705,3,587.115,0.85774033,LGHAETDEQLQNIISK/3
731.35407362,2,587.115,1.20967405,QQQPPPETFDFK/2
651.30404943,2,587.859,1.20952338,NSAFESLYQDK/2
564.84040514,2,587.859,1.21205417,LATNAAVTVLR/2
676.83330838,2,587.859,1.21542061,APQFQESVGSFR/2
513.30874091,2,587.859,1.20481759,ALQSPALGLR/2
593.3147515,2,588.602,1.21838888,AEAGDNLGALVR/2
712.87263051,2,588.602,1.23211003,LVGPEEALSPGEAR/2
570.34278065,2,588.602,1.20661123,LLAETVAPAVR/2
588.29381907,2,589.346,1.20896294,NNWEVSALSR/2
628.35949337,2,589.346,1.21251605,AQAALAVNISAAR/2
698.86460852,2,589.346,1.22282453,FGTTAVPTYQVGR/2
596.28767105,2,589.346,1.20223813,TEVNSGFFYK/2
508.24018956,2,590.09,1.19964079,GLFDEYGSK/2
480.78490167,2,590.09,1.18208412,QVIIQGFR/2
435.78657865,2,590.09,1.1636553,TPVIVTLK/2
538.79038093,2,590.09,1.19497597,INFVIDNNK/2
733.36209565,2,590.833,1.21667597,QLSSEELEQFQK/2
584.79024355,2,590.833,1.20197004,LDVTSVEDYK/2
693.70423894,3,590.833,0.87727827,TITGFQTHTTPVLLAHGER/3
638.84842714,2,590.833,1.22061374,IVNQPSSLFGSK/2
659.35407362,2,590.833,1.21602737,SITVLVEGENTR/2
426.23471025,3,590.833,0.85308043,IVNQPSSLFGSK/3
520.52999832,4,590.833,0.74191535,TITGFQTHTTPVLLAHGER/4
550.80094566,2,590.833,1.20001083,QLLEEELAR/2
519.26280738,2,590.833,1.20063959,ETLMDLSTK/2
633.36986112,2,590.833,1.22827206,TNLLLQAHLSR/2
736.87824728,2,591.577,1.24007305,DAESIHQYLLQR/2
660.30933175,2,592.32,1.2143438,AVSDWIDEQEK/2
695.83350539,2,592.32,1.21510535,NELEIPGQYDGR/2
652.82644051,2,592.32,1.20183891,LHDLYWQAMK/2
618.33515258,2,592.32,1.21139663,LATATFAGIENK/2
626.82461771,2,593.064,1.20042482,STYEQVDLIGK/2
567.76637454,2,593.064,1.1956585,FWAYEQYK/2
630.81458436,2,593.807,1.20333645,HISDLYEDLR/2
596.30586382,2,593.807,1.19595078,SVAGGFVYTYK/2
569.81438737,2,593.807,1.20752203,HEGALETLLR/2
822.36483528,2,593.807,1.22553902,YSESAGGFYYVESGK/2
561.82950613,2,593.807,1.20704573,LAHGLLEELK/2
412.55439795,3,593.807,0.83914317,VMLVNSMNTVK/3
694.36243002,2,593.807,1.23223623,LNDSILQATEQR/2
530.31349191,2,593.807,1.19282745,YGVIIVGNPK/2
528.84442789,2,593.807,1.17870189,KPLIIFTPK/2
554.260599,2,594.551,1.19341108,SVVNMEWDK/2
495.2578594,2,594.551,1.19299232,AMADALLER/2
590.79586026,2,594.551,1.20654808,DDSNLYINVK/2
615.54510532,4,594.551,0.74204707,THIQDNHDGTYTVAYVPDVTGR/4
738.91209003,2,594.551,1.2319491,LLAVAATAPPDAPNR/2
590.28767107,2,594.551,1.19344785,EHVYDLFEK/2
659.8355167,2,595.294,1.21531385,ALESGDVNTVWK/2
650.86460857,2,595.294,1.21426691,QITQSALLAEAR/2
551.77608193,2,595.294,1.19448937,ELAMPGEDLK/2
773.90720163,2,595.294,1.22717379,SSLGSLQTPEAVTTR/2
604.33769526,2,595.294,1.20933379,VTAPDVDLHLK/2
632.30880046,2,595.294,1.20310971,LVPLDYGEDDK/2
791.39700108,2,596.038,1.2288754,ETGDPGGQLVLAGDPR/2
568.28018036,2,596.038,1.2163457,ASEGPAFFPGR/2
526.78476424,2,596.038,1.20044859,GIFTSEIGTK/2
758.84047314,2,596.782,1.22059287,YEMLQDNVEGYR/2
408.46532976,4,596.782,0.73106663,TLQEVTQLSQEAQR/4
618.32795869,2,596.782,1.19844802,VMLVNSMNTVK/2
716.35734461,2,596.782,1.22353932,DTLVADNLDQATR/2
657.85424081,2,596.782,1.21997035,QILDPAASVTGSR/2
938.41747011,2,596.782,1.23427323,EMEEELVPTGSEPGDTR/2
618.31570859,2,597.525,1.21305912,MVNHFIAEFK/2
620.31441712,2,597.525,1.22192708,GEGPDVDVNLPK/2
592.81913837,2,597.525,1.20133502,ATVNTFGYIAK/2
413.87870357,3,597.525,0.85507203,GEGPDVDVNLPK/3
423.22247027,3,597.525,0.85156633,AEGPEVDVNLPK/3
502.24950305,2,597.525,1.1906177,QYMFSSLK/2
702.35427061,2,597.525,1.21493835,NIQDTSDLDAIAK/2
418.55058692,3,597.525,0.85381453,GEGPEVDVNLPK/3
764.86192846,2,598.268,1.21977061,VESEQQYFEIEK/2
585.82749476,2,598.268,1.2115356,ADLLLSTQPGR/2
582.8165957,2,598.268,1.20962705,VIDNFTSQLK/2
478.30038453,2,599.012,1.19614241,VAALQNLVK/2
569.76350588,2,599.012,1.18240109,QRIDEFEAM/2
604.2980472,2,599.012,1.20509718,AQLMADFQAGR/2
577.82115816,2,599.756,1.20120595,SLHDAIMIVR/2
665.82102078,2,599.756,1.21252588,MVYYLDPSSQK/2
685.32772146,2,599.756,1.22615031,SVFDEELTNTSK/2
688.82937711,2,599.756,1.2244948,MDYVEINIDHK/2
700.83825639,2,599.756,1.20578833,NSIQFTDGYEVK/2
586.77387358,2,600.5,1.20834292,FVMQEEFSR/2
619.30659213,2,600.5,1.21482184,SEDYVELVQR/2
413.20682024,3,600.5,0.85199709,SEDYVELVQR/3
600.31710458,3,600.5,0.85875449,TAIHEVMEQQTISIAK/3
614.33260992,2,600.5,1.22077344,LSDADLAGPLQK/2
606.8145843,2,600.5,1.20537924,VDINAPDVDVR/2
622.30692646,2,600.5,1.19984458,HLDDINFDVR/2
732.37808006,2,601.987,1.22076877,SQFTITPGSEQIR/2
660.32920993,2,601.987,1.20129113,QLAGEDMEISVK/2
681.34337157,2,601.987,1.21171649,VLQLEDDSLDSK/2
826.39848948,2,601.987,1.22078587,MFHATVATENEVFR/2
754.34423719,2,602.73,1.24065949,DNFGFIETANHDK/2
734.40866031,2,602.73,1.2202768,VQQVQPAMQAVIR/2
408.88502403,3,602.73,0.84517668,QPLLGPPESMR/3
515.78764132,2,603.475,1.20623306,WSLLQQQK/2
625.81679261,2,603.475,1.20830985,TGEEVGFVVDAK/2
563.61900646,3,603.475,0.87339455,LQELPDAVPHGEMPR/3
659.80675926,2,603.475,1.21233466,ATWPSWQGEEK/2
612.82389781,2,604.218,1.20112968,QPLLGPPESMR/2
456.23077899,2,604.218,1.18285869,YLDELMK/2
404.56802372,3,604.218,0.83573095,WRPVDLAQVK/3
740.36497271,2,604.962,1.22388481,GLQQQNSDWYLK/2
585.27898874,2,604.962,1.20576502,TAEELMNFSK/2
606.34839735,2,604.962,1.19858405,WRPVDLAQVK/2
500.79292365,2,605.707,1.19656011,VLSIGDGIAR/2
536.31148056,2,605.707,1.20305429,QAIGIALETR/2
647.37989447,2,605.707,1.21932388,LAILGIHNEVSK/2
681.36718102,2,606.451,1.2120706,GTQLLSSGSDGLVK/2
602.81573845,2,606.451,1.21494424,LMQQLLESDK/2
593.32237958,2,606.451,1.20363817,NQALNIAWQK/2
484.25343431,2,606.451,1.19588459,VPQFSFSR/2
614.86661991,2,606.451,1.22196027,LDVTILSPSRK/2
526.27456372,2,606.451,1.19399274,SIGEYDVLR/2
643.30827749,2,607.194,1.21956771,GEGPEVDMNLPK/2
589.78645805,2,607.194,1.20863031,MIDMLAANSGR/2
639.83974484,2,607.194,1.21689185,LSTMETGTGLIR/2
638.81698959,2,607.194,1.20697245,SVVSDLEADDVK/2
597.8400708,2,607.194,1.20738928,LEELHVIDVK/2
475.25590832,4,607.194,0.7375137,LLSKTPELNLDQFHDK/4
587.32732758,2,607.194,1.20464049,NQTLTENLLK/2
760.8524264,2,607.938,1.22962453,EVQDLFEAQGNDR/2
627.32224215,2,607.938,1.22010408,GEGPEVDVNLPK/2
480.27076981,2,607.938,1.18388115,MLVVGGIDR/2
527.25531673,2,607.938,1.1993066,YLLGDMEGR/2
429.24762066,2,607.938,1.17986056,SPNLWLK/2
739.3095287,2,607.938,1.22772359,YFDENAAEDFEK/2
643.34658299,2,607.938,1.2217218,ENLQRLLEDR/2
429.20794382,3,607.938,0.85353162,GEGPEVDMNLPK/3
748.35480192,2,608.681,1.23317603,AGGIETIANEYSDR/2
582.3245879,2,608.681,1.19406168,RLGSLVDEFK/2
534.77727358,2,608.681,1.18838534,QFYINVER/2
583.29972423,2,609.425,1.2079154,FEEMIQQIK/2
721.87791285,2,609.425,1.22636965,EAGAGGLSIAVEGPSK/2
576.2886366,2,609.425,1.20229089,LANVMMGPYR/2
507.77737342,2,609.425,1.2015946,MILEIMHK/2
569.98691873,3,609.425,0.85764727,QLVKNIPPSDMPQIK/3
578.82930913,2,610.169,1.20139122,YPVGVHFLPK/2
785.9072016,2,610.169,1.23547477,GAGTGGLGLAVEGPSEAK/2
510.02454881,4,610.169,0.73952523,VIHLSNLPHSGYSDSAVLK/4
706.34624861,2,610.169,1.21969979,LNDGNEYLFQAK/2
603.31662547,2,610.169,1.21111477,EGLTSIEEVTK/2
571.60200987,3,610.169,0.86028675,GYAFVHFETQEAADK/3
803.84744082,2,610.169,1.23239364,MTGSEFDFEEMKR/2
618.85658654,2,610.912,1.21677301,LNIPVSQVNPR/2
687.36156431,2,610.912,1.21387897,EQVSPLETTLEK/2
690.81190422,2,610.912,1.2176724,EVLEDFAEDGEK/2
678.84895847,2,610.912,1.21843073,GDINPNIPYPTR/2
562.31656591,2,610.912,1.21002278,YGPLPGPAVPR/2
575.31676287,2,610.912,1.21491116,LGTLSPAFSTR/2
555.27235537,2,610.912,1.2093214,DLGFNGAPYR/2
748.39118744,2,610.912,1.22786892,AEAQGSTTLLVSYR/2
738.37808005,2,610.912,1.21207753,QAELVPATVNDYR/2
672.8268344,2,611.656,1.2089761,GTPLDTEVPMER/2
665.34912564,2,612.4,1.22657201,WALSQSNPSALR/2
676.85644917,2,612.4,1.22433208,ISEYSEAAITIR/2
658.84387309,2,612.4,1.21769866,VLGIQVDTDGSGR/2
645.84862412,2,612.4,1.21775405,QILDSAASLTGSK/2
685.86173147,2,612.4,1.22234304,ELEANVLATAPDK/2
543.80074867,2,612.4,1.20719132,SLVHDLFQK/2
559.28546272,2,612.4,1.20389285,EVLGFGGPDAR/2
743.3790922,3,613.143,0.88250122,LVTEMGTYATQSALSSSRPTK/3
447.7287378,2,613.143,1.18577714,VFDMLNR/2
510.28526581,2,613.143,1.20028025,TNIFQIQR/2
564.27370644,2,613.143,1.19999124,EMIDIYSTR/2
634.33006718,2,613.886,1.21713891,AEGPEVDVNLPK/2
630.33515258,2,613.886,1.19757213,HFEATDILVSK/2
710.33723191,2,613.886,1.20518224,EIVEMNEIEEGK/2
489.76637455,2,613.886,1.19717535,QLLDFSQK/2
522.25257705,2,613.886,1.19658028,LYANMFER/2
664.83263968,2,613.886,1.21042249,EVELNELEPEK/2
692.86067724,2,614.63,1.20458613,QILMASGSTTFTK/2
585.35367969,2,614.63,1.20846148,VVLVTGAGAGLGR/2
535.81385605,2,614.63,1.20542899,AGPNASIISLK/2
665.86427417,2,614.63,1.20916446,QLVDTTVELANK/2
691.32445889,2,614.63,1.22149509,TANQLMNDFAEK/2
640.80949896,2,614.63,1.21479588,SEDYVDIVQGR/2
595.98467708,3,615.374,0.87805022,GSPGVVHLVAFHPDPTR/3
628.30625777,2,615.374,1.21343542,DYETATLSDIK/2
637.84790425,2,616.117,1.20621591,QQISLATQMVR/2
588.82221244,2,616.117,1.20084092,QYQIDAAIVR/2
425.56769499,3,616.117,0.84693919,QQISLATQMVR/3
713.35407363,2,616.861,1.22141754,YTEGVQSLNWTK/2
664.33006719,2,616.861,1.22396725,FFADDTQAALTK/2
493.28747415,2,616.861,1.19566605,LLQLVEDR/2
696.85265522,2,617.605,1.2116998,VIGMHYFSPVDK/2
578.30586384,2,617.605,1.19268198,IVVFQYSDGK/2
541.25326924,3,617.605,0.87837223,SLEDALSSDTSGHFR/3
488.77674225,2,618.349,1.19300664,QLFDQVVK/2
768.06438397,3,618.349,0.88495639,TVDLGLTGNHGVVHPSLADSANK/3
644.83191981,2,619.092,1.21441939,LDQPMTEIVSR/2
673.36972369,2,619.092,1.22113291,VALSSETEVALAR/2
605.85077288,2,619.092,1.22867908,LATTILQHWK/2
639.7657226,2,619.092,1.20161799,QSNSYDMFMR/2
552.82422382,2,619.092,1.18630012,QQLLIGAYAK/2
430.22370536,3,619.092,0.85110535,LDQPMTEIVSR/3
607.27221793,2,619.836,1.20827271,NFEDVAFDEK/2
695.37226636,2,619.836,1.2140879,NINTFVETPVQK/2
584.99669417,3,619.836,0.86279683,LTIHAPPQELGPPVQR/3
555.24854587,2,619.836,1.2145588,DAEAWFNEK/2
542.27148967,2,620.579,1.1887671,SPFEVYVDK/2
736.29672655,2,620.579,1.22092414,DLSMSEEDQMMR/2
523.28747413,2,620.579,1.20514759,WTLLQEQK/2
632.83023443,2,621.323,1.20743656,QSLEYLEQVR/2
606.8089676,2,621.323,1.21907217,GEGPDVDVSLPK/2
711.32753289,2,621.323,1.21090933,NNFLPNADMETR/2
801.39954374,2,622.066,1.22946953,NAVTQEFGPVPDTAR/2
493.79767468,2,622.066,1.20400452,LALQALTEK/2
857.92539437,2,622.066,1.21365916,THPVEIFYTPEPER/2
736.87061916,2,622.81,1.22737438,NSDVLQSPLDSAAR/2
692.31082858,2,622.81,1.22367628,MGLAMGGGGGASFDR/2
430.76564624,2,622.81,1.19183943,LFVGSIPK/2
643.34466305,2,622.81,1.20628484,AVMEQIPEIQK/2
515.27744074,2,622.81,1.20542326,WLAIDANAR/2
700.83994176,2,622.81,1.20625328,HVMDVVDEELSK/2
854.087694,3,623.554,0.87593928,LVQDVANNTNEEAGDGTTTATVLAR/3
581.33495566,2,623.554,1.18879983,RILELDQFK/2
652.33175264,2,623.554,1.21425262,LANIDEEMLQK/2
657.34043499,2,623.554,1.21078581,QALAYLEQSYK/2
437.75527853,2,623.554,1.18177899,FPEILQK/2
630.34571728,2,623.554,1.21927585,ITENSIVENLK/2
643.84621881,2,624.297,1.20576987,WQAVLAQTDVR/2
707.38283105,2,624.297,1.22448604,AGPGTLSVTIEGPSK/2
768.37045195,2,624.297,1.23229195,TSGTEPADFALPSSR/2
551.61039392,3,624.297,0.85504224,LFYHIVDSDEVSTK/3
708.36751535,2,625.04,1.23440897,IVLDNSVFSEHR/2
429.56657136,3,625.04,0.84421116,WQAVLAQTDVR/3
409.4534937,4,625.784,0.73542277,LGDVYVNDAFGTAHR/4
657.87444498,2,625.784,1.21691536,ALLLTDQHLYK/2
734.40630613,2,626.527,1.21063589,NVVLPTETEVAPAK/2
565.80128,2,626.527,1.2057233,FPGQLNADLR/2
514.79038098,2,627.271,1.20964837,LADALQELR/2
664.82611452,2,627.271,1.22215042,AEPPQAMNALMR/2
427.2224703,3,627.271,0.84470415,VTYVVLDEADR/3
575.32933895,2,627.271,1.19823001,VEAQVYILSK/2
791.85305757,2,627.271,1.22098523,QMLDPANYGTGMER/2
682.8564491,2,627.271,1.21913312,SVFGTPTLETANK/2
684.33482664,2,627.271,1.22185277,LLETESFQMNR/2
588.30639513,2,628.015,1.21102321,VEGPAFTDAIR/2
671.84876149,2,628.015,1.22943457,YGGELVPHFPAR/2
640.33006721,2,628.758,1.20404214,VTYVVLDEADR/2
475.24422066,2,628.758,1.19547573,VDFNVPMK/2
565.31422021,2,628.758,1.22559622,LSELEAALQR/2
631.33409831,2,628.758,1.21074951,TVVTGIEMFHK/2
878.44395963,2,628.758,1.23863647,AVGTPGGGGGGAVPGISAMSR/2
693.82481466,2,629.502,1.21163853,ESEDFIVEQYK/2
555.84769889,2,629.502,1.19008524,RLEEIPLIK/2
490.2765751,2,629.502,1.19107724,EYSLQVLK/2
565.31791695,2,629.502,1.19405289,AAMEPIVISAK/2
774.37045196,2,629.502,1.23802803,AEAEAQAEELSFPR/2
671.82990004,2,630.245,1.21263719,DGTYAVTYIPDK/2
704.86629394,2,630.245,1.21979963,AVGPSSTQLYMVR/2
545.31435758,3,630.245,0.87351349,RLPNNHIGISFIPR/3
613.81679263,2,630.245,1.22035847,GEGPDVDVTLPK/2
832.87355578,2,630.245,1.22926345,ENDPEANIDTIYDR/2
674.83585108,2,630.989,1.20708715,HFSVEGQLEFR/2
612.85096983,2,630.989,1.20470771,THIDTVINALK/2
546.30840655,2,630.989,1.19330693,VDILYNNIK/2
432.25290302,2,630.989,1.18421304,FTDILVR/2
630.36064747,2,630.989,1.20666434,MREEVITLIR/2
821.40194905,2,630.989,1.23076714,VDTNAPDLSLEGPEGK/2
408.90307204,3,630.989,0.84110984,THIDTVINALK/3
450.22632621,3,630.989,0.84608934,HFSVEGQLEFR/3
725.86226276,2,631.732,1.21850253,TTPSVVAFTADGER/2
828.83832432,2,631.732,1.23089126,GEDNAIEMSEDFDGK/2
546.78783825,2,632.476,1.19555874,NFITAEELR/2
713.88045553,2,633.22,1.22821111,EAGAGGLAIAVEGPSK/2
681.35166832,2,633.22,1.20818036,HVFAIFNTEQR/2
606.95086756,3,633.963,0.8790819,ESMFGYHGHGPSPFLR/3
633.81425001,2,634.707,1.21426133,LESDYEILER/2
572.30754921,2,634.707,1.18946971,QVPVDVVEMK/2
664.83499382,2,634.707,1.20865684,HGLEAISIMDSR/2
488.24441766,2,634.707,1.19862112,GDMDISLPK/2
634.37206939,2,634.707,1.20680098,APVTVTSLPAGVR/2
553.30860349,2,635.45,1.21028438,SLGEISALTSK/2
554.61799429,3,635.45,0.86482878,HLDHVAALFPGDVDR/3
584.30586383,2,635.45,1.20860537,LQEQEVFFK/2
646.31187443,2,636.194,1.21797183,GEGPEFDVNLSK/2
646.36712145,2,636.194,1.21109156,IHPQTIIAGWR/2
605.81933532,2,636.194,1.21641184,AEGPDVAVDLPK/2
489.256174,2,636.194,1.20381735,EDIIQGFR/2
406.22107152,2,636.194,1.17637376,SFPFVSK/2
694.38431952,2,636.937,1.2175224,IVMEAIQQASVAK/2
602.30586386,2,636.937,1.20019465,GFYIYQEGVK/2
625.65644902,3,636.937,0.87522767,LYQYPNFAGPHAALANK/3
407.97517034,4,636.937,0.72785192,NGVKIMGTSPLQIDR/4
595.81679266,2,636.937,1.22658088,LDLTENLTGSK/2
431.21034177,3,636.937,0.8518599,GEGPEFDVNLSK/3
404.2153157,3,636.937,0.85002393,AEGPDVAVDLPK/3
742.35681328,2,637.681,1.22612435,WIDATSGIYNSEK/2
615.82918017,2,637.681,1.21710363,IMGTSPLQIDR/2
672.86153452,2,637.681,1.21835809,TVIIEQSWGSPK/2
410.8885456,3,637.681,0.85337249,IMGTSPLQIDR/3
691.83067138,4,637.681,0.75184913,AIEMERGNFGGSFAGSFGGAGGHAPGVAR/4
429.90296062,3,638.424,0.83134768,HALIIYDDLSK/3
644.35080269,2,638.424,1.18940406,HALIIYDDLSK/2
669.31897959,2,638.424,1.21540054,AMTGVEQWPYR/2
580.31388582,2,638.424,1.20139227,NTVELLVEDK/2
587.81438737,2,638.424,1.21176864,FRIDELEPR/2
665.3114889,2,638.424,1.21019567,TWHAWMDNIR/2
602.83393115,2,638.424,1.19697566,VIVMSATLDAGK/2
606.34839736,2,638.424,1.21460173,AIFQQPPVGVR/2
893.97594988,2,638.424,1.24292652,SAPAGASEPPPPGGVGLGIR/2
597.55139334,4,639.168,0.7383623,EATTDFTVDSRPLTQVGGDHIK/4
796.3994323,3,639.168,0.87538736,EATTDFTVDSRPLTQVGGDHIK/3
719.92807447,2,639.168,1.22952441,GIRPAINVGLSVSR/2
489.25987074,2,639.168,1.19133574,MGIVGPEFK/2
633.87444496,2,639.911,1.21336024,VQIEHISSLIK/2
668.31442271,3,639.911,0.8680377,DNTRPGANSPEMWSEAIK/3
401.2394613,2,639.911,1.17636956,EGLELLK/2
710.40135818,2,639.911,1.2273439,AQSLVISPPAPSPR/2
660.83446247,2,639.911,1.21978963,ILATMNPGGDFGK/2
688.87464191,2,640.655,1.20935453,YPASTVQILGAEK/2
617.81933537,2,640.655,1.19855585,LTPYEVDELR/2
485.77145991,2,641.398,1.18596816,QLAPIWDK/2
567.80738205,2,641.398,1.19491792,IITVSMEDVK/2
750.38302805,2,641.398,1.2219337,VEDPEINSIQDIK/2
536.31349189,2,642.142,1.18425102,HDVVFLITK/2
627.31336293,2,642.142,1.2193486,YLEEIATQMR/2
648.83839379,2,642.142,1.21765217,LLYNNVSNFGR/2
467.7714599,2,642.142,1.19721338,SGVGNIFIK/2
646.8237604,2,642.885,1.21282646,MTGLVDEAIDTK/2
582.80401967,2,642.885,1.19816688,QNLLSVGDYR/2
664.31230866,2,642.885,1.19504315,HDVGAYMLMYK/2
435.7740026,2,642.885,1.19001498,LAVEAVLR/2
582.30808059,2,642.885,1.19730223,QLLLSTSMDR/2
432.89468801,3,642.885,0.8542672,LLYNNVSNFGR/3
491.81841009,2,642.885,1.1916935,VPITAVIAAK/2
594.83478843,2,643.628,1.19461409,QAGVFEPTIVK/2
652.84756984,2,643.628,1.2094449,TMQGSEVVNVLK/2
722.36665808,2,643.628,1.22260641,VLQDMGLPTGAEGR/2
558.30840651,2,643.628,1.20375438,KWDLSELPK/2
674.78823216,2,643.628,1.21609767,EDAFYSWESSK/2
708.84627841,2,644.372,1.22936511,LEDLLQDAQDEK/2
634.32511921,2,644.372,1.22590738,WSPESPLQAPR/2
463.26634472,2,644.372,1.1862939,VPTWGPLR/2
602.34023795,2,644.372,1.20712843,AAAEVAGQFVIK/2
745.89610561,2,644.372,1.22969462,ASIGQSPGLPSTTFK/2
757.70289803,3,644.372,0.87517973,FTYRSDSFENPVLQQHFR/3
568.52899264,4,645.115,0.73977677,FTYRSDSFENPVLQQHFR/4
426.70885964,4,645.115,0.73824525,SDSFENPVLQQHFR/4
611.36371309,2,645.86,1.20468629,TPLHEIALSIK/2
400.54002224,3,645.86,0.8562571,TSFLDDAFRK/3
600.30639513,2,645.86,1.22320367,TSFLDDAFRK/2
636.84334178,2,645.86,1.2100267,RDLGEELEALK/2
761.3355549,2,646.603,1.23482077,WMDEAQALDTADR/2
635.3140828,2,646.603,1.21723758,DYETATLSEIK/2
556.78476424,2,646.603,1.206751,YGSDIVPFSK/2
499.26232198,2,646.603,1.22510187,DQAHKGSVR/2
543.80805078,2,647.346,1.2059371,VAAMGALQGLR/2
413.2042528,4,647.346,0.72291665,NQVAMNPTNTVFDAK/4
415.46787242,4,647.346,0.7246975,NQVALNPQNTVFDAK/4
734.83485638,2,648.09,1.22270085,VDFTEEEINNMK/2
621.79873733,2,648.09,1.20996634,GWLYYEAGQR/2
664.33568397,2,648.09,1.21344374,TQLYEYLQNR/2
606.84535314,2,648.09,1.2028529,VLIDPVSVQDK/2
710.86955655,2,648.09,1.20908051,DVIINQEGEYIK/2
404.89932758,3,648.09,0.84209707,VLIDPVSVQDK/3
561.29549613,2,648.09,1.20344573,EYQDLLNVK/2
661.35354235,2,648.09,1.22030409,LYSILQGDSPTK/2
578.33528997,2,648.09,1.21353875,RGDLPFVVPR/2
516.78222157,2,648.09,1.20343437,GDDLSTAILK/2
414.86825037,3,648.09,0.8483978,GWLYYEAGQR/3
554.03919317,4,648.834,0.75720777,AISHEHSPSDLEAHFVPLVK/4
536.24834894,2,648.834,1.21324485,YFTWDPSR/2
555.29549615,2,648.834,1.20020046,ITDLYTDLR/2
577.77915596,2,648.834,1.18979395,NYITMDELR/2
411.22029524,3,649.577,0.8469276,VALSNMNVIDR/3
607.30534089,2,649.577,1.20810629,YFVEAGAMAVR/2
710.359356,2,649.577,1.21906725,EIEVPDQYGTIR/2
405.20598608,3,649.577,0.84646088,YFVEAGAMAVR/3
540.27964907,2,649.577,1.20388741,AFNDPFIQK/2
738.3831654,3,650.321,0.89217637,AISHEHSPSDLEAHFVPLVK/3
479.78202462,2,650.321,1.20878237,ISLADIAQK/2
659.37989448,2,650.321,1.2293315,LDLIHESILHK/2
579.32987027,2,651.065,1.20052848,AILNGIDSINK/2
565.29602746,2,651.065,1.21086261,NLLDEELQR/2
787.38389372,2,651.065,1.22924567,DIPNENEAQFQIR/2
567.79480601,2,651.065,1.20681526,DQGLSIMVSGK/2
492.30345856,2,651.808,1.20029793,LAILQVGNR/2
732.33776328,2,651.808,1.22122352,MDTIDQDDELIR/2
480.76839431,2,651.808,1.19236283,NMINIISR/2
597.82749476,2,652.551,1.21022101,IDIIPNPQER/2
599.32732757,2,652.551,1.2203393,LDIDSPPITAR/2
602.80316235,2,652.551,1.21694341,MSVEADINGLR/2
510.78984963,2,652.551,1.19442856,AYAALAALEK/2
417.2493061,2,652.551,1.16978916,TMLLLSR/2
536.80348832,2,652.551,1.21447915,TAEEVAALIR/2
707.87719296,2,652.551,1.22782158,IPAASAAAMNLASAR/2
609.64761915,3,652.551,0.86893211,ELFQTPGHTEELVAAGK/3
454.26601043,2,652.551,1.1878776,YIELLTR/2
662.87156789,2,653.295,1.2057556,YIAIVSTTVETK/2
399.88731054,3,653.295,0.85565034,LDIDSPPITAR/3
522.30345856,2,653.295,1.2025267,AIAFLQQPR/2
431.21168271,3,653.295,0.84936029,FSQFLETEYK/3
737.36632372,2,653.295,1.21239563,EQVLEPMLNGTDK/2
895.11049867,3,654.039,0.87997325,IHVSDQELQSANASVDDSRLEELK/3
671.58469312,4,654.039,0.74478942,IHVSDQELQSANASVDDSRLEELK/4
646.31388583,2,654.039,1.21527129,FSQFLETEYK/2
744.88132121,2,654.039,1.22975951,NLNNSNLFSPVNR/2
693.87738155,2,654.783,1.21524312,LIAEEGVDSLNVK/2
613.83003739,2,655.526,1.21181433,AWGPGLEGGVVGK/2
409.55578375,3,655.526,0.8476319,AWGPGLEGGVVGK/3
640.81319569,2,655.526,1.20641425,FVMEVEVDGQK/2
646.29368169,2,655.526,1.22750426,DVEDEETWIR/2
592.81352171,2,655.526,1.20524334,ETGYTYILPK/2
573.82950611,2,656.27,1.19140458,YPVNSVNILK/2
637.83003744,2,656.27,1.227605,DPQGLGLHFYK/2
701.34644555,2,656.27,1.22508946,ASLEDAPVDDLTR/2
760.40376351,2,656.27,1.22690275,LGSESQYSPTPLLK/2
427.54455595,3,656.27,0.84443325,FVMEVEVDGQK/3
601.81679268,2,656.27,1.21473221,LIDEVIEDTR/2
523.2754064,4,657.013,0.73493508,MIQDGKGDVTITNDGATILK/4
709.38028838,2,657.757,1.21914524,GDVTITNDGATILK/2
660.34571729,2,658.5,1.21535784,LEQLFQDEVAK/2
693.3328069,2,659.244,1.22006145,DYEAGQLYGLEK/2
481.76003793,2,659.244,1.1942804,APGFAQMLK/2
724.32042774,2,659.244,1.23511508,GDDEEWNEVLNK/2
563.26261879,2,659.987,1.20865897,MGAGMGFGLER/2
617.82495209,2,659.987,1.21067742,YQELINDIAR/2
412.21906022,3,659.987,0.84771261,YQELINDIAR/3
667.82904272,2,659.987,1.21687792,VEEDVASDLVMK/2
587.82696342,2,659.987,1.21570782,FVQGLDIGPTK/2
552.78390696,2,659.987,1.20547118,INMVEELEK/2
593.29295341,2,660.731,1.21094209,TLGDFAAEYAK/2
575.83258012,2,660.731,1.20516136,APLEVPQALGR/2
516.30278983,2,660.731,1.20101999,VLDELTLTK/2
732.37246338,2,660.731,1.22446075,FLADQQSEIDGLK/2
612.83478845,2,660.731,1.21028899,ATGYPLAYVAAK/2
751.35883308,2,661.475,1.23273638,YEMFAQTLQQSR/2
595.76489444,2,661.475,1.22352976,EDPSGWWTGR/2
595.28546274,2,661.475,1.20721876,ANYAVDAYFR/2
565.31623151,2,662.218,1.19332684,TPVEVPVGGFK/2
712.34030593,2,662.218,1.22687867,TGTAEMSSILEER/2
754.35480192,2,662.218,1.22926914,AGTQIENIDEDFR/2
727.86173146,2,662.218,1.21698302,ADVDVQPYAFTTK/2
679.36972369,2,662.218,1.21657391,VIDPATATSVDLR/2
741.39099045,2,662.218,1.23974944,NILDFPQHVSPSK/2
631.80916459,2,662.218,1.22101777,DSLSEEVQDLK/2
561.78750391,2,662.218,1.2064714,EQILEEFSK/2
494.59641912,3,662.218,0.86704241,NILDFPQHVSPSK/3
696.36751539,2,662.218,1.22437267,TDSQLQGQVLFR/2
524.91738679,3,662.218,0.86760759,IPEFNWSQMHQR/3
726.33482658,2,662.962,1.20800371,AHTMTDDVTFWK/2
631.30501495,2,662.962,1.21462099,LMMDPLSGQNR/2
754.89250866,2,662.962,1.21622058,GGLVGQAPMPVPEEK/2
582.82590916,2,662.962,1.20645219,MPPPANLPSLK/2
610.82970304,2,663.705,1.20476009,TAAENEFVVLK/2
407.55556085,3,663.705,0.84243279,TAAENEFVVLK/3
454.75475562,2,663.705,1.18199398,YNIMLVR/2
631.80791337,2,663.705,1.20978274,ILEAWEMNEK/2
772.39118741,2,663.705,1.21277983,ARPFPDGLAEDIDK/2
604.81913835,2,663.705,1.21704384,APFDLFENKK/2
403.54851772,3,664.449,0.85231225,APFDLFENKK/3
640.83531977,2,664.449,1.20727471,QGLFPNNYVTK/2
729.8829982,2,665.193,1.21856416,QFVTPADVVSGNPK/2
560.8128018,2,665.193,1.20313786,FLMANGQLVK/2
654.35896205,2,665.193,1.20504664,RSELVNWYLK/2
685.86935958,2,665.936,1.2101988,TIYTPGSTVLYR/2
571.83003747,2,665.936,1.20797711,QATELALLQR/2
530.2876711,2,665.936,1.20265885,EELTLEGIR/2
514.5950782,3,665.936,0.85436489,GEAHLAVNDFELAR/3
683.30118077,2,666.68,1.22990321,GSTDNLMDDIER/2
715.3859051,2,666.68,1.22763173,TINEVENQILTR/2
543.29549612,2,666.68,1.21370602,LSLNIDPDAK/2
531.78255591,2,666.68,1.20792685,FQDLVDAVR/2
575.798206,2,666.68,1.21330647,YLQWEIGNK/2
662.83023438,2,667.424,1.22161946,FNQVLDQFGEK/2
699.35661628,2,667.424,1.2420593,DFAAEVVHPGDLK/2
647.37494646,2,667.424,1.2118796,AVGHPFVIQLGR/2
465.73132905,4,667.424,0.73016692,SFARISDEDWDIIHR/4
699.83604806,2,667.424,1.22806845,ISDEDWDIIHR/2
634.36645272,2,668.167,1.21602544,LISPLASPADGVK/2
737.39339575,2,668.167,1.22816845,SVGELPSTVESLQK/2
431.18608478,3,668.167,0.86198842,DWDELEEEAR/3
595.8482302,2,668.911,1.2056784,ELHINLIPNK/2
646.27548893,2,668.911,1.23038147,DWDELEEEAR/2
577.83003742,2,668.911,1.21137324,LNVGAPDVTLR/2
554.79787161,2,668.911,1.2094318,ITALDEFATK/2
572.81774979,2,669.654,1.19593407,ITMIAEPLEK/2
572.79292362,2,669.654,1.21006876,VFFYNPTTR/2
669.34773705,2,670.398,1.21441474,VVGAMQLYSVDR/2
505.79441208,2,670.398,1.20659163,VGPGPALMLR/2
479.80021735,2,670.398,1.19611491,SGVGTALLLK/2
530.82369245,2,671.141,1.1852837,VPYVIISAAK/2
597.31167753,2,671.141,1.21097063,ALELDSNLYR/2
613.28839936,2,671.885,1.21484869,DIISDTSGDFR/2
563.30226692,2,671.885,1.20047712,MLLYTEVTR/2
586.32511925,2,671.885,1.20380187,QDSLVINLNR/2
713.37395177,2,671.885,1.21920616,VMAAENIPENPLK/2
629.84314479,2,671.885,1.21824513,LFGAPEPSTIAR/2
409.19469173,3,671.885,0.85260946,DIISDTSGDFR/3
532.80295703,2,671.885,1.1992673,LALASLGYEK/2
579.80783365,4,671.885,0.7407739,VTHAVVTVPAYFNDAQRQATK/4
692.35935599,2,672.63,1.21713023,NLGIPLGQDAEEK/2
631.34297761,2,672.63,1.21679637,IVEIPFNSTNK/2
536.78899234,2,672.63,1.20587662,MPSLEISAPK/2
504.30715532,2,672.63,1.19400704,MHLGLVIPK/2
661.81690091,2,672.63,1.19997529,EMGQMQVLQMK/2
715.8722962,2,672.63,1.22704002,ELAQQIEEETIK/2
658.82207503,2,673.373,1.21310227,NELESYAYSLK/2
523.79767465,2,673.373,1.20220894,IPADTFAALK/2
478.79800905,2,673.373,1.19858639,LNSLAIGLR/2
481.27690943,2,673.373,1.19824376,IPFASLASR/2
482.27911777,2,673.373,1.1958331,ISNFLLEK/2
475.79968608,2,673.373,1.19009978,LISTLIYK/2
621.81986666,2,674.117,1.21979116,EVDIGIPDATGR/2
648.32752454,2,674.117,1.20699657,TTYLVLDEADR/2
688.3588247,2,674.117,1.2155122,LYEPDQLQELK/2
563.30058153,2,674.117,1.18934432,TPEIYLAYR/2
577.35060572,2,674.117,1.20567488,TLQALQIPAAK/2
567.30672951,2,674.117,1.20832785,QANTGLFNLR/2
432.55410851,3,674.117,0.84655858,TTYLVLDEADR/3
461.27383545,2,674.117,1.19895465,LSIYNALK/2
691.02838823,3,674.117,0.88383635,VTEGLTDVILYHQPDDKK/3
536.79787163,2,674.117,1.2125719,ALEEELAGLK/2
414.8823366,3,674.117,0.85690428,EVDIGIPDATGR/3
609.32987021,2,674.86,1.21335851,SANVNEFPVLK/2
687.83604807,2,674.86,1.22988346,WDLSAQQIEER/2
686.36497272,2,674.86,1.22037535,QLQDIATLADQR/2
513.80074866,2,674.86,1.19880155,AVDSLVPIGR/2
406.5556723,3,674.86,0.8492672,SANVNEFPVLK/3
550.32151392,2,674.86,1.21550837,LLDEAIQAVK/2
626.86661988,2,674.86,1.2032728,HDVIVSIVTAAK/2
541.74871306,2,674.86,1.22317494,DAEAWFTSR/2
685.32445892,2,675.604,1.22044894,SSLDNIEMAYAR/2
718.88520656,2,675.604,1.21383114,LYNVVVDTEVTGK/2
729.39593847,2,675.604,1.22552515,VLDDGELLVQQTK/2
584.8084363,2,675.604,1.21036726,EETFTLSTIK/2
410.88367753,3,675.604,0.84219328,EHYLEDILAK/3
700.37500603,2,675.604,1.21589801,SGSLAVDNADPILK/2
555.27235535,2,676.347,1.22138161,LAGGDWFTSR/2
615.82187806,2,676.347,1.20259735,EHYLEDILAK/2
614.83786246,2,676.347,1.20120655,HLFAILGGSEGK/2
728.88573791,2,676.347,1.22129343,GPSLQGDLAVSGDIK/2
540.31402322,2,677.091,1.21497041,IGGGIDVPVPR/2
656.38022885,2,677.091,1.22469496,AGNAIHAILLYR/2
518.78235894,2,677.834,1.20825109,WFTSQVIR/2
655.84823016,2,677.834,1.20531356,KAPDFVFYAPR/2
708.84502717,2,677.834,1.19987647,QPPSQFEPLDMK/2
557.82696344,2,678.578,1.21065026,INEILSNALK/2
560.28767107,2,678.578,1.21354265,SNELWTEIK/2
681.84367613,2,678.578,1.22788513,GLEVINDYHFR/2
579.34244631,2,678.578,1.20247342,KADEVLEILK/2
607.78539824,4,679.321,0.74841267,DKLESEMEDAYHEHQANLLR/4
810.04477217,3,679.321,0.88975986,DKLESEMEDAYHEHQANLLR/3
516.28133447,2,679.321,1.18951848,EGLVMVEVR/2
618.82221237,2,679.321,1.21786117,APFDLFENRK/2
585.82187805,2,679.321,1.20290808,ELIPTEEALR/2
402.88105666,3,679.321,0.84731027,LITLEEEMTK/3
756.86245976,2,680.065,1.23438681,ESQDTSFTTLVER/2
594.34076928,2,680.065,1.22141028,GSSGVGLTAAVLR/2
603.81794676,2,680.065,1.21274179,LITLEEEMTK/2
654.79077483,2,680.065,1.22729241,DEPGAWEETFK/2
602.79787161,2,680.065,1.20387702,VFADYEAYVK/2
451.26072804,2,680.809,1.1905843,LVELWGGK/2
435.25818538,2,680.809,1.18868334,ELLPEIR/2
589.31422018,2,680.809,1.21558724,FEVAQVESLR/2
584.8560552,2,681.553,1.20154533,SPILVATAVAAR/2
776.71575484,3,681.553,0.87957839,NQALNTDNYGHDLASVQALQR/3
601.34297762,2,681.553,1.21794344,IAVAVLEETTR/2
531.80074868,2,681.553,1.2075152,LFVQDLATR/2
645.84367614,2,681.553,1.22589331,VQQTVQDLFGR/2
430.89820958,3,681.553,0.85746806,VQQTVQDLFGR/3
633.56166677,4,681.553,0.75806972,SNAIFGMGVLAEHGGHPAQEHFPK/4
509.51703934,4,682.299,0.74375904,SVVLMSHLGRPDGVPMPDK/4
606.85658655,2,682.299,1.21147943,QLLAGGIAGAVSR/2
664.31749113,2,683.043,1.22604722,VWDPDNPLTDR/2
659.34350895,2,683.043,1.21125547,HIEIFTDLSSR/2
737.41225721,2,683.043,1.23379204,TQRPADVIFATVR/2
404.90681652,3,683.043,0.84870195,QLLAGGIAGAVSR/3
681.35830172,2,683.786,1.21956615,ESMATGSIPITVR/2
723.89356298,2,683.786,1.23167275,IESLSSQLSNLQK/2
592.32511927,2,683.786,1.22071732,SLGLQLPDGQR/2
570.33716398,2,683.786,1.19476217,AELIVQPELK/2
704.84079905,2,684.53,1.22223166,AVFDETYPDPVR/2
627.31336292,2,684.53,1.20703521,APSYLEISSMR/2
740.84215853,2,684.53,1.22079739,TMTELEIDMNQR/2
683.88808361,2,684.53,1.20994702,NVPQVVNVQELK/2
556.7847642,2,684.53,1.21023283,AEEVATFFAK/2
532.78476422,2,684.53,1.20266959,LSVEGFAVDK/2
672.8413304,2,685.274,1.23716422,ASLEAAIADAEQR/2
563.79258927,2,685.274,1.21323923,FDVSGYPTLK/2
563.79258927,2,685.274,1.21316795,FDVSGYPTIK/2
589.29972418,2,685.274,1.20830138,FVELPGAEMGK/2
482.26654169,2,685.274,1.19935614,LTVNDFVR/2
799.85770873,2,685.274,1.23766634,FADQDDIGNVSFDR/2
579.32987027,2,686.017,1.2159536,TGQAAELGGLLK/2
521.74933586,2,686.017,1.19343132,MYPIDFEK/2
660.90353675,2,686.017,1.22192791,LIAHAGSLLNLAK/2
740.89336598,2,686.761,1.2270956,ITQLTPFNGYAGAK/2
567.81693006,2,686.761,1.1993627,DRFTDILVR/2
632.37461213,2,687.504,1.2040479,LQVVDQPLPVR/2
690.36391003,2,687.504,1.19755618,EHLYFETVTIK/2
542.78730695,2,687.504,1.19620066,AFTYINLDK/2
586.28512841,2,687.504,1.20455826,LYTDFDEIR/2
406.54354383,3,687.504,0.85824781,SLGQWLQEEK/3
609.31167751,2,688.248,1.22754805,SLGQWLQEEK/2
656.85404383,2,688.248,1.21297828,GRDWNVDLIPK/2
540.78222155,2,688.991,1.20337748,GFSLLATEDK/2
757.35883307,2,689.735,1.22630049,WISSGEYIQMSGR/2
649.7936519,2,689.735,1.2258516,DYAFVHFEDR/2
704.85136376,2,689.735,1.22002144,IGIFGQDEDVTSK/2
573.75874642,2,690.478,1.21456262,FNFGEEEFK/2
407.20182453,2,690.478,1.1980552,FSMPGFK/2
414.21291778,3,690.478,0.84490537,ASYAEQLSMLK/3
714.35628198,2,690.478,1.220971,ILEDTQFVDGYK/2
515.30058151,2,691.222,1.20363602,VLDELTLAR/2
620.81573844,2,691.222,1.20892368,ASYAEQLSMLK/2
655.37735176,2,691.222,1.20800556,VPELNVQNGVLK/2
401.70007463,4,691.222,0.72415443,SPFEVQVGPEAGMQK/4
671.00457701,3,691.222,0.8783123,GSGGLFSPSTAHVPDGALGQR/3
586.62503741,3,691.222,0.8573028,ENPHATSNSIFINWK/3
409.20187312,4,691.222,0.72714696,AYDYLVQNTSFANK/4
600.33189004,2,691.965,1.20031043,QMLPLNTNIR/2
417.9664339,4,691.965,0.73483744,ETNLDSLPLVDTHSK/4
494.28473446,2,691.965,1.19780204,LPEAAFLAR/2
409.88378895,3,691.965,0.84850172,VGDDPAVWQLK/3
503.59743127,3,691.965,0.84295087,RTEMENEFVLIK/3
499.28747415,2,691.965,1.20187431,ELPELLQR/2
614.3220452,2,692.709,1.2158198,VGDDPAVWQLK/2
550.26736986,2,692.709,1.19713301,YMTDGMLLR/2
664.37206946,2,692.709,1.21599519,LSTDHIPILYR/2
588.30808058,2,693.452,1.2144332,MSAEINEIIR/2
573.24630003,2,693.452,1.19884637,EDSMMEYLK/2
574.97729959,3,693.452,0.86783792,EAFTNKPNVFTVVTR/3
589.3142202,2,694.196,1.20739206,IFEGTNDILR/2
542.82168111,2,694.196,1.20894533,VQELQNLLK/2
699.65550201,3,694.196,0.88539049,DALDGPAAEAEPEHSFDGLR/3
631.32478487,2,694.196,1.21414373,SLFPENLQADK/2
735.82841996,2,694.94,1.22482938,ENEFSFEDNAIR/2
482.29731056,2,694.94,1.19301349,LIINSLYK/2
634.86081465,2,694.94,1.20498994,NMVPQQALVIR/2
609.33155567,2,694.94,1.20817121,EQLMTVLQAGK/2
660.84334179,2,694.94,1.21498052,ELAVQIYEEAR/2
477.30513559,2,694.94,1.1919039,IIIPEIQK/2
515.78001324,2,694.94,1.21098453,EGALDLSGLR/2
849.44087729,2,694.94,1.22431296,VPVGDQPPDIEYQIK/2
651.35335376,2,694.94,1.22812519,LAMNILAQNASR/2
714.36032148,2,695.683,1.22755188,MGPAMGPALGAGIER/2
582.85859791,2,695.683,1.20129638,APQVLVLAPTR/2
675.87939294,2,695.683,1.21492377,LLIVSTTPYSEK/2
606.3063952,2,695.683,1.20763811,YQQLFEDIR/2
629.82495206,2,695.683,1.23066969,DVLDVYIEHR/2
486.28727717,2,695.683,1.2020421,LLGWIQNK/2
404.54002229,3,695.683,0.84486598,YQQLFEDIR/3
822.38101665,2,695.683,1.23685197,GGLGYVEETSEFEAR/2
565.82643209,2,696.426,1.20184579,LFTPSPEIVK/2
666.34245473,2,696.426,1.23210201,LALDMEIHAYR/2
630.36952675,2,696.426,1.21852856,LQTSSVLVSGLR/2
585.84568753,2,696.426,1.21452885,ATEQLQIVLR/2
667.34466303,2,696.426,1.2032408,VPGLPMSDQYVK/2
630.32752452,2,696.426,1.21284091,VLVDSLVEDDR/2
587.81933534,2,696.426,1.21195244,DGSAVEIVGLSK/2
593.82495206,2,697.17,1.22162651,LSVEADINGLR/2
579.33749832,2,697.17,1.19586237,SHSIFLINVK/2
482.78931834,2,697.17,1.1915213,LLEIVSYK/2
657.86681686,2,697.914,1.21928332,VGILLDEASGVNK/2
701.85169812,2,697.914,1.22071151,GFPQPILSEDGSR/2
601.27984606,2,697.914,1.2064633,ENDWYLAYK/2
582.32458788,2,697.914,1.21357128,LSAAVTEAFVR/2
689.83845336,2,698.658,1.2290136,TDTESELDLISR/2
610.79005496,2,698.658,1.20955273,EMVANWDSLR/2
407.5291288,3,698.658,0.85125978,EMVANWDSLR/3
776.64434502,4,698.658,0.7529519,NGRVEIIANDQGNRITPSYVAFTPEGER/4
629.83551675,2,698.658,1.21881518,VGETIIDLENR/2
534.82422378,2,698.658,1.20148228,AGLTEPVLIR/2
571.30860349,2,699.401,1.20420037,GDLGIEIPAEK/2
746.8454211,2,699.401,1.21938824,AIDDNMSLDEIEK/2
559.80497678,2,699.401,1.20786286,LIFQMPQNK/2
537.27043548,2,699.401,1.18858049,EYGMIYLGK/2
659.97780502,3,699.401,0.87625949,YWIQGDSESEAHLLDSK/3
757.38197378,2,700.145,1.224626,DMAQLPETEIAPAK/2
656.32867862,2,700.145,1.21118753,YPEETLSLMTK/2
402.55192787,3,700.145,0.84455729,TDLLLEPYNK/3
537.02568275,4,700.145,0.73955108,TLVSVTKEGLELPEDEEEK/4
834.43728035,2,700.145,1.22833261,GATLKITLDNAYMEK/2
411.87143755,3,700.145,0.84267173,FPDAGEDELLK/3
647.34350899,2,700.888,1.21817221,DQNILLGTTYR/2
718.35681331,2,700.888,1.22300739,NIEIDSPYEISR/2
608.82168106,2,700.888,1.21841381,WEGLVYAPPGK/2
638.32867862,2,700.888,1.20958558,LIEEVMIGEDK/2
642.80880461,4,700.888,0.74338135,ADVDVSGPKMDAEVPDVNIEGPDAK/4
425.88821123,3,700.888,0.8448228,LIEEVMIGEDK/3
620.29823572,2,700.888,1.21284275,AFSDPFVEAEK/2
534.29784187,2,700.888,1.19222916,APYIAYLTR/2
406.21687953,3,700.888,0.85348643,WEGLVYAPPGK/3
431.89809815,3,700.888,0.85459479,DQNILLGTTYR/3
559.2980388,2,700.888,1.20603139,LQEVDSLWK/2
495.27605215,2,700.888,1.19237945,AMAVLESLR/2
603.32425358,2,700.888,1.20524035,TDLLLEPYNK/2
681.86681687,2,700.888,1.22813085,FLDQSLGEQVVK/2
542.30091584,2,700.888,1.20643673,LWGEPVNLR/2
749.31006001,2,701.632,1.23070693,EEEEVGFDWSDR/2
413.86791597,3,701.632,0.84635495,AFSDPFVEAEK/3
559.79734871,2,701.632,1.19921226,QITMEELVR/2
617.3035181,2,701.632,1.20651353,FPDAGEDELLK/2
632.35248808,2,701.632,1.20621023,TTQIINITMTK/2
652.30299517,2,702.375,1.20732123,NSLESYAFNMK/2
712.83667923,2,702.375,1.213908,MPNGMYDGSALIR/2
604.77555899,2,702.375,1.20639333,NLQMWEEMK/2
544.29921586,4,703.119,0.75054255,AEVQKLQMEAPHIIVGTPGR/4
692.36136734,2,703.119,1.23030033,AIFENTLSTYPK/2
613.85879488,2,703.862,1.20255664,APILIATDVASR/2
698.33991202,2,703.862,1.23095224,SMGFIGHYLDQK/2
541.9276171,3,703.862,0.86355407,GLVVDMDGFEEERK/3
405.47380052,4,703.862,0.7394408,LQMEAPHIIVGTPGR/4
751.39646973,2,703.862,1.23568577,VEDVSAVEIVGGATR/2
409.57495541,3,703.862,0.84307176,APILIATDVASR/3
489.27155837,4,705.349,0.73686403,VAPEEHPVLLTEAPLNPK/4
672.3586361,2,705.349,1.21112258,QNINLSAPIMSR/2
542.30091584,2,706.837,1.21366046,DLPFIVSHR/2
608.81079041,2,706.837,1.23251697,DGMAFNALIHK/2
630.34278064,2,706.837,1.22265273,GYPEVALHFVK/2
554.32405657,2,708.324,1.20643268,VFSGLVSTGLK/2
696.89029194,2,708.324,1.22337491,IAVEPVNPSELPK/2
662.33991199,2,709.067,1.21452587,NMLFSGTNIAAGK/2
509.77145986,2,709.067,1.20983909,FEVNPVWK/2
506.29529916,2,709.811,1.20089767,AELAELPLR/2
502.77981626,2,709.811,1.20165424,AAALEFLNR/2
521.61061685,3,709.811,0.86149974,DTSLYRPALEELR/3
597.8456875,2,709.811,1.22139891,AAPDILIATPGR/2
570.85859793,2,710.554,1.21106317,ILQLVATGAVR/2
579.33188157,2,711.298,1.19858586,VFDPVPVGVTK/2
657.35661638,2,711.298,1.22668476,DQLQEQLQALK/2
586.82970306,2,711.298,1.21630499,TLEEAVGNIVK/2
470.76056088,2,711.298,1.18242471,GIAYIEFK/2
662.38517681,2,711.298,1.20800086,NPASLPLTQAALK/2
728.40630614,2,711.298,1.21365598,STPVTSAVQIPEVK/2
760.87431596,2,711.298,1.2300412,LQLEETMPSPYGR/2
744.88065251,2,712.042,1.22219242,TVLDPVTGDLSDTR/2
537.31368887,2,712.042,1.20473553,STLDIVLANK/2
542.28641985,2,712.042,1.20648199,FFMGNQVLK/2
645.35862767,2,712.042,1.21529633,TFGTAIVINPEK/2
544.81352169,2,712.042,1.20449984,ISDSVLVDIK/2
631.34297759,2,712.042,1.20851218,SFPVNSDVGVLK/2
735.35460493,2,712.042,1.22848448,FPQLDSTSFANSR/2
764.36497265,2,712.042,1.22631273,ASPPSGLWSPAYASH/2
425.90296058,3,712.042,0.85014877,AFGSTIVINPEK/3
731.37194044,2,713.529,1.22214902,SQVMDEATALQLR/2
542.31349191,2,713.529,1.20480887,LPSFELLHK/2
613.83565413,2,713.529,1.21738904,GFNPAQPLNIR/2
676.84756985,2,715.016,1.2127948,VAMFLTDSNNIK/2
599.27644605,2,715.016,1.21624418,SMQDVVEDFK/2
713.38844775,2,715.76,1.21867152,TPAIPTAVNLADSR/2
399.85338952,3,715.76,0.84949408,SMQDVVEDFK/3
626.84281043,2,715.76,1.21542409,TAVDSLVAYSVK/2
527.29001682,2,715.76,1.196345,VIFLENYR/2
708.32551316,2,716.504,1.23103323,DQYSVIFESGDR/2
520.26938122,2,716.504,1.18783947,GPLMMYISK/2
673.8617315,2,716.504,1.22384751,SATLASIDAELQK/2
584.98194481,3,716.504,0.85820241,MSGLHISGGQSVLEPIK/3
660.70898999,3,716.504,0.87664963,REVIDLLKPDQVEGIQK/3
678.3407693,2,717.247,1.24158985,DYYFALAHTVR/2
575.29295341,2,717.247,1.20929579,IDFVGELNDK/2
591.8400708,2,717.247,1.20669526,INGIPVEELAK/2
645.36031308,2,717.247,1.21472984,AIAVTVQEMVTK/2
701.81900939,2,717.991,1.21843817,NAVEEYVYEMR/2
644.30553786,2,717.991,1.20983175,NALESYAFNMK/2
637.85317819,2,717.991,1.21911693,YEILTPNSIPK/2
504.27403238,2,717.991,1.20140182,LGSLVDEFK/2
721.8617315,2,717.991,1.22283042,LDDTYSFQVINK/2
429.87278406,3,717.991,0.8460287,NALESYAFNMK/3
569.27476067,2,717.991,1.21229483,SEEEIDFLR/2
435.20442227,3,717.991,0.84432154,NSLESYAFNMK/3
503.30820961,2,717.991,1.19733629,LQVLLTYR/2
544.30332115,2,718.735,1.21703092,DALNIETAIK/2
515.27182405,2,718.735,1.21990725,FDDPLLGPR/2
688.36444136,2,718.735,1.2217128,TQDYPSVPTLVR/2
410.56271546,3,718.735,0.85481475,VLTELLEQER/3
607.28354286,2,718.735,1.20047259,FLYYEMGYK/2
564.84040514,2,719.478,1.20668437,TLAVSGLGVVGR/2
615.34043496,2,719.478,1.21965633,VLTELLEQER/2
611.81607276,2,719.478,1.20657626,MVNFTVDQIR/2
631.96350147,3,719.478,0.87382834,EQMAQQLAEETQGFQR/3
822.39920939,2,720.222,1.23352498,VDEVSTEPIPESWR/2
587.32732757,2,720.222,1.21257802,EDGAISTIVLR/2
548.81673309,2,720.222,1.21470495,LAWGQPVGLR/2
568.79206636,2,720.222,1.2066136,NLQLFMENK/2
497.29001686,2,720.222,1.20899153,LSYTQLLR/2
672.85390646,2,720.222,1.22848819,AESLQQEVEALK/2
528.31402323,2,720.965,1.19681037,LIVNVNDLR/2
608.26947832,2,720.965,1.21854354,WIDFDNDYK/2
542.78404437,2,720.965,1.20622868,YLQAVGMFR/2
460.88855117,3,721.709,0.87702353,DIVNMLMHHDR/3
503.29001682,2,722.453,1.20140054,LLNTFLER/2
466.7597036,2,722.453,1.18888612,MLEILEGK/2
557.7998914,2,723.197,1.20983169,EMLGGEIIPR/2
542.27710638,2,723.197,1.21034942,VSEEIFFGR/2
710.33228393,2,723.197,1.21631761,HFEELETIMDR/2
465.77007132,2,723.197,1.1969059,MLLSLPEK/2
724.88520661,2,723.94,1.21897206,AYIQENLELVEK/2
701.37025505,2,723.94,1.23138718,IGNLQTDLSDGLR/2
683.84809279,2,723.94,1.21838481,ITSGPFEPDLYK/2
643.31759099,2,723.94,1.21970216,ISMPDVDLHMK/2
587.81438739,2,723.94,1.21874767,DQQPGTFLLR/2
601.32478485,2,724.684,1.21375793,ESIVDVEGVVR/2
730.37005805,2,724.684,1.22166961,QDTQAPVVPYWR/2
656.33260992,2,724.684,1.22448434,LSFYETGEIPR/2
697.36972372,2,725.427,1.21621967,ELVVTQLGYDTR/2
586.33769533,2,725.427,1.20975662,ELLQESALIR/2
662.34879128,2,725.427,1.2212748,AVGSISSTAFDIR/2
682.35556207,2,725.427,1.21875981,SPPSAGYLVMVSR/2
703.34759962,2,725.427,1.22535838,MADDVVAIESEVK/2
587.3091348,2,725.427,1.22182402,DVTGAEALLER/2
756.65766107,4,725.427,0.75830273,LTDELAPPKPPLPEGEVPPPRPPPPEEK/4
541.79767468,2,725.427,1.19509277,ALAYFEQLK/2
427.24208775,3,726.171,0.8701523,NLNGTLHELLR/3
631.84228752,2,726.171,1.2101982,NQLTAMSSVLAK/2
518.26822712,2,726.171,1.20342544,WISIMTER/2
583.84823019,2,726.171,1.21962819,AVAQALEVIPR/2
618.82221237,2,726.171,1.21518808,RAPFDLFENK/2
554.30586384,2,726.171,1.21227614,LDVQFSGLTK/2
410.27056444,2,726.171,1.18152856,FLVTVIK/2
593.82495209,2,726.171,1.21221049,QEQLELTLGR/2
533.2464374,2,726.914,1.2051284,NMDIAMGWK/2
622.80263101,2,727.658,1.22418943,FFGDSAASMAIK/2
679.35153098,2,727.658,1.22266473,QEQALLEEIER/2
640.35949339,2,727.658,1.24191514,NLNGTLHELLR/2
656.84842714,2,727.658,1.22507941,LFDAPEAPLPSR/2
678.3530194,2,727.658,1.21842882,HLQDLMEGLTAK/2
508.7616235,2,727.658,1.23290984,DLESLFHR/2
706.8306283,2,728.402,1.22635785,TSNTDGIDSFLDK/2
614.35080264,2,728.402,1.20889139,GIVGVENVAELK/2
536.76911416,2,728.402,1.20982607,NSTFSEIFK/2
690.35796739,2,728.402,1.22350626,LLESGDLSMSSIK/2
547.60821885,3,728.402,0.84884964,HVIPMNPNTDDLFK/3
501.26673864,3,728.402,0.86409619,VEDVSAVEIVGGATR/3
627.81626137,2,728.402,1.20658311,EYYEALPELK/2
634.37206943,2,728.402,1.22067946,NGVAPGAQILSIK/2
447.91726976,3,728.402,0.8495613,VQIAEAINLQDK/3
768.38864474,2,729.145,1.23239891,SLYDEVAAQGEVVR/2
635.33900852,3,729.145,0.88580579,SFGQTPSQLLIEPHPPR/3
487.59630766,3,729.145,0.86637284,SLESLHSFVAAATK/3
632.35080271,2,729.889,1.21271145,QALQDTLALYK/2
464.25597702,2,729.889,1.19299519,AGPIWDLR/2
570.84040521,2,729.889,1.21762723,IQQGALELLR/2
478.79239235,2,729.889,1.20388375,LLEEALLR/2
744.88626925,2,730.632,1.242826,SDQNLQTALELTR/2
597.94327277,3,730.632,0.87737929,SSENGVDYVIMGMPHR/3
564.33716397,2,730.632,1.20912225,IGVPSATEIIK/2
582.8347885,2,730.632,1.20710849,QTLSIYQALK/2
412.87507056,3,730.632,0.8492432,DQTIVDPFSSK/3
637.36678708,2,731.376,1.20923917,RLPLNFLSGEK/2
562.63342147,3,731.376,0.85972014,GILADEDSSRPVWLK/3
648.31864521,2,731.376,1.21264643,MVTVEFADEVR/2
665.85213229,2,731.376,1.21560275,AAPVTGGMGAVLMR/2
642.33683799,2,731.376,1.21623738,GSSAVGLTAYVMK/2
425.24695021,3,731.376,0.843579,RLPLNFLSGEK/3
530.28519708,4,731.376,0.73876108,EVVDRGLQKSLVFEDDLR/4
746.36464671,2,732.119,1.2382783,SGGMSNELNNIISR/2
653.80844468,2,732.119,1.22205232,EMGEAFAADIPR/2
506.8005517,2,732.863,1.20787363,FVPLLPGNR/2
520.82676649,2,732.863,1.20751198,LALGQINIAK/2
496.78182762,2,732.863,1.19438821,QVFLATWK/2
672.35628198,2,732.863,1.22544691,VELLNQLEEEK/2
586.33207857,2,732.863,1.21491269,SLVEIADTVPK/2
805.41466251,2,733.606,1.22225011,NTVLATWQPYTTSK/2
626.31148048,2,734.35,1.23647107,FDASFFGVHPK/2
645.35862767,2,734.35,1.21357987,VIVDFSSPNIAK/2
575.79820596,2,734.35,1.2274681,FAEAFEAIPR/2
617.3455203,2,734.35,1.21368496,LAVATFAGIENK/2
722.85698047,2,734.35,1.22749759,TLSFGSDLNYATR/2
554.29328776,2,734.35,1.21534219,SSVLENFVGR/2
697.8617315,2,734.35,1.21681666,EYIVGLSVETER/2
612.79514036,2,734.35,1.21462351,WMNYLEVNR/2
609.97936882,3,734.35,0.87473097,QSPLGFEVHDEITVTR/3
405.70806266,4,734.35,0.73794635,FYQGFLFSEKPEK/4
639.8400708,2,735.093,1.22112979,IALYETPTGWK/2
685.33534957,2,735.093,1.21698212,IEVLYEDEGFR/2
437.75696394,2,735.093,1.18507959,LMGLEALK/2
585.82187804,2,736.581,1.21165068,VSGPDLDLNLK/2
630.84209057,2,737.324,1.20121362,HVYLVTELMR/2
779.89663691,2,737.324,1.23532159,ATSVALPGWSPSETR/2
553.31623154,2,737.324,1.20906572,VGASEAALFLK/2
616.81151029,2,738.068,1.21777009,ADVVESWIGEK/2
559.80992476,2,738.068,1.19759232,AMTILLEEAK/2
612.35896205,2,738.068,1.21672358,VLVEGPLNNLR/2
708.37808008,2,738.811,1.23200404,IANLQTDLSDGLR/2
653.35608498,2,738.811,1.22139309,ALEQFATVVEAK/2
538.75568085,2,738.811,1.21074556,DNLAEDIMR/2
750.88828057,2,738.811,1.22384197,NGPLPIPSEGSGFTK/2
518.76911419,2,738.811,1.20848656,DTDIQGFLK/2
524.24273223,2,738.811,1.20178094,DNFYFDVK/2
725.7968853,2,739.559,1.21521346,MTGSEFDFEEMK/2
678.37121213,2,739.559,1.21758915,MEPLNNLQVAVK/2
513.81332475,2,739.559,1.20259785,IDPSLGIIAK/2
551.31676289,2,739.559,1.20859271,GLSGTAVLDLR/2
653.35777042,2,739.559,1.21676823,LTVMSLQESGLK/2
529.30365551,2,739.559,1.21651156,NLGTALAELR/2
577.79218358,4,740.302,0.74945541,GQHVTGSPFQFTVGPLGEGGAHK/4
726.85559184,2,740.302,1.22912801,MWEVLESTTQTK/2
770.05381928,3,740.302,0.88142088,GQHVTGSPFQFTVGPLGEGGAHK/3
618.86354587,2,740.302,1.20646278,ALPLEAEVAPVK/2
677.86989088,2,740.302,1.22539102,AGIEGPLLASDVGR/2
412.91145607,3,740.302,0.84490175,ALPLEAEVAPVK/3
660.35503072,2,741.046,1.22361261,IMNTFSVVPSPK/2
751.86702224,2,741.046,1.23305249,ELNQVMEQLGDAR/2
624.83805943,4,741.046,0.75046542,IVSRPEELREDDVGTGAGLLEIK/4
532.77981624,2,741.046,1.21371776,FEAPLFNAR/2
594.81659566,2,741.046,1.20715465,AVNPFLADVDK/2
501.24167797,2,741.046,1.20540841,MNFESFVK/2
531.76805993,2,741.046,1.20177255,ELMWLNEK/2
565.28546274,2,741.789,1.20045525,EWPSNLDLR/2
807.39234991,2,741.789,1.24456715,MGPLGLDHMASSIER/2
515.78932672,2,741.789,1.20211484,IGLINDMVR/2
565.76859127,2,741.789,1.21071472,SLMDQYFAR/2
588.99999279,3,741.789,0.85783358,KGVNLPGAAVDLPAVSEK/3
493.77060263,2,741.789,1.19539117,EMVELPLR/2
830.36229257,2,741.789,1.23217754,WEEFDENYASLEK/2
703.32647026,2,742.533,1.21691628,TFSYAGFEMQPK/2
477.74299925,2,742.533,1.18997414,MFGMVLEK/2
403.54851777,3,742.533,0.85672102,DSGYLHLLYK/3
565.78509858,2,742.533,1.2146015,WGEPEPFLR/2
560.30586384,2,742.533,1.19861936,QVEEIFNLK/2
571.30200617,3,742.533,0.8738871,NYPPWQHTTLSVLR/3
770.85698044,2,743.277,1.23684753,WELNSGDGAFYGPK/2
604.81913843,2,743.277,1.22288967,DSGYLHLLYK/2
552.79715171,2,743.277,1.19717336,VIVPNMEFR/2
632.82528639,2,743.277,1.22402381,RAPFDLFENR/2
661.83297404,2,743.277,1.22853961,SQVEEELFSVR/2
745.72206965,3,744.02,0.89092848,AAVSALLEQHGLQGDVAFGHSK/3
600.30077847,2,744.02,1.20910773,TLLEEEYFR/2
683.3666497,2,744.764,1.22376326,IQDTIEITGTFK/2
645.86186889,2,745.507,1.21725157,RFEELTNLIR/2
677.83720211,2,746.251,1.22813427,GMGGLFSVGETTAK/2
702.36358405,2,746.994,1.21981412,ESGVDIAAGNMLVK/2
596.32204525,2,746.994,1.21566715,LGLTEDQFIR/2
743.38081969,2,747.738,1.22789365,GVVDSDDLPLNVSR/2
706.87464184,2,747.738,1.21094611,VVVVVPNEEDWK/2
661.359159,2,747.738,1.22607448,VLATAFDTTLGGR/2
701.85169809,2,747.738,1.23073556,DGVWNLQNEVTK/2
715.89610568,2,748.481,1.23672823,IDSLSAQLSQLQK/2
692.82697182,2,748.481,1.22899805,FYFHLGDAMQR/2
677.36731842,2,748.481,1.2342642,TILQHLSEAWR/2
724.38230816,2,748.481,1.23071413,TMLESAGGLIQTAR/2
695.41426859,2,749.225,1.22648167,AQLLVVGSPGPVPR/2
572.32967328,2,749.225,1.21756405,FSPAGPVLSIR/2
819.89649956,2,749.225,1.22822628,TDLDLDGYVSGQEVK/2
425.89413075,3,749.225,0.84847259,ELDTVTLEDIK/3
577.82442075,2,749.225,1.21685512,AQPLEDLAGLK/2
731.38844779,2,749.225,1.23219571,TLGEIPTYGLAGNR/2
638.3375579,2,749.968,1.21129531,ELDTVTLEDIK/2
510.3104179,2,749.968,1.18232063,SPVYLTVLK/2
750.88065252,2,749.968,1.24071389,DAGEGGLSLAIEGPSK/2
408.26053108,2,749.968,1.18524395,ALLFVPR/2
703.85498922,4,749.968,0.75541025,QNGIVLLLPHGMEGMGPEHSSARPER/4
710.85304919,2,750.712,1.22715607,DLLLNTMSQEEK/2
663.34043492,2,750.712,1.22137762,LAETVFNFQEK/2
557.31877423,2,750.712,1.22103413,FVNLGIEPPK/2
432.24728633,2,750.712,1.18895257,LDDLFLK/2
713.84113342,2,751.455,1.22684218,WNTTLYEGTWR/2
550.28713977,2,751.455,1.20530069,ELLTEFGYK/2
751.35816434,2,752.199,1.22618256,TTEMETIYDLGTK/2
761.36262695,2,752.199,1.23963177,AGTQIENIEEDFR/2
689.33430372,2,752.942,1.22942182,ESVLQMMQAGQR/2
756.87008784,2,752.942,1.21295234,QFAGYSEEVLDVR/2
561.79312061,2,752.942,1.21489871,TTFEDLIQR/2
700.82769172,2,753.686,1.23448311,YGGDEIPFSPYR/2
760.88319521,2,753.686,1.23552391,DAGYGGISLAVEGPSK/2
491.30820961,2,753.686,1.1962435,IPQLLLER/2
550.8191384,2,753.686,1.21742126,LDVTILSPSR/2
620.62721806,3,753.686,0.87221732,QDWEHAANDVSFATIR/3
623.3091348,2,753.686,1.21947622,EAAIWELEER/2
495.29255953,2,753.686,1.20484242,LLQAFLER/2
691.33040153,2,753.686,1.21211235,HSFFSTIDWNK/2
505.32033807,3,753.686,0.85930269,KLPQVEHVLPLLK/3
652.83330839,2,754.429,1.22199346,NNLAGAEELFAR/2
690.32752454,2,754.429,1.21773369,ISVYDYDTFTR/2
709.3697237,2,754.429,1.22752842,ILGPAESDEFLAR/2
705.32561298,2,755.173,1.21489081,MIDMGFEPDVQK/2
670.306366,2,755.173,1.2041725,EQLSDMMMINK/2
608.80910501,2,755.173,1.20863179,EHLELFWSR/2
637.34297764,2,755.173,1.21961086,NYPDPVSIIQK/2
406.2084955,3,755.173,0.8503385,EHLELFWSR/3
512.60323934,3,755.173,0.86277179,IEDANLIPPVPDDK/3
539.27182402,2,755.173,1.20582186,SPNDFALWK/2
548.32967331,2,755.173,1.21106265,VGQALELPLR/2
533.80190276,2,755.173,1.20023469,VLIFSQMTK/2
455.24114669,2,755.916,1.18373787,EELLFMK/2
587.8269634,2,755.916,1.21600987,EALGIPAAASFK/2
565.27096674,2,755.916,1.21857466,FFGNLMDASK/2
682.86576261,2,756.66,1.21192464,AFAMTNQILVEK/2
753.88299826,2,756.66,1.23560149,YLNIFGESQPNPK/2
734.33554649,2,756.66,1.23143781,VFEEDALSWEDK/2
574.30893785,2,756.66,1.2106868,EQLAIAEFAR/2
655.34466305,2,757.403,1.21583415,MIAILTENYGGK/2
609.31897959,2,757.403,1.22006284,DAGTIAGLNVMR/2
503.28440013,2,757.403,1.19866962,ILELDQFK/2
597.6379552,3,757.403,0.86272613,EITYMHSEGILAGELK/3
836.42417297,2,757.403,1.22182889,TMYPAPVTSSVYLSR/2
503.28440012,2,757.403,1.19628651,LIEIENFK/2
760.37669147,2,758.147,1.22393471,YSAEMPQLPQDLK/2
567.31368887,2,758.147,1.21679631,VDEAIALFQK/2
536.26784701,4,758.891,0.73844745,ERVEAVNMAEGIIHDTETK/4
668.35851447,3,758.891,0.87611676,HTIAVVWGGVNIPHSPYR/3
556.80295702,2,758.891,1.21372381,YEAIQLTFK/2
507.76637452,2,758.891,1.22105384,WNLDELPK/2
832.41668228,2,758.891,1.23103178,ALQHMTDFAIQFNK/2
553.27658345,2,759.634,1.20661969,DPNNLFMVR/2
559.32184826,2,759.634,1.21641435,VAEAAIQIFR/2
682.3406319,2,759.634,1.22874406,IAEEFEVELER/2
559.79734871,2,759.634,1.20855682,TLGGLEMELR/2
537.81894145,2,759.634,1.2012862,AQVQLQLFK/2
744.93028281,2,760.378,1.22038912,NQQPVLPAGLQVPK/2
750.87177325,2,760.378,1.2197504,IEGEMQVPDVDIR/2
429.91000373,3,760.378,0.85644395,SVLAETEGILQK/3
706.89082326,2,761.121,1.23207211,DGVLTLANNVTPAK/2
653.84483022,2,761.121,1.21691858,AADTIGYPVMIR/2
646.83330839,2,761.121,1.22359294,NNSFVNEIISR/2
644.36136736,2,761.121,1.22443878,SVLAETEGILQK/2
431.55796442,3,761.121,0.85647679,NNSFVNEIISR/3
667.29771282,2,761.121,1.22122135,TWFQEYMNSK/2
551.31279378,3,761.121,0.87111252,DQLRPTQLLQNVAR/3
751.33828619,2,761.121,1.22880463,SLEDLQDEYDFK/2
695.35608502,2,761.865,1.21779995,GYISPYFINTSK/2
540.26482715,2,761.865,1.20845588,MMLDDIVSR/2
646.37768617,2,761.865,1.23047913,LGLHQVLQDLR/2
563.81078202,2,761.865,1.19676958,VYVIGSFVDK/2
706.84387304,2,762.608,1.23388307,ASNTAEVFFDGVR/2
541.26928138,2,762.608,1.20401339,LTIYDWDR/2
669.38738513,2,762.608,1.21316254,VPEESVLPLVQK/2
816.9494008,2,762.608,1.2438334,GALTVGITNTVGSSISR/2
672.88534403,2,762.608,1.22093594,LLYPLGGQTNLR/2
576.30893786,3,762.608,0.86372404,IHTEPQLSAALEYVR/3
552.97377806,3,762.608,0.86162516,IPDHDPAPNVTVLLR/3
641.87751895,2,763.352,1.21710327,IDVVVNNAGILR/2
515.74400777,4,763.352,0.75099002,MDIDAPDVDVHGPDWHLK/4
428.25410479,3,763.352,0.85387514,IDVVVNNAGILR/3
531.28493143,2,763.352,1.21439873,IDPEAFITR/2
656.68981833,3,763.352,0.88489181,AAPEASSPPASPLQHLLPGK/3
583.32679623,2,764.095,1.21547759,FLSAIVSSVDK/2
714.35628195,2,764.095,1.2240369,EGFVEYTEQVVK/2
734.90954737,2,764.839,1.22852146,SSGLPNIPVQTISR/2
652.33175264,2,764.839,1.21486821,ADLEMQIENLK/2
751.36771233,2,764.839,1.23886874,EANELQQWINEK/2
571.28915953,2,764.839,1.20974936,YGIQMPAFSK/2
552.2975159,2,764.839,1.21296902,NLTLDQMIR/2
572.79292362,2,764.839,1.21072591,AINFNFGYAK/2
735.3889791,2,765.582,1.24254512,SSAQDPQAVLGALGR/2
741.37279771,2,765.582,1.23100025,AFYVNVLNEEQR/2
568.81025914,2,765.582,1.20933747,QFLTQLMQK/2
634.37206945,2,765.582,1.22949748,GPNSALVQQLIK/2
605.86133761,2,765.582,1.21655691,LTPLQLEIQR/2
462.74333362,2,765.582,1.18786988,FAIVMMGR/2
721.84353871,2,765.582,1.21274155,EYATEVDVDFVR/2
639.88207301,2,765.582,1.21239955,VLPPPAGYVPIR/2
602.340238,2,765.582,1.21668323,VILDLTPNYR/2
554.80549968,2,765.582,1.21100544,IFFAGDTIPK/2
553.29309081,2,765.582,1.2066972,FHLGLFTDR/2
718.85443778,2,766.326,1.22382525,ELILFSNSDNER/2
635.31283157,2,766.326,1.20402108,TPYTIMFGPDK/2
414.89820958,3,766.326,0.86020975,DAGQISGLNVLR/3
673.85116679,2,766.326,1.23652334,AFLAELEQNSPK/2
576.79345492,4,767.07,0.75142682,GQHVPGSPFQFTVGPLGEGGAHK/4
540.28459708,2,767.07,1.20525945,EDAVLEYLK/2
661.89316904,2,767.07,1.21736296,AIPNQGEILVIR/2
621.84367614,2,767.07,1.22665148,DAGQISGLNVLR/2
768.72218108,3,767.07,0.88239485,GQHVPGSPFQFTVGPLGEGGAHK/3
617.82990005,2,767.07,1.21567639,QTESLESLLSK/2
668.36698405,2,767.07,1.22548046,VASLDYLGTVAAR/2
408.54840629,3,767.813,0.84258219,EFGPVVIDYGK/3
889.95722582,2,767.813,1.2528918,GAPPSSNIEDFHGLLPK/2
484.25343431,2,767.813,1.20697165,SWSLATFR/2
752.86428255,2,768.557,1.21414342,NWVVTGADDMQIR/2
612.3189712,2,768.557,1.19963837,EFGPVVIDYGK/2
635.84809279,2,768.557,1.21533208,SLGAEPLEVDLK/2
548.63498534,3,768.557,0.87470184,ALYYLQIHPQELR/3
418.2409497,2,768.557,1.18954462,FTVPMLK/2
528.82623512,2,768.557,1.19829929,IPVSGPFLVK/2
710.87886999,2,768.557,1.22140529,YGIEPTMVVQGVK/2
411.72805812,4,768.557,0.74385797,ALYYLQIHPQELR/4
510.80804244,2,768.557,1.19917886,LYELIITR/2
684.60823693,4,768.557,0.75312914,AQIQQFHSQIAAQTSASVLAEELHK/4
713.35407362,2,769.3,1.23131105,ALDQFVNFSEQK/2
611.29262746,2,769.3,1.23123327,DITEEIMSGAR/2
565.81385606,2,769.3,1.21154186,IFEPILGEGR/2
584.61297547,3,769.3,0.86997235,RVFITDDFHDMMPK/3
736.39118746,2,770.044,1.22977111,ENLLEEQGSIALR/2
631.36117038,2,770.044,1.21752623,VFASELNAGIIK/2
502.30038455,2,770.788,1.21353615,LGGIGQFLAK/2
404.95894322,4,770.788,0.73719047,GGVNDNFQGVLQNVR/4
705.86681686,2,770.788,1.22471367,IEYVTVTPEGFR/2
808.91060998,2,771.531,1.24631559,GGVNDNFQGVLQNVR/2
432.59423847,3,771.531,0.85490295,VALSPAGVQNLVK/3
667.59078416,4,772.275,0.76555146,HFLLEEDKPEEPTAHAFVSTLTR/4
656.80147695,2,772.275,1.23163282,DYAFIHFDER/2
648.38771948,2,772.275,1.2222949,VALSPAGVQNLVK/2
753.37943113,2,772.275,1.23295054,AIESMEQQLSELK/2
600.30676279,3,772.275,0.88606093,DLLPYGFAIHHAGMTR/3
412.21906019,3,772.275,0.85986404,AQALEELTGFR/3
672.30213788,2,773.019,1.22389057,LSEFDVEMSMR/2
699.85592622,2,773.019,1.22345508,SQMDGLIPGVEPR/2
407.96770525,4,773.019,0.73208982,GAGIGGLGITVEGPSESK/4
621.65953037,3,773.019,0.86810988,KTESAVSQMQSVIELGR/3
750.8988453,2,773.019,1.23955368,LSAQAQVAEDILDK/2
798.91209004,2,773.019,1.24223296,GLSWQPPPYTPTPR/2
594.82716042,2,773.762,1.21901719,IDTIEIITDR/2
606.3407693,2,773.762,1.22763758,NGIDILVGTPGR/2
726.85559188,2,774.506,1.21873317,EMLNLYIENEGK/2
510.6226339,3,774.506,0.87753895,LESALTELEQLRK/3
573.28493139,2,774.506,1.20740469,TGFFEFQAAK/2
892.46656908,2,774.506,1.2268464,ATVPLQSNVIEAAPDMK/2
706.55889241,4,775.249,0.76575309,FEDEEAQAVYWHSSAHIMGEAMER/4
670.36533468,3,775.249,0.87237999,VNVHGIFSVSSASLVEVHK/3
559.28915951,2,775.992,1.19988679,DHDVMLFLK/2
630.3353755,3,775.992,0.87010663,NNEFIVIHNGIITNYK/3
582.81659569,2,776.736,1.22188916,FTISEAVLER/2
565.7811673,2,776.736,1.19519191,GIYFADMVSK/2
821.88900887,2,776.736,1.23364188,LQDSFASETNLDFR/2
637.33040158,2,777.479,1.22787831,LGVDLDAQTWR/2
607.83003744,2,777.479,1.21635491,AQNDLIWNIK/2
496.24455502,2,777.479,1.20008235,APMFSWPR/2
640.88226996,2,777.479,1.20798264,HDVIVTIITAAK/2
804.93388814,2,777.479,1.23183842,GNGQPVQLQVVWQR/2
405.55578378,3,777.479,0.85034001,AQNDLIWNIK/3
507.81894147,2,778.223,1.20803758,SLILTALQR/2
582.77627889,2,778.223,1.22029506,DGETLEELMK/2
821.92044639,2,778.223,1.22594428,DHYIPNTLNPVFGR/2
622.35387667,2,778.223,1.22614124,SVGDVALSQIVR/2
529.79566332,2,778.223,1.22027835,ESLEALLQR/2
506.31349192,2,778.223,1.21443411,SGPGLIGLGIK/2
598.33769528,2,778.223,1.20838952,ASLLDPVPEVR/2
702.89197738,2,778.966,1.21579166,VLLTTQGVDMISK/2
638.82630312,2,778.966,1.21529821,TDLEMQIEGLK/2
426.2199609,3,778.966,0.84915624,TDLEMQIEGLK/3
586.9755129,3,778.966,0.8663007,VSVGAPDLSLEASEGSIK/3
808.35382861,3,778.966,0.88592456,SEGGLGGNWYAMDNSGEHVTWR/3
642.82389778,2,779.71,1.21658967,QTVMFSATFPR/2
583.81385604,2,779.71,1.20245038,AVFVPDIYSR/2
695.67713816,3,779.71,0.86847365,ATESGAQSAPLPMEGVDISPK/3
610.80274828,4,780.453,0.75402221,VSGQGLHEGHTFEPAEFIIDTR/4
710.83360519,2,780.453,1.21936427,VMASMFYEVSTR/2
685.88554098,2,780.453,1.22830598,LALPQSDASLLSR/2
731.8150781,2,780.453,1.22275656,MLDEYFEEQMK/2
625.29209611,2,780.453,1.21486938,ADIEMPFDPSK/2
564.8116477,2,781.197,1.22246093,VADIGLAAWGR/2
579.32425357,2,781.197,1.21180097,ALDEGDIALLK/2
673.35354226,2,781.197,1.21027963,EVVADSVWVDVK/2
818.38577605,2,781.197,1.24466832,DSEDMGVVVSLGTGNR/2
598.79936844,2,781.197,1.23258792,FGMAAALAGTMR/2
580.35027134,2,781.197,1.21069372,VESLLVTAISK/2
512.76786296,2,781.197,1.20095973,QMFLATWK/2
517.7745339,2,781.197,1.21125603,FPTLWSGAR/2
492.73728271,2,781.197,1.20949894,DFFDAEIK/2
452.7969464,2,781.197,1.18795463,YVVGLIIK/2
593.85572086,2,781.94,1.21194587,VLELVSITANK/2
604.3740808,2,781.94,1.22590772,VLQVSIGPGLPK/2
634.33938069,2,781.94,1.22314938,ISMPDVDLHLK/2
610.32118794,2,781.94,1.21395292,QANDLVSTLMK/2
658.87464193,2,782.684,1.21932809,TSIAIDTIINQK/2
611.63901219,3,782.684,0.86622362,VVVAENFDEIVNNENK/3
512.25204569,2,782.684,1.200929,WPVSMFEK/2
486.01449247,4,782.684,0.74159016,LPDNKVIASELGSMPELK/4
413.27584682,2,782.684,1.17201297,LPELLLK/2
662.3342953,2,783.427,1.21651324,SIAPSIFGGTDMK/2
402.70408564,4,783.427,0.73741513,VLGTSVESIMATEDR/4
403.25181269,3,783.427,0.85736356,VLQVSIGPGLPK/3
555.81332476,2,783.427,1.20442423,LQYEGIFIK/2
635.81933532,2,784.171,1.22507735,EFSPFGSITSAK/2
587.35314841,2,784.171,1.21094856,LYLINSPVVR/2
553.81385603,2,784.171,1.20881679,NFALLGVGTSK/2
486.29784187,2,784.171,1.21328117,IGIGELITR/2
682.35882465,2,784.171,1.22043077,VSQTPESLDFLK/2
683.35407365,2,784.914,1.23376633,DLGTESQIFISR/2
538.80295701,2,784.914,1.20591165,ALQFLEEVK/2
621.85625219,2,785.659,1.22522407,ADLINNLGTIAK/2
694.88520658,2,785.659,1.21951906,TVELLSGVVDQTK/2
414.90659362,3,785.659,0.85618895,ADLINNLGTIAK/3
627.80368525,2,785.659,1.22165102,AITGFDDPFSGK/2
743.40462919,2,785.659,1.23879736,EAGNINQSLLTLGR/2
693.33280689,2,786.402,1.22773613,SYNDELQFLEK/2
595.80791339,2,786.402,1.21491986,EIGNIISDAMK/2
441.77400262,2,786.402,1.19202212,LPLDVLGR/2
647.33766759,3,786.402,0.87644092,QQQFNVQALVAVGDHASK/3
591.30021945,3,786.402,0.86824766,SVTDSIRDEYAFLQK/3
723.4015552,2,787.146,1.22974419,QLLTLSSELSQAR/2
556.29275646,2,787.146,1.21426036,GAYDIFLNAK/2
738.37246336,2,787.146,1.23117213,EAPEELLAYEGVR/2
565.31623154,2,787.146,1.20814308,WVGVILDEAK/2
401.22515774,3,787.146,0.84735063,IQLINNMLDK/3
404.47754586,4,787.146,0.72980335,VADKIQLINNMLDK/4
708.86447114,2,787.889,1.23072282,EDDVGTGAGLLEIK/2
512.2808032,2,787.889,1.20165281,LEMYNILK/2
506.82369245,2,787.889,1.19836949,VAAAVDLIIK/2
601.33409838,2,787.889,1.2124012,IQLINNMLDK/2
662.31115458,2,788.633,1.21710428,NMITQYWPDR/2
602.3257115,3,788.633,0.87060524,APMVNPTLGVHEADLLK/3
467.2920282,2,788.633,1.1942463,AYILNLVK/2
565.83766548,2,788.633,1.21268693,FQAVVALAVGR/2
826.73912579,3,789.376,0.87988209,VIPATDLSEQISTAGTEASGTGNMK/3
846.91671205,2,789.376,1.24150723,LTITSNPEMTFPGER/2
555.80074868,2,789.376,1.20644695,FGAYIVDGLR/2
747.36324972,2,789.376,1.22733771,VEEINPEYMLEK/2
406.25566863,3,789.376,0.85260809,NPIHAIGLLIR/3
564.84040516,2,789.376,1.21242187,SLAVSGLGVIGR/2
599.33495562,2,789.376,1.23503656,FELTGIPPAPR/2
673.36477569,2,790.12,1.22987114,VGGNIEVLGFNAR/2
548.7707996,2,790.12,1.20388255,DNAMLEYLK/2
441.27838949,2,790.12,1.1798136,IVVLFYK/2
576.81860706,2,790.12,1.20415237,EVTFVPGLYK/2
724.302235,2,790.12,1.24080967,DDSFDSLDSFGSR/2
523.79566329,2,790.12,1.21446752,SSVLESLVGR/2
762.73034224,3,790.12,0.86699638,YTPVQQGPVGVNVTYGGDPIPK/3
502.77588498,2,790.12,1.20536278,NDALSMIIK/2
660.82683443,2,790.863,1.22776597,EDIQSVMTEIR/2
529.80497676,2,790.863,1.20461304,AAGVVLEMIR/2
581.32933895,2,790.863,1.22051416,LSQILTDFPK/2
594.34375955,3,790.863,0.85723838,TELLQRPGIEDVAVLK/3
515.31315755,2,790.863,1.20216964,ISEVVELLK/2
642.82716035,2,791.608,1.22668607,EFSPFGTITSAK/2
625.84823022,2,791.608,1.22209373,ILPQYIFNSR/2
570.31402323,2,791.608,1.21761084,LNLGTVGFYR/2
428.88719906,3,791.608,0.85912629,EFSPFGTITSAK/3
652.33736933,2,791.608,1.22250091,GVIDMGNSLIER/2
682.84005906,4,791.608,0.74285626,TDDEVVQREEEAIQLDGLNASQIR/4
715.86734817,2,792.352,1.23496393,GGSWIQEINVAEK/2
729.8608742,2,792.352,1.22038284,VEGDMQVPDLDIK/2
757.87791286,2,792.352,1.22527476,APDVEGQGLDWSLK/2
550.26175311,2,792.352,1.20376495,MIFDVESMK/2
587.83426554,2,792.352,1.22407433,MLSALLTGVNR/2
659.82102075,2,792.352,1.22041399,STGSFVGELMYK/2
715.35153092,2,793.095,1.23483087,SEAVVEYVFSGSR/2
592.83733112,2,793.095,1.20987861,AIEAVAISPWK/2
708.38009141,2,793.095,1.23835452,AVEDIHGLFSLSK/2
561.79681738,2,793.095,1.20166376,IMFEVQDLK/2
614.81405302,2,793.839,1.21346651,VYSLFLDESR/2
564.3265993,2,793.839,1.2114994,QIFIGPPDIK/2
546.81860711,2,793.839,1.19736433,NTLIIYLDK/2
542.34224936,2,794.582,1.20004015,ALTLIAGSPLK/2
585.81693004,2,794.582,1.20775349,NPGLWLESVR/2
581.82134671,2,794.582,1.21809876,VLTIDPTEFK/2
541.3420524,2,794.582,1.19468671,THILLFLPK/2
703.86173145,2,795.326,1.22414358,GNPTVEVDLFTSK/2
701.32531615,2,795.326,1.23639112,DTPDEPWAFPAR/2
579.61279751,3,795.326,0.86509199,FHDLLSQLDDQYSR/3
688.85813457,2,795.326,1.22390548,MLNGLEDSIGLSK/2
563.31989787,3,795.326,0.86446342,YTIIIPENLKPQMK/3
594.34278065,2,796.069,1.21974003,SILFVPTSAPR/2
555.82950611,2,796.069,1.21870782,DSILSIVHVK/2
613.83565413,2,796.813,1.2357027,DGLAFNALIHR/2
611.3035181,2,796.813,1.21307018,TTDLLTDWEK/2
616.29074508,2,796.813,1.22630167,FFIGQFSDDR/2
450.58301068,3,796.813,0.85043902,TLTIVDTGIGMTK/3
666.86153452,2,796.813,1.226926,DINTFLGTPVQK/2
450.58301068,3,796.813,0.85125941,TLTLVDTGIGMTK/3
727.34096628,2,796.813,1.2412316,LDSSAQFGYYFR/2
595.8426135,2,796.813,1.21817747,LLFNDVQTLK/2
407.87143755,3,796.813,0.84753244,TTDLLTDWEK/3
563.31877423,2,796.813,1.20663667,ALGYFAVVTGK/2
411.19625554,3,796.813,0.85854778,FFIGQFSDDR/3
511.955613,3,796.813,0.87482305,VESLQEEIAFLKK/3
519.8315175,2,797.556,1.19646919,GTPLISPLIK/2
669.8618689,2,797.556,1.23102058,LGASLAFNNIYR/2
681.85030951,2,797.556,1.22433303,MSVDAVEIETLR/2
650.38517683,2,798.3,1.22246153,VTLVQTLEIQR/2
651.83805943,2,798.3,1.21722273,GLFLPEDENLR/2
624.34772865,2,799.043,1.21084101,YSLEPVAVELK/2
683.34845692,2,799.043,1.22467141,ALADDDFLTVTGK/2
416.56757792,3,799.043,0.84596791,YSLEPVAVELK/3
626.80642494,2,799.787,1.22865098,EDFDSLLQSAK/2
775.39353316,2,799.787,1.24776061,FAEFQYLQPGPPR/2
644.30055381,3,799.787,0.88299174,FNFLNPNDPYHAYYR/3
658.86969394,2,799.787,1.2240164,GIVNEQFLLQR/2
482.29731054,2,799.787,1.19306329,TTQLLFLK/2
802.37962803,2,800.53,1.22532539,GDVDVSLPEVEGEMK/2
579.27773756,2,800.53,1.21056387,MSIYQAMWK/2
590.33462126,2,800.53,1.21671854,EASAVLFTITK/2
557.82134676,2,800.53,1.19902437,EQIIELELK/2
718.84882107,2,801.274,1.23428917,EEAQSLEDLAGFK/2
594.84040517,2,801.274,1.20312157,QIDQFLVVAR/2
848.07472578,3,802.017,0.88857965,SLYQSAGVAPESFEYIEAHGTGTK/3
636.30786345,4,802.017,0.75375523,SLYQSAGVAPESFEYIEAHGTGTK/4
815.06383231,3,802.017,0.87655027,ATLVESSTSGFTPGGGGSSVSMIASR/3
637.27783464,2,802.017,1.22421579,SDSAFFWEER/2
541.28747412,2,802.017,1.21848659,LLQDFFNGK/2
536.25891362,2,802.017,1.21359517,TSFLDDAFR/2
741.6793188,3,802.017,0.89029116,SESQEEMLQVFNVETHTSK/3
611.54969335,4,802.017,0.74494341,ATLVESSTSGFTPGGGGSSVSMIASR/4
618.81458434,2,802.017,1.23839231,FSIEEALQSGR/2
636.32953593,2,802.761,1.21716309,DYELQLVTYK/2
614.78529552,2,802.761,1.21667666,EFSFEAWNAK/2
579.34806302,2,802.761,1.21443242,SNLGSVVLQLK/2
586.83531981,2,802.761,1.21210065,QLSDAISIIGR/2
713.40664056,2,802.761,1.23804946,VLSGDLGQLPTGIR/2
479.29001684,2,802.761,1.20695434,IDLTLLNR/2
410.1926225,3,802.761,0.85287139,EFSFEAWNAK/3
680.86629394,2,802.761,1.22034489,SNLMVATGDLAIR/2
603.30774623,2,802.761,1.21093468,QLEELLSDMK/2
611.32425916,3,802.761,0.86990707,KTQEQLALEMAELTAR/3
647.80675926,2,803.504,1.23113513,DGTLFAWGNGEK/2
707.88246696,2,803.504,1.23799106,VDGEIILHLYDK/2
424.55544944,3,803.504,0.85245425,DYELQLVTYK/3
816.91502666,2,804.248,1.24644812,SSALQWLTPEQTSGK/2
553.79173201,2,804.248,1.21407167,ALDDMISTLK/2
528.81365913,2,804.248,1.20625431,YPQLLPGIR/2
611.82495206,2,804.248,1.21825313,QSVLEGLSFSR/2
580.83733117,2,804.248,1.21801488,IYVISLAEPR/2
613.36117039,2,804.248,1.2106694,TPLENLVLQAK/2
432.20693166,3,804.248,0.86040621,DGTLFAWGNGEK/3
653.33789224,2,804.992,1.22370601,EQADFAIEALAK/2
592.32713055,2,804.992,1.21412318,VTFVNFTVTR/2
645.84862414,2,805.735,1.21439108,ATISLSDSDLLR/2
704.60816821,4,805.735,0.75175797,ENPSATLEDLEKPGVDEEPQHVLLR/4
696.35695064,2,806.479,1.24908527,DGFGAVLFSSHVR/2
582.79840294,2,806.479,1.22525025,LTAEDLFEAR/2
798.73252846,3,806.479,0.87862964,NGNHVANSPVSIMVVQSEIGDAR/3
500.28473444,2,806.479,1.20902261,GDLPFVVPR/2
573.79186937,2,806.479,1.21716496,WMPGITQWK/2
587.80877065,2,806.479,1.21520071,ENSDVIALWK/2
599.30121546,4,806.479,0.74329902,NGNHVANSPVSIMVVQSEIGDAR/4
709.83297404,2,807.222,1.22538056,NAVEEYVYEFR/2
634.32118793,2,807.222,1.21737471,MTDVFEGSIIR/2
515.80021737,2,807.966,1.20637405,FQPLLDGLK/2
794.42248757,2,807.966,1.23154738,GPQEVAVYVQELQK/2
860.96706225,2,807.966,1.24386749,FTISDHPQPIDPLLK/2
615.30279821,2,808.71,1.22943938,ISEQFTAMFR/2
761.33588087,2,808.71,1.2383858,VFDYSEYWEGAR/2
593.83191143,2,808.71,1.21204488,VDDLLIIEEK/2
410.5376243,3,808.71,0.8612462,ISEQFTAMFR/3
646.3356839,2,808.71,1.22863681,NFSGAELEGLVR/2
406.95707186,4,809.453,0.73285833,VVSEDFLQDVSASTK/4
846.95636013,2,809.453,1.22588547,DVPPLSETEATPVPIK/2
557.53929167,4,809.453,0.75154049,VSIVNHLEFLRDEELEER/4
718.11462342,4,810.196,0.7599609,FVIHPESNNLIIIETDHNAYTEATK/4
672.8720992,2,810.196,1.22027737,TSAQVVLDGLVDK/2
652.36645277,2,810.196,1.19575717,QQVLPLDSIYK/2
574.24749163,2,810.94,1.20588672,AFPMPGFDEH/2
506.31910861,2,810.94,1.21172469,LNVLANVIR/2
604.33207861,2,810.94,1.21271559,LYLVDLAGSEK/2
602.34955144,2,810.94,1.22240712,IAVMELFRPK/2
408.69515226,4,810.94,0.72725762,FLQEFYQDDELGK/4
553.79936006,2,811.684,1.21298883,MPFLSISSPK/2
576.7823298,2,811.684,1.2077216,MALLMAEMSR/2
736.37342888,2,811.684,1.225855,VLGMDPLPQMSQR/2
544.75865217,4,811.684,0.75484227,VFSWLQQEGHLSEEEMAR/4
451.28948551,2,811.684,1.19609815,SSIAGLLLK/2
642.3715381,2,812.427,1.22079853,IVPGQFLAVDPK/2
739.87229615,2,812.427,1.23568182,NSETFPTILEEAK/2
652.34994536,2,812.427,1.22098038,EEAISNMVVALK/2
446.26293639,2,812.427,1.19046905,LFELLEK/2
543.81131336,2,812.427,1.21656299,DLASVNNLLK/2
424.76564626,2,813.171,1.18711184,GILLFGTK/2
475.25309998,2,813.171,1.21773227,DIFDQLAK/2
915.468292,2,813.171,1.25053709,ANSFTVSSVAAPSWLHR/2
675.37087778,2,813.915,1.21554207,TLTIVDTGIGMTK/2
675.37087778,2,813.915,1.21702485,TLTLVDTGIGMTK/2
757.39646977,2,813.915,1.23220109,GVVDSEDLPLNISR/2
757.39646977,2,813.915,1.23219211,GVVDSEDIPLNLSR/2
601.78724663,4,813.915,0.74901931,ILQEYVEHQVDDAMMANAAQK/4
632.86661993,2,813.915,1.20728868,HLLGVEDLLQK/2
759.3976239,2,813.915,1.23748185,IIDETMAQLQDLK/2
571.83204878,2,813.915,1.22487912,GVLLFGPPGTGK/2
531.30312418,2,813.915,1.20911043,GTLSGWILSK/2
554.77967886,2,813.915,1.22038138,ENILEEFSK/2
571.83204883,2,813.915,1.22112718,LLDYVPIGPR/2
497.73507437,2,813.915,1.21805264,GWDDLFNK/2
493.25871668,2,813.915,1.20737481,EGWPLDIR/2
564.79153503,2,813.915,1.20309837,NFDMVIVYK/2
555.29054813,2,814.658,1.22425372,LLQDFFNGR/2
565.344989,2,814.658,1.20285458,AGIISTVEVLK/2
525.28493141,2,814.658,1.21891872,DLFNAIATGK/2
780.89121723,2,815.401,1.24320492,DSALETLQGQLEEK/2
513.78456734,2,815.401,1.20493495,YLELLGYR/2
664.31187444,2,815.401,1.22995749,ADTEEEFLAFR/2
802.04723669,3,815.401,0.88548843,ILQEYVEHQVDDAMMANAAQK/3
647.83752809,2,815.401,1.22679993,IAEESNFPFIK/2
655.83667082,2,816.146,1.21820622,VMLESFIDTQK/2
544.79407773,2,816.146,1.21023208,FQMIPLDPK/2
902.47036298,2,816.146,1.24668607,SEDTTGPITGLALTSVNK/2
777.64026532,4,816.146,0.76061575,APVIRPGGTLGLSEAADSDAHLFQDSTEPR/4
713.88246693,2,816.889,1.22424197,LGSTVFVANLDYK/2
424.69668922,4,816.889,0.74085675,GFGFVTFDDHDPVDK/4
682.84756984,2,816.889,1.22261878,INPSSMFDVQVK/2
529.6264898,3,816.889,0.8745679,TSPHGILDILVHER/3
553.78285271,2,817.632,1.20880633,MMGLEVLGEK/2
552.8242238,2,817.632,1.21190186,YGLIGLNGIGK/2
686.35810474,2,817.632,1.22155093,LPGGNEIGMVAWK/2
747.40597007,3,818.376,0.88346144,GYSLVSGGTDNHLVLVDLRPK/3
713.88976904,2,818.376,1.23014574,SLLVNPEGPTLMR/2
526.26568444,2,818.376,1.21805199,MDELQLFR/2
560.80629667,4,818.376,0.74868416,GYSLVSGGTDNHLVLVDLRPK/4
591.80074865,2,818.376,1.21042828,APDFVFYAPR/2
557.82696344,2,819.119,1.22392051,SLLQALNEVK/2
651.35309478,3,819.119,0.87604736,ALQAAIQQLAEAQPEATAK/3
552.9215196,3,819.119,0.87102581,AGFDSDYDQALADIR/3
597.32099093,2,819.863,1.20708668,EVFSMAGVVVR/2
616.31557124,2,819.863,1.21083897,DIEAMDPSILK/2
455.25564269,2,819.863,1.19339706,IDHILDAL/2
565.81554147,2,819.863,1.21831717,LMDEAVLALR/2
593.81242171,4,819.863,0.74732438,HLIMAVRGQFSTDELVAEVEK/4
699.37480912,2,819.863,1.22825034,FQADGTYTLIIR/2
661.38104849,2,819.863,1.20966725,EVPMVVVPPVGAK/2
775.88847757,2,820.606,1.23887075,DAGYGGLSLSIEGPSK/2
579.33749833,2,820.606,1.2225108,FSPAGPILSIR/2
615.82356343,2,821.35,1.20905101,VSMPDVDLNLK/2
415.26835613,2,821.35,1.19101156,ALLFIPR/2
680.33260994,2,821.35,1.21846399,LTLWYYSEER/2
559.83406015,2,822.093,1.21046391,VVYIFGPPVK/2
808.85242637,2,822.093,1.25164329,GTDDFDFAGSFQGPR/2
602.30145453,3,822.093,0.88878639,LGTQEYLQQLESHMK/3
538.79138662,4,822.093,0.7502948,VEPFLPGHYEVLDLKPNGK/4
734.91155873,2,822.093,1.23304625,LINNNPEIFGPLK/2
629.83551676,2,822.093,1.23006232,LQDIVSALEDR/2
800.39666673,2,822.093,1.23780487,GEIDASVPELEGDLR/2
651.37480911,2,822.836,1.23142141,ALTSEIALLQSR/2
672.87972727,2,822.836,1.21195888,SPAFVQLAPLSSK/2
601.82610615,2,822.836,1.21253571,VLLMELEEAR/2
668.85011255,2,822.836,1.22703462,QSMAFSILNTPK/2
650.85899188,2,822.836,1.22397596,DLLQADQLGSLK/2
613.83003745,2,823.58,1.22539817,YNSQLLSFVR/2
409.55578379,3,823.58,0.85831232,YNSQLLSFVR/3
701.37721439,2,823.58,1.22361367,SSLEGPTILDIEK/2
572.27710638,2,823.58,1.21303645,SYWLDNFAK/2
676.87137932,2,823.58,1.22244308,MVVPGLDGAQIPR/2
530.78235893,2,823.58,1.21448671,SPTWFGIPR/2
412.22534822,4,823.58,0.73318076,VINEPTAAALAYGLDK/4
691.359159,2,823.58,1.22949651,ESAWSPPPIEIR/2
627.81468419,2,823.58,1.2109374,EAMMGLAQIYK/2
627.81468419,2,823.58,1.21382879,EAMMGLAQLYK/2
415.72926074,4,823.58,0.73410378,IINEPTAAAIAYGLDK/4
676.84195315,2,824.323,1.21390665,TEMENEFVLIK/2
564.77514494,4,824.323,0.76064004,IMGLDLPDGGHLTHGYMSDVK/4
513.81894147,2,824.323,1.20932744,IQDIVGILR/2
422.76818895,2,824.323,1.18922072,GPFLLGIK/2
630.84703851,2,825.067,1.21573809,AAMEALVVEVTK/2
521.81639875,2,825.067,1.20820737,ELNLVLSVR/2
568.80295701,2,825.067,1.2215211,IYGISFPDPK/2
493.81586742,2,825.067,1.20526336,GLVASLISVK/2
715.8690336,2,825.067,1.22939951,GLNVDQLNMLGEK/2
552.26683851,2,825.067,1.20204084,YAMMFAELK/2
531.78456729,2,825.067,1.21325168,WPGDILAYK/2
715.86173145,2,825.067,1.2248181,AEVTLDGVWPTDK/2
638.57479975,4,825.067,0.74757653,ADIEISGPKVDIDAPDVSIEGPDAK/4
721.82208339,2,825.81,1.23077735,SGDWMIDYVSNR/2
654.83446252,2,825.81,1.22509823,LALDMEINAYR/2
645.34773707,2,825.81,1.22028708,VLQLMNLTDSR/2
672.85390645,2,825.81,1.22759607,AADISLDNLVEGK/2
664.88025863,2,826.554,1.22813545,SNTLPISLQSIR/2
754.08975901,3,826.554,0.88075321,LSAEAEKVLALPEPSPAAPTLR/3
537.30874091,2,826.554,1.21357885,SLLAWQSLR/2
693.84300747,2,826.554,1.2212614,EDYYDIQLSIK/2
540.77165684,2,827.297,1.21253778,APFDLFENK/2
793.38574208,4,827.297,0.75627208,EMEPLGWIHTQPNESPQLSPQDVTTHAK/4
672.85390648,2,827.297,1.22243732,SEISLLPSDIDR/2
561.33188166,2,827.297,1.20930131,NILLTIGSYK/2
565.81913838,4,827.297,0.75029391,LSAEAEKVLALPEPSPAAPTLR/4
445.75835255,2,828.042,1.20356187,LDFNLIR/2
564.80771642,2,828.042,1.20754177,EMAIPVLEAR/2
883.45398467,2,828.042,1.23236224,EQYGLGPYEAVTPLTK/2
480.74491081,2,828.042,1.19606463,QFLDYFK/2
496.25490262,4,828.042,0.74136248,TVTNAVVTVPAYFNDSQR/4
776.38547643,4,828.042,0.76652617,LQESPEDMPAGQTPHTVILFAHNDLVDK/4
628.67394538,3,828.786,0.87055539,GLQAQIASSGLTVEVDAPK/3
748.34030591,2,828.786,1.22091204,GLVVDMDGFEEER/2
622.83138847,2,829.529,1.21062557,VSMPDVELNLK/2
592.85351257,2,829.529,1.22557344,LNDTIQLLVR/2
614.35843071,2,829.529,1.2161094,SGPIFIVVPNGK/2
745.3819738,2,830.272,1.23626603,ISMQDVDLSLGSPK/2
689.33957764,2,831.016,1.21792123,ESMLVEWEQVK/2
593.79258927,2,831.016,1.21870883,LYGEFADPFK/2
654.83277704,2,831.759,1.22483355,DSVVAGFQWATK/2
523.25871664,2,831.759,1.20694572,GFGFVSFER/2
621.34043495,2,831.759,1.22492774,ELGLPEELVSR/2
492.73728271,2,831.759,1.21158712,DEFEGLFK/2
640.36083606,2,831.759,1.20975703,IVLLDSSLEYK/2
732.04789426,3,831.759,0.88643947,IYNSIYIGSQDALIAHYPR/3
663.85793758,2,831.759,1.24098602,DEAMVLHLTLGK/2
685.88193561,2,831.759,1.21402249,VDTLPYVPEPIK/2
702.87771592,2,831.759,1.23298912,GFVLQDTVEQLR/2
646.34826,2,831.759,1.21502185,LIVAYVDDLDR/2
611.3293389,2,831.759,1.207022,LTPVPDSFFAK/2
427.24298286,3,831.759,0.84586202,IVLLDSSLEYK/3
582.3140232,2,832.503,1.2234394,FGEPVLAGFAR/2
549.28773981,4,832.503,0.75375189,IYNSIYIGSQDALIAHYPR/4
579.85826357,2,833.246,1.21245076,GIIASSVGTILK/2
708.8615345,2,833.246,1.22612501,GTAYTFFTPGNLK/2
585.32799802,3,833.246,0.8663549,VDQIQEIVTGNPTVIK/3
679.34096622,3,833.991,0.86374668,NHTLALTETGSVFAFGENK/3
710.37754871,2,833.991,1.23388057,AVNTLNEALEFAK/2
558.33716395,2,833.991,1.21558512,SEGVVAVLLTK/2
802.03031224,3,833.991,0.88398971,TATVGGAMMGSTHIYDMSTVMSR/3
631.29209617,2,833.991,1.22106353,DSDYYNMLLK/2
628.31089558,3,833.991,0.86751677,LEQELFSGGNTGINFEK/3
549.77693919,2,833.991,1.21203013,VNLFTDFDK/2
951.93381026,2,833.991,1.24322237,LDPFESSDPFSSSSVSSK/2
595.32353366,2,833.991,1.2148176,LWTMPISSVR/2
643.85486358,2,834.733,1.21589497,AMLESIGVPLEK/2
577.80329134,2,834.733,1.21924918,YAFVNWINK/2
606.80603101,2,834.733,1.22959621,FYALDPSFPR/2
609.85826359,2,834.733,1.22419147,LLALNSLYSPK/2
429.57233454,3,834.733,0.85185756,AMLESIGVPLEK/3
407.26696753,2,834.733,1.18478597,LMVPLLK/2
603.34806302,2,835.477,1.22913829,FATEAAITILR/2
725.39607582,2,835.477,1.24230096,SLGPPGPPFNITPR/2
510.7627776,2,835.477,1.20330601,DMSIIQWK/2
584.53204368,4,835.477,0.75315714,VAMSHFEPNEYIHYDLLEK/4
632.80642493,2,836.22,1.22700903,EDIANLADEFK/2
517.27297813,2,836.22,1.20059717,VWDMLLEK/2
608.29698456,2,836.22,1.21459998,LYQEMFAWK/2
585.29549615,2,836.964,1.21455085,DQIYDIFQK/2
707.35777043,2,836.964,1.21597851,FQIMNEIVYEK/2
489.76075783,2,836.964,1.19506987,DVDFELIK/2
667.83139689,2,836.964,1.23308349,NLMAQLQETMR/2
711.35099961,2,836.964,1.22459579,NYAFEIPDVPEK/2
590.81774977,2,836.964,1.20644926,VEAFLITMEK/2
742.87824722,2,837.708,1.23704639,GVGQADWTPDLGLR/2
683.90627637,2,837.708,1.22710465,LGGIPVGVVAVETR/2
620.8610032,2,837.708,1.22290243,LDADLLVPASVK/2
751.87959828,2,838.451,1.22898041,MINLSVPDTIDER/2
704.89336601,2,838.451,1.25031809,EDTLLLIGHLER/2
539.31877426,2,838.451,1.21193845,AFSITQGLLK/2
816.41740216,2,839.195,1.24592795,FDSEPSAVALELPTR/2
659.87751898,2,839.195,1.21757878,LDPHLVLDQLR/2
618.35334538,2,839.195,1.21308187,KYDTVLDILR/2
603.30606079,2,839.195,1.22558575,DVDETISWIK/2
526.28387716,2,839.195,1.20070724,TFVLEVMGR/2
725.88045558,2,839.195,1.23433026,SQNFDILQSAISK/2
561.30178324,3,839.195,0.86296593,TPVEEVPAAIAPFQGR/3
555.30530485,3,839.195,0.88152098,LDAGNQLALIEELHK/3
523.26928137,4,839.195,0.74055115,APEVSQHVYQAYETILKN/4
560.29698454,2,839.938,1.21043577,MNEVISLWK/2
509.74765043,2,839.938,1.20431692,DVFEAFYK/2
553.79936009,2,839.938,1.19989465,YMLPLDNLK/2
556.34532338,2,839.938,1.20665382,ELLIIGGVAAR/2
781.89016296,2,840.682,1.2370894,DGSLEVTGQLGEVMK/2
682.79893422,2,840.682,1.23437908,FWAWDPEEER/2
520.30038453,2,841.425,1.21232878,YLTVAAVFR/2
641.329013,2,841.425,1.22514144,LALDMEISAYR/2
755.88045558,2,841.425,1.23573719,YQLEIPENFTTR/2
781.3693977,2,841.425,1.23388486,TSPDLVPMGDWTSR/2
513.27436674,2,841.425,1.21157388,DFVNYLVR/2
467.78965268,2,841.425,1.20484757,LFTLTALR/2
923.97201861,2,841.425,1.24167948,TMIISPERLDPFADGGK/2
631.86374287,2,841.425,1.22761402,SISITSALLTEK/2
480.28334589,2,842.169,1.19539466,MDLVLQLK/2
487.78710999,2,842.169,1.20148039,ELSPLFLR/2
583.82643211,2,842.169,1.20965521,YLAVESPFLK/2
427.88843416,3,842.169,0.85986839,LALDMEISAYR/3
576.80603103,2,842.169,1.20956221,APSYIEIFGR/2
685.3935332,2,842.913,1.2376669,ALQGASQIIAEIR/2
803.8751816,2,842.913,1.23768902,GQLGNWMSPADFQR/2
524.54310569,4,842.913,0.74532797,GGKTVNELQNLTAAEVVVPR/4
663.38738513,2,843.656,1.22095993,AVAALLTIPEAEK/2
554.77473086,2,843.656,1.21758906,APFDLFENR/2
440.25237167,2,843.656,1.1886557,FPFELVK/2
664.36555763,3,843.656,0.88059684,DIWLGAQRPDTLLTHVR/3
588.32458793,2,843.656,1.21887021,ALQEFDLALR/2
738.3744747,2,844.4,1.23387306,FASYLTFSPSEVK/2
656.3220452,2,844.4,1.22047782,WTPIEYFNNK/2
947.94124981,2,844.4,1.25404158,EQQHVMEELFQSSFR/2
407.23878995,4,844.4,0.73166217,QATKDAGVIAGLNVLR/4
785.10065805,3,844.4,0.8924776,ASSKDAIRLLDSVPPTAISHFK/3
600.3407693,2,845.143,1.22574934,DAGTIAGLNVLR/2
400.56293835,3,845.143,0.85897473,DAGTIAGLNVLR/3
645.8506355,2,845.143,1.21285332,ENLSYDLVPLK/2
725.8566461,2,845.143,1.23969777,EEAQALEDLTGFK/2
782.39867811,2,845.143,1.22756508,ELSDEIQVQVFEK/2
444.76310357,2,845.143,1.19806617,WLLELSK/2
592.84789585,2,845.143,1.21966887,LEALLEAAGIGK/2
813.92298908,2,845.887,1.25757705,SFPAAIEHTIQWAR/2
664.85644919,2,846.63,1.22696608,QVEDDIQQLLK/2
603.37187248,2,847.374,1.2177831,LGNPIVPLNIR/2
597.34244633,2,847.374,1.20381108,VSGLLVLDYSK/2
697.34658295,2,847.374,1.23553754,DSIVQGFQWGTR/2
402.58367381,3,847.374,0.85461276,LGNPIVPLNIR/3
765.37448308,2,848.118,1.23352501,ASPDLVPMGEWTAR/2
658.35387664,2,848.118,1.22146563,EEAWVIGSVVAR/2
603.80368529,2,848.86,1.22251084,NLDFQDVLDK/2
645.3275245,4,848.86,0.75034848,ADLDVSGPKVDIDVPDVNIEGPDAK/4
645.3275245,4,848.86,0.74986267,ADIDVSGPKVDVDIPDVNIEGPDAK/4
699.39794985,2,849.604,1.2178224,ELEEIVQPIISK/2
560.29698454,2,849.604,1.20949669,AWDIAIATMK/2
545.63487382,3,849.604,0.87398121,AGLLEPEVFHLNPAK/3
513.28769701,3,849.604,0.87590291,ALGLFSNDIPHVVR/3
662.8771846,2,850.347,1.24456117,EASIDILHSIVK/2
668.82304053,2,850.347,1.22015488,MLDMGFEPQIR/2
770.84047309,2,850.347,1.23714513,SEDLFNEMNWQK/2
406.21666224,3,850.347,0.85956752,VENMVDQLLR/3
513.26875002,2,850.347,1.22465929,FSPTDFLAK/2
617.78001321,2,850.347,1.2300601,FNDYFEFPR/2
715.86734819,2,850.347,1.24060172,LEALGTGWEELGR/2
680.33260992,2,851.091,1.22954711,FLQDYFDGNLK/2
608.82135512,2,851.091,1.22696295,VENMVDQLLR/2
717.33717234,2,851.091,1.24276503,ADWLSHYWMPK/2
536.80348835,2,851.091,1.21522657,SEIDLLNIR/2
518.80549966,2,851.091,1.21640671,SVVTSIFGVK/2
789.4052519,2,851.091,1.23141034,IAPPEAPVTGYMFGK/2
563.31676289,2,851.091,1.21562865,DNILPELGVR/2
580.64907153,3,851.091,0.86210719,RELDSITPEVLPGWK/3
544.31027874,3,851.835,0.87806469,TPLVSVLLEGPPHSGK/3
486.75422426,2,852.578,1.19395627,FYVVMWK/2
692.85899186,2,852.578,1.23271896,LYLNETFSELR/2
529.79767468,2,852.578,1.20120642,QWELLLEK/2
667.37735177,2,853.322,1.23085226,LFVTNDAATILR/2
784.85938572,2,853.322,1.23048582,DVDFEGTDEPIFGK/2
401.21054085,4,853.322,0.73470923,AVLVDLEPGTMDSVR/4
633.31368887,2,853.322,1.21764149,FYFLEAYNAK/2
500.31349194,2,853.322,1.20303847,ALIEILATR/2
559.31623156,2,853.322,1.21562206,LPLNFLSGEK/2
515.80583406,2,853.322,1.21655867,NLILSAFPR/2
683.36170172,2,853.322,1.2307498,EQLGYIVFSGPR/2
652.37206941,2,854.065,1.22649009,FLAVGLVDNTVR/2
579.84007081,2,854.065,1.21769025,QDLTTALGLVK/2
753.40868586,4,854.065,0.7657549,TSPKPAVVETVTTAKPQQIQALMDEVTK/4
643.86374289,2,854.809,1.22677534,LQLETEIEALK/2
597.30279823,2,854.809,1.22302912,EFEGLLAQMR/2
429.57825408,3,855.552,0.85551472,LQLETEIEALK/3
644.82260633,2,855.552,1.22944633,EDVDDLVSQLR/2
681.39300184,2,855.552,1.2286102,DEPIHILNVAIK/2
501.79513199,2,855.552,1.20708806,SGLSDIILGK/2
590.87424799,2,856.296,1.21721725,IPGIIIAASAVR/2
748.06706584,3,856.296,0.87192857,IIIRPQNVSWEVVAYDDPK/3
848.42542414,2,856.296,1.2386443,VDVDIPDVNIEGPDAK/2
756.36526946,2,856.296,1.22264066,GSAMQVSPLMFTDK/2
530.05294632,4,856.296,0.74649194,ILIHSVSLSSSPNIMLLHR/4
627.31167749,2,857.04,1.22906143,FEELNADLFR/2
633.87444498,2,857.04,1.2448145,SQLDIIIHSLK/2
563.82696344,2,857.04,1.22788917,LDLLGNLPGSK/2
716.81867502,2,857.04,1.2300538,MYSFDDVLEEGK/2
558.79278625,2,857.04,1.22682073,DLGEELEALK/2
557.8451562,2,857.783,1.2084417,VLITTDLLAR/2
727.39848111,2,857.783,1.23087738,NVGLDIEAEVPAVK/2
633.82356343,2,857.783,1.20894818,ALDTMNFDVIK/2
740.36992067,2,857.783,1.235511,DADSITLFDVQQK/2
566.05340892,4,857.783,0.74144903,STGETIRSQNVMAAASIANIVK/4
531.79018396,2,857.783,1.21115086,LFEWVVNR/2
575.82134676,2,857.783,1.2158464,LLDIEGLYSK/2
713.36170174,2,857.783,1.22715489,YYSLWIPEQAR/2
762.37808006,2,857.783,1.24246103,FAQLEFQLGDAER/2
679.00921657,3,857.783,0.8745978,TSIFWNDVKDPVSIEER/3
526.27741479,3,857.783,0.87465376,VTSAVEALLSADSASR/3
714.86513983,2,858.527,1.23844558,ANDDIIVNWVNR/2
671.3455203,2,858.527,1.22833585,GFPTIYFSPANK/2
645.65332138,3,858.527,0.88762337,AGTQIENIEEDFRDGLK/3
692.8877493,2,858.527,1.22120552,VQVALEELQDLK/2
641.81057332,4,859.271,0.75514387,TTFFHHEYPWILSASDDQTIR/4
700.38758209,2,860.014,1.21978668,SAIDLTPIVVEDK/2
582.30916076,3,860.014,0.88568517,FSLENNFLLQHNIR/3
727.84565832,2,860.758,1.21516657,MAIMVQSPMFDGK/2
771.37055182,2,860.758,1.23695456,FMATNDLMTELQK/2
572.32079398,2,861.501,1.22457792,LAVNMVPFPR/2
899.42351263,2,861.501,1.22550604,QMPFTEMSEENITIK/2
675.86186889,2,862.245,1.21834616,QVFFELNGQLR/2
723.37212899,2,862.988,1.22029267,SVDVILDDDLVDK/2
592.2818658,2,862.988,1.2223988,SFEWLSQMR/2
608.8246177,2,862.988,1.22693153,ENLISALEEAK/2
508.29244803,3,862.988,0.8701912,DILVEVNHPFIVK/3
731.38283107,2,863.732,1.23843727,IFDEILVNAADNK/2
711.34404023,2,863.732,1.23617513,VNNADDFPNLFR/2
603.82187802,2,863.732,1.22952046,DAAFEALGTALK/2
722.87517324,2,863.732,1.24061082,LDIDPSTITWQR/2
498.97406195,3,863.732,0.85791021,IKPLGPMLLNGLTK/3
415.22867928,3,863.732,0.85216931,ISMPDVNLNLK/3
622.33938069,2,864.476,1.21691624,ISMPDVNLNLK/2
908.94979474,2,864.476,1.24901881,SNLDEDIIAEENIVSR/2
411.44814266,4,865.22,0.73217545,DPVQEAWAEDVDLR/4
744.85952313,2,865.22,1.24132902,IVDDWANDGWGLK/2
521.82897479,2,865.22,1.2017449,DLIVATIAVK/2
638.65237579,3,865.22,0.871707,VTQSAYAQIVQFGMNEK/3
411.24080778,3,865.22,0.8442559,QSVVVLMGSLAK/3
663.33561521,4,865.22,0.74562101,LTESINRDSEEPFSSVEIQAALSK/4
616.35757344,2,865.964,1.20760829,QSVVVLMGSLAK/2
588.33716399,2,865.964,1.22046034,LGIPDAVSYIK/2
658.85846051,2,866.707,1.2305898,VYSTALSSFLTK/2
592.84789583,2,866.707,1.22303272,GPVGLEGLLTTK/2
645.71021941,3,866.707,0.86479328,IPPSSAPTVLSVPAGTTIVK/3
615.35007434,2,866.707,1.22875237,IFVFEPPPGVK/2
845.42776988,2,866.707,1.2539929,LDFDLEPEPPPAPPR/2
502.92046256,3,867.45,0.86405763,TVQSLEIDLDSMR/3
654.83277706,2,867.45,1.22894804,EGAITFTWVER/2
820.93249955,2,867.45,1.23961254,ALWLAENQAQPMLR/2
659.8497782,2,867.45,1.21878945,VEMTLEILNEK/2
782.3986781,2,867.45,1.23255116,LAIGVEGGFDLSEEK/2
589.65270453,3,867.45,0.8603633,APLNVQFNSPLPGDAVK/3
554.6334215,3,867.45,0.86963727,GIYQSLEGAVQAGQLK/3
402.23717476,3,868.194,0.85144961,VMVTNVTSLLK/3
867.89256824,2,868.194,1.22441934,ELEPEMEFEIEPDK/2
557.6168258,3,868.194,0.86632141,LFEWHDGPLVQAMK/3
616.79599762,2,868.937,1.22805684,VFSWGFGGYGR/2
734.86830531,2,868.937,1.2425403,FYTLIPHDFGMK/2
672.98151017,3,868.937,0.87613056,TPMSVLQQAGGSMMDGPGPR/3
736.35119661,2,868.937,1.22403087,LGFYGLDESDLDK/2
539.76551726,2,868.937,1.18995504,QDVVLNYPM/2
590.94929814,3,868.937,0.86282193,APVPTGEVYFADSFDR/3
458.00716476,4,868.937,0.75313966,IISVFVDALPHVPEHR/4
747.8648055,2,869.681,1.23827875,ALWEETSFQLDR/2
542.77842763,2,869.681,1.20599439,VFDAIMNFK/2
692.33991197,2,869.681,1.22249865,EGMFNNANVLFK/2
616.84958124,2,869.681,1.22127696,MGLAISLVATEK/2
612.01089188,3,869.681,0.8660735,GPLPLRDDNGIVLLGER/3
708.39828423,2,870.424,1.23050143,LGLAPQIQDLYGK/2
639.34413168,2,870.424,1.21008259,FVVMVTPEDLK/2
593.82864883,2,871.168,1.21523587,ISMPDVGLNLK/2
668.56587475,4,871.168,0.75779775,HSSVYPTQEELEAVQNMVSHTER/4
674.83954785,2,871.168,1.22125533,QTLMWSATWPK/2
575.79820599,2,871.168,1.21755924,DWSPTLYIR/2
763.91991512,2,871.912,1.24123274,LLDTIGISQPQWR/2
749.32700156,2,871.912,1.22482712,QMWAEFEWENK/2
910.11765326,3,872.656,0.88064582,TDDEVVQREEEAIQLDGLNASQIR/3
626.82336645,2,872.656,1.22492146,FGEAIGMGFPVK/2
520.31094925,2,872.656,1.20877529,ELGELIPLR/2
600.81097904,2,872.656,1.21587672,DLDYYGTLLK/2
439.76204932,2,872.656,1.19190904,LLNFLMK/2
407.46760677,4,872.656,0.73580781,GFQQISFVNSIATSK/4
573.8036853,2,874.143,1.23010201,DIDEVSSLLR/2
551.81078206,2,874.143,1.2120108,LQLLEPFDK/2
614.8484272,2,874.143,1.23192216,SQEQILEILR/2
919.97273849,2,874.143,1.22907916,APPVDDAEVDELVLQTK/2
693.87738155,2,874.887,1.2332836,GVDLVLNSLAEEK/2
602.84281046,2,874.887,1.22803427,DLSSVQTLLTK/2
662.8428105,2,874.887,1.21672227,ELPEYYELIR/2
402.2309658,3,874.887,0.85817922,DLSSVQTLLTK/3
449.25399335,3,874.887,0.8567262,SGGGYIVVDPILR/3
615.353011,2,874.887,1.21583307,EALESVEVLIK/2
562.82283519,2,875.63,1.20289544,VTIMGIYSIK/2
575.30058147,2,875.63,1.21837567,EAFLQEVWK/2
673.37735179,2,875.63,1.22135335,SGGGYIVVDPILR/2
777.92994847,2,875.63,1.23730574,NLLESYHVPELIK/2
518.95572447,3,875.63,0.86583568,NLLESYHVPELIK/3
612.30251155,3,875.63,0.87114919,QTNLENLDQAFSVAER/3
585.34806302,2,876.373,1.22014831,AINIGQLVDVK/2
815.4127959,3,876.373,0.89863263,SLGTSAGSLVHISYLEMGHDITR/3
673.88362104,2,877.117,1.21801438,IIATVLMTEDIK/2
790.36018411,2,877.117,1.21967079,LPMPEDYAMDELR/2
575.78169863,2,877.117,1.2177588,ELWDSIMTR/2
412.93988479,4,877.117,0.73167258,FGYVDFESAEDLEK/4
754.37669144,2,877.117,1.22772591,VIMELFDNDQVGK/2
617.34552034,2,877.117,1.22454376,FLLQDTVELR/2
617.86334894,2,877.86,1.21406561,LAQPYVGVFLK/2
648.2915732,2,877.86,1.22625559,ETEELMAWMR/2
744.35427057,2,877.86,1.24298631,EGGGDEPLNFLDPK/2
505.78710999,2,877.86,1.19846163,AIYEVLFR/2
449.59150618,3,877.86,0.85130231,IIATVLMTEDIK/3
748.88520661,2,877.86,1.23251349,AGYPQYVSEILEK/2
672.35628195,2,878.604,1.23482886,DEPTGEVLSLVGK/2
752.39541553,2,878.604,1.24234315,IGNTGGMLDNILASK/2
660.87972727,2,878.604,1.22020854,ASFITANGVSLLK/2
642.86153453,2,878.604,1.22963527,SLVPAAELLESR/2
660.8089676,2,878.604,1.22839434,EEEIVDWWSK/2
408.22133723,4,878.604,0.72402535,HELLQPFNVLYEK/4
468.76872024,2,879.347,1.20983266,LSFAVPFR/2
709.87497626,2,879.347,1.21305009,LHSFLGDDVFLR/2
408.23252961,3,879.347,0.85301218,ATGYPLAFIAAK/3
636.88735535,2,880.091,1.21862945,AFAVGVQQVLLK/2
611.84515617,2,880.091,1.22137235,ATGYPLAFIAAK/2
630.82558322,2,880.091,1.22350339,LMMDPLTGLNR/2
553.5390947,4,880.091,0.7585936,FAHIDGDHLTLLNVYHAFK/4
620.82729774,2,880.091,1.22393984,VAPGFQFFATR/2
424.92732906,3,880.091,0.85194871,AFAVGVQQVLLK/3
896.9392301,2,880.834,1.25930527,SQEEAEGILQQYIER/2
605.3349556,2,880.834,1.21318935,GVIFTEAFVAR/2
737.71636745,3,880.834,0.89229189,FAHIDGDHLTLLNVYHAFK/3
697.41172592,2,881.578,1.24746295,EAITHLLGVALTR/2
677.33789221,2,881.578,1.22686395,EGFSIPVSADGFK/2
743.88045558,2,882.321,1.24129501,LDIDPETITWQR/2
604.87170534,2,882.321,1.21151725,IPLENLQIIR/2
430.78383902,2,882.321,1.19148027,IQLLVFK/2
556.30893786,2,882.321,1.2228124,DGLGGLPDIVR/2
617.8613376,2,882.321,1.21639885,ATGILLYGLASR/2
628.85103854,4,882.321,0.76264397,LLQGRPPLDFYPPGVHPSGLVPR/4
632.84842715,4,882.321,0.75247357,TKPVTGNLRPEEALQALTIYEGK/4
578.35281407,2,883.066,1.20958759,ILAIELENLK/2
554.80549968,2,883.066,1.2194085,FINLFPETK/2
779.86125712,4,883.809,0.76625931,FWEVISDEHGIDPTGTYHGDSDLQLER/4
820.9357621,2,883.809,1.2421473,GFQQISFVNSIATTK/2
707.88246693,2,883.809,1.23129967,LFPDTPLALDANK/2
582.31897121,2,884.553,1.20718714,DGVYVLDLAAK/2
696.38009146,2,884.553,1.22390294,DIIVIGNDITYR/2
570.8232181,4,884.553,0.75765533,IHNIDIPTTQQVPHIEALLK/4
694.34624859,2,884.553,1.23139771,QDVLNWLNEEK/2
672.84535312,2,885.296,1.21353577,FLVYVANFDEK/2
549.84971027,2,885.296,1.21503597,YLAIAPPIIK/2
622.83138848,2,885.296,1.21433002,ISMPDVDLNLK/2
415.55668448,3,885.296,0.85061068,ISMPDVDLNLK/3
550.97025652,3,885.296,0.86404261,HLEPALAFQLELNR/3
654.84535312,2,886.04,1.21346467,NFYVEVPELAK/2
776.3573446,4,886.04,0.76669946,FWEVISDEHGIDPTGTYHGDSDLQLDR/4
641.99636541,3,886.04,0.89046591,ALEHAFQLEHIMDLTR/3
487.28185743,2,886.04,1.20729694,EGSVLDILK/2
605.97936883,3,886.04,0.86666271,DHPPIPITDLADNIER/3
498.75221293,2,886.04,1.2049667,YMDLLWR/2
687.8685023,2,886.04,1.22195107,ILMAIDSELVDR/2
673.86935958,2,886.783,1.23383996,AALEALLPYTER/2
601.35060574,2,886.783,1.21767492,ALQIPEVYLR/2
580.99429061,3,886.783,0.86559673,TLVAHYPPVQVLFEK/3
694.8488211,2,887.527,1.23205917,DIISIAEDEDLR/2
663.35862771,2,887.527,1.22110967,ATFYLNVLEQK/2
545.04200155,4,887.527,0.75879998,ELLLPNWQGSGSHGLTIAQR/4
557.33495567,2,887.527,1.21650575,QIGTLLAELR/2
567.81131335,2,887.527,1.21088798,SPVTFLSDLR/2
704.33723195,2,888.271,1.23292481,DMTSEQLDDILK/2
746.88573789,2,888.271,1.23357917,TTLLEGFAGVEEAR/2
622.83339986,2,888.271,1.20552285,YVYVVTELMK/2
685.3284359,4,888.271,0.75931081,ASQKPQPNFPSPEYMIFDHEFTK/4
548.29529913,2,888.271,1.21800208,EVTFSFIPR/2
648.33683803,2,889.014,1.22952205,MALDIEIATYR/2
637.01916448,3,889.014,0.87168879,FLLHQETLPEQLLAEK/3
589.06821628,4,889.758,0.75861963,ISGETIFVTAPHEATAGIIGVNR/4
576.2796491,2,889.758,1.22164359,YEGFFGLYR/2
833.45853874,2,889.758,1.22554091,IVIPNEESVVIYYK/2
658.33938069,2,889.758,1.23348341,ISMPDFDLHLK/2
525.7663745,2,890.501,1.20973936,DWVLNEFK/2
724.04610748,3,890.501,0.87634563,LIVDEAINEDNSVVSLSQPK/3
599.28575952,2,890.501,1.22054992,SISDMWTMVK/2
613.80791342,2,891.245,1.22268694,SMDLSEYIIR/2
485.79133811,2,891.245,1.21091382,MIDLIIPR/2
570.33221599,2,891.245,1.22012311,IIVAIDGWPR/2
596.31642851,2,891.245,1.22293764,AEALEDLVGFK/2
640.34825994,2,891.245,1.22854158,TEVETFVSLVR/2
671.02508957,3,891.245,0.87924994,AIFTTGQGASAVGLTAYVQR/3
618.31897116,2,891.989,1.21412939,EAFVVEEWVK/2
621.87444496,2,891.989,1.23255827,LSTIALALGVER/2
603.33356703,2,891.989,1.21792572,LFLTMEINPK/2
607.3506057,2,891.989,1.23497312,LFGALTPLEPR/2
720.85952318,2,891.989,1.23296565,SDLLLEGFNNYR/2
702.38009139,2,892.732,1.22396795,GALVVVNDLGGDFK/2
631.30860349,2,892.732,1.21984887,LNDYIFSFDK/2
686.86955653,2,892.732,1.24775987,ESDQTLAALLSPK/2
735.89917965,2,892.732,1.24235872,LNLVDLAGSENIGR/2
409.54103443,3,892.732,0.85823452,SMDLSEYIIR/3
742.909016,2,893.475,1.23009424,EAFAIVPVSPAEVR/2
649.83498545,2,894.219,1.22780655,LYFEELSLER/2
661.84228751,2,894.219,1.23445949,MSTSPEAFLALR/2
842.40598019,2,894.219,1.24092326,EIAEEYGGVMVSFPR/2
595.84261352,2,894.219,1.21752859,TLDLPIYVTR/2
619.83373421,2,894.219,1.21324942,AYVPALQMAFK/2
535.31623159,2,894.219,1.21987275,LSPEELLLR/2
707.39540714,2,894.219,1.22848804,SLGEIPIVESEIK/2
632.33889705,3,894.219,0.86298023,QHVVSVEEALLATGQWK/3
433.55908245,3,894.965,0.86087034,LYFEELSLER/3
561.78255593,2,894.965,1.22474836,YDWDLLAAR/2
730.03928725,3,894.965,0.87481176,RPTPQDSPIFLPVDDTSFR/3
737.39339575,2,895.709,1.24045259,NLANTVTEEILEK/2
572.35281403,2,895.709,1.21609638,LAVASVTEILK/2
629.83921352,2,896.452,1.21226356,ISMPEVDLNLK/2
650.37461212,2,896.452,1.23876379,LLTWVIGTGSPR/2
626.82168108,2,896.452,1.22720473,LWGDIYFNPK/2
688.91102744,2,897.196,1.22029491,YILVTGGVISGIGK/2
758.85136371,2,897.196,1.23660026,SADFNPDFVFTEK/2
544.80464244,2,897.196,1.21394131,LMDLLGEGLK/2
534.84241653,2,897.196,1.21390226,VVLPTLASLR/2
693.34605163,2,897.196,1.22895466,GDIWWNPEQLK/2
659.33588089,2,897.939,1.23864285,DNALLSAIEESR/2
588.83478843,2,898.683,1.224783,DAFVAIVQSVK/2
708.06706586,3,899.427,0.88590707,LLAALLEDEGGSGRPLLQAAK/3
563.84020822,2,899.427,1.21209975,WQALLVQIR/2
528.82422378,2,900.17,1.22361979,EAIVAALLTR/2
838.40175215,2,900.17,1.22992731,QIEYYFSVDNLER/2
549.27605213,2,900.17,1.21933783,FDAMPFTLR/2
565.33241297,2,900.915,1.21214574,QVSDLISVLR/2
713.37226639,2,900.915,1.23262839,LQSTFVFEEIGR/2
565.34498903,2,900.915,1.22478529,IDISQLVITK/2
596.3108956,3,900.915,0.88734903,EENSGLLQELEELRK/3
873.47693684,2,900.915,1.2422761,LTMQITALNENLGTVK/2
631.66835462,3,901.659,0.87120705,FSLVPHNYGLVLYENK/3
525.27931472,2,901.659,1.20665261,DVDLEFLAK/2
688.6107796,4,901.659,0.76653353,REPAVKLQYAVSGLEPLAWSEDHR/4
513.31570024,2,901.659,1.21313938,LEVDIPLVK/2
572.75092138,2,903.146,1.23213847,DAEDWFFSK/2
642.83378277,4,903.146,0.75652506,APDELHYTYLDTFGRPVIVAYK/4
636.31134315,2,903.146,1.21926528,DALYFLDDTAK/2
732.38177682,2,903.146,1.23294531,MAPGQLALFSVSDK/2
663.33638762,3,903.146,0.87489298,LPNFGSHVLTPAEMEAFK/3
737.86427414,2,903.146,1.22669554,WGTPVPLEGFEDK/2
643.3667871,2,903.889,1.22254637,LPQLPITNFSR/2
768.38864475,2,903.889,1.24145311,EFINLQSALESER/2
694.78579771,2,904.633,1.23963981,DMFQETMEAMR/2
638.82662909,2,904.633,1.21805537,VSYFEIYLDK/2
798.12262858,3,904.633,0.88761419,KPPMLQPLALPPGLSVHQALER/3
598.84379055,4,904.633,0.75700024,KPPMLQPLALPPGLSVHQALER/4
607.31983687,3,904.633,0.87481917,AVHSNPGDPALWSLLSR/3
578.32405659,2,906.12,1.2243613,WEDAIPLALK/2
623.82990004,2,906.12,1.22874979,GDSLDSVEALIK/2
497.78572138,2,906.12,1.20523266,LLFTMLEK/2
755.06913501,3,906.864,0.87618829,VLNGPEGDGVPEAVVTLNNQIK/3
634.84588448,2,906.864,1.22957809,GLDPVEILQER/2
539.76944852,2,906.864,1.21565441,DWVLNEFR/2
634.84789583,2,906.864,1.21333474,AYALAGVSFEIK/2
777.43794071,2,906.864,1.24208713,IPLLYDAEIHLTR/2
690.84828974,2,907.608,1.23937254,TDTLEDLFPTTK/2
628.31950256,2,907.608,1.23212652,YETLFQALDR/2
683.67383954,3,907.608,0.87392713,HEALMSDLSAYGSSIQALR/3
936.98872297,2,907.608,1.25785452,IEESDQGPYAIILAPTR/2
729.32235043,2,907.608,1.22445884,WLMMQSYMDPR/2
729.39099045,2,908.351,1.22915231,NPFGNAGLLLGEAGK/2
574.6684661,3,908.351,0.88212203,LVLSDLHLLTQSQVR/3
674.33822659,2,908.351,1.23611099,IWIFDGPTGEGR/2
446.25036035,2,908.351,1.20799899,LLDDLFR/2
708.89590869,2,909.095,1.22737229,QLSEVFIQLPSR/2
778.35690442,3,909.095,0.88626423,MQQNIQELEEQLEEEESAR/3
782.40938018,3,909.095,0.89014005,LDNASAFQGAVISPHYDSLLVK/3
529.81586742,2,909.095,1.22600104,IEGLLAAFPK/2
827.94010745,4,909.095,0.76659291,LNSVQSSERPLFLVHPIEGSTTVFHSLASR/4
584.01949743,4,909.095,0.74782925,MQQNIQELEEQLEEEESAR/4
449.89457655,3,909.095,0.86545309,IWIFDGPTGEGR/3
928.01286675,2,909.095,1.26170063,NPFGNAGLLLGEAGKQLR/2
502.26299334,4,909.095,0.74660922,DSSSGRQLSEVFIQLPSR/4
587.05885425,4,909.095,0.75701018,LDNASAFQGAVISPHYDSLLVK/4
641.83033424,2,909.838,1.21467271,LAQMFSDMVLK/2
783.40155516,2,909.838,1.23776959,LPIGDVATQYFADR/2
428.22264831,3,909.838,0.84897405,LAQMFSDMVLK/3
621.95757631,3,909.838,0.88382261,DEPSVAAMVYPFTGDHK/3
684.83009702,2,910.582,1.23348187,DDSIEGIYDTLK/2
779.40462918,2,910.582,1.23855158,EQWANLEQLSAIR/2
742.9070047,2,910.582,1.24820996,VDQLTAQLADLAAR/2
690.84007919,2,910.582,1.23126188,ISNQFDWALMR/2
447.77601397,2,910.582,1.19559786,LFFLQVK/2
725.87483884,2,911.326,1.24194727,GASSPLITVFTDDK/2
669.32987032,2,911.326,1.22568889,DLGYIYFYQR/2
720.36189862,2,911.326,1.24041507,DFTVASPAEFVTR/2
593.36371308,2,912.069,1.2229171,TAVETAVLLLR/2
754.90138797,2,912.069,1.24515084,STGNFLTLTQAIDK/2
625.87698765,2,912.069,1.2169063,HVLDTLIQLAK/2
722.36992066,2,912.069,1.2382174,EGLDEVAGIINDAK/2
477.2763781,2,912.069,1.21422024,TALNLFFK/2
662.33541826,4,912.813,0.75357269,THPVEIFYTPEPERDYLEAAIR/4
621.35367971,2,913.557,1.22654001,EVWALVQAGIR/2
682.85688337,2,913.557,1.22758017,LTPQMFQQLMK/2
575.80315396,2,914.3,1.21936254,TLVEDLFADK/2
775.88454626,2,914.3,1.24940701,ISESPSEIMESLTK/2
414.57154529,3,914.3,0.86159466,EVWALVQAGIR/3
713.31980771,2,915.044,1.23041754,EGPMFEAMIMNR/2
579.36625579,2,915.044,1.22073826,VLITTLITAGR/2
646.33006721,2,915.787,1.23066135,ADVEEEFLALR/2
667.86935958,2,915.787,1.23133479,AYSDQAIVNLLK/2
609.32335844,3,915.787,0.87384706,APGEQTVPALNLQNAFR/3
519.29255949,2,915.787,1.21496554,FFLLENVR/2
514.9748961,3,915.787,0.86620661,ITSEALLVTQQLVK/3
693.86556563,2,915.787,1.22155171,IMHFPTWVDLK/2
431.22247029,3,916.531,0.86248051,ADVEEEFLALR/3
763.42723859,2,917.275,1.23852554,SSIDSEPALVLGPLK/2
846.09741897,3,917.275,0.87804496,VQETGDIVISNAYVDLAPTSGTSAK/3
656.31441716,2,918.018,1.23508823,SEDLLDYGPFR/2
563.84515621,2,918.018,1.22175778,NVQGIIEILK/2
673.83297404,2,918.018,1.23480179,EDLEEWVTIGR/2
656.04923512,3,918.018,0.87764597,LLTLEVPGVTESRPSVLR/3
831.94051312,2,918.018,1.23540015,VYNEVPTFQLEVPK/2
810.88434933,2,918.018,1.22671858,LAEYQAYIDFEMK/2
784.90700466,2,918.762,1.244378,FLFDSVSSQNVGLR/2
551.81808416,2,918.762,1.21242532,ELVALMSAIR/2
667.84060209,2,918.762,1.21847809,ENQWFDVGVIK/2
567.81131337,2,918.762,1.21862662,ETVIQFLER/2
901.9787894,2,919.505,1.26023669,SDIGEVILVGGMTRMPK/2
482.92554793,3,919.505,0.86788221,SDIGEVILVGGMTR/3
512.27585517,2,920.249,1.21668654,FLNVPMFR/2
755.9003337,2,920.249,1.23636604,GPGVDLPSVNLSMPK/2
873.42830124,2,920.249,1.2400241,QLGFQETAYGEFLSR/2
592.85351258,2,920.992,1.23693233,IINDLLQSLR/2
527.8345915,2,920.992,1.21309652,GVTSILPVLR/2
650.85899187,2,920.992,1.23787972,LQDIITALEER/2
734.34485996,2,920.992,1.23119551,TYTFDMVFGASTK/2
580.79375176,2,920.992,1.21484487,DEMLGLVPMR/2
962.99380834,2,920.992,1.25783372,EFISYNINIDIHYGVK/2
699.69809653,3,921.736,0.88850183,IPGMLIIDTPGHESFSNLR/3
516.3104179,2,921.736,1.20458721,TLFPLIEAK/2
521.31877427,2,921.736,1.20273287,NLLNLDVIK/2
665.36664973,2,922.479,1.23641593,ELSELIEQLQK/2
718.84925528,2,922.479,1.2160112,QETWMLMELQK/2
747.86975351,2,923.223,1.24298128,ENEQSLLEYLEK/2
660.86086321,4,923.223,0.76214041,AEVQHQLHVAVGSLQESILAQVQR/4
623.84314483,2,923.223,1.22760999,FLINLEGGDIR/2
591.30258113,4,923.223,0.74366459,ERDVYEELLTQAEIQGNINK/4
511.30005018,2,924.71,1.2133303,TEFLSLLAK/2
550.29275645,2,925.454,1.21917545,DWNVDLIPK/2
777.89356293,2,925.454,1.23903665,VNFDDYTVNLGGLK/2
424.56623702,3,925.454,0.86505161,EVLAELEALER/3
482.27416979,2,925.454,1.21233289,WQFLTLR/2
649.80791339,2,925.454,1.22863712,YWDLMNLSEK/2
727.42229062,2,926.197,1.23281606,EVTINQSLLAPLR/2
689.3778831,2,926.197,1.2391196,TTNFAGILSQGLR/2
773.90595042,2,926.197,1.24748824,MTALAQDFAVGLGPR/2
529.74679315,2,926.197,1.21578061,LDFEEFMK/2
809.93470786,2,926.197,1.23703546,LVNGMGQSLIVSWSK/2
556.34532341,2,926.197,1.21381805,ELLGQGLLLR/2
639.82356343,2,926.197,1.21758727,ISMPDVDFNLK/2
485.28395257,3,926.197,0.86675825,EVTINQSLLAPLR/3
550.04046454,4,926.197,0.7581474,NLVEQHIQDIVVHYTFNK/4
604.9686927,3,926.197,0.87979802,EYVEPELHINDLWR/3
741.92399478,4,926.941,0.76364882,VAVRSAYGGPVGAGIREVTINQSLLAPLR/4
636.34571729,2,926.941,1.23186681,EVLAELEALER/2
545.81639875,2,926.941,1.20963959,GLAVFISDIR/2
401.23616265,3,926.941,0.85681838,YLLLLAAGDPR/3
559.30735226,2,927.684,1.20876991,AEVLWLMGAK/2
601.35060574,2,927.684,1.22374394,YLLLLAAGDPR/2
610.30332111,2,928.428,1.22190755,VWDLFPEADK/2
741.37649446,2,928.428,1.22770776,GEVYPFGIVGMANK/2
676.89845135,2,928.428,1.23397791,SGGPVVVLVQLER/2
494.28843125,2,928.428,1.20000089,MLPLIWSK/2
633.34806298,2,928.428,1.22302131,SNPSVFVIFQK/2
537.81894144,2,929.172,1.21366568,AIFEIVLNR/2
684.34740269,2,929.915,1.22617738,SDLQMAVLSFEK/2
524.80055173,2,929.915,1.20621313,QFLPFLQR/2
485.31022094,2,929.915,1.20996571,LLLTPWVK/2
406.72578106,4,931.402,0.74280644,GNENANGAPAITLLIR/4
578.340238,2,931.402,1.21435189,QEVVDLLLAR/2
601.80622796,2,932.146,1.23049012,EADDIVNWLK/2
746.94593289,2,932.146,1.24006854,AVAEQIPLLVQGVR/2
401.5399108,3,932.146,0.86172169,EADDIVNWLK/3
709.86734819,2,932.889,1.23629723,VDALNDEINFLR/2
637.37936311,2,932.889,1.22693939,TVVSGLVQFVPK/2
476.76224627,2,932.889,1.20487914,ETLLAMFK/2
549.53358069,4,932.889,0.74770755,VGEQAQVVIIDMNDPSNPIR/4
760.3806227,2,933.633,1.24508438,GEAGVPAEFSIWTR/2
622.84789583,2,933.633,1.225209,INEWLTLVEK/2
578.35281403,2,933.633,1.2187033,NVEELVIVLK/2
714.88828061,2,934.376,1.2404714,DQIAQLEASLAAAK/2
674.8771846,2,935.12,1.22352708,NLVDSYVAIINK/2
583.30530486,3,935.12,0.88375356,TIADLELHYQEFIR/3
621.8417562,2,936.607,1.21787994,GMEELIPLVNK/2
498.32861067,2,936.607,1.20597604,VLEALLPLK/2
692.83753648,2,936.607,1.242075,SSTQMTWGALFR/2
509.25564264,2,936.607,1.21791458,DFSVFFQK/2
438.28367185,2,936.607,1.18827902,LIEFLLK/2
607.80127999,2,936.607,1.22817374,FQFNLQDFR/2
688.38263412,2,936.607,1.2198307,QNIGVATFIGLDK/2
639.35862774,2,937.35,1.23398825,LALDIEIATYR/2
687.87613037,2,937.35,1.22421705,VLLSPDYLPAMR/2
611.31760557,4,937.35,0.77352606,LLYMLAEALPVSHGAHFSGDVSK/4
426.57484398,3,937.35,0.86568328,LALDIEIATYR/3
432.56031751,3,937.35,0.86218399,MALDIEIATYR/3
525.80444547,2,937.35,1.21392072,LISLFQAMK/2
715.34096623,2,937.35,1.23209792,QWFELVTASDHP/2
555.29054812,2,937.35,1.22711518,DLFQVAFNR/2
550.82676647,2,938.094,1.21932932,LLELFPVNR/2
409.45152806,4,938.094,0.7326361,ASEWVQQVSGLMDGK/4
487.77092855,2,938.094,1.20061985,SFTFVVFK/2
526.28713977,2,938.094,1.21594967,DFIDLTLSK/2
679.39554456,2,938.838,1.22667394,QYPISLVLAPTR/2
635.36170174,2,938.838,1.22539195,QNLDALLNQLK/2
716.00401976,3,938.838,0.88008944,IVSWLEYESSFSNEEAQK/3
541.76330053,2,939.581,1.21129224,DFLYSYFK/2
609.82918015,2,939.581,1.22696254,TSVLEMIAQAR/2
744.39043145,3,939.581,0.89446289,DHSSLLQGTLAEHFGVLPGPR/3
593.82696344,2,939.581,1.22025038,QELLGWLAEK/2
775.38028837,2,940.324,1.24164307,FLGDIEVWDQAEK/2
594.34278065,2,940.324,1.21871971,TAAFALPVLER/2
550.62637834,3,940.324,0.86385204,DRPASGSPFQLFLSK/3
729.3708778,2,940.324,1.22861602,VEGMTELYFQLK/2
767.38844774,2,941.068,1.24467142,AEAGVPAEFSIWTR/2
754.37194322,3,941.811,0.88274161,GGMGSGGLATGIAGGLAGMGGIQNEK/3
647.31114618,2,941.811,1.22808673,YYSFFDLNPK/2
566.03077653,4,941.811,0.74898455,GGMGSGGLATGIAGGLAGMGGIQNEK/4
406.48954486,4,941.811,0.73100066,VVVQVLAEEPEAVLK/4
669.36919238,2,942.555,1.225333,ELPPGVEELLNK/2
725.35014232,2,943.299,1.23568991,LAEISDVWEEMK/2
639.85063546,2,944.042,1.22323548,TLGVDFIDVATK/2
426.90284913,3,944.042,0.85482102,TLGVDFIDVATK/3
600.31897121,2,944.042,1.21973801,DLLLDPAWEK/2
400.5484063,3,944.042,0.85398818,DLLLDPAWEK/3
627.80738204,2,944.786,1.22254731,MFEIVFEDPK/2
751.85972012,2,944.786,1.2459394,EVDDLEQWIAER/2
599.35113702,2,944.786,1.22697267,DAGVIAGLNVLR/2
654.64438009,3,944.786,0.87215114,TQLEELEDELQATEDAK/3
621.56610644,4,944.786,0.7576808,SNAHYNLQNAFNLAEQHLGLTK/4
862.78187669,3,944.786,0.893881,QDNLTIDTQYYLAQQIHPVVAR/3
552.79546632,2,946.273,1.22071608,IGFPWSEIR/2
548.81111642,2,946.273,1.22429455,YSFIQALVR/2
399.9031835,3,946.273,0.86034316,DAGVIAGLNVLR/3
629.85245829,2,946.273,1.22499651,LLTGWMPTAIR/2
795.3870592,2,946.273,1.23962976,FSSYYLSLPPEMR/2
703.87992429,2,947.016,1.23187109,IYDALDVSLIER/2
640.35027132,2,947.016,1.22074952,LFPGFEIETVK/2
637.84060214,2,947.016,1.23395641,EELTWLQSLR/2
543.31930559,2,947.76,1.2285989,DLASVQALLR/2
684.38210284,2,947.76,1.23217614,YVDQVLQLVYK/2
669.34605161,2,947.76,1.23650917,EALFNEFVAAAR/2
688.88395537,2,948.504,1.22872547,MSGLIVGSAFGPIK/2
717.37649449,2,948.504,1.22879777,NVYPEEMIVALR/2
737.12806514,4,948.504,0.75781486,FGGEHVPNSPFQVTALAGDQPSVQPPLR/4
618.32627333,2,948.504,1.22269359,DIQNMNFLLK/2
732.89029194,2,949.247,1.22603646,EAFQSVVLPAFEK/2
673.37342049,2,949.247,1.21524858,EPLLMSISTNLK/2
596.31223652,3,949.247,0.88084352,QVEELYHSLLELGEK/3
723.40918328,2,949.991,1.23675747,LQNVQIALDYLR/2
593.85572089,2,949.991,1.22282567,LTTLELLEVR/2
697.33940246,3,949.991,0.88045073,TQLEWTEAILEDEQTQR/3
732.08249301,3,950.734,0.88490398,IGPILDNSTLQSEVKPILEK/3
467.77145993,2,951.478,1.21167926,DTLGLFLR/2
465.29625628,2,952.222,1.20300965,MAVLALLAK/2
670.80061965,2,952.965,1.23127947,EWLTNFMEDR/2
744.32763273,2,952.965,1.22758785,MFDMGFEPQVMR/2
638.85011258,2,952.965,1.23315762,LMSALLSGLTDR/2
867.95343194,2,952.965,1.26414838,ALVTGYFMQVAHLER/2
585.36063911,2,953.709,1.2200889,ILLAELEQLK/2
415.54477329,3,953.709,0.85557584,FSDFLLDPYK/3
565.82442076,2,954.452,1.22882841,EAILDIITSR/2
703.8567835,2,954.452,1.22892406,QDWGPITSISFR/2
703.4117259,2,955.196,1.22665067,DGQILPVPNVVVR/2
622.8135217,2,955.196,1.22283219,FSDFLLDPYK/2
552.27876131,3,955.196,0.88818862,SIVTDLVSQMDPHGR/3
613.83373422,2,955.196,1.21574438,QAMFLNLVYK/2
500.80549972,2,955.196,1.21830782,DNALTLLIK/2
804.88132124,2,955.196,1.25327555,GDWSQFTLWQQGR/2
541.05832294,4,955.196,0.74117995,VVEVGSKIYVDDGLISLQVK/4
488.2765751,3,955.196,0.85640793,IYVDDGLISLQVK/3
562.97729965,3,955.196,0.87025351,RQELDAFLAQALSPK/3
617.32171085,2,955.939,1.23594319,DEVASLLFDPK/2
680.32204518,2,955.939,1.24457378,YGPDAFFNFPGK/2
645.34244634,2,957.427,1.21850373,TYQLVYFLDK/2
623.32339628,2,957.427,1.21654393,MSLPDVDLDLK/2
626.34518595,2,958.171,1.22042137,DSLTLVFVETK/2
755.3742241,3,958.171,0.88014923,AEFEVHEVYAVDVLVSSGEGK/3
932.96472493,2,958.171,1.25629269,MSADNQLQVIFITNDR/2
566.78248719,4,958.171,0.74657187,AEFEVHEVYAVDVLVSSGEGK/4
550.82845189,2,959.658,1.21933456,LMDVGLIAIR/2
703.38229977,2,959.658,1.23445699,VESLQEEIAFLK/2
620.81079042,2,959.658,1.22382871,NLGFGMGIEFR/2
505.28948548,2,960.401,1.2062246,EIFNFVLK/2
414.2096191,3,960.401,0.85821049,NLGFGMGIEFR/3
732.11292345,4,960.401,0.76075817,LLHLLLDDMPVKPYSDGEGGIEDENR/4
678.83941048,2,961.888,1.22848478,SSAYESLMEIVK/2
647.81933533,2,961.888,1.22643468,EELEFEVPFR/2
586.83733114,2,961.888,1.22805257,GLALALFGGEPK/2
558.33716398,2,961.888,1.22350439,DLTSVNILLK/2
644.28767107,2,962.632,1.23343552,DFSYNYFGFK/2
594.34278071,2,963.376,1.22128764,DIIALNPLYR/2
429.86087287,3,963.376,0.86410652,DFSYNYFGFK/3
754.36242998,2,964.12,1.24667398,LNTQEIFDDWAR/2
807.76348867,3,964.12,0.88152352,ASLVALPEQTASEEETPPPLLTK/3
697.39674633,3,964.12,0.88767685,IIPPGSGIIHQVNLEYLAR/3
582.31402322,2,964.863,1.22820439,GSFTLLWPSR/2
536.82537788,2,964.863,1.20374589,INMLVIELK/2
673.88193561,2,965.607,1.21950041,LVVFPTDDISLK/2
604.02174042,3,965.607,0.85839414,KVTMINAIPVASLDPIK/3
556.83733117,2,965.607,1.22354333,DAIAALGLLQK/2
730.83994177,2,966.35,1.22840363,TFEMSDFIVDTR/2
666.89792009,2,966.35,1.23744815,LVGQSIIAYLQK/2
476.25798836,2,966.35,1.21134007,FPLFGGWK/2
681.8612002,2,966.35,1.2291307,ILDLQLEFDEK/2
449.59038256,3,966.35,0.8533161,LVVFPTDDISLK/3
718.35141948,3,967.094,0.8759574,HTDVQFYTEVGEITTDLGK/3
629.83921353,2,967.094,1.21944057,ISMPDIDLNLK/2
629.83921353,2,967.094,1.22119041,ISMPDLDLNLK/2
742.71955463,3,967.094,0.87281575,GLHVVEVTYDDVPIPNSPFK/3
583.32184824,2,967.094,1.22270842,AQFDLAFVVR/2
630.86354594,2,967.837,1.22292439,APSDLYQIILK/2
699.71022501,3,968.581,0.87474936,NHMDITTPPLPPVAPEVLR/3
762.89389727,2,969.324,1.25102929,VGNLGLATSFFNER/2
750.4200823,2,969.324,1.24797909,WLLLTGISAQQNR/2
648.40591227,2,969.324,1.23368612,LAAVALINAAIQK/2
586.83733114,2,969.324,1.2283971,LWNEVLASLK/2
585.29729878,4,970.812,0.75729444,HQILEQAVEDYAETVHQLSK/4
636.33884941,2,970.812,1.21704118,IYLDMLNVYK/2
633.85826353,2,970.812,1.22432947,VFLGNVETFIK/2
631.37936315,2,970.812,1.22333234,GLLPGLLPAPADK/2
739.38229977,2,970.812,1.24612047,FETFQTITSYIK/2
780.06063955,3,971.556,0.89536109,HQILEQAVEDYAETVHQLSK/3
544.33970669,2,971.556,1.22772844,SATLLQLITK/2
525.03611917,4,971.556,0.75694091,LALVTGGEIASTFDHPELVK/4
424.56165843,3,971.556,0.85243307,IYLDMLNVYK/3
697.88193563,2,971.556,1.22225212,IIPYLSFGEVEK/2
604.05350319,4,971.556,0.75793042,IPEAPAGPPSDFGLFLSDDDPKK/4
644.83191981,2,973.043,1.22435217,DINAVLIDMER/2
670.86407722,2,973.043,1.22903417,WLEVEIAPDIR/2
712.38263412,2,973.043,1.23357879,LNGFQLENFTLK/2
710.86067722,2,973.043,1.2274603,EWLVGMLGAESTK/2
689.37989447,2,973.043,1.23501,ILLTQENPFFR/2
430.22370536,3,973.043,0.86054663,DINAVLIDMER/3
805.0689121,3,973.043,0.88964561,IPEAPAGPPSDFGLFLSDDDPKK/3
715.89463731,4,973.787,0.76378374,VAQNLVGPDNVHVALSLVEYKPELQK/4
730.83994183,2,974.53,1.23958898,SYSPYDMLESIR/2
688.36487554,2,974.53,1.2308399,FTVLLMPNGPMR/2
406.73206909,4,974.53,0.74604626,LAGTQPLEVLEAVQR/4
536.80348837,2,974.53,1.2332083,LSLDDLLQR/2
695.85539491,2,975.273,1.23259016,FMELLEPLNER/2
676.84789583,2,975.273,1.23280596,DYFNVPYPLPK/2
757.89779104,2,975.273,1.23858644,GDINLLMLGDPGTAK/2
687.32785885,2,975.273,1.2379943,TQSTWVDSFFR/2
593.85077288,2,975.273,1.23251964,NIVSAFGIIPR/2
675.0176006,3,976.017,0.88042572,ITLPVDFVTADKFDENAK/3
618.83647388,2,976.017,1.21472913,TLQIFNIEMK/2
412.89340807,3,976.017,0.84967091,TLQIFNIEMK/3
710.86393984,2,976.761,1.21955591,TDYIPLLDVDEK/2
637.37936315,2,976.761,1.21951739,GVLPYVGNLITK/2
667.88755237,2,977.504,1.23132262,IISLETYNLLR/2
557.30058153,2,977.504,1.20737294,SYISFDILR/2
636.84703857,2,977.504,1.21724768,ISMPEIDLNLK/2
514.95572447,3,977.504,0.86844456,LLDAVDTYIPVPAR/3
613.8499156,2,978.248,1.22398297,VPDGMVGLIIGR/2
689.3759632,2,978.248,1.23234633,EALQLMATYLPK/2
792.75790349,3,978.248,0.88811248,NITLSLVANPSHLEAADPVVMGK/3
537.83151752,2,978.991,1.21918996,LLEFQLALK/2
673.364107,2,978.991,1.23739091,ESLDDLTNLVVK/2
614.34518598,2,978.991,1.21877406,ISIPDVDLDLK/2
812.41687085,2,978.991,1.23369862,TSVLLSWEVPDSYK/2
726.5963322,4,978.991,0.76601913,AYNYVAQEVDDYHAFQTLTHIYNK/4
555.26842408,2,979.735,1.22090348,DLEALMFDR/2
659.86628553,2,979.735,1.22236161,ITLPVDFVTADK/2
665.39247052,2,979.735,1.22132975,DIIIFVGTPVQK/2
667.90574509,2,980.478,1.2271209,GLIPQLIGVAPEK/2
605.33102436,2,980.478,1.21600414,ALDLLYGMVSK/2
632.8504385,2,981.222,1.22124538,AFITNIPFDVK/2
809.86025142,2,981.965,1.24835476,DGWQVEEADDWLR/2
580.82114974,2,981.965,1.2145293,TYGVSFFLVK/2
610.63208055,3,981.965,0.87188945,IVNGWQVEEADDWLR/3
405.43376394,4,981.965,0.74176499,DGWQVEEADDWLR/4
660.32627335,2,981.965,1.22627938,MYYFGIAALDR/2
531.52183894,4,981.965,0.74612907,GDSFTHTPPLDPQELDILK/4
605.2946388,2,982.709,1.23336317,DLTSWVTEMK/2
585.33749833,2,982.709,1.22909961,LEGWLSLPVR/2
709.40610923,2,983.452,1.22451155,SVVLQLADGQIFK/2
582.29583048,2,983.452,1.22779507,DIDAFWLQR/2
726.0018503,3,983.452,0.8830289,TARSNMDNMFESYINNLR/3
671.89009499,2,983.452,1.23220572,VNLFPGLSPSALK/2
868.94137876,2,983.452,1.25144457,FLATPPNGNFADAVFR/2
544.75320684,4,983.452,0.74586543,TARSNMDNMFESYINNLR/4
717.79448001,2,984.196,1.23995598,MEDGEFWMSFR/2
522.8153445,2,984.196,1.21862659,MALLATVLGR/2
612.32659926,2,984.196,1.22081222,LYTWVEWVK/2
508.30206997,2,984.196,1.21027074,MLALALLDR/2
599.83066024,2,984.196,1.21345643,TMYLLGYIPK/2
766.42757293,2,984.196,1.24261899,FATSLVDNSVPLLR/2
536.33168467,2,984.939,1.21998628,IPGLLGVFQK/2
595.34498898,2,985.683,1.22429759,ATFDISLVVPK/2
796.65903513,4,986.427,0.76353112,TTGIVMDSGDGVTHTVPIYEGYALPHAILR/4
736.92889423,2,986.427,1.23542675,MQVTITLTSPIIR/2
596.35281405,2,986.427,1.22891007,LFTAESLIGLK/2
824.75873763,3,986.427,0.88539655,TVEEVLGHFGVNESTGLSLEQVK/3
551.84716758,2,987.17,1.21541009,ITIAAYLPLK/2
609.31765622,3,987.17,0.88258273,FPNLVDPWTPHLYAR/3
735.91376707,2,987.914,1.23526261,DLAPYLPSVTPGLK/2
658.38263415,2,988.657,1.23725175,TLQLALDLVSSR/2
546.31041788,2,988.657,1.21908711,TEILPPFFK/2
708.90848473,2,989.401,1.23108138,LAALPNVYEVISK/2
537.83713422,2,989.401,1.21820902,ITFLLQAIR/2
464.80256309,2,989.401,1.19763796,FVPLILAR/2
661.36117036,2,990.144,1.23310089,VLGTAFDPFLGGK/2
466.78182763,2,990.144,1.20720059,VALLDVFR/2
699.84536153,2,990.144,1.22807895,QQDVFMFLTNR/2
721.38791646,4,990.144,0.77144065,ISVIVETVYTHVLHPYPTQITQSEK/4
822.40852292,2,990.144,1.23179867,SMLVISGGEGYIDFR/2
788.38485084,2,990.144,1.20697121,SHLIVWQVMYGNE/2
631.83498542,2,990.888,1.22586253,GIDPFSLDALSK/2
730.35681328,2,990.888,1.2486197,DVEDEILWVGER/2
696.36377088,3,990.888,0.88139087,GHYTEGAELVDSVLDVVRK/3
786.69950258,3,990.888,0.87938509,MQEAMTQEVSDVFSDTTTPIK/3
694.84026774,2,991.631,1.22463411,EYNEFAEVFLK/2
759.36156427,2,991.631,1.23900072,FEDTLEFVGFDAK/2
671.32029738,3,991.631,0.88104396,VADEMDVMLGQEVGYSIR/3
509.32640238,2,991.631,1.20888516,LYNLLLLR/2
573.55340473,4,991.631,0.75251889,ALVAIGTHDLDTLSGPFTYTAK/4
837.94051315,2,991.631,1.2400294,NVSIVAFYIYEQTK/2
545.79095799,4,992.375,0.75066339,SVLLLAYKPMEGNFEEIAR/4
630.36177041,4,993.118,0.74670562,NVFIIGATNRPDIIDPAILRPGR/4
840.14660172,3,993.118,0.8797776,NVFIIGATNRPDIIDPAILRPGR/3
615.84007081,2,993.118,1.22703606,SDWQLIVELK/2
764.40211415,3,993.118,0.88323451,ALVAIGTHDLDTLSGPFTYTAK/3
546.54183439,4,993.862,0.74668675,EPELQQYVPQLQNNTILR/4
514.27657507,2,993.862,1.21660132,SIFDFSALK/2
730.89577127,2,993.862,1.24106503,NLATTVTEEILEK/2
591.08239808,4,994.606,0.76835221,TLAYLLPAIVHINHQPYLER/4
627.85826355,2,994.606,1.2192337,ELGIWEPLAVK/2
659.86797099,2,995.349,1.22906453,MQLLEIITTEK/2
827.40957713,2,995.349,1.24682116,FEVIEFDDGAGSVLR/2
633.36625579,2,995.349,1.21806398,TLPLFYGSIVR/2
732.87547004,2,995.349,1.22917496,ELQLPSMSMLTSK/2
651.98993352,3,995.349,0.87352397,SESIRPDEFSLEIFER/3
710.8828013,2,996.093,1.24199414,FVDIFQQTPLGR/2
611.27397207,4,996.093,0.76292219,YEEYDNAIITMMNHPTDAWK/4
659.87190227,2,996.093,1.23526266,YNVEAVELLIR/2
657.36031311,2,996.093,1.22384428,LLVPEIDEVMR/2
688.36612674,2,996.836,1.23800192,NSMVALVENLASK/2
585.35569108,2,996.836,1.22120877,GVPTGFILPIR/2
693.4055779,2,996.836,1.23221007,LWTEIPTAITIK/2
742.73542758,3,996.836,0.88097977,ASPSPTDPVVPAVPIGPPPAGFR/3
554.30586387,2,996.836,1.22060462,YDTVLDILR/2
585.55239907,4,996.836,0.75204536,IDQLEGDHQLIQEALIFDNK/4
787.73727393,3,997.58,0.89442731,VALIGSPVDLTYTYDHLGDSPK/3
718.41700828,2,997.58,1.24255146,SNPDQPAVILLLR/2
591.05477457,4,997.58,0.76145467,VALIGSPVDLTYTYDHLGDSPK/4
660.83941048,2,998.324,1.23309887,SLDMDSIIAEVK/2
657.3133629,2,998.324,1.23022086,FEELNMDLFR/2
754.88520656,2,998.324,1.23692346,TGTLVEEAFWIDK/2
520.8267665,2,998.324,1.21002357,NIIIALIDR/2
666.36760683,2,998.324,1.21780198,EELYMPPLVIK/2
764.87316185,2,999.067,1.2516445,ESADPLGAWLQDAR/2
738.90085666,2,999.067,1.23173386,YDNLITPVVDSLK/2
530.76224627,2,999.067,1.21134815,YFPFMDLK/2
431.55668448,3,999.067,0.85618385,ISMPDIDFNLK/3
793.40971451,2,999.067,1.2399323,HWPTFISDIVGASR/2
736.36444136,2,999.811,1.23874189,DFYVAFQDLPTR/2
591.8238894,2,999.811,1.22652122,VEDLFLTFAK/2
596.30754925,2,999.811,1.22753547,LIDWSALMDK/2
684.38378825,2,999.811,1.22616378,TLQTISLLGYMK/2
717.3821112,2,1000.554,1.22405053,QFILVMNALDNR/2
799.4454313,2,1000.554,1.24194292,ELVGPPLAETVFTPK/2
884.75238351,3,1000.554,0.88343843,MTTQSPLNQSSMNAMGSLSVLSPDR/3
581.34753169,2,1000.554,1.2184294,SLPASLSFLVK/2
608.83954793,2,1001.298,1.22624751,DLSLLQIQMR/2
648.64376883,3,1001.298,0.88995339,DSDPVMAGIGEEIAHFQK/3
406.97807297,4,1001.298,0.73910656,TGAIVDVPVGEELLGR/4
661.85879487,2,1002.041,1.23096326,FLFVDADQIVR/2
659.32509329,3,1002.041,0.87371604,DDVAQTDLLQIDPNFGSK/3
560.95281972,3,1002.041,0.87910014,ETDDTLVLSFVGQTR/3
404.71889302,4,1002.041,0.73960075,DSLLISADDAEVVLR/4
634.88788673,2,1002.785,1.24376049,ISLQAIQQLVR/2
693.67736107,3,1002.785,0.87843834,NINADEAAAMGAVYQAAALSK/3
556.83733117,2,1002.785,1.22028795,DLIGVQNLLK/2
725.71083623,3,1003.528,0.87685893,LAPITSDPTEATAVGAVEASFK/3
671.40303523,2,1003.528,1.22165623,ALLVEVQLLESK/2
544.53494629,4,1003.528,0.74496353,LAPITSDPTEATAVGAVEASFK/4
555.36826717,2,1004.272,1.22207634,LLGAALPLLTK/2
779.41720521,2,1004.272,1.24064738,SPQTPELVEALAFR/2
697.86935954,2,1005.015,1.24058333,FVFGTTPEDILR/2
765.3889791,2,1005.015,1.25320142,NTIQWLENELNR/2
656.37956013,2,1005.015,1.23009901,AQPLSLEELLAK/2
802.41994486,2,1006.502,1.25232613,SVEEVASEIQPFLR/2
718.36444133,2,1007.246,1.24527245,NGEDLGVAFWISK/2
604.33207859,2,1007.246,1.21487269,DSLIFLVDASK/2
646.83138848,2,1007.246,1.22247242,ISMPDIDFNLK/2
646.83138848,2,1007.246,1.22384258,ISMPDFDLNLK/2
431.55668448,3,1007.246,0.85719285,ISMPDFDLNLK/3
614.86661991,2,1007.989,1.23097608,TLGVDLVALATR/2
620.29992116,2,1007.989,1.22919134,EDLSGIAEMFK/2
595.813856,2,1007.989,1.23021668,DFDFVPPVVR/2
600.36097346,2,1007.989,1.23004367,FLPEILALQR/2
673.87497629,2,1008.733,1.24796212,LGLQNDLFSLAR/2
485.74270245,2,1008.733,1.21517743,SWDIFFR/2
757.40016656,2,1009.477,1.24583538,ISMPDIDLNLTGPK/2
557.97366661,3,1010.22,0.87056612,HITAAEIDTFVSLVR/3
723.71944325,3,1010.22,0.87913477,IIEYSVYLAIQSSQAGGELK/3
546.80074867,4,1010.963,0.74914604,VFHLPTTTFIGGQESALPLR/4
826.41275096,2,1010.963,1.23909859,SQPDMAIMAVNTFVK/2
812.35902998,2,1010.963,1.24787833,DPDNEFATMWIER/2
845.39138443,2,1010.963,1.25224734,DENYYQLEELAFR/2
797.370255,2,1011.707,1.24276665,ENAAYFQFFSDVR/2
806.3937301,2,1011.707,1.24803237,LDENSAFLQFNWK/2
734.41955094,2,1011.707,1.23715385,ALVLANPEVSLWR/2
702.34651424,4,1011.707,0.76840943,VDTVNHLADELINSGHSDAATIAEWK/4
657.39006523,2,1011.707,1.23320481,IFIAQPAWVLR/2
548.80730238,4,1012.45,0.76131698,IPGLLSPHPLLQLSYTATDR/4
677.33789222,2,1012.45,1.23940662,VDVEEEFFALR/2
789.77584009,3,1012.45,0.89023737,LNIIIVAEGAIDTQNKPITSEK/3
644.88481269,2,1013.194,1.22788713,ILEFIAVSQLR/2
587.33990362,2,1013.194,1.22328804,ALVDILSEVSK/2
634.35027138,2,1013.194,1.22579982,LLEVYDQLFK/2
616.65343282,3,1013.194,0.87864979,DRVTSAVEALLSADSASR/3
766.87263053,2,1013.937,1.25048255,FEWELPLDEAQR/2
717.34337154,2,1014.681,1.24702534,DVDEIEAWISEK/2
729.38144247,2,1014.681,1.23707212,LDAIEDLMVVPDK/2
938.14191023,3,1014.681,0.87745278,DQAVFPQNGLVVSSVDVQSVEPVDQR/3
587.06166259,4,1015.425,0.75889444,LSFAHPPSAEVEAIALATLHDR/4
782.41312463,3,1015.425,0.89382205,LSFAHPPSAEVEAIALATLHDR/3
496.27657508,2,1015.425,1.21862529,ENLLDFIK/2
747.36886641,2,1015.425,1.23779581,DIIDTPMDFATVR/2
555.31570023,2,1015.425,1.211025,IIFVDEVFK/2
654.32257654,2,1015.425,1.24420414,SLDDFQAWLGR/2
779.88607224,2,1015.425,1.25914259,GGGPSALWEITWER/2
660.35334536,2,1016.168,1.22593463,EEYGFLPVPLR/2
680.87718459,2,1016.168,1.22923012,ELSAVTFPDIIR/2
670.37416455,3,1016.168,0.8850853,HVRSWSNIPFITVPLSR/3
794.3881134,2,1016.912,1.23378943,ELPTAFDYVEFTR/2
792.40122079,2,1017.655,1.24834698,ASELNPESIYSVFK/2
651.03151587,3,1017.655,0.87838457,LLSHGVPLPNWLINSYK/3
661.36959541,4,1018.399,0.77377024,INFAVFPSLQGGPHNHAIAAVAVALK/4
881.49036839,3,1018.399,0.90744536,INFAVFPSLQGGPHNHAIAAVAVALK/3
710.37754875,2,1019.142,1.24076446,LEGLTDEINFLR/2
679.33736093,2,1019.142,1.23088668,ELGEYFLFDPK/2
810.90593029,4,1019.142,0.76780515,SRQELEQHSVDTASTSDAVTFITYVQSLK/4
906.15537965,3,1019.142,0.88414332,VLTFALSEEVRPQDTVSVIGGVAGGSK/3
757.35883303,2,1019.142,1.23967771,EMFNLFQVTDNR/2
855.96927061,2,1019.142,1.24610606,ILLTLVANPYSYTDK/2
762.92466609,2,1019.142,1.24177973,VVSSVLQFGNISFK/2
408.22661956,4,1019.142,0.73600704,LGTPVLQALGDGDFVK/4
921.9728759,2,1019.142,1.27463151,TDELGLASSWHWISLK/2
677.39045918,2,1019.887,1.22965256,VPEILQLSDALR/2
667.90574509,2,1019.887,1.2329061,GLLPQLLGVAPEK/2
633.33481824,2,1019.887,1.22271511,EDSLDSVLFLK/2
622.36645277,2,1019.887,1.24157199,IISAISELLER/2
676.37701743,2,1021.374,1.23711391,DAAIYLVTSLASK/2
751.87959831,2,1021.374,1.23605581,QLQDELEMLVER/2
666.34571728,2,1022.117,1.22878287,EGIPALDNFLDK/2
770.73274581,3,1022.117,0.88179798,VGAIPANALDDGQWSQGLISAAR/3
563.81639875,2,1022.861,1.21561274,APWELLELR/2
610.85552389,2,1022.861,1.22059553,GVTFLFPIQAK/2
587.82696343,2,1022.861,1.21359567,DFILPISDVR/2
407.57277475,3,1022.861,0.854907,GVTFLFPIQAK/3
742.04153448,3,1022.861,0.87821396,TSMTEEYRVPDGMVGLIIGR/3
569.30951489,4,1022.861,0.7652003,MGLVDQLVEPLGPGLKPPEER/4
649.36812801,3,1022.861,0.88604483,VYFLPITPHYVTQVIR/3
662.80517373,2,1023.604,1.23648863,FFEDYGLFMR/2
688.86576261,2,1023.604,1.23059641,TDLVPAFQNLMK/2
737.92615457,2,1024.348,1.23202415,MVFINNIALAQIK/2
612.32065662,2,1024.348,1.22899878,TMVQELLDFK/2
938.48120982,3,1024.348,0.8932846,YTPRGAGSYTIMVLFADQATPTSPIR/3
408.5495299,3,1024.348,0.85874354,TMVQELLDFK/3
739.37903718,2,1025.0911,1.2284818,APLPDLYPFGTMR/2
492.30546992,2,1025.0911,1.20986065,SWLLPVIR/2
852.75880981,3,1025.0911,0.8965867,MIINEELMASLDQPTQTVVMHR/3
546.78536427,4,1025.0911,0.75254395,FANSLVGVQQQLQAFNTYR/4
627.31088891,4,1025.835,0.76459038,IYNHPPHPTMSVDEVLEMLQR/4
619.34498902,2,1025.835,1.22204447,EYLPFLNTLK/2
506.78043902,2,1025.835,1.21172457,FDMIFIVK/2
766.86701384,2,1025.835,1.24648505,YDVEIVEEYFAR/2
753.64789337,4,1026.579,0.76841371,HIADLAGNSEVILPVPAFNVINGGSHAGNK/4
804.39033015,2,1026.579,1.24244791,GEDNIDFMPTILSR/2
591.08239807,4,1026.579,0.77099306,TLSYLLPAIVHINHQPFLER/4
758.7444285,3,1026.579,0.88048613,VTKLQVELDNVTGLLSQSDSK/3
864.47198604,3,1026.579,0.90198187,LVEIVGMHDLGVGITLGAHQSIGFK/3
569.31014049,4,1026.579,0.74695463,VTKLQVELDNVTGLLSQSDSK/4
662.82630307,2,1026.579,1.23549231,DTEAVMAFLEAK/2
621.62252801,3,1026.579,0.87959614,FFQPTEMAAQDFFQR/3
650.12579989,4,1027.322,0.76381646,LLQDHPWLLSQNLVVKPDQLIK/4
866.49864103,3,1028.0659,0.89549294,LLQDHPWLLSQNLVVKPDQLIK/3
681.3748091,2,1028.81,1.23949086,AQFEGIVTDLIR/2
701.04516187,3,1028.81,0.87332612,KGEPVSAEDLGVSGALTVLMK/3
997.98014885,2,1028.81,1.24995519,QMEVMEMEVMEARLIR/2
589.30860347,2,1030.297,1.2290553,EAVGDLLDAFK/2
717.86850228,2,1030.297,1.23127615,APESLFLLEEMR/2
535.81586742,2,1030.297,1.21793312,VDSLIPWIK/2
915.98218939,2,1030.297,1.26809425,FDLSQNHPLGMAIFLK/2
838.95395485,2,1031.04,1.24630978,VIVSDVQESFIWVR/2
736.40050095,2,1031.04,1.24121722,DSPLLLQQISAMR/2
845.77120055,3,1031.04,0.89948936,QYASLTGTQALPPLFSLGYHQSR/3
634.58021953,4,1031.04,0.76682957,QYASLTGTQALPPLFSLGYHQSR/4
806.40429482,2,1031.04,1.2484882,GLLTYTSWEDALSR/2
607.33241295,2,1031.783,1.23594333,ALSPLEEWLR/2
746.35172792,2,1031.783,1.24823508,LTLEDLEDSWDR/2
405.22403412,3,1031.783,0.8669472,ALSPLEEWLR/3
686.72464004,3,1031.783,0.87319521,KEPLFGISTGNLITGLAAGAK/3
798.74225346,3,1032.527,0.89781492,TLDGIFSEQVAMGYSHSLVIAR/3
599.30850921,4,1032.527,0.76303371,TLDGIFSEQVAMGYSHSLVIAR/4
856.41726305,3,1032.527,0.90143576,EFASHLQQLQDALNELTEEHSK/3
659.3293389,2,1033.271,1.22367142,YPSPFFVFGEK/2
642.5647664,4,1033.271,0.76113053,EFASHLQQLQDALNELTEEHSK/4
564.28229442,4,1033.271,0.7551312,GVNWAAFHPTMPLIVSGADDR/4
498.32861069,2,1034.0139,1.21050183,IPALDLLIK/2
692.3901248,2,1034.0139,1.22995034,SVLELIPELNEK/2
648.84535312,2,1034.0139,1.22556364,VFDFLVDSINK/2
830.46225548,3,1034.0139,0.89265134,AVPLEAVTGLSVTSGGDQLVVLHAR/3
517.30005018,2,1034.758,1.21392705,GVIDLIFEK/2
657.3341469,4,1034.758,0.76907367,VFNTTPDDLDLHVIYDVSHNIAK/4
876.10977038,3,1034.758,0.90427629,VFNTTPDDLDLHVIYDVSHNIAK/3
698.40336958,2,1034.758,1.23396523,IPANQLAELWLK/2
717.4161426,2,1035.501,1.24190052,VSASPLLYTLIEK/2
699.42175928,2,1035.501,1.23571048,LGLVGVNLTLDGVK/2
402.22661956,4,1035.501,0.7418745,LAATNALLNSLEFTK/4
561.80243411,2,1036.244,1.22809494,DMILQFISR/2
707.8537095,2,1036.244,1.23643413,FQELIFEDFAR/2
530.27911777,2,1036.244,1.22048145,DLGFFGIYK/2
711.35661635,2,1036.988,1.24566042,GYEEWLLNEIR/2
684.90353677,2,1036.988,1.25810154,EGGFLLLHTLLR/2
698.87718461,2,1037.7319,1.24261566,FYNELTEILVR/2
721.89980242,2,1037.7319,1.229971,GSPMEISLPIALSK/2
610.85720934,2,1037.7319,1.22874792,IFGLLMGTLQK/2
495.3107523,2,1037.7319,1.21997827,ISLIQIFR/2
407.57389838,3,1037.7319,0.85878659,IFGLLMGTLQK/3
622.34826002,2,1038.475,1.22264174,DSLIIIDELGR/2
833.43062098,3,1039.219,0.88970558,ETVVEVPQVTWEDIGGLEDVKR/3
644.33260989,2,1039.219,1.24343758,GWEEALENVIK/2
429.89083208,3,1039.219,0.86735333,GWEEALENVIK/3
666.38378821,2,1039.219,1.22837344,SLVALLVETQMK/2
984.5254726,2,1039.219,1.24530878,ILQPNTTDEFVIPLDPR/2
727.39353317,2,1039.9619,1.25263383,TAQNLSIFLGSFR/2
572.06166261,4,1039.9619,0.76169961,DSSQVHPLAVLLLTDGDVHIR/4
884.47528473,3,1039.9619,0.89183258,LSAIYGGTYMLNKPIEEIIVQNGK/3
625.32478485,4,1039.9619,0.75570423,ETVVEVPQVTWEDIGGLEDVKR/4
762.41312465,3,1039.9619,0.89695903,DSSQVHPLAVLLLTDGDVHIR/3
588.84736453,2,1039.9619,1.22205464,LFEISDIVIK/2
718.85318659,2,1039.9619,1.25671552,DIINMLFYHDR/2
847.7868506,3,1039.9619,0.89774348,LFDLIQSELYVRPDDVHVNIR/3
636.09195706,4,1039.9619,0.76287538,LFDLIQSELYVRPDDVHVNIR/4
999.17092389,3,1039.9619,0.89081678,AVYLGELPHDQDVVEYIMNQPNVVPR/3
544.78744431,2,1040.706,1.23559152,WPFWLSPR/2
665.34552033,2,1040.706,1.22777729,LFEFAGYDVLR/2
827.44270013,2,1040.706,1.23976588,QLIAQVMLYSQGFR/2
606.66075987,3,1040.706,0.87122187,TLQGLEIELQSQLSMK/3
758.88774923,2,1041.449,1.22755698,ELPAWVSFPDVEK/2
738.90085666,2,1041.449,1.23952201,LDNLLLDTEGFVK/2
685.85116684,2,1042.192,1.24303346,ELSDFISYLQR/2
408.93571084,4,1042.192,0.73846306,SDYDMVDYLNELR/4
815.39901247,2,1042.192,1.25868615,FQSTYEELTGWLR/2
630.86354592,2,1042.936,1.23023899,FELALQLGELK/2
673.88755237,2,1042.936,1.24736239,ITQDIFQQLLK/2
708.87008786,2,1042.936,1.24676075,NSNILEDLETLR/2
931.97835521,2,1043.6799,1.26239044,TEAEQQITEVFVLAER/2
751.86173148,2,1043.6799,1.24686829,DSTEYFIVFEPR/2
863.49090151,2,1043.6799,1.2566392,VEAAIALQVLISNQEK/2
749.90359632,2,1044.423,1.23541549,TENPLILIDEVDK/2
607.36879847,2,1044.423,1.21572073,QEVPIIIVFR/2
693.01978131,3,1044.423,0.88047837,DVYEELLTQAEIQGNINK/3
709.87992423,2,1044.423,1.24218885,VFLALVEEVEDR/2
692.68937253,3,1044.423,0.88062807,YSDLTTLVAFPSSSVYPTK/3
405.24829114,3,1044.423,0.85523312,QEVPIIIVFR/3
617.83796232,2,1045.167,1.20883713,QFINLMLPMK/2
801.90782441,2,1045.167,1.24681807,LMEEDELPSWIIK/2
680.85224118,4,1045.167,0.77550574,FTFYDGPPFATGLPHYGHILAGTIK/4
873.12665549,3,1045.9099,0.89113327,NVLLDPQLVPGGGASEMAVAHALTEK/3
695.38157987,2,1045.9099,1.22959478,GWLTINNISLMK/2
655.09681074,4,1045.9099,0.75918466,NVLLDPQLVPGGGASEMAVAHALTEK/4
411.22942791,4,1045.9099,0.7503075,LAFLNVQAAEEALPR/4
663.68843256,3,1045.9099,0.87628043,VQSSEMGTSVLIMQPILR/3
611.8507729,2,1045.9099,1.23735945,FGIAVLGYLNR/2
680.32234486,4,1045.9099,0.76285851,QYSHHSSVQDAVSQLDSELMDITK/4
809.38610202,4,1046.654,0.7679948,SSFDWLTGSSTDPLVDHTSPSSDSLLFAHK/4
588.82917176,2,1046.654,1.23115211,FLDVLELAEK/2
586.32218434,3,1046.654,0.86612622,VSYFPTVPGVYIVSTK/3
862.00364472,2,1047.398,1.23137215,QLLLTPNAVVIVEDAK/2
702.33122129,2,1048.141,1.2251944,MYFPDVEFDIK/2
729.89557433,2,1048.141,1.2353964,QLWGLLIEETEK/2
705.36424442,2,1048.141,1.23186717,DVLLPWYNAYR/2
750.03024012,3,1048.141,0.88618716,DVVENGETADQTLSLMEQLR/3
740.41955098,2,1048.141,1.24498768,IQLSWLLPPQER/2
639.34806302,2,1048.885,1.21779948,QWFINITDIK/2
426.56780083,3,1048.885,0.85384658,QWFINITDIK/3
635.84515616,2,1049.6279,1.23163621,FLNEFFLNVK/2
781.12883915,4,1049.6279,0.77720282,VATTAGLYGSNLMEHTEIDHWLEFSATK/4
408.47924585,4,1050.3721,0.74196923,LAALADQWQFLVQK/4
584.29529912,2,1050.3721,1.22921512,NLPFDFTWK/2
707.60389156,4,1051.115,0.76430402,VEHINLHPELDGQEYVVEFDFLGK/4
691.33917953,3,1051.115,0.88659955,EDAQVAAEILEIADTPSGDK/3
851.77802075,3,1051.859,0.88197669,VLILGSGGLSIGQAGEFDYSGSQAVK/3
651.83805943,2,1051.859,1.2428534,EWSGLLEELAR/2
708.8919774,2,1051.859,1.23413486,LLLQGLMDSVEAK/2
575.32933893,2,1051.859,1.22789418,AALSALESFLK/2
557.34426917,2,1051.859,1.22220404,LLNILMQLR/2
558.31570867,2,1051.859,1.23367015,DLIQMLVQR/2
663.33885779,2,1051.859,1.2418563,ASFQTLIQMMR/2
404.46861245,4,1051.859,0.74460855,FPEVIINFPDPAQK/4
636.85591784,2,1052.602,1.23849398,SLDLDGIIAEVK/2
656.88280132,2,1052.602,1.24000014,NDGVLLLQALTR/2
797.43749312,3,1052.602,0.88673807,HHGPQTLYLPVTLSSIPVFQR/3
681.36769338,3,1052.602,0.87752997,VAMANIQPQMLVAGATSIAR/3
598.32993896,4,1053.346,0.75729314,HHGPQTLYLPVTLSSIPVFQR/4
673.11596347,4,1054.089,0.77846745,RPVINAGDGVGEHPTQALLDIFTIR/4
680.86100322,2,1054.089,1.22535943,ELSNFYFSIIK/2
730.42396764,2,1054.833,1.23529348,IISLDLPVAEVYK/2
673.40812064,2,1054.833,1.22963446,LQQLFIELTLK/2
673.40812064,2,1054.833,1.22727294,LQQIFIELTLK/2
741.40525195,2,1055.577,1.24016516,EAELLEPLMPAIR/2
816.13206966,3,1055.577,0.88457339,AIVHAVGQELQVTGPFNLQLIAK/3
612.35087136,4,1055.577,0.75571784,AIVHAVGQELQVTGPFNLQLIAK/4
781.43112777,3,1055.577,0.90018521,VTTGSVPVSMATVIIHIPQYTK/3
761.40102378,2,1056.3201,1.23354852,NLVDPFVEVSFAGK/2
471.26455805,3,1056.3201,0.87099279,ELLITDLLPDNR/3
704.85899184,2,1057.064,1.24439609,EWLTELFQQSK/2
604.328816,2,1057.064,1.22874546,MFTLLDVVNR/2
403.22163615,3,1057.064,0.86239882,MFTLLDVVNR/3
554.04682125,4,1057.064,0.75710819,EEGFPIRPHYFWPLLVGR/4
735.4234447,2,1057.064,1.23981807,LSDGIGVMLPQVLK/2
529.30566687,2,1057.064,1.21367032,GWLVDLINK/2
529.30566687,2,1057.064,1.21845649,GWLVDLLNK/2
690.92667751,2,1057.807,1.23552718,VLGATLLPDLIQK/2
691.32277351,2,1058.551,1.25298908,DLDDFQSWLSR/2
629.8921064,2,1058.551,1.2273361,TLAGLPLLVAYK/2
755.0911823,4,1058.551,0.77218154,DLGHAQMVVDELFSSHSDLDSDSELDR/4
727.03655493,3,1058.551,0.88044088,LSAASTWLEDEGVGATTVMLK/3
717.40356654,2,1059.294,1.24489065,SVDPTLALSVYLR/2
600.3477287,2,1059.294,1.23517175,DLEDLQILIK/2
840.72968471,3,1060.0381,0.89051787,TVLSANADHMAQIEGLMDDVDFK/3
630.79908265,4,1060.0381,0.75696756,TVLSANADHMAQIEGLMDDVDFK/4
575.68690943,3,1060.0381,0.86510885,RFPVAPLIPYPLITK/3
745.37702582,2,1060.782,1.2347416,QMNPFIEDILNR/2
627.88702102,2,1060.782,1.22658403,IALLNVELELK/2
682.3213052,4,1060.782,0.76865601,YSHDFNFHINYGDLGFLGPEDLR/4
639.35367967,2,1060.782,1.24015527,ANLGVFSVFAPR/2
804.39033013,2,1062.2681,1.2497859,DVSELTGFPEMLGGR/2
401.48299119,4,1062.2681,0.73743827,IPVDTYNNILTVLK/4
741.1231969,4,1062.2681,0.77138064,DLMLMSHLQDNIQHADPPVQILYNR/4
809.4333866,2,1062.2681,1.25357567,DAQGLVLFDVTGQVR/2
727.88362104,2,1063.012,1.2349133,FLLEYIAPMTEK/2
781.41279026,3,1063.012,0.87760559,ASGPGLNTTGVPASLPVEFTIDAK/3
863.80093688,3,1063.012,0.88674839,IITITGTQDQIQNAQYLLQNSVK/3
586.31141181,4,1063.012,0.74765492,ASGPGLNTTGVPASLPVEFTIDAK/4
542.64314641,3,1063.012,0.86765096,TSVPVLDAELFIPPK/3
691.87867306,2,1063.756,1.23213436,TLITFAGMIPYR/2
669.81593537,2,1063.756,1.2374127,ALEDMFDALEGK/2
614.31575806,3,1063.756,0.87884852,VLSDVDAFIAYVGTDQK/3
657.32267636,2,1063.756,1.22828439,FLPSVFMDAMR/2
508.82877785,2,1065.2429,1.21987695,ILNIFGVIK/2
836.70789222,3,1065.2429,0.88131198,IMQSSSEVGYDAMAGDFVNMVEK/3
679.38992784,2,1065.2429,1.22369808,LLFPAVDDNLLK/2
686.87517322,2,1065.2429,1.24164093,GNSLTVLDVLEGR/2
582.37354951,2,1065.987,1.22605721,IALGIPLPEIK/2
882.75103698,3,1066.73,0.89902218,DGDVTVTNDGATILSMMDVDHQIAK/3
731.9294172,2,1066.73,1.24885341,LYLQELITITQK/2
859.10613736,3,1066.73,0.88623866,TFSHELSDFGLESTAGEIPVVAIR/3
753.38791641,3,1066.73,0.88659171,ELPAWVSFPDVEKAEWLNK/3
721.90373373,2,1067.474,1.24422147,LPDIFEAQIAGLR/2
615.3011128,2,1067.474,1.2303264,QNIFEFFER/2
676.92922022,2,1068.217,1.22968277,VLLVLELQGLQK/2
618.32627333,2,1068.217,1.21910653,GDFILVGDLMR/2
412.55327437,3,1068.217,0.85646437,GDFILVGDLMR/3
599.67539778,3,1068.217,0.87048939,NVQALEIELQSQLALK/3
852.40385455,3,1068.9609,0.88439188,FTVDTISAGQGDVMVFVEDPEGNK/3
549.31368887,2,1069.7051,1.22014806,VLPGVDALSNI/2
702.03292194,3,1069.7051,0.87654022,MLVDDIGDVTITNDGATILK/3
885.41010839,2,1069.7051,1.25437507,NEGDDFGWGVVVNFSK/2
688.88226998,2,1070.448,1.23809762,ADVFHAYLSLLK/2
786.42783861,4,1070.448,0.77655856,AGLLHNILPSQSTDLHHSVGTELLSLVYK/4
494.76764586,4,1070.448,0.75887404,EENVKADVFHAYLSLLK/4
670.89845135,2,1071.192,1.23900979,VNILEVASGAVLR/2
573.31368887,2,1071.192,1.22884871,GVISDILDWK/2
751.35879695,3,1071.192,0.9011701,DFAADSWSLAVDSSFLQQHK/3
639.353011,2,1073.422,1.23446965,DEEAIFITLVK/2
426.57109949,3,1073.422,0.86197517,DEEAIFITLVK/3
548.02284881,4,1074.166,0.75852912,GPLLVQDVVFTDEMAHFDR/4
835.73280536,3,1074.166,0.8899584,SEDSTKDDIDLDALAAEIEGAGAAK/3
828.96960498,2,1074.166,1.2568319,YAVQLINALIQDPAK/2
746.89831399,2,1074.166,1.24644046,IGEEFLTDLSQLK/2
670.90541076,2,1074.9089,1.23244767,IILDLISESPIK/2
677.40303523,2,1074.9089,1.23226493,ATLQEILPEVLK/2
616.80295697,2,1074.9089,1.22257329,EVWDYVFFK/2
601.99988137,3,1074.9089,0.87316469,TAVDSGIPLLTNFQVTK/3
885.96399663,2,1074.9089,1.27431939,EMDLVGLGLHPLFSSR/2
710.87223658,2,1075.6531,1.24536986,FTLWWSPTINR/2
758.72442273,3,1075.6531,0.88407802,ASVMLEHDPQYAVILAFDVR/3
710.38686221,2,1075.6531,1.24765484,ITMELFSNIVPR/2
619.66192834,3,1075.6531,0.88530468,SVQNDSQAIAEVLNQLK/3
411.53773014,3,1075.6531,0.85896941,EVWDYVFFK/3
545.0311025,4,1075.6531,0.76151628,FLEFQYLTGGLVDPEVHGR/4
587.85077291,2,1076.396,1.23917452,GILLQLFGGTR/2
726.37237784,3,1076.396,0.8936001,FLEFQYLTGGLVDPEVHGR/3
727.10452138,4,1076.396,0.76822582,VEQIAAIAQELNELDYYDSHNVNTR/4
616.78258989,4,1077.14,0.75573382,GWTGQESLSDSDPEMWELLQR/4
822.0410277,3,1077.14,0.88717147,GWTGQESLSDSDPEMWELLQR/3
657.35099965,2,1077.14,1.24291912,DPSEEIEILLR/2
696.36559546,2,1077.884,1.2197384,QPALDVLYDVMK/2
687.34773703,2,1077.884,1.24386632,WPDLLTEMVNR/2
776.87484724,2,1078.6279,1.25461442,NDVMNLLESAGFSR/2
514.61693168,3,1078.6279,0.86791236,IWYGTGLTFVSGLK/3
624.70328777,3,1079.371,0.88778218,DITPLQVVLPNTALHLK/3
710.89864831,4,1079.371,0.77152139,DALNIETAIKTKGVDEVTIVNILTNR/4
861.11295757,3,1079.371,0.87981577,SPSLDVTVPEAELNLETPEISVGGK/3
847.7467206,3,1080.115,0.89967277,FAVQDVNDVLDLEWDQHLEQK/3
728.39507101,3,1080.115,0.87128945,TPSFGISAPQVSIPDVNVNLK/3
736.4477771,2,1080.115,1.23689156,LLVPTQYVGAIIGK/2
649.59363827,4,1080.8579,0.78636815,WMSETGIIDVFLLLGPSISDVFR/4
621.86027496,2,1080.8579,1.21878272,VYFPYLLISK/2
558.26908436,2,1080.8579,1.24130757,WFDFPFTR/2
865.7890922,3,1080.8579,0.91734321,WMSETGIIDVFLLLGPSISDVFR/3
711.37087778,2,1081.602,1.24028724,IIGIMEEVADGFK/2
700.91102743,2,1082.345,1.2254069,LLPLVSDEVFIR/2
595.80212269,4,1083.833,0.76116285,LNHVGDWGTQFGMLIAHLQDK/4
406.57618486,3,1083.833,0.86649789,FVSISDLLVPK/3
609.36063906,2,1083.833,1.23930388,FVSISDLLVPK/2
794.06707143,3,1083.833,0.89488358,LNHVGDWGTQFGMLIAHLQDK/3
818.0723278,3,1083.833,0.88947773,LAGADVVLGVEMTSTGEVAGFGESR/3
647.01542558,3,1083.833,0.87473477,LPDMLNAEIVLGNVQNAK/3
613.80606497,4,1083.833,0.75539708,LAGADVVLGVEMTSTGEVAGFGESR/4
445.26237741,3,1083.833,0.87440649,IIIEYLLEATR/3
710.35373928,2,1084.576,1.24735108,STLAEIEDWLDK/2
601.32716387,3,1084.576,0.88317954,NFSEIHPGMLLIGFVK/3
645.85063548,2,1085.32,1.23375607,DGDDVIIIGVFK/2
709.3485943,2,1085.32,1.2509236,WGDIEFPPPFGR/2
430.90284914,3,1085.32,0.86303451,DGDDVIIIGVFK/3
605.31877421,2,1085.32,1.23861757,FTFGLDWVPK/2
668.38157147,2,1086.063,1.23315055,FLEEFITPIVK/2
830.08445634,3,1086.063,0.88086452,QFIDSNPNQPLVILEMESGASAK/3
718.36444138,2,1086.807,1.24036476,EGLDWDLIYVGR/2
884.4149677,2,1086.807,1.25229302,FIPGSALNGMVEMMDR/2
675.0442612,3,1086.807,0.89124096,ITVAALDASNLLASVPSPQR/3
651.34974844,2,1087.55,1.23819353,YIFTMLSSLAR/2
577.84462486,2,1087.55,1.2254457,FLLFSSLVTK/2
702.86321993,2,1088.294,1.23250274,EWLLGMLGAESAK/2
863.44409603,3,1088.294,0.90225908,YQFLADSDTSLMLSLNHPLAPVR/3
405.23852431,4,1090.525,0.75205869,LALLLSQFVGSQSVR/4
774.42704164,2,1090.525,1.2380055,NLYVTFPIPDLQK/2
765.41974793,2,1091.268,1.24815198,EVQLAQIFEPLSR/2
719.60950826,4,1091.268,0.77627003,AGTFQAFEQFGQQLLAHGHYASPEIK/4
724.38038826,2,1091.268,1.23642181,LIQLMEEIMAEK/2
689.84046471,2,1091.268,1.24360151,EDLAAFVEELDK/2
891.4789482,2,1091.268,1.23585217,VLPAVGISYVVYENMK/2
528.97624259,3,1091.268,0.86109156,RGVMLAVDAVIAELK/3
684.8959087,2,1092.011,1.2472504,LDNLVAILDINR/2
658.35757348,2,1093.499,1.2388187,YIFTMLSTLAR/2
777.96432264,2,1093.499,1.25192507,ITNININQALSILK/2
710.38124551,2,1094.242,1.24567259,LVDTAWLEIMTK/2
480.77928496,2,1094.242,1.23098699,SLLDFLPR/2
409.47516616,4,1094.986,0.74641842,LFADAVQELLPQYK/4
773.87483884,2,1094.986,1.24896502,EAFEELFAQTFSK/2
570.28954331,3,1095.729,0.87655077,EFNEDGALAVLQQFK/3
809.93302243,2,1095.729,1.24567419,AVPVWDVLASGYVSR/2
538.32352529,2,1096.472,1.21924983,EFLIALLEK/2
629.87391365,2,1097.216,1.23210283,VLGLLGALDPYK/2
608.340238,2,1097.959,1.24410993,LASDLLEWIR/2
405.89591749,3,1097.959,0.87137613,LASDLLEWIR/3
645.3514338,2,1098.703,1.22668338,ANVEAIMLAVMK/2
596.55995842,4,1098.703,0.76159936,FVELHFDELPSSELETILHK/4
547.8502416,2,1098.703,1.21577309,LPAIALDLLR/2
811.12709577,3,1098.703,0.90511997,LLEVNQQSLLGLTHGEAVQLLR/3
874.4315722,3,1098.703,0.90708359,GDADQASNILASFGLSARDLDELSR/3
653.82864881,2,1099.447,1.22888667,EFEPLLNWMK/2
732.88266392,2,1099.447,1.24082266,TEDFIIDTLELR/2
722.05471443,3,1099.447,0.89546706,GILSGTSDLLLTFDEAEVRK/3
466.48938187,4,1099.447,0.74665826,EAVEKEFEPLLNWMK/4
699.8562522,2,1100.19,1.23463035,EYPFILDAFQR/2
412.71769039,4,1100.19,0.74044159,QVGYEDQWLQLLR/4
844.45071374,2,1100.19,1.24377553,LYIAYQFLLAEDTK/2
607.36486718,2,1101.677,1.21469247,ELLPVLISAMK/2
846.11463288,3,1102.421,0.8998157,AGFIQDTSLILYEEVKPNLTER/3
669.71262299,3,1102.421,0.88794287,TVLGTPEVLLGALPGAGGTQR/3
869.78903124,3,1102.421,0.89577131,NPELVPQNYISDSLAQSVVQHLR/3
941.51764755,2,1102.421,1.26010899,AVETPPLSSVNLLEGLSR/2
718.40644361,2,1102.421,1.25160981,YLFLNAIANQLR/2
717.90320237,2,1103.165,1.23627298,FNVLQYVVPEVK/2
646.85126668,2,1103.165,1.23870898,LSMSLMEQLLK/2
555.83713421,2,1103.908,1.22736859,LLLPWLEAR/2
855.1187117,3,1104.652,0.89930829,VLQASVLDDWFPLQGGQGQVHLR/3
686.88213259,2,1104.652,1.2408631,SVEELLEAELLK/2
770.36866942,2,1104.652,1.24900838,SDFFLEGPFMPPR/2
714.40884891,2,1104.652,1.24973147,LLELQEVDSLLR/2
576.82792058,2,1104.652,1.20989509,QLYLPMLFK/2
792.45169085,3,1104.652,0.90174579,LQLNGNLQLELAQVLAQERPK/3
914.08507314,3,1105.395,0.88867124,ADDPSSYMEVVQAANTSGNWEELVK/3
753.38336241,2,1105.395,1.2650118,GQSEDPGSLLSLFR/2
683.38652787,2,1105.395,1.24365588,ISSILSSLTSVMK/2
594.59058725,4,1105.395,0.76561978,LQLNGNLQLELAQVLAQERPK/4
629.36371308,2,1108.369,1.23940518,DFLTPPLLSVR/2
596.37662353,2,1108.369,1.23414965,LALGIPLPELR/2
601.37374647,2,1109.113,1.23779402,LSSDVLTLLIK/2
401.2515898,3,1109.113,0.86401065,LSSDVLTLLIK/3
710.36136734,2,1109.113,1.23572882,SFLALDWDPDLK/2
403.56176984,3,1109.113,0.86435956,FSMGSVVAGLLK/3
604.83901653,2,1109.856,1.23786708,FSMGSVVAGLLK/2
706.39319884,2,1110.6,1.23796394,ELLITDLLPDNR/2
722.71737963,3,1110.6,0.88627407,DNKAIIASNIMYIVGQYPR/3
713.89009499,2,1110.6,1.23242019,NFQPVIIFSFSK/2
884.44660542,3,1110.6,0.89934662,VEVPQPLSWYPEELAWHTNLSR/3
700.90339938,2,1111.344,1.23976848,EQSILELGSLLAK/2
713.37989446,2,1111.344,1.2489313,FVDILTNWYVR/2
693.37757467,3,1111.344,0.90514587,FLNSGGFIGFATTIHQIVR/3
612.33352131,4,1111.344,0.75434709,GPTVGGGLPGIGVQGLEGNLQMPGIK/4
699.04426121,3,1112.087,0.88146388,VLQLINDNTATALSYGVFR/3
816.10893625,3,1112.087,0.88383801,GPTVGGGLPGIGVQGLEGNLQMPGIK/3
742.38431954,2,1112.831,1.2471566,YTLDLTGGMFPLR/2
618.88735538,2,1114.318,1.23944183,LVPDLLAIVQR/2
782.4285518,3,1114.318,0.88292874,LFLASLAAAGSGTDAQVALVNEVK/3
724.39689562,2,1114.318,1.23665393,VMLDLLQIPYDK/2
412.92732908,3,1114.318,0.87182817,LVPDLLAIVQR/3
874.46091456,3,1115.061,0.89084526,GPSADGALGVSISAPGGAIASVPNWTLR/3
563.8544697,2,1116.548,1.22172701,LPGLLMTIIR/2
966.44257103,2,1116.548,1.25772085,LFSMENWGGATFDVAMR/2
721.6350974,4,1116.548,0.78073656,KGDYLGKTVQVVPHITDAIQEWVMR/4
607.35060572,2,1117.292,1.23593787,AALLELWELR/2
405.23616264,3,1117.292,0.86803495,AALLELWELR/3
787.91576669,4,1118.78,0.77374401,QLFSDKLNEINEKIAPSFAVESIEDALK/4
630.36990682,4,1118.78,0.76203208,LGILIKARNFLVFQGAVESIAMK/4
586.79813729,4,1118.78,0.74912666,NIPPYFVALVPQEEELDDQK/4
633.36063906,2,1121.011,1.22899972,TFSFAIPLIEK/2
620.98898794,3,1121.754,0.87825454,ALQEWILETDGVSLMR/3
820.39172608,3,1121.754,0.89076958,TSTSNVEQYQAMVTSLEESLNK/3
620.87223663,2,1122.498,1.25375407,NVIQSVLQAIR/2
708.87591328,4,1122.498,0.76142392,YIYFYEKENDAVTIQVLNQLIQK/4
592.87540211,2,1123.241,1.22116196,LNMILVQILK/2
679.4081206,2,1123.241,1.22062104,QLIPIFTDVALK/2
563.08086103,4,1123.241,0.75192274,KIEFVVVGPEAPLAAGIVGNLR/4
750.43872255,3,1123.985,0.87925968,KIEFVVVGPEAPLAAGIVGNLR/3
782.0584589,3,1123.985,0.88949283,IFSGPSSEQFGYAVQQFINPK/3
544.55594743,4,1125.472,0.75229983,KFESEILEAISQNSVVIIR/4
710.40831761,2,1126.215,1.23590912,SQALIEELLLYK/2
687.4055779,2,1126.215,1.23200839,VNFLPEIITLSK/2
748.94339023,2,1126.215,1.25893691,LGLLGLANSLAIEGR/2
708.87940132,2,1126.215,1.25898816,LDAVNTLLAMAER/2
664.35882468,2,1126.959,1.24480056,DPTEEIEILLR/2
729.86681684,2,1126.959,1.24381359,ANEFEFVLSQFK/2
653.34074337,3,1127.703,0.88288459,QLEESVDALSEELVQLR/3
795.03521405,3,1128.447,0.88368296,AMEELQDQEGWEYASLIGWK/3
655.41373731,2,1129.19,1.24122734,ALTLGALTLPLAR/2
409.92347313,3,1129.934,0.86164033,VLDLVEVLVTK/3
809.43000422,3,1129.934,0.8932792,LEAYQHLFYLLQTNPTYLAK/3
614.38157147,2,1130.677,1.23279856,VLDLVEVLVTK/2
539.79095799,4,1130.677,0.75172054,GLKMSATFIGNSTAIQELFK/4
677.42684471,2,1131.421,1.24287374,NLQNLLILTAIK/2
701.87358767,2,1131.421,1.25657651,DTGIFLDLMHLK/2
723.3926759,2,1131.421,1.25815939,SNEILTAIIQGMR/2
713.67361663,3,1131.421,0.8802794,QMGFPLIYVEAEQVEDDR/3
550.789421,4,1132.165,0.76787606,DMLEAGILDTYLGKYWAIK/4
789.11608524,3,1132.908,0.87859275,KPLVIIAEDVDGEALSTLVLNR/3
753.43794067,2,1133.652,1.24845137,VGPEELPVVGQLLR/2
780.41941352,2,1133.652,1.24712813,ESFADVLPEAAALVK/2
794.05104211,3,1134.395,0.88360712,FISGSMAGATAQTFIYPMEVMK/3
719.86797095,2,1135.139,1.2430639,FFDDPMLLELAK/2
485.32078566,2,1135.139,1.22573574,LGLLEALLK/2
987.22782189,3,1135.139,0.88253543,APAVAVAPTPVQPPIIVAPVATVPAMPQEK/3
615.58199918,4,1136.626,0.75191164,LNSNTQVVLLSATMPSDVLEVTK/4
785.10395673,3,1137.37,0.88132401,SLLVIPNTLAVNAAQDSTDLVAK/3
662.84842714,2,1137.37,1.25251804,GFAAFLTELAER/2
820.44024009,3,1137.37,0.8829291,LNSNTQVVLLSATMPSDVLEVTK/3
589.34205238,2,1137.37,1.22947889,VIFFLPWQK/2
706.86902518,2,1138.114,1.20809253,TVYVSVLPTTADF/2
408.5374014,3,1138.114,0.86801657,DMVQDLLDFK/3
612.30246387,2,1139.601,1.2412091,DMVQDLLDFK/2
739.4259874,2,1139.601,1.23903666,LSLMLHGLVTPSLP/2
783.07025866,3,1141.088,0.88126784,MLPTIIADNAGYDSADLVAQLR/3
587.55451311,4,1141.088,0.75235099,MLPTIIADNAGYDSADLVAQLR/4
739.89980245,2,1141.088,1.24482829,FLQLESLQELMK/2
610.80543939,4,1141.088,0.75464229,QPMVPESLADYITAAYVEMRR/4
697.91832119,2,1141.832,1.2315116,TAPLLLSYYLIK/2
628.89484607,2,1142.575,1.24014824,LGTLSALDILIK/2
592.57112315,4,1142.575,0.75527042,NQILNLTTDNANILLQIDNAR/4
550.82676649,2,1142.575,1.23174969,ELWTILLGR/2
911.12621528,3,1143.319,0.88492411,GEQMNSAVLPEMENQVAVSSLSAVIK/3
625.33409838,2,1144.062,1.23798005,FMLQDVLDLR/2
690.38009143,2,1144.062,1.25069448,TSLVEYLAAVTGR/2
539.77145989,2,1144.062,1.22714975,LSFFFDFR/2
954.01896886,2,1144.062,1.26674368,MLLTAVQLLYSPESSVR/2
403.2053528,4,1144.062,0.74156536,DLYEDELVPLFEK/4
690.90848476,2,1144.806,1.24887453,LTLIDPETLLPR/2
638.38157149,2,1147.037,1.23282138,ILVELATFLEK/2
667.81712701,4,1147.037,0.77265224,YDTEHLHPDLWQIFDNPVDWK/4
425.92347315,3,1147.037,0.86104254,ILVELATFLEK/3
720.42704164,2,1149.268,1.242663,NLGIPIITVLGDSK/2
617.39448193,2,1150.011,1.22647837,ILFSSLILISK/2
728.89336598,2,1150.755,1.27847173,DALSDLALHFLNK/2
822.76779043,3,1151.499,0.90080875,LGDAVIWGTGQLFQAQQDLLHR/3
616.38665688,2,1152.242,1.22682444,IPLLLTSLSFK/2
728.3901248,2,1152.242,1.24247151,DFVSEAYLITLGK/2
411.26019674,3,1152.242,0.8603502,IPLLLTSLSFK/3
835.43414258,3,1152.986,0.88533164,FLTALAQDGVINEEALSVTELDR/3
626.82742605,4,1152.986,0.75380984,FLTALAQDGVINEEALSVTELDR/4
609.86589162,2,1153.73,1.22561405,NVFLLGFIPAK/2
918.8067505,3,1153.73,0.89667296,GSQAQPDSPSAQLALIAASQSFLQPGGK/3
732.89029197,2,1153.73,1.24846993,LSSFWQLIVDEK/2
849.77449915,3,1153.73,0.88555858,VTASGPGLSSYGVPASLPVDFAIDAR/3
406.9130199,3,1153.73,0.85932537,NVFLLGFIPAK/3
517.31824295,2,1153.73,1.21847717,DLLFILTAK/2
831.75884912,3,1153.73,0.88711377,QETFDAGLQAFQQEGIANITALK/3
637.58269348,4,1153.73,0.75601801,VTASGPGLSSYGVPASLPVDFAIDAR/4
788.37898075,3,1154.473,0.90121963,EVIYDMLNALAAYHAPEEADK/3
765.94814125,2,1154.473,1.24535755,ILLIFEGTNEILR/2
565.79184925,4,1155.217,0.75201333,SINPDEAVAYGAAVQAAILSGDK/4
789.93803914,4,1155.96,0.76899875,QLHEAIVTLGLAEPSTNISFPLVTVHLEK/4
764.71581578,3,1156.704,0.90310731,QVLDLEDLVFTQGSHFMANK/3
703.69765074,3,1156.704,0.87917743,ELMGEEILGASLSAPLTSYK/3
903.47405526,3,1157.447,0.89048712,MEYDGILIAGGPGNPALAEPLIQNVR/3
573.78868095,4,1157.447,0.76820264,QVLDLEDLVFTQGSHFMANK/4
575.7998914,2,1158.191,1.22594377,ENLFMDLLR/2
622.89484606,2,1158.934,1.24049988,SIATLAITTLLK/2
615.87645634,2,1158.934,1.23854268,FLNGLEILLAK/2
733.88923773,2,1159.678,1.24306631,LNTDPMLLQFFK/2
658.41340297,2,1159.678,1.25128439,ISTINILLSTLK/2
728.04527334,3,1159.678,0.87932278,VSQMAQYFEPLTLAAVGAASK/3
700.70390457,3,1160.422,0.88706786,LAGGNDVGIFVAGVLEDSPAAK/3
676.35387667,2,1161.165,1.2495733,DNLEFFLAGIGR/2
584.32405662,2,1161.165,1.2234568,ELYLFDVLR/2
645.39871001,2,1161.165,1.21869528,VIYVLPMLTIK/2
779.93302251,2,1161.165,1.2495274,GNAIYNLLPDIISR/2
430.6015655,3,1161.165,0.85419909,VIYVLPMLTIK/3
661.87698763,2,1161.908,1.24683412,AAVESLGFILFR/2
590.29576178,4,1161.908,0.7634271,GTELWLGVDALGLNIYEHDDK/4
716.4159456,2,1164.139,1.2342597,LPLTPVFEGLAFK/2
826.43425403,3,1164.883,0.88594468,ALNLFQGSVEDTTGSQSLAALLNK/3
673.07052727,4,1164.883,0.76936756,HGEEVTPEDVLSAAMYPDVFAHFK/4
897.09161087,3,1164.883,0.90221317,HGEEVTPEDVLSAAMYPDVFAHFK/3
726.90848478,2,1165.626,1.24776019,YYGLQILENVIK/2
620.37100682,2,1165.626,1.23328306,LLLIDWPELK/2
906.80412965,3,1166.37,0.89021617,GTITIQDTGIGMTQEELVSNLGTIAR/3
722.41955099,2,1166.37,1.25606083,LQNLEFALNLLR/2
603.65164751,3,1166.37,0.87599394,IVAQVWPFLGQYMEK/3
699.65818386,3,1166.37,0.89186036,DFLDGVYAFEYYPSTPGR/3
590.08480335,4,1166.37,0.7627283,DEKLKTVEELLETGLIQVATK/4
677.86628555,2,1167.113,1.23776168,DLLAVVFYGTEK/2
808.94339017,2,1167.113,1.25472744,SWSNIPFITVPLSR/2
719.34979608,3,1167.113,0.88464379,HWLDSPWPGFFTLDGQPR/3
613.88956373,2,1167.857,1.23628821,LIALLEVLSQK/2
409.59546797,3,1167.857,0.86432278,LIALLEVLSQK/3
566.77473088,2,1167.857,1.24316527,DDWLEWLR/2
686.42156236,2,1169.344,1.2455082,LLTSFLPAQLLR/2
679.3717351,2,1169.344,1.24176602,VDIGDTIIYLVH/2
634.76950809,2,1170.088,1.21487833,DLDAPDDVDFF/2
697.71770838,3,1170.088,0.90027182,LIFIVDVWHPELTPQQR/3
693.89062634,2,1170.831,1.26055699,VGWEQLLTTIAR/2
602.81079044,2,1170.831,1.24849079,DLMSWINGIR/2
644.09289403,4,1170.831,0.76534604,FSELTAEKLGFAGLVQEISFGTTK/4
824.38811341,2,1170.831,1.25904115,IDSDLGDAWAFFYK/2
933.47383234,3,1170.831,0.89956626,ILYLINQGEHLGTTEATEAFFAMTK/3
842.09171679,3,1171.575,0.88760643,FEQAFYTYDTSSPSILTLTAIR/3
631.82060671,4,1171.575,0.75895145,FEQAFYTYDTSSPSILTLTAIR/4
883.82010844,3,1171.575,0.90938654,SKDDQVTVIGAGVTLHEALAAAELLK/3
663.11690045,4,1171.575,0.7717607,SKDDQVTVIGAGVTLHEALAAAELLK/4
802.42556157,2,1171.575,1.26565812,WSLSQAVTGLIDTGR/2
770.39133218,3,1172.318,0.88544506,QGQYSPMAIEEQVAVIYAGVR/3
752.40467491,4,1172.318,0.76445056,LTELLKQGQYSPMAIEEQVAVIYAGVR/4
799.43218486,3,1174.549,0.9054582,IFQESIGLAIHLLDGGNTEIQK/3
585.29669788,3,1175.293,0.88418638,DINQEVYNFLATAGAK/3
564.51639361,4,1175.293,0.76875094,VFSDVMEDLYNYINPHNGK/4
690.87972732,2,1176.036,1.24465166,YLDLILNDFVR/2
625.60088626,4,1176.78,0.77403895,ALLDSLQLGPDSLTVHLIHEVTK/4
833.79875619,3,1176.78,0.91025533,ALLDSLQLGPDSLTVHLIHEVTK/3
736.35724747,2,1176.78,1.2452413,MGFDEVFMINLR/2
641.36371308,2,1176.78,1.24579203,TAQNFLSIFLK/2
645.98049242,3,1176.78,0.88304687,GPELLTMWFGESEANVR/3
936.7943991,3,1178.267,0.89480252,VEQIAAIAQELNELDYYDSPSVNAR/3
653.84809277,2,1179.011,1.25431544,DVLEAIAETAFK/2
782.88331804,4,1179.754,0.77097817,LLEMNLMHAPQVADAILGNQMFTHYDR/4
831.72950675,3,1179.754,0.89517695,DFSALESQLQDTQELLQEENR/3
656.86863129,2,1180.498,1.23289172,NYLSLAPLFFK/2
590.84415049,4,1180.498,0.75642039,HQLASISSPVVTSLLINLGSPVK/4
546.01067844,4,1180.498,0.75258112,MSNYDTDLFVPYFEAIQK/4
787.45644184,3,1181.241,0.88493655,HQLASISSPVVTSLLINLGSPVK/3
899.95415182,2,1181.985,1.24793935,AFIPAIDSFGFETDLR/2
633.91083052,2,1182.728,1.24226623,LIPLLLQLTSR/2
831.94231584,4,1182.728,0.7781609,SIVDYKPNLDLLEQQHQLIQEALIFDNK/4
620.34270249,3,1183.471,0.87953684,LFEMVLGPAAYNVPLPK/3
884.99942503,2,1184.96,1.27236861,GGILAIASLIGVEGGNATR/2
715.9179952,2,1187.191,1.24493906,IVSQLLTLMDGLK/2
709.83340824,2,1187.191,1.24037692,EMFNPMYALFR/2
702.86581117,4,1187.934,0.75712997,SSVPGVRLLQDSVDFSLADAINTEFK/4
797.48796483,2,1189.422,1.25129911,ASGLVPNVVVLVATVR/2
584.97115722,3,1189.422,0.87612729,ALLQMVQQFGVDFEK/3
785.08808377,3,1190.165,0.88166165,EVEEISLLQPQVEESVLNLGK/3
589.06788195,4,1190.165,0.74988466,EVEEISLLQPQVEESVLNLGK/4
838.47452318,2,1190.165,1.25490853,VLGALLPFLDAQYQK/2
781.39858936,2,1190.908,1.24943387,MVGVPAALDMMLTGR/2
431.24672731,3,1190.908,0.8736661,SFLLDLLNATGK/3
639.35581934,4,1190.908,0.77447638,SFLLDILGATGSDSLTLVFVETKK/4
533.30820956,2,1190.908,1.2331335,DFGLLVFVR/2
646.36645274,2,1191.652,1.25025962,SFLLDLLNATGK/2
903.1202236,3,1192.396,0.89156657,VAEVLFDAADANAIEEVNLAYENVK/3
952.19020139,3,1192.396,0.90963488,SALSGHLETVILGLLKTPAQYDASELK/3
895.97710404,2,1192.396,1.26723101,LGMPQFLSTEAQSLLR/2
819.74101839,3,1193.139,0.89454323,TEDPDLPAFYFDPLINPISHR/3
855.75884911,3,1193.883,0.88895694,VLPAQATEYAFAFIQVPQDDDAR/3
856.78673909,3,1193.883,0.88956758,AGQTVTIWAANAGVTASPPTDLIWK/3
803.42117992,3,1194.627,0.88869098,MFAGVSSIILNEDNSVVLGISSR/3
906.40977968,3,1195.37,0.90090222,FGQDFSTFLEAGVEMAGQAPSQEDR/3
940.49532662,2,1195.37,1.26138071,IIDYSQMDELALLSLR/2
733.89980245,2,1196.114,1.23911325,SLLGMLSDLQVYK/2
686.3932675,4,1196.114,0.76991348,VVHLLNDQHLGVVTAATSLITTLAQK/4
611.33990362,2,1196.114,1.2438486,SIFSAVLDELK/2
407.89569457,3,1196.114,0.86951087,SIFSAVLDELK/3
734.72067829,3,1196.114,0.88311035,IMALGNEDGSIEIFQIPNLK/3
811.41809856,3,1196.858,0.9083718,SVVEFLQGYIGVPHGGFPEPFR/3
761.70357583,3,1197.601,0.88559648,AMFLQPDLDSLVDFSTNNQK/3
786.94084752,2,1197.601,1.25425316,DLALVNDQLLGFVR/2
625.60650296,4,1198.344,0.77960504,RDELLAQHAAGALGLPDLVAVLTR/4
771.39009706,3,1199.088,0.88905643,VEGTEPTTAFNLFVGNLNFNK/3
657.41320598,2,1199.088,1.22850187,QTLAAFVPLLLK/2
833.80624512,3,1199.088,0.91485285,RDELLAQHAAGALGLPDLVAVLTR/3
835.47052806,3,1199.832,0.886478,DLENLAGPVSLSTPAQLVAPSVVVK/3
694.41340297,2,1200.575,1.23506824,SLLIPYLDNLVK/2
831.43368344,2,1200.575,1.2564349,LLDMGETDLMLAALR/2
728.45031977,2,1200.575,1.24573278,LLVPTQFVGAIIGK/2
898.95689152,2,1200.575,1.26773598,LYGDDALDNALQTFIK/2
863.09759702,3,1202.062,0.88632243,TVDGMQQEGTPYTGILYAGIMLTK/3
820.77265289,3,1202.806,0.90006686,YNSWPSSLQELLRPTFPGVIR/3
405.74872486,4,1202.806,0.74897461,ITPENLPQILLQLK/4
821.09557269,3,1203.549,0.89443222,VFDWIEANLSEQQIVSNTLVR/3
768.72285891,3,1203.549,0.89131697,SINPDEAVAYGAAVQAAILMGDK/3
579.31368887,3,1203.549,0.8793763,EFSITDVVPYPISLR/3
572.62727907,3,1203.549,0.88743987,SIITYVSSLYDAMPR/3
663.36143606,4,1203.549,0.78075668,TFEQLHSTIGHQALEDILPFLLK/4
805.65618105,4,1203.549,0.76679296,EGSSNQRVFDWIEANLSEQQIVSNTLVR/4
848.78495241,3,1204.293,0.89312655,VATAQDDITGDGTTSNVLIIGELLK/3
636.84053343,4,1204.293,0.76016744,VATAQDDITGDGTTSNVLIIGELLK/4
852.45498945,3,1204.293,0.9055281,GVEITGFPEAQALGLEVFHAGTALK/3
616.07349864,4,1204.293,0.76297046,VFDWIEANLSEQQIVSNTLVR/4
766.04617405,3,1204.293,0.88144033,DGTYAVTYVPLTAGMYTLTMK/3
858.43728038,2,1204.293,1.26400278,SIITYVSSLYDAMPR/2
900.48824737,3,1205.78,0.903265,LEGELQAPDLELSLPAIHVEGLDIK/3
682.39026217,2,1207.27,1.25086533,LNLAFVANLFNK/2
702.39289037,3,1207.27,0.88853365,FGLGSVAGAVGATAVYPIDLVK/3
717.06829528,3,1207.27,0.88775694,FTLGSVAGAVGATAVYPIDLVK/3
757.94506722,2,1208.014,1.24723929,LAADFSVPLIIDIK/2
657.87613038,2,1208.014,1.24412871,VLQDLVMDILR/2
637.87305635,2,1208.014,1.23713237,TLATDILMGVLK/2
425.58446306,3,1208.014,0.86355539,TLATDILMGVLK/3
720.87972727,2,1208.757,1.24071156,EIFVDFAPFLSR/2
409.970825,4,1208.757,0.74758353,LSDFNDITNMLLLK/4
761.41921659,2,1209.501,1.2485154,DAVVYPILVEFTR/2
564.82917178,2,1210.244,1.24117436,DLLDLLVEAK/2
893.75645118,3,1210.244,0.8934617,YYGGGYGSTQATFMVFQALAQYQK/3
877.17130402,4,1210.244,0.76454638,WLNEQRYYGGGYGSTQATFMVFQALAQYQK/4
927.48701785,3,1210.988,0.89784727,NDANPETHAFVTSPEIVTALAIAGTLK/3
645.38051726,2,1212.475,1.22971763,EVMPLLLAYLK/2
430.589437,3,1212.475,0.86262067,EVMPLLLAYLK/3
587.77339081,4,1213.219,0.76867519,DASIVGFFDDSFSEAHSEFLK/4
883.79719235,3,1213.219,0.89729972,KTEPATGFIDGDLIESFLDISRPK/3
663.09971338,4,1213.219,0.76359485,KTEPATGFIDGDLIESFLDISRPK/4
544.81821312,2,1213.962,1.23233796,WFWLLPVK/2
787.42184305,3,1213.962,0.88579109,QQANTIFWSPQGQFVVLAGLR/3
892.74639183,3,1214.706,0.89660758,AVDWIFSHIDDLDAEAAMDISEGR/3
740.40336957,2,1216.193,1.25228565,VGYTPDWIFLLR/2
868.78031283,3,1216.193,0.91001007,DDNLVSQLVHSLNQVSTDHIELK/3
650.34451463,4,1216.193,0.75755378,FGNPLLVQDVESYDPVLNPVLNR/4
732.3586855,3,1216.193,0.89287432,IPESGGDNSVFDIFELTGAAR/3
866.79026069,3,1216.193,0.88699373,FGNPLLVQDVESYDPVLNPVLNR/3
651.83705374,4,1216.193,0.76861703,DDNLVSQLVHSLNQVSTDHIELK/4
403.72926076,4,1217.68,0.74457194,DQVDIAVQELLQLK/4
830.76030146,3,1217.68,0.89921265,NFEHLIPDAPELIHDFLVNEK/3
819.43199803,2,1217.68,1.26930979,SAELAAALLSIYMER/2
623.32204521,4,1218.424,0.76826655,NFEHLIPDAPELIHDFLVNEK/4
899.10809508,3,1218.424,0.89676948,SADFVVEAIGDDVGTLGFSVEGPSQAK/3
674.58289043,4,1218.424,0.76154866,SADFVVEAIGDDVGTLGFSVEGPSQAK/4
477.7522129,4,1218.424,0.7566264,LAMQEFMILPVGAANFR/4
591.29729879,4,1219.911,0.75755597,GSELWLGVDALGLNIYEQNDR/4
958.1357734,3,1221.398,0.89304695,NVSTGDVNVEMNAAPGVDLTQLLNNMR/3
833.65872374,4,1221.398,0.77664785,APVYLFEQVQHNLLSPPFGWASGSQDSNSR/4
937.79098896,3,1222.141,0.89505136,SAAPGSLGYQWLSDGSGVFEIAEASGVR/3
797.4556021,2,1222.141,1.2420183,VLFPATGYLSIVWK/2
563.78776955,4,1222.885,0.75291598,SQDAEVGDGTTSVTLLAAEFLK/4
712.03576571,3,1222.885,0.89022244,EHFSSEVTISNLLNLFQR/3
809.05656629,3,1223.629,0.88538487,TASEMVLADDNFSTIVAAVEEGR/3
807.07047595,3,1223.629,0.89522676,FSEAEHWLDYFPPLAIQDLK/3
743.91684109,2,1223.629,1.25772732,VDPLFTELLNGIR/2
801.39099778,3,1223.629,0.88345615,YSALIEVPDGFTAVMSASTWEK/3
605.55467608,4,1223.629,0.76618221,FSEAEHWLDYFPPLAIQDLK/4
763.39205484,3,1224.372,0.89339644,VQDDEVGDGTTSVTVLAAELLR/3
607.04424383,4,1224.372,0.75032178,TASEMVLADDNFSTIVAAVEEGR/4
572.79586024,4,1224.372,0.7590522,VQDDEVGDGTTSVTVLAAELLR/4
772.90122498,4,1224.372,0.76065836,VLVDMSRVQDDEVGDGTTSVTVLAAELLR/4
783.42894712,3,1225.116,0.89916261,YETVIMPVFGIATPFHIATIK/3
676.36645272,2,1226.603,1.2492775,VDLGGFAGLFDLK/2
858.44878609,3,1228.09,0.90053639,AVSSAIAQLLGEVAQGNENYAGIAAR/3
629.85370952,2,1228.834,1.25262593,DSLLASLLDGVR/2
707.74040155,3,1229.577,0.88685593,IEFVVVGPEAPLAAGIVGNLR/3
686.89706279,2,1229.577,1.2515544,LMLLLEVISGER/2
988.49619675,3,1229.577,0.8890624,GPAPELQGVEVALAPEELELDPMAMTQK/3
563.78613828,4,1230.321,0.76649853,DGPLNMILDDGGDLTNLIHTK/4
601.65466231,3,1230.321,0.88538501,NSLISSLEEEVSILNR/3
641.63857204,3,1231.064,0.89052671,SSLLDDLLTESEDMAQR/3
853.12425197,3,1231.064,0.90863511,AVLMENIVYLTNSLELEHIEVK/3
755.92941717,2,1231.808,1.25472355,LSFLYLITGNLEK/2
782.08646039,3,1231.808,0.9036058,VFVTPQAPLEAIQAYLAGHYR/3
577.36879851,2,1233.295,1.2493518,LLDNLLALIR/2
683.69943742,3,1234.038,0.88130926,VILQDFTGVPAVVDFAAMR/3
655.8349854,2,1234.782,1.21303183,EIVTNFLAGFEA/2
405.21752318,4,1234.782,0.74887109,LNLVEAFVEDAELR/4
834.42676509,3,1235.525,0.89068129,TLVLSNLSYSATEETLQEVFEK/3
626.07189294,4,1235.525,0.75629702,TLVLSNLSYSATEETLQEVFEK/4
539.95427209,3,1235.525,0.8820001,LNLVEAFVEDAELR/3
594.82569206,4,1237.012,0.76521618,EALEALVPVTIEVEVPFDLHR/4
546.82141543,4,1237.012,0.75590604,LNGQVLVFTLPLTDQVSVIK/4
805.15956226,4,1237.012,0.77128293,GLPQLGTLGAGNHYAEIQVVDEIFNEYAAK/4
635.39247054,2,1238.5,1.25020437,TVLQELINVLK/2
944.16594438,3,1239.244,0.90873144,TSIIATISPASLNLEETLSTLEYAHR/3
652.88428135,2,1239.988,1.2489881,LVLDSIIWAFK/2
742.90541072,2,1240.731,1.24414732,SFVEFILEPLYK/2
783.4246959,3,1242.218,0.88537487,LVPLLLEDGGEAPAALEAALEEK/3
706.43721241,2,1242.218,1.25884657,LAAVQLLQFLAPK/2
666.38210282,2,1242.962,1.2464471,DNNELLLFILK/2
535.52438164,4,1242.962,0.75358915,YHEQLGTQALVELFESFK/4
763.0775191,3,1243.706,0.89449069,LLLEVTYEAIVDGGINPDSLR/3
854.97201023,2,1243.706,1.26138356,SLTGLLSSFVEVESIK/2
783.03125225,3,1245.193,0.88777076,QQDSQPEEVMDVLEMVENVK/3
588.28205997,3,1245.193,0.89111695,DLEEALEMGVDWSLR/3
797.40597181,2,1245.936,1.25084877,DLFEDELVPLFEK/2
746.42150873,3,1245.936,0.89925147,LLGPSAAADILQLSSSLPLQSR/3
786.41380243,3,1245.936,0.90294791,VEEDVASDLVMKVDALLSAQPK/3
684.8890408,2,1245.936,1.25224484,MLGYFSLVGLLR/2
867.40150152,3,1246.68,0.89505154,IYDDDFFQNLDGVANALDNVDAR/3
650.80294526,4,1246.68,0.76131129,IYDDDFFQNLDGVANALDNVDAR/4
894.44834024,3,1248.167,0.89952659,SADFVVESIGSEVGSLGFAIEGPSQAK/3
743.95322663,2,1248.167,1.25901759,INVLLQAFISQLK/2
722.88774929,2,1248.91,1.24427811,EGIPALDNFLDKL/2
741.95183799,2,1248.91,1.24497002,ILASPVELALVVMK/2
804.40683751,2,1249.654,1.26947664,EEDLLQAWSTFIR/2
402.70705699,4,1249.654,0.75720646,EEDLLQAWSTFIR/4
734.03554281,3,1250.398,0.8900902,TVTIWEIINSEYFTAEQR/3
771.41301319,3,1251.141,0.8933561,ENILHVSENVIFTDVNSILR/3
831.45510093,3,1252.628,0.90248989,GQAVTLLPFFTSLTGGSLEELRR/3
795.89356294,2,1252.628,1.26603725,DEPDWESLIFLAR/2
815.76969765,3,1252.628,0.88833495,ALPDMEVVGLNFSSATTPELLLK/3
827.75997271,3,1253.371,0.90987245,NSVMELIANGTLNILEEENHIK/3
952.97274691,2,1253.371,1.28029332,EGASNLVIDLIMNASSDR/2
818.17748936,4,1254.115,0.77274255,GPVTIPYPLFQSHVEDLYVEGLPEGIPFR/4
815.40069784,4,1254.858,0.76907654,TTQLIEMLHADMNVPFPEGFVIANDVDNK/4
739.73531622,3,1256.346,0.89168688,LSHSNPTILFDYILSQIQK/3
897.45144196,2,1256.346,1.27265127,LSGEAFDWLLGEIESK/2
960.16136578,3,1257.09,0.88985505,TVLELMNPEAQLPQVYPFAADLYQK/3
778.42480737,3,1257.833,0.89541723,ILTSVDQYLELIGNSLPGTTAK/3
722.92413483,2,1257.833,1.24736081,NLLIFENLIDLK/2
834.76404589,3,1257.833,0.893701,WWVADSNVFTEVAIGPSVLNAAR/3
407.99600009,4,1258.576,0.74822233,TTLEVLQLFPINIK/4
734.13138186,4,1258.576,0.77752268,DLLPSDMAVALLEAQAGTGHIIDPATSAR/4
609.33515259,4,1259.32,0.76904313,DDQVTVIGAGVTLHEALAAAELLK/4
691.87305633,2,1259.32,1.2435259,LEIMEFVNFLK/2
978.50608366,3,1259.32,0.91353239,DLLPSDMAVALLEAQAGTGHIIDPATSAR/3
988.84186169,3,1259.32,0.91375487,GPLMVNSNYYAMDLLYILPTHIQAAR/3
656.35843074,2,1260.063,1.25782397,FSFGLLDLPFR/2
848.45236865,3,1260.063,0.88963458,LQLLNPEIEAEQILMSPNSYIK/3
636.5910956,4,1260.063,0.76001259,LQLLNPEIEAEQILMSPNSYIK/4
998.16220551,3,1260.807,0.89224882,YMNPAIVAPDAFDIIDLSAGGQLTTDQR/3
780.06063955,3,1261.551,0.8945403,EVAAFAQFGSDLDAATQQLLSR/3
927.79323057,3,1261.551,0.89633703,IVEFLQSFDEITAMTGDGVNDAPALK/3
610.35060573,4,1261.551,0.77210329,YQLLQLVEPFGVISNHLILNK/4
879.81770487,3,1261.551,0.89063115,TVPVFESVEAAVLLPEEPVSQLGVK/3
945.81262514,3,1261.551,0.88884428,NPNAMLVNLEEPLASTYQDILYQAK/3
737.05220504,3,1262.295,0.88739197,MTLVASEDYGDTLAAIQGLLK/3
958.52114739,2,1262.295,1.25611318,FPSLPILSPALMDVPYR/2
811.78444708,3,1263.038,0.88443902,QYAPLLAVFSSQGQSELILLQK/3
883.43392524,3,1263.038,0.89431533,LALADAGDTVEDANFVEAMADAGILR/3
609.09015442,4,1263.038,0.75451994,QYAPLLAVFSSQGQSELILLQK/4
812.9019193,2,1263.782,1.26656046,DFNVGDYIQAVLDR/2
664.90541074,2,1263.782,1.25198063,TEALSVIELLLK/2
567.07678136,4,1263.782,0.75909915,LAPPLVTLLSGEPEVQYVALR/4
406.95459789,4,1263.782,0.75327155,DFNVGDYIQAVLDR/4
676.87665328,2,1263.782,1.25431933,IIDFLSALEGFK/2
732.03906438,3,1264.525,0.89140628,EEADEYIDIGALNGIFVLGR/3
933.96524786,2,1264.525,1.2678987,LQDFNVGDYIEAVLDR/2
622.97925739,3,1264.525,0.88638523,LQDFNVGDYIEAVLDR/3
549.2811174,4,1264.525,0.75997826,EEADEYIDIGALNGIFVLGR/4
822.07232783,3,1264.525,0.88649761,QAADMILLDDNFASIVTGVEEGR/3
401.9960001,4,1264.525,0.75525399,ILPEIIPILEEGLR/4
914.13471082,3,1265.269,0.91374094,ITGMLLEIDNSELLHMLESPESLR/3
776.15104292,4,1265.269,0.7832093,TIESILEPVAQQISHLVIMHEEGEVDGK/4
634.68501685,3,1265.269,0.88799449,FGAQNEEMLPSILVLLK/3
588.8149644,4,1266.012,0.76373378,HLVMGDIPAAVNAFQEAASLLGK/4
893.77562278,3,1266.012,0.89869005,DFLLPFLEEPMDTEADLQFRPR/3
913.51385371,2,1266.012,1.27756282,MADAIILAIAGGQELLAR/2
748.41901962,2,1266.012,1.25665843,EVFGTFGIPFLLR/2
816.74795004,3,1266.755,0.89353768,LFNDSSPVVLEESWDALNAITK/3
777.7178794,3,1266.755,0.89138881,TVDLQDAEEAVELVQYAYFK/3
864.49310983,2,1266.755,1.28573579,GELEVLLEAAIDLSKK/2
887.11077692,3,1267.499,0.88255886,EPPPEFEFIADPPSISAFDLDVVK/3
841.09887135,3,1267.499,0.90218429,TEPATGFIDGDLIESFLDISRPK/3
612.81278165,4,1267.499,0.7606485,LFNDSSPVVLEESWDALNAITK/4
965.82497092,3,1267.499,0.89142626,VPYPVFESNPEFLYVEGLPEGIPFR/3
593.79967431,4,1267.499,0.76385144,FLVLDEADGLLSQGYSDFINR/4
796.4174709,4,1267.499,0.76701229,LNLSQVRFLVLDEADGLLSQGYSDFINR/4
743.41435411,3,1268.242,0.89887442,ATTAALLLEAQAATGFLVDPVR/3
845.11474435,3,1268.242,0.90245527,SPEIAASLWQSLEYTQILQTVR/3
631.07597263,4,1268.242,0.76782065,TEPATGFIDGDLIESFLDISRPK/4
851.79719235,3,1268.242,0.89671803,TVASPGVTVEEAVEQIDIGGVTLLR/3
635.08761172,4,1268.242,0.76488432,LFSFLYQSSPDQVIDVAPELLR/4
634.08787738,4,1268.242,0.76830133,SPEIAASLWQSLEYTQILQTVR/4
843.74326559,3,1268.242,0.90244726,LGIDDLVHFDFMDPPAPETLMR/3
917.09708461,3,1268.242,0.88505511,SQEPLPDDDEEFELPEFVEPFLK/3
794.42016776,3,1268.242,0.90094731,SFAVGTLAETIQGLGAASAQFVSR/3
965.188749,3,1268.986,0.89515605,VGSAADIPINISETDLSLLTATVVPPSGR/3
846.44772347,3,1268.986,0.89342314,LFSFLYQSSPDQVIDVAPELLR/3
900.49199181,3,1268.986,0.91245616,DFVSEQLTSLLVNGVQLPALGENKK/3
815.45890636,3,1268.986,0.88587436,LLQPPAPIMPLDTNWPLLTVSK/3
742.44576574,2,1269.73,1.27598973,ISGSILNELIGLVR/2
690.6631634,3,1269.73,0.89207265,QQWDAAIYFMEEALQAR/3
803.10792413,3,1270.474,0.90600173,FGAQLAHIQALISGIEAQLGDVR/3
720.38378819,2,1270.474,1.25071536,FINMFAVLDELK/2
868.79003779,3,1270.474,0.89190688,QEGLDGGLPEEVLFGNLDLLPPPGK/3
762.90085664,2,1271.217,1.25382708,EDFTLLDFINAVK/2
645.35091414,3,1271.217,0.8976201,VADLYELVQYAGNIIPR/3
785.98198405,2,1271.217,1.25687235,LLLAVFVTPLTDLR/2
567.04039583,4,1271.217,0.76055474,ENFIPTIVNFSAEEISDAIR/4
754.90508474,2,1271.961,1.25618934,STAPLLDVFSSMLK/2
976.20098897,3,1271.961,0.89756982,LQDVFNTVGADIIQLPQIVVVGTQSSGK/3
920.15890123,3,1271.961,0.89816111,SNYLLNTTIAGVEEADVVLLVGTNPR/3
933.03019386,2,1271.961,1.28243672,DNTIEHLLPLFLAQLK/2
867.48048154,3,1272.704,0.91496236,WLPAGDALLQMITIHLPSPVTAQK/3
606.33515262,4,1272.704,0.78134311,TLLEGSGLESIISIIHSSLAEPR/4
650.86218027,4,1272.704,0.78320722,WLPAGDALLQMITIHLPSPVTAQK/4
840.40519552,3,1272.704,0.8935723,MYVPALIFGQLLTSSNYDDDEK/3
808.42945253,3,1272.704,0.89211272,NLEALALDLMEPEQAVDLTLPK/3
606.57390851,4,1272.704,0.76167569,NLEALALDLMEPEQAVDLTLPK/4
749.43000418,3,1272.704,0.89599986,NPEILAIAPVLLDALTDPSRK/3
871.97023609,2,1272.704,1.2501237,VHNLITDFLALMPMK/2
808.11111133,3,1272.704,0.91916905,TLLEGSGLESIISIIHSSLAEPR/3
959.51323263,3,1272.704,0.90879258,VLETPQEIHTVSSEAVSLLEEVITPR/3
630.55571576,4,1272.704,0.7628728,MYVPALIFGQLLTSSNYDDDEK/4
801.74783861,3,1272.704,0.89390953,DLQQYVSVVVLDEVGLAEDSPK/3
651.6030003,4,1273.448,0.76341709,LAYVAAGDLAPINAFIGGLAAQEVMK/4
868.46824158,3,1273.448,0.89397457,LAYVAAGDLAPINAFIGGLAAQEVMK/3
679.01625975,3,1273.448,0.89575155,DSLIQSLATQLELDGFER/3
674.0188357,3,1273.448,0.89431771,AVITSLLDQIPEMFADTR/3
686.36271385,3,1273.448,0.88650779,LPPEVANFMQLVELDVSR/3
906.124369,3,1273.448,0.90130903,HSQDLAFLSMLNDIAAVPATAMPFR/3
828.46337356,3,1274.192,0.89683731,ADLNIILSSPEQLELFLLAQQK/3
574.08460641,4,1274.192,0.76408418,LAPPLVTLLSAEPELQYVALR/4
845.09295181,3,1274.192,0.8994546,ELAAEMAAAFLNENLPESIFGAPK/3
583.81913841,4,1274.935,0.76789293,TAAFLLPILSQIYSDGPGEALR/4
814.06880067,3,1274.935,0.89957879,WFSTPLLLEASEFLAEDSQEK/3
734.73655125,3,1274.935,0.89947383,VMQLFGLVNTLLANDPTSLR/3
929.20026068,3,1274.935,0.91256207,ALGLGVEQLPVVFEDVVLHQATILPK/3
872.00618745,2,1275.679,1.26621868,LQNIFLGLVNIIEEK/2
768.9590403,2,1275.679,1.27695132,GLLPQILENLLSAR/2
852.50073791,2,1275.679,1.26942756,VQALTTDISLIFAALK/2
585.54880213,4,1275.679,0.76903417,LAIQEALSMMVGAYSTLEGAQR/4
543.78968665,4,1275.679,0.76931483,TDMIQALGGVEGILEHTLFK/4
903.44493014,3,1275.679,0.91757254,DGPYITAEEAVAVYTTTVHWLESR/3
634.01575434,3,1276.422,0.88603134,GPFLVSAPLSTIINWER/3
703.41172592,2,1277.166,1.29215919,DLVEAVAHILGIR/2
469.27690944,3,1277.166,0.90690428,DLVEAVAHILGIR/3
631.94414202,2,1277.166,1.24061565,LIPIIVLLLQK/2
858.11837735,3,1277.166,0.90904569,LLTAPELILDQWFQLSSSGPNSR/3
948.81273658,3,1277.91,0.89444927,SNDPQMVAENFVPPLLDAVLIDYQR/3
712.07327482,3,1278.653,0.91334524,GEMQVVPVLVHLLSAISSVR/3
815.44056887,3,1278.653,0.89896679,EPGQDLVVLPLSITTDFIPSFR/3
760.0721512,3,1278.653,0.90450211,NGFLNLALPFFGFSEPLAAPR/3
570.30593252,4,1278.653,0.77772877,NGFLNLALPFFGFSEPLAAPR/4
611.83224577,4,1278.653,0.76906209,EPGQDLVVLPLSITTDFIPSFR/4
706.73168318,3,1279.397,0.89049242,NPEILAIAPVLLDALTDPSR/3
695.06343285,3,1279.397,0.90860011,VLISNLLDLLTEVGVSGQGR/3
838.45717013,3,1279.397,0.908139,AGTLTVEELGATLTSLLAQAQAQAR/3
629.09469672,4,1279.397,0.76910766,AGTLTVEELGATLTSLLAQAQAQAR/4
709.03190978,3,1280.14,0.91234486,TFEEAAAQLLESSVQNLFK/3
990.52715803,2,1280.884,1.29301865,LLETVLGYISAVAQSMER/2
881.47053366,3,1280.884,0.9178626,IPVENILGEVGDGFKVAMNILNSGR/3
701.895043,2,1281.627,1.26506546,ETPFELIEALLK/2
916.19528679,3,1281.627,0.90682995,AAQIELLQLLVQIAAENNLGEGVIVK/3
873.16655705,3,1282.371,0.90781985,SFSLLQEAIIPYIPTLITQLTQK/3
655.1267369,4,1282.371,0.77686704,SFSLLQEAIIPYIPTLITQLTQK/4
772.10675003,3,1283.858,0.89706016,NPSGLTQYIPVLVDSFLPLLK/3
728.73011935,3,1283.858,0.89756776,GNIAEDTEVDILVTVQNLLK/3
864.83016781,3,1286.089,0.91517137,ELQALYALQALVVTLEQPPNLLR/3
908.46885841,3,1286.832,0.92833929,DDEAAAVALSSLIHALDDLDMVAIVR/3
753.89590867,4,1286.832,0.77983219,QLDSYKNGFLNLALPFFGFSEPLAAPR/4
