mz,charge,rt_s,mobility,sequence
582.59435411,3,107.738,0.8124916,DSRPSQAAGDNQGDEAK/3
501.5793167,3,116.661,0.7930725,AQHEDQVEQYKK/3
446.90525265,3,117.404,0.8085309,EESGKPGAHVTVK/3
526.26573207,3,118.148,0.8397115,SHHAASTTTAPTPAAR/3
415.88596962,3,118.892,0.744952,VRQEESEQIK/3
520.56333785,3,119.635,0.8142339,GNTAEGC[U:Carbamidomethyl]VHETQEK/3
432.90547559,3,126.327,0.77998567,ERPSQPEGLRK/3
432.91056096,3,130.788,0.7567138,SVPLGHTHHLAK/3
699.99429478,3,132.275,0.93167055,LTQTSGETTHTHTEPTGDGK/3
408.55080982,3,133.762,0.74152833,HADIVTTTTHK/3
564.25159394,3,133.762,0.8392498,AETPTAAEDDNEGDKK/3
542.93253005,3,135.993,0.839906,GVPAGNSDTEGGQPGRK/3
545.62514886,3,136.737,0.8614464,VHGPGIQSGTTNKPNK/3
409.47068076,4,136.737,0.7749837,VHGPGIQSGTTNKPNK/4
562.28864819,3,137.481,0.84029394,TVQGSGHQEHINIHK/3
433.22509675,3,137.481,0.7751824,LGIHEDSTNRR/3
518.57456569,3,140.455,0.8107833,HHYEQQQEDLAR/3
435.17911381,3,140.455,0.7790438,MHC[U:Carbamidomethyl]C[U:Carbamidomethyl]DEVQPK/3
525.89123158,3,140.455,0.8544114,AEASSGDHPTDTEMK/3
541.00936133,4,141.942,0.8336695,KPLTTSGFHHSEEGTSSSGSK/4
618.289265,3,144.916,0.88034296,DSVAQGTTNVHSSEHAGR/3
463.23566145,3,144.916,0.776737,AQQELEEQTRR/3
470.90061311,3,145.659,0.81970793,YHTINGHNAEVR/3
560.27629678,3,145.659,0.85833913,RQPQEEVVHEDQGK/3
542.55585453,3,147.89,0.8343156,IEC[U:Carbamidomethyl]DDKGDGSC[U:Carbamidomethyl]DVR/3
442.565119,3,147.89,0.7996907,RDHALLEEQSK/3
458.88099569,3,148.633,0.79992694,AQHEDQVEQYK/3
590.92661055,3,150.864,0.8651763,HYAHTDC[U:Carbamidomethyl]PGHADYVK/3
491.22974192,3,153.095,0.81970084,NTHC[U:Carbamidomethyl]SSLPHYQK/3
530.92548694,3,153.838,0.8648754,HLQTGENHTSVDPR/3
458.58099195,3,156.812,0.8066726,AHVQEVAQHNLK/3
401.88244805,3,158.299,0.7467387,LAGESESNLRK/3
412.23493312,3,159.043,0.80056363,VAPAPARPSGPSK/3
483.24778995,3,159.043,0.8236289,ILQHSHGIEEER/3
453.53835256,3,159.787,0.81292844,QVDGDNSHVEMK/3
429.57869985,3,159.787,0.7644378,HLLVHAPEDKK/3
671.647118,3,160.53,0.86938715,LQQQQRPEDAEDGAEGGGK/3
760.8447983,2,160.53,1.0593424,ADAEGESDLENSRK/2
705.67819519,3,161.274,0.9556241,LTQTSGETTHTDKEPVGEGK/3
524.91342502,3,162.019,0.8472697,RMEELHNQEMQK/3
400.87881503,3,162.762,0.7258432,LSSVVTQHDSK/3
803.8869975,2,163.506,1.045553,QQSAQSQVSTTAENK/2
754.85309509,2,164.25,1.0580667,EWSQHINGASHSR/2
494.88669787,3,164.25,0.8008952,EETVNDPEEAGHR/3
448.90547559,3,164.25,0.7874481,HHIETGGGQLPAK/3
503.57115555,3,164.993,0.81540185,EWSQHINGASHSR/3
433.88244802,3,164.993,0.75576985,KPEDWDERPK/3
436.88960262,3,167.967,0.7706467,NKYEDEINKR/3
493.2513115,3,168.711,0.81029135,IHNAENIQPGEQK/3
439.54253725,3,172.429,0.81071603,YAHQSGFHVDR/3
597.28105338,3,173.172,0.83200693,ATC[U:Carbamidomethyl]APQHGAPGPGPADASK/3
464.24063536,3,173.916,0.8074209,THLSLSHNPEQK/3
467.24561489,3,174.66,0.8158057,QRPGQQVATC[U:Carbamidomethyl]VR/3
456.90413468,3,175.404,0.768533,NNRPSEGPLQTR/3
735.99625252,3,175.404,0.9427223,SDAEEDGGTVSQEEEDRKPK/3
434.21794218,3,177.635,0.8263014,RLPDAHSDYAR/3
575.25327481,3,179.122,0.8761377,VAAASGHC[U:Carbamidomethyl]GAFSGSDSSR/3
547.59737029,3,179.866,0.8380531,RKEDEVEEWQHR/3
410.94984684,4,181.353,0.7454163,RKEDEVEEWQHR/4
441.89698013,3,181.353,0.7451172,QAVEQQIQSHR/3
782.33647173,2,182.096,1.0361763,AQAVSEEEEEEEGK/2
477.90732188,3,182.096,0.7897898,LEVQATDREENK/3
410.8823366,3,182.096,0.73718965,LEVQAEEERK/3
481.5513152,3,182.096,0.7996928,DGETPDPEDPSRK/3
621.28217701,3,183.583,0.87105626,GVTEC[U:Carbamidomethyl]YEC[U:Carbamidomethyl]HPKPTQR/3
444.96379692,4,185.07,0.7907247,IHEGC[U:Carbamidomethyl]EEPATHNALAK/4
592.94930373,3,185.07,0.89858484,IHEGC[U:Carbamidomethyl]EEPATHNALAK/3
434.54002785,3,185.07,0.7751626,HTNYTMEHIR/3
458.22236443,3,185.07,0.77792174,KGDEC[U:Carbamidomethyl]ELLGHSK/3
888.92031737,2,185.07,1.126304,IHEGC[U:Carbamidomethyl]EEPATHNALAK/2
413.94984685,4,185.07,0.7892112,TPHYGSQTPLHDGSR/4
417.20951325,3,188.044,0.7874778,RREEEMMIR/3
783.86573071,2,189.531,1.0471816,AEGSSTASSGSQLAEGK/2
496.57434278,3,189.531,0.8183738,RQLEEAEEEAQR/3
452.53404176,3,190.274,0.7497559,DAQHYGGWEHR/3
498.56864614,3,191.761,0.8466281,THNDIIHNENMR/3
455.53236648,3,191.761,0.7764897,EDGSGDRGDGPFR/3
435.22621475,3,192.506,0.7737904,LVDQSGPPHEPK/3
472.87972133,3,193.993,0.82850343,MEELHNQEMQK/3
483.93180181,3,194.737,0.8266408,RQEALPLHQETK/3
552.59838248,3,195.481,0.83781177,AQEQQQQMAELHSK/3
433.55774151,3,196.224,0.78425676,VKDDIESLHDK/3
561.28501518,3,196.968,0.86458987,AIQGGTSHHLGQNFSK/3
471.22861829,3,197.711,0.80819535,AFHNEAQVNPER/3
841.42388454,2,197.711,1.145388,AIQGGTSHHLGQNFSK/2
413.88244804,3,197.711,0.78208256,ELVSDANQHVK/3
593.98311327,3,198.455,0.92004806,RDPALNSGVSQKPDPAK/3
406.93758216,4,199.199,0.77390075,EHHFGSSGMTLHER/4
533.91676855,3,199.942,0.8027212,DSSGQHVDVSPTSQR/3
813.37372293,2,199.942,1.0417701,TQASSSFQDSSQPAGK/2
471.89196127,3,200.686,0.82213116,VPENTMHAMQQK/3
458.58099197,3,200.686,0.8085031,LNGHQLENHALK/3
408.88630398,3,200.686,0.7947052,SHLARQQQEK/3
585.27992979,3,202.916,0.8776952,KHEAFESDLAAHQDR/3
439.21176646,4,203.659,0.79436237,KHEAFESDLAAHQDR/4
407.89105498,3,203.659,0.7433728,HHVLGTITTDK/3
422.52041041,3,203.659,0.7234105,YNHIDESEMK/3
537.926722,3,205.146,0.81516814,SNIHC[U:Carbamidomethyl]NTIAPNAGSR/3
561.24271012,3,206.634,0.8273995,EVPDAC[U:Carbamidomethyl]FNHNGEHR/3
467.25287533,3,207.377,0.8189806,ILHQHLGAPEER/3
484.54768218,3,207.377,0.8123293,FEDEDSDDVPRK/3
414.85590453,3,208.12,0.7522809,NHEEEMNALR/3
441.87406401,3,208.12,0.8058472,RDHVFEDSYR/3
419.88005009,3,209.607,0.7509978,IANC[U:Carbamidomethyl]IVHSTDK/3
583.59932805,3,210.351,0.8714643,REEEEQQEGGFASPR/3
746.35015073,2,210.351,1.0572926,LESGMQNM[U:Oxidation]SIHTK/2
746.35015073,2,210.351,1.0572926,LESGM[U:Oxidation]QNMSIHTK/2
451.85909172,3,211.095,0.78558797,TFTEMDSHEEK/3
498.58294973,3,211.838,0.81708676,SQYEQLAEQNRK/3
600.62391939,3,211.838,0.9094361,WATHGEPSPVNSHPQR/3
747.37078636,2,211.838,1.051613,SQYEQLAEQNRK/2
492.59155665,3,212.582,0.80970365,GSEHQAIVQHLEK/3
912.43450877,2,214.813,1.1028268,QNQTTSAVSTPASSETSK/2
753.67640846,3,215.556,0.9723377,TDAPQPDVKEEEEEKEEEK/3
417.20726601,3,217.044,0.7701567,HFSSDAVPHPR/3
736.89812538,2,217.787,1.0403538,RKPDTIEVQQMK/2
761.83317935,2,218.53,1.0587904,GSNTC[U:Carbamidomethyl]EVHFENTK/2
491.60117574,3,218.53,0.8291305,RKPDTIEVQQMK/3
447.87758554,3,220.761,0.7849287,ASNGDAWVEAHGK/3
741.85021805,2,221.505,1.0725689,DLAEVGEGGGHSQAR/2
475.58088052,3,221.505,0.8215312,LTHYHEGLPTTR/3
435.24208773,3,222.248,0.7743152,ALEHSALAINHK/3
469.55422554,3,222.248,0.8391354,NYVVTDHGSC[U:Carbamidomethyl]VR/3
608.26791274,3,222.992,0.8713863,YFDGSGGNNHAVEHYR/3
603.98333615,3,223.735,0.9013923,DKPHVNVGTIGHVDHGK/3
416.55455429,3,224.479,0.743906,VSVHVIEGDHR/3
456.57267449,3,224.479,0.81894994,VAERPQHMLMR/3
463.89458217,3,225.223,0.7840962,QAHLTNQYMQR/3
689.35206221,2,225.223,1.054567,TTTAAAVASTGPSSR/2
498.90877982,3,225.223,0.8521329,MFGGPGTASRPSSSR/3
417.22643767,3,225.966,0.79363966,ALTHIDHSLSR/3
519.57557781,3,226.71,0.81721365,EESSGTPAHQMNLR/3
498.23532708,3,226.71,0.79601604,KYEEIDNAPEER/3
510.58669415,3,226.71,0.8602815,HGVDVEVQGPHEAR/3
497.59893412,3,227.453,0.83000857,GNTSGSHIVNHLVR/3
487.89832659,3,227.453,0.82415175,HLEMNPHFGSHR/3
443.55421993,3,227.453,0.7689317,RFDTEEEFKK/3
434.21794217,3,228.94,0.7957488,DREEALHQFR/3
530.933871,3,229.683,0.8327918,LEQIDGHIAEHNSK/3
488.91626319,3,230.427,0.8654899,LDPHNHVLYSNR/3
551.94829161,3,230.427,0.8706761,AQELGHSQSALASAQR/3
581.60793501,3,230.427,0.8150765,ITPAHDQNDYEVGQR/3
427.56170888,3,230.427,0.80653626,DPNDVRPIQAR/3
510.90369445,3,231.171,0.8170626,AAHSEGNTTAGLDMR/3
408.21576151,3,231.171,0.74448603,FHNELNAHIK/3
907.4373858,2,231.914,1.1201078,EAAGTTAAAGTGGATEQPPR/2
465.91615173,3,231.914,0.7838341,QSVENDIHGLRK/3
517.22225858,3,234.888,0.82469374,LFQEC[U:Carbamidomethyl]C[U:Carbamidomethyl]PHSTDR/3
828.84394105,2,235.632,1.0445929,IEYNDQNDGSC[U:Carbamidomethyl]DVK/2
412.90307203,3,235.632,0.78740937,VSQEHPVVLTK/3
479.57579515,3,237.862,0.8753164,QDAQSLHGDIPQK/3
971.49418091,2,239.35,1.1577222,VMQQQQQTTQQQLPQK/2
647.9985461,3,239.35,0.8904173,VMQQQQQTTQQQLPQK/3
519.286579,3,239.35,0.8387891,AIEALHGHELRPGR/3
627.60487392,3,240.093,0.9044004,ISTETEETEGSLHC[U:Carbamidomethyl]C[U:Carbamidomethyl]K/3
539.58479598,3,240.837,0.85284305,SSGHSSSELSPDAVEK/3
403.23130014,3,241.581,0.7747142,RLEIEHSVPK/3
454.56886346,3,242.324,0.8027533,RPNPDILDHER/3
477.92828023,3,242.324,0.8216207,LHNTIVEINNHK/3
484.57193921,3,244.554,0.8100322,YKPESEELTAER/3
626.9854054,3,246.041,0.90379244,LLETTDRPDGHQNNLR/3
445.21760781,3,246.041,0.7668258,ETAENYLGHTAK/3
524.89799785,3,246.041,0.82683337,GHQFSC[U:Carbamidomethyl]VC[U:Carbamidomethyl]LHGDR/3
709.8597201,2,246.041,1.0423665,QSSVTQVTEQSPK/2
553.94393592,3,246.785,0.85879815,RPPLC[U:Carbamidomethyl]YHNGVQYR/3
786.84335854,2,246.785,1.061347,GHQFSC[U:Carbamidomethyl]VC[U:Carbamidomethyl]LHGDR/2
867.89809352,2,247.529,1.0779049,EINSDQATQGNISSDR/2
433.89457656,3,248.273,0.7871535,HRPELIEYDK/3
521.5984883,3,249.016,0.8171601,VSLEPHQGPGTPESK/3
456.56864054,3,249.016,0.835145,TQNDVLHAENVK/3
662.98870405,3,250.503,0.9248813,FELQHGTEEQQEEVRK/3
558.27607389,3,250.503,0.8516072,RDIQENDEEAVQVK/3
608.59112205,3,251.246,0.8921514,HYYEVSC[U:Carbamidomethyl]HDQGLC[U:Carbamidomethyl]R/3
424.21179975,3,251.99,0.7709974,TAIHEVMEQGR/3
762.34832792,2,251.99,1.0379024,IIEDC[U:Carbamidomethyl]SNSEETVK/2
572.62017494,3,252.733,0.84164035,NQQITHANNTVSNFK/3
694.35343468,3,252.733,0.9518467,HASGGSTVHIHPQAAPVVC[U:Carbamidomethyl]R/3
841.91321222,2,253.477,1.0810386,GLTTTGNSSLNSTSNTK/2
409.88753344,3,253.477,0.7920123,HRPELIDYGK/3
858.42662417,2,253.477,1.1082515,NQQITHANNTVSNFK/2
905.43230046,2,254.221,1.1087018,SSQTSGTNEQSSAIVSAR/2
442.23711381,3,254.221,0.7909393,SQLLGSAHEVQR/3
439.89105497,3,254.221,0.8299251,FHHTFSTEIAK/3
416.52280835,3,254.221,0.7682337,GEIDAHEDSFK/3
496.24550344,3,254.964,0.8373379,RDPHLAC[U:Carbamidomethyl]VAYER/3
536.90721602,3,254.964,0.8259942,DEPVRDENGYC[U:Carbamidomethyl]VR/3
435.19978267,3,256.452,0.7763545,VTWDGHSGSMAR/3
542.58160878,3,256.452,0.8729662,HEAFESDLAAHQDR/3
788.39105003,2,256.452,1.0498676,IEQVDKEDEITEK/2
525.92979217,3,257.195,0.79081255,IEQVDKEDEITEK/3
471.73132904,4,258.682,0.8177274,LNFSHGTHEYHAETIK/4
942.45538162,2,258.682,1.2166903,LNFSHGTHEYHAETIK/2
553.62844753,3,258.682,0.8574825,VVDRDSEEAEIIRK/3
628.63934657,3,259.426,0.97102636,LNFSHGTHEYHAETIK/3
620.24433356,3,259.426,0.8734535,EYINEC[U:Carbamidomethyl]DSDYHEER/3
415.47315477,4,259.426,0.7430444,VVDRDSEEAEIIRK/4
488.24437981,3,260.17,0.8391558,ITSVAWSPHHDGR/3
543.26299977,3,261.656,0.8486411,VLTGVAGEDAEC[U:Carbamidomethyl]HAAK/3
415.18899511,3,261.656,0.76666635,C[U:Carbamidomethyl]ALGWDHQEK/3
814.39086142,2,262.4,1.1549232,VLTGVAGEDAEC[U:Carbamidomethyl]HAAK/2
479.23447855,4,262.4,0.8100399,ETKPEPMEEDLPENKK/4
496.91102144,3,262.4,0.8024352,VKPEEMMDERPK/3
638.64354591,3,263.145,0.94021857,ETKPEPMEEDLPENKK/3
430.84511696,3,263.145,0.76239735,TFDHYC[U:Carbamidomethyl]EYR/3
612.61838821,3,263.888,0.93549937,HSLNSSSASTTEPDFQK/3
525.91353087,3,264.632,0.9010286,HLAEHSPYYEAMK/3
788.36665808,2,264.632,1.0820098,HLAEHSPYYEAMK/2
436.24197629,3,264.632,0.7756125,LLENPTINHQK/3
788.88867446,2,265.375,1.045394,EVDATSPAPSTSSTVK/2
790.41994483,2,266.119,1.0647906,EATNPPVIQEEKPK/2
405.53152674,3,266.119,0.7336975,ASIHEAWTDGK/3
869.37219691,2,266.862,1.0801295,TETVEEPM[U:Oxidation]EEEEAAK/2
425.21894874,3,268.349,0.7585819,LYHNEVEIEK/3
504.90234795,3,269.093,0.81202394,DTHDQLSEPSEVR/3
408.21785754,4,269.093,0.7520083,LSEIHHLHPEYVR/4
740.89697131,2,269.093,1.066048,QTAQQIVSHVQNK/2
494.26707303,3,269.837,0.8339806,QTAQQIVSHVQNK/3
404.84863852,3,272.067,0.7399433,MDYEDDRLR/3
536.92196538,3,272.811,0.8707065,HQAFEAELHANADR/3
792.89683395,2,272.811,1.0578804,LDQELQQPQTQEK/2
709.67445075,3,273.554,0.9645886,ILEQEEEEEQAGKPGEPSK/3
519.6024557,3,273.554,0.8627571,HQALQAEIAGHEPR/3
571.27221794,3,274.298,0.8871031,NEEPSEEEIDAPKPK/3
575.28809095,3,274.298,0.85128665,LIQSHPESAEDLQEK/3
732.84863246,2,275.041,1.0353103,EHDPVGQMVNNPK/2
862.4284982,2,275.041,1.1333754,LIQSHPESAEDLQEK/2
444.21666782,3,275.041,0.790353,GQVC[U:Carbamidomethyl]VMIHSGSR/3
499.25265804,3,275.785,0.8104825,MQHNLEQQIQAR/3
848.86689321,2,276.528,1.0589547,MTGESEC[U:Carbamidomethyl]LNPSTQSR/2
748.98820286,3,276.528,0.96682745,DQSSWQNSDASQEVGGHQER/3
741.37078633,2,277.272,1.0568665,QQALTVSTDPEHR/2
533.24292744,3,277.272,0.8139866,YGEAGEGPGWGGAHPR/3
494.58294971,3,277.272,0.8484253,QQALTVSTDPEHR/3
444.24572073,3,278.015,0.7657808,VTAIHIDPATHR/3
539.25970111,3,278.759,0.8404593,TGTITTFEHAHNMR/3
544.59133932,3,278.759,0.8256725,TGTITTFEHAHNM[U:Oxidation]R/3
808.38591343,2,278.759,1.1115121,TGTITTFEHAHNMR/2
774.38101667,2,279.502,1.0705512,ELRDEEQTAESIK/2
516.58976993,3,280.246,0.8643076,ELRDEEQTAESIK/3
422.22258174,3,280.246,0.79750586,ISSDLDGHPVPK/3
862.92286012,2,280.246,1.1344215,HLC[U:Carbamidomethyl]QQLQAEQAAAEK/2
706.8455585,2,280.989,1.0251071,SRAEAESMYQIK/2
484.94381883,3,281.733,0.85397667,VGQAVDVVGQAGKPK/3
479.60005214,3,281.733,0.8236848,KPHTESLELQVR/3
819.41572514,2,281.733,1.1437196,AGAISASGPELQGAGHSK/2
678.32498742,3,283.22,0.94325584,VQIAANEETQEREEQMK/3
534.25098274,3,284.707,0.8465118,GETVNDC[U:Carbamidomethyl]HAEIISR/3
875.44755657,2,284.707,1.110785,SPAGPAATPAQAQAASTPR/2
435.91397109,3,284.707,0.7694895,RQPEAVHLLDK/3
483.93554627,3,284.707,0.8243733,GDAHLRPTSLVQR/3
716.97239084,3,285.451,0.96457845,EEEEPMDTSSVTHTEHYK/3
537.98111224,4,285.451,0.8371454,EEEEPMDTSSVTHTEHYK/4
470.91604028,3,286.194,0.8084549,LAQGHTTVDELAR/3
712.37005804,2,286.194,1.0455655,SLAPSIHGHDYVK/2
716.32532455,2,286.194,1.0739384,GMWSEGNGSHTIR/2
501.57931669,3,286.194,0.8051916,FEGGDRDLEHLSK/3
475.24913085,3,286.938,0.81494266,SLAPSIHGHDYVK/3
468.21158243,3,289.17,0.82967967,TANDMIHAENMR/3
483.23006189,4,289.913,0.80286354,VHLENMGSHDIVDGNHR/4
790.35648729,2,289.913,1.0479635,RPAEDMEEEQAFK/2
699.68462706,3,290.657,0.92124444,SHLVHGSSPGVMGTSVATSASK/3
645.97294254,3,291.4,0.9094732,AYLQEEERENSEVSPR/3
506.23907155,3,292.144,0.843548,QEYDESGPSIVHR/3
773.39205309,2,292.887,1.1120464,HALLEADVAAHQDR/2
515.93046088,3,292.887,0.87375104,HALLEADVAAHQDR/3
461.58065761,3,293.631,0.8057018,AQTAHIVLEDGTK/3
559.24840675,3,295.118,0.8194158,ATAGDTHLGGEDFDNR/3
564.58004496,3,295.118,0.81830055,STAGDTHLGGEDFDNR/3
846.3664292,2,295.862,1.070637,STAGDTHLGGEDFDNR/2
476.94052022,3,296.605,0.82140344,IIAHAQLLEQHR/3
771.37247172,2,296.605,1.038686,HVIADQEVMETNR/2
714.9071421,2,296.605,1.0562911,IIAHAQLLEQHR/2
553.25992402,3,298.836,0.86402225,GHYNNVSC[U:Carbamidomethyl]AVFHPR/3
479.22817251,3,298.836,0.83199126,YELISETGGSHDK/3
446.55545503,3,298.836,0.78616065,LC[U:Carbamidomethyl]DSYEIRPGK/3
470.91274161,3,299.58,0.77680826,SGNALFHASTLHR/3
838.36897189,2,299.58,1.0755473,ATAGDTHLGGEDFDNR/2
578.28490374,3,299.58,0.86839485,KPGQSFQEQVEHYR/3
675.66388607,3,299.58,0.9289975,LQTASDESYKDPTNIQSK/3
946.92905927,2,299.58,1.1395442,AQENYEGSEEVSPPQTK/2
588.60430198,3,301.067,0.90689325,YDEELEGERPHSFR/3
455.9088857,3,301.067,0.82767457,TQGLVPEHVETR/3
918.90337585,2,301.81,1.1444756,DGQVINETSQHHDDLE/2
612.93800939,3,301.81,0.8259158,DGQVINETSQHHDDLE/3
463.568752,3,301.81,0.83260494,ANNIDYTVHSVR/3
441.7050456,4,301.81,0.7900663,YDEELEGERPHSFR/4
455.91509468,3,302.554,0.8314753,LRAEPDHMVLGK/3
573.29161249,3,302.554,0.87477964,NTVSQSISGDPEIDKK/3
464.56489609,3,303.298,0.8085329,TNHIYVSSDDIK/3
416.87289551,3,304.041,0.77120835,TC[U:Carbamidomethyl]HSFIINEK/3
494.91978476,3,304.041,0.8569979,QADNPHVALYQAR/3
547.96176102,3,304.785,0.8610202,LRENVFQEHQTLK/3
447.57121651,3,304.785,0.7999659,VSMSPVLHTQNK/3
423.21783073,3,305.528,0.77728534,QSVENDIHGLR/3
622.33403457,3,305.528,0.8880757,RPELLTHSTTEVTQPR/3
479.25991845,3,305.528,0.8478634,VQQAELHTGSLPR/3
717.90119097,2,305.528,1.0523189,QLAVAEGKPPEAPK/2
403.56551432,3,307.015,0.76076174,HKPLLIDMNK/3
867.89291099,2,307.759,1.1055799,SHMMDVQGSTQDSAIK/2
747.91737237,2,307.759,1.0370524,KPPLLNNADSVQAK/2
740.39373007,2,308.502,1.0865691,AGGAAVVITEPEHTK/2
493.93157887,3,308.502,0.86009324,AGGAAVVITEPEHTK/3
911.88667155,2,308.502,1.1334745,GNIQLSYSDGDDC[U:Carbamidomethyl]GHGK/2
709.86801689,2,308.502,1.0549499,VSHQAGDHWLIR/2
783.41773653,2,309.246,1.0871501,NLLIQNKPGDDPNK/2
814.37761667,2,309.99,1.0571871,SSVQEEC[U:Carbamidomethyl]VSTISSSK/2
460.92090274,3,309.99,0.80660886,KLDEAVAEAHLGK/3
519.58283823,3,310.733,0.85067743,DHVVSDFSEHGSLK/3
778.87061911,2,310.733,1.0796864,DHVVSDFSEHGSLK/2
496.60368513,3,311.477,0.80951065,VDEAVAVLQAHHAK/3
537.26539773,3,312.221,0.8265655,AVEVQGPSLESGDHGK/3
617.96589938,3,312.964,0.91735715,FSTVAGESGSADTVRDPR/3
404.96988798,4,312.964,0.78269374,KC[U:Carbamidomethyl]EHDPHVLLAVAK/4
516.92660497,3,313.708,0.8415737,HRDYETATLSDIK/3
877.3792022,2,313.708,1.0894921,GFDTSSSSSNSAASSSFK/2
781.86265671,2,313.708,1.0536797,EQVEEDNEVSSGLK/2
893.93193632,2,313.708,1.0959796,VQAEDEANGLQTTPASR/2
774.88626922,2,313.708,1.0670606,HRDYETATLSDIK/2
446.58099199,3,314.451,0.7720985,TLNQQLTNHIR/3
405.88753344,3,315.938,0.78445977,LVVDSHVQYR/3
446.23845471,3,315.938,0.7695534,QLPHFTSEHIK/3
716.03442479,3,317.425,0.9283949,QEQQEGPVGPAPSRPALQEK/3
534.27898421,3,317.425,0.8220705,SIGTANRPMGAGEALR/3
797.37319164,2,318.169,1.0467505,QAEETYENIPGQSK/2
485.56126867,3,318.169,0.79439133,NLETFC[U:Carbamidomethyl]EETRR/3
794.37914268,2,319.656,1.0593458,HQAFEAELSANQSR/2
411.5412573,3,320.399,0.78532577,VADMALHYANK/3
832.88412046,2,321.143,1.0626285,SGALQIESSEESDQGK/2
436.89798667,3,321.143,0.7805586,IRYESLTDPSK/3
631.94762847,3,321.886,0.88554484,NKEDQYDHLDAADMTK/3
741.89030035,2,322.63,1.0771166,VQELGHGC[U:Carbamidomethyl]AALVTK/2
758.85991706,2,322.63,1.0779021,IDESSLTGESDHVK/2
842.35107596,2,323.374,1.0591793,EEGETADTVGC[U:Carbamidomethyl]C[U:Carbamidomethyl]SLR/2
959.45610994,2,323.374,1.1569031,ATQQQHDFTLTQTADGR/2
738.35269342,2,324.118,1.0670633,LESGMQNMSIHTK/2
419.22291608,3,324.118,0.7967679,SVHFPGQAVGTR/3
492.57088777,3,324.118,0.8313281,LESGMQNMSIHTK/3
639.97316545,3,324.862,0.88898104,ATQQQHDFTLTQTADGR/3
450.8834602,3,325.605,0.7742584,MTNYDVEHTIK/3
792.38663338,2,326.349,1.0739155,EQLQSVTTNSGYTR/2
867.93649036,2,326.349,1.0837903,TQTPPVSPAPQPTEER/2
909.9232456,2,327.092,1.1158608,LYGSAGPPPTGEEDTAEK/2
892.46287228,2,327.092,1.1812401,AALAHSEEVTASQVAATK/2
581.28943746,3,328.579,0.85001785,IGSC[U:Carbamidomethyl]TQQDVELHVQK/3
635.66941725,3,330.81,0.9419092,TLQAGLSSNHVSHGEVLR/3
707.36137576,2,330.81,1.071603,IMLDSSNLQHQK/2
816.39158134,2,330.81,1.0794015,AQEPESGLSEETQVK/2
464.86534562,3,331.554,0.805645,WGDYDSHDIER/3
797.38375632,2,333.041,1.0772765,VDSQASITQDSDSIK/2
919.38213883,2,333.785,1.1144909,TAENATSGETLEENEAGD/2
414.56271543,3,335.272,0.7579076,LTEVLTDSHVK/3
552.57329135,3,336.016,0.8341054,NHQLYC[U:Carbamidomethyl]NDC[U:Carbamidomethyl]YLR/3
777.85516604,2,336.016,1.1024542,DYSTLTSVSSHDSR/2
517.99937372,4,336.759,0.8224361,IMQNTDPHSQEYVEHLK/4
690.33007281,3,336.759,0.9311586,IMQNTDPHSQEYVEHLK/3
764.33195794,2,337.503,1.04585,QPTSEANC[U:Carbamidomethyl]SAMFGK/2
897.96029983,2,340.477,1.1520228,HLHPIQTSFQEATASK/2
468.27327643,3,340.477,0.7960841,KEDLYLKPIQR/3
778.38917607,2,341.221,1.04469,QLSAQSYGVTSSTAR/2
740.82722833,2,341.964,1.0471686,LESIDGNEEESMK/2
561.90598095,3,341.964,0.8262925,DDSFFGETSHNYHK/3
545.26914223,3,342.708,0.88691825,HQLLEADISAHEDR/3
422.89603453,3,344.195,0.7989512,C[U:Carbamidomethyl]GAALAGHQLIR/3
763.87229615,2,344.195,1.037996,YSPTSPTYSPTTPK/2
893.41050236,2,344.938,1.090295,DEAQNEGPATESEAPLK/2
509.5804403,3,344.938,0.79583454,IPGEETDTIQHMR/3
478.57837109,3,345.682,0.8084176,LSNRPAFMPSEGK/3
434.23141162,3,346.425,0.82512,YHIIHADIYR/3
642.66952868,3,346.425,0.97089934,RPLHSAQAVDVASASNFR/3
686.64969396,3,347.169,0.99321854,THEAEIVEGENHTYC[U:Carbamidomethyl]IR/3
801.40122916,2,347.912,1.0765414,QVLVAPGNAGTAC[U:Carbamidomethyl]SEK/2
814.85905978,2,347.912,1.0501819,TYDPSGDSTLPTC[U:Carbamidomethyl]SK/2
577.29535696,3,347.912,0.90672386,QTLENERGELANEVK/3
540.96164962,3,348.656,0.84691143,LIQDQQEQIQHLK/3
463.88971408,3,349.4,0.83668464,NFYQEHPDLAR/3
775.89409425,2,349.4,1.0698649,LVEIVHPSQEEDR/2
523.26434071,3,350.143,0.8079179,DLEEDHAC[U:Carbamidomethyl]IPIKK/3
784.39287283,2,350.887,1.0595068,DLEEDHAC[U:Carbamidomethyl]IPIKK/2
855.41572514,2,350.887,1.1011511,NDIASHPPVEGSYAPR/2
746.36834346,2,351.63,1.0540147,LTDC[U:Carbamidomethyl]VVMRDPASK/2
497.91465446,3,351.63,0.80852985,LTDC[U:Carbamidomethyl]VVMRDPASK/3
446.90899717,3,352.374,0.81084466,RTLEGELHDLR/3
763.88026698,2,352.374,1.0637395,FC[U:Carbamidomethyl]AGNPGNQALLHK/2
964.9634334,2,352.374,1.2076579,GTILISSEEGETEANNHK/2
546.93012651,3,352.374,0.83434755,FNLTYVSHDGDDKK/3
493.94153235,3,353.118,0.86415935,AVMLLHTHTITSR/3
679.86173148,2,354.605,1.034964,LLATEQEDAAVAK/2
456.90039023,3,354.605,0.8246531,EDITQSAQHALR/3
475.59300902,3,356.092,0.83606315,RHEQFIPIAADK/3
535.95097341,3,356.092,0.87542015,FIPHENGVHTIDVK/3
741.34898823,2,356.835,1.0313388,YSHEVLSEENFK/2
560.99630811,4,358.323,0.8419181,GPDNC[U:Carbamidomethyl]IQC[U:Carbamidomethyl]AHYIDGPHC[U:Carbamidomethyl]VK/4
747.65931865,3,358.323,0.9687363,GPDNC[U:Carbamidomethyl]IQC[U:Carbamidomethyl]AHYIDGPHC[U:Carbamidomethyl]VK/3
758.85430036,2,358.323,1.0346811,EELVPAEETEQDK/2
490.58541424,3,359.066,0.7974766,VMSQEIQEQLHK/3
730.34985393,2,359.066,1.066941,DLSLENGAHAYNR/2
861.3747396,2,361.297,1.085823,TETVEEPMEEEEAAK/2
779.40631454,2,362.784,1.054179,RPISADSAIMNPASK/2
623.28083048,3,363.527,0.8958954,KFEEFQTDMAAHEER/3
604.31246498,3,364.271,0.9599979,RAPSVANVGSHC[U:Carbamidomethyl]DLSLK/3
788.8566545,2,364.271,1.1341971,GDLLEGANAYHC[U:Carbamidomethyl]EK/2
883.96083119,2,365.014,1.1150976,GLSQNQQIPQNSVTPR/2
890.41779608,2,365.758,1.1214204,VATLNSEEESDPPTYK/2
512.94756331,3,365.758,0.87237847,VVEVLAGHGHLYSR/3
768.91770674,2,365.758,1.1187947,VVEVLAGHGHLYSR/2
451.56170888,3,365.758,0.7990307,TPLHNDNSWIR/3
780.32844979,2,365.758,1.0377293,NEIDNYEEDYQK/2
597.28456938,3,365.758,0.8916329,KEPVDEDLYPEHYR/3
842.38970737,2,367.245,1.144381,YTLFSASSEGQNHSR/2
784.88881188,2,367.988,1.0442824,QAVTNPNNTFYATK/2
598.92548698,3,367.988,0.8852239,DWQSYYYHHPQDR/3
752.85371787,2,367.988,1.0669656,VHMFEAHSDYIR/2
534.52745562,4,367.988,0.83727217,FNHNLLPSETAHKPDLSSK/4
850.43973159,2,368.732,1.101928,QEAATLAANNTQLQAR/2
588.26550921,3,370.219,0.8522078,FAQHGTFEYEYSQR/3
805.36907179,2,370.219,1.0593711,C[U:Carbamidomethyl]AQAQTGIDLSGC[U:Carbamidomethyl]TK/2
835.88084948,2,370.219,1.0661502,EQGPYETYEGSPVSK/2
881.89462559,2,370.219,1.118767,FAQHGTFEYEYSQR/2
454.2263262,3,370.962,0.8382203,NFYVEHPEVAR/3
710.6626566,3,370.962,0.909357,VDQALHTQTDADPAEEYAR/3
807.84797219,2,371.706,1.0563219,QC[U:Carbamidomethyl]C[U:Carbamidomethyl]GTDGVEANYIK/2
851.90687565,2,371.706,1.12137,LSIMTSENHLNNSDK/2
534.92682786,3,372.449,0.816041,YNEQHVPGSPFTAR/3
726.86447112,2,372.449,1.0415527,EVPEHITEEELK/2
801.88660355,2,373.193,1.0748651,YNEQHVPGSPFTAR/2
734.82228034,2,373.193,1.0468327,NFGEDMDDERLK/2
803.3804937,2,373.937,1.0585095,ENVNATENC[U:Carbamidomethyl]ISAVGK/2
865.41232514,2,373.937,1.1426598,NVTDVVNTC[U:Carbamidomethyl]HDAGISK/2
490.21727905,3,373.937,0.8083965,NFGEDMDDERLK/3
577.27730892,3,373.937,0.85852265,NVTDVVNTC[U:Carbamidomethyl]HDAGISK/3
559.98093267,3,374.68,0.91520846,LQQSHPLSATQIQVK/3
839.46776077,2,374.68,1.1179973,LQQSHPLSATQIQVK/2
766.87993264,2,375.424,1.0529873,TNEQMHQLVAAYK/2
826.35616134,2,376.168,1.0588281,DC[U:Carbamidomethyl]VGDVTENQIC[U:Carbamidomethyl]NK/2
824.92572874,2,376.911,1.1131475,HVGNQQYNVTYVVK/2
769.38759049,2,376.911,1.0742215,KLENC[U:Carbamidomethyl]NYAVELGK/2
871.94071846,2,376.911,1.0979459,VLVSPTNPPGATSSC[U:Carbamidomethyl]QK/2
911.96505929,2,377.655,1.1311636,EIVHIQAGQC[U:Carbamidomethyl]GNQIGAK/2
767.89663692,2,377.655,1.0384195,SPDLAPTPAPQSTPR/2
579.59474943,3,378.399,0.8813076,NPGNQAAYEHFETMK/3
881.94451238,2,378.399,1.1069772,QNQTTAISTPASSEISK/2
948.96650739,2,378.399,1.1294442,SAATSGAGSTTSGVVSGSLGSR/2
548.96913848,3,378.399,0.8704356,NEHRPASALVNPLAR/3
993.47459949,2,378.399,1.255722,LIITSAEASPAEC[U:Carbamidomethyl]C[U:Carbamidomethyl]QHAK/2
571.62492597,3,379.143,0.914364,HLSPYATLTVGDSSHK/3
743.84901804,2,379.143,1.0401902,ALQPLEEGEDEEK/2
868.88848592,2,379.143,1.1258284,NPGNQAAYEHFETMK/2
875.91618917,2,379.143,1.112079,IHVSYQETQQMQMK/2
432.24114211,3,380.629,0.7441763,AVMHFLVNHVK/3
565.28831386,3,381.373,0.8288363,LESEHPDQAQAILSR/3
764.41753958,2,381.373,1.0728246,VVSQYHELVVQAR/2
758.87810983,2,381.373,1.0688713,ETTESLHGDISSLK/2
911.96505929,2,382.117,1.1316891,EIVHLQAGQC[U:Carbamidomethyl]GNQIGAK/2
592.28954891,3,382.117,0.8276396,LIQNNHYAMEDVATR/3
509.94745187,3,382.117,0.8591591,VVSQYHELVVQAR/3
608.31246501,3,382.86,0.852051,EIVHLQAGQC[U:Carbamidomethyl]GNQIGAK/3
608.31246501,3,382.86,0.852051,EIVHIQAGQC[U:Carbamidomethyl]GNQIGAK/3
787.89409426,2,382.86,1.0670373,LVGDFTHDQSISQK/2
525.59848833,3,382.86,0.849042,LVGDFTHDQSISQK/3
770.38283947,2,383.603,1.0904815,AQIEQVIANC[U:Carbamidomethyl]EHK/2
771.38571649,2,383.603,1.127218,LAQANGWGVM[U:Oxidation]VSHR/2
514.59290315,3,383.603,0.8486107,LAQANGWGVM[U:Oxidation]VSHR/3
846.4077627,2,384.347,1.089008,VQGSDSDEEVVVATTR/2
513.92431847,3,384.347,0.8332678,AQIEQVIANC[U:Carbamidomethyl]EHK/3
584.94952108,3,385.091,0.9312224,FTQDTQPHYIYSPR/3
734.8768586,2,385.091,1.0426782,HLVESTNEMAPLK/2
737.38081972,2,385.091,1.0436249,SQQLSALQEENVK/2
442.56645991,3,385.834,0.78693223,ISHGEVLEWQK/3
584.95896774,3,386.577,0.85132176,NSNLVGAAHEELQQSR/3
783.85324614,2,387.321,1.0542299,YYTSASGDEM[U:Oxidation]VSLK/2
566.97729959,3,387.321,0.90590906,TGVELGKPTHFTVNAK/3
691.02374864,3,387.321,0.90487057,NQAAIQGRPPYAASAEEVAK/3
781.38322498,2,387.321,1.066161,ATQPETTEEVTDLK/2
876.93481338,2,388.064,1.1768141,NSNLVGAAHEELQQSR/2
576.61755409,3,388.064,0.8701268,DVAC[U:Carbamidomethyl]GANHTLVLDSQK/3
691.37903715,2,388.808,1.0386082,VIMVTGDHPITAK/2
795.386299,2,388.808,1.0449005,NTVSQSISGDPEIDK/2
543.62162736,3,388.808,0.89549416,RDAESIHQYLLQR/3
796.367052,2,388.808,1.0926684,EDINAIEMEEDKR/2
461.25511692,3,388.808,0.8299061,VIMVTGDHPITAK/3
864.4226929,2,389.551,1.1460706,DVAC[U:Carbamidomethyl]GANHTLVLDSQK/2
826.93375072,2,390.295,1.0693097,VTAQGPGLEPSGNIANK/2
758.37821744,2,391.039,1.0758942,IWHHTFYNELR/2
822.90087345,2,391.039,1.077309,ITC[U:Carbamidomethyl]LC[U:Carbamidomethyl]QVPQNAANR/2
505.92123711,3,391.039,0.8476418,IWHHTFYNELR/3
970.95018862,2,393.269,1.1679698,SSLGQSASETEEDTVSVSK/2
680.66751907,3,394.756,0.92939067,AEVVETTQVYTEEETRR/3
857.36724894,2,395.5,1.0817146,ETQTEC[U:Carbamidomethyl]EWTVDTSK/2
973.44343678,2,396.243,1.2015147,EHPYLFSQC[U:Carbamidomethyl]QAIHC[U:Carbamidomethyl]R/2
723.37279768,2,396.987,1.0326662,HQSFVLVGETGSGK/2
649.29805001,3,396.987,0.9293252,EHPYLFSQC[U:Carbamidomethyl]QAIHC[U:Carbamidomethyl]R/3
754.38230815,2,397.73,1.0398114,VIQC[U:Carbamidomethyl]FAETGQVQK/2
856.90341612,2,398.474,1.1591629,AAHEALGQFC[U:Carbamidomethyl]C[U:Carbamidomethyl]ALHK/2
886.36346344,2,399.218,1.0857385,MGGGGAMNMGDPYGSGGQK/2
571.6047029,3,399.218,0.8844053,AAHEALGQFC[U:Carbamidomethyl]C[U:Carbamidomethyl]ALHK/3
834.4065115,2,399.218,1.0919265,C[U:Carbamidomethyl]VVQPETGDLNNPPK/2
482.56998706,3,399.961,0.8595958,MQGSLEAHVNGFR/3
713.3795685,2,400.705,1.05023,QIATLHAQVADMK/2
879.89155159,2,401.448,1.142307,STAYEDYYYHPPPR/2
742.39881551,2,401.448,1.0629458,QTIQYIHPADAVK/2
586.93012655,3,402.192,0.8923414,STAYEDYYYHPPPR/3
731.37194039,2,402.192,1.0586426,GVAINMVTEEDKR/2
445.23482172,3,402.192,0.77362883,LYHDIAQQAFK/3
921.912355,2,402.935,1.1199684,TGIEQGSDAGYLC[U:Carbamidomethyl]ESQK/2
739.9017223,2,402.935,1.1095762,VDEAVAVLQAHQAK/2
570.30077669,3,402.935,0.875761,NAIHTFVQSGSHLAAR/3
530.56820032,3,403.679,0.83049244,FDENGLPTHDMEGK/3
740.39934682,2,404.423,1.0590641,SLQEEHVAVAQLR/2
493.60357369,3,404.423,0.86191064,VDEAVAVLQAHQAK/3
672.31663387,2,404.423,1.0242852,HEAMITDLEER/2
912.44775356,2,405.91,1.1474981,GIEQAVQSHAVAEEEAR/2
437.90340637,3,406.653,0.73405564,HRFEVNPVWK/3
748.88881192,2,407.397,1.0684612,ITDGLHALQEASNK/2
430.56054039,3,407.397,0.8097426,KYDEVLHMVR/3
677.33101838,3,407.397,0.9076292,GPTSTSIDNIDGTPVRDER/3
959.41218778,2,408.14,1.18152,TYDATTHFETTC[U:Carbamidomethyl]DDIK/2
639.94388401,3,408.884,0.8594155,TYDATTHFETTC[U:Carbamidomethyl]DDIK/3
611.30770834,3,408.884,0.8786395,IWDPTPSHTPAGAATPGR/3
628.96847537,3,409.628,0.89409196,FAEVEC[U:Carbamidomethyl]LAESHQHLSK/3
403.21495492,4,409.628,0.7636678,HLAPDHLLQIC[U:Carbamidomethyl]HR/4
912.4659463,2,409.628,1.212129,GSISSTSEVHSPPNVGLR/2
852.38831871,2,410.371,1.1720191,GNAMVEEGHFAAEDVK/2
494.25628543,3,410.371,0.831209,IHEEFSEHALLR/3
832.89174853,2,411.115,1.0631738,VEYTLGEESEAPGQR/2
560.30519335,3,411.858,0.8700853,LERPPETPTVDPTVK/3
837.41572512,2,412.602,1.0756,NSQFAGGPLGNPNTTAK/2
890.9028445,2,412.602,1.0908731,TDYNASVSVPDSSGPER/2
791.374877,2,412.602,1.0558734,ASVLDTSMSAGSGSPSK/2
758.88573793,2,414.089,1.1091933,LLEGEDAHLTQYK/2
635.63767132,3,414.089,0.8580806,SLLEGQEDHYNNLSASK/3
952.95286875,2,414.089,1.1750994,SLLEGQEDHYNNLSASK/2
473.25773777,3,414.089,0.7785641,LVNHFVEEFKR/3
773.39339574,2,414.089,1.0664684,KPYPDDENLVEVK/2
506.25958411,3,414.832,0.85195464,LLEGEDAHLTQYK/3
866.40565426,2,414.832,1.1394249,IMIMTDQDQDGSHIK/2
565.27026582,3,414.832,0.838618,FELSENC[U:Carbamidomethyl]SERPGLR/3
577.93952833,3,414.832,0.8483687,IMIMTDQDQDGSHIK/3
452.23097138,3,414.832,0.81745696,IMGNLGAADIDHK/3
702.35133402,2,414.832,1.041786,YRQQFEELYK/2
857.44755659,2,415.576,1.1638645,TITVALADGGRPDNTGR/2
540.58647126,3,416.32,0.88966465,QFQDAGHFDAENIK/3
748.39680413,2,416.32,1.0866623,TYSLGSALRPSTSR/2
704.3504767,2,416.32,1.0329181,AVYTQDC[U:Carbamidomethyl]PLAAAK/2
785.38250511,2,417.063,1.0466908,DHQTITIQEMPEK/2
797.40756577,2,417.063,1.0620345,QTSSTPSSLALTSASR/2
458.2384547,3,417.807,0.8118174,YGGPNHIVGSPFK/3
471.88334873,3,417.807,0.7926304,YDGKWEVEEMK/3
752.41360825,2,417.807,1.0608106,KAEIGIAMGSGTAVAK/2
887.38409904,2,419.294,1.1069872,GNAGQSNYGFANSAMER/2
732.3183193,2,419.294,1.0494494,C[U:Carbamidomethyl]YLGATC[U:Carbamidomethyl]AYDAAK/2
464.73260039,4,419.294,0.82680947,SLYHSVEWRPAEEPR/4
619.30770836,3,419.294,0.9067667,SLYHSVEWRPAEEPR/3
706.90901605,2,420.037,1.0368158,KVEAQLQELQVK/2
759.87772434,2,421.525,1.0552639,HSSLAGC[U:Carbamidomethyl]QIINYR/2
433.89944463,3,421.525,0.8001111,TSC[U:Carbamidomethyl]ALTIHAIGR/3
711.87042224,2,422.268,1.0505925,EQLQLLEEQHR/2
433.56657137,3,422.268,0.7964666,QFESLPATHIR/3
506.92090838,3,422.268,0.8599704,HSSLAGC[U:Carbamidomethyl]QIINYR/3
734.37553733,2,422.268,1.0457361,ATSTATSGFAGAIGQK/2
693.36784969,3,423.012,0.9327105,HGAPSPSHPISAPQAAAAAALR/3
474.91604032,3,423.012,0.78903145,EQLQLLEEQHR/3
400.21314067,3,423.012,0.7610574,IEAVEMHLTR/3
746.82597713,2,423.012,1.0466975,MDGTYAC[U:Carbamidomethyl]SYTPVK/2
831.42067316,2,424.499,1.0842812,EAATQAQQTLGSTIDK/2
564.644432,3,424.499,0.8401215,LREQLQLLEEQHR/3
738.3615727,2,425.243,1.0526861,VNDVC[U:Carbamidomethyl]TNGQDLIK/2
883.89435078,2,425.243,1.0968968,TEQEEDEELLTESSK/2
535.95427211,3,425.243,0.8668131,LIQEQHPEEELIK/3
570.6530389,3,425.987,0.8828901,APQAPLHSVVQQLHGK/3
464.88742756,3,425.987,0.79926777,TFTAWC[U:Carbamidomethyl]NSHLR/3
691.36972371,2,426.731,1.0274429,HEVLLISAEQDK/2
438.55807588,3,426.731,0.8053076,QADFEAHNILR/3
504.25763193,3,426.731,0.880039,SVFGHIC[U:Carbamidomethyl]SHLTPR/3
452.24706167,3,427.474,0.7746743,IWHYTGSILHK/3
960.476511,2,427.474,1.2316419,TGTIVVEGHELHDEDIR/2
640.65717729,3,428.217,0.8885461,FSALQQAVPTESTDNRR/3
640.65343282,3,428.217,0.92978567,TGTIVVEGHELHDEDIR/3
915.44415664,2,428.217,1.1522022,ATIELC[U:Carbamidomethyl]STHANDASALR/2
597.63923514,3,428.217,0.8610945,YTLETRPNQEGIDVR/3
610.63186325,3,428.217,0.8541809,ATIELC[U:Carbamidomethyl]STHANDASALR/3
630.00602936,3,428.217,0.9794266,VTVAGGVHISGLHTESAPR/3
712.8620658,2,428.217,1.0535824,VVAEEAWENHLK/2
922.95488009,2,428.962,1.17462,LSLEGDHSTPPSAYGSVK/2
595.61984059,3,429.705,0.8922415,DVDIIDHHDNTYTVK/3
779.88900886,2,429.705,1.0537194,VLGTSPEAIDSAENR/2
615.63901222,3,429.705,0.8658151,LSLEGDHSTPPSAYGSVK/3
737.39901249,2,429.705,1.0358495,EQQIVIQSSGGLSK/2
436.92598814,3,429.705,0.81095016,LIAHAGSLTNLAK/3
569.97607016,3,429.705,0.8644867,LLHVAVSDVNDDVRR/3
427.73387173,4,429.705,0.7819605,LLHVAVSDVNDDVRR/4
461.98107828,4,429.705,0.8234103,LSLEGDHSTPPSAYGSVK/4
854.40027208,2,430.448,1.0755726,LSDGQGFTQDDIQAGR/2
892.92612265,2,430.448,1.1353583,DVDIIDHHDNTYTVK/2
753.34304556,2,430.448,1.0396369,TEEMPNDSVLENK/2
884.41284812,2,431.935,1.1238856,VVHSYEELEENYTR/2
641.98641191,3,431.935,0.9039601,FVTSTSDHFVEGQTVAAK/3
468.25410479,3,432.679,0.8192548,KDPQGLGLHFYK/3
783.4051605,2,432.679,1.1167586,SLEAQVAHADQQLR/2
854.36196659,2,432.679,1.1128005,EGEDMIAEEHFGSEK/2
752.39934681,2,433.422,1.082298,GISHVIVDEIHER/2
529.58156389,3,433.422,0.82455224,TPLHC[U:Carbamidomethyl]VMEVDTER/3
501.93532336,3,433.422,0.8280363,GISHVIVDEIHER/3
750.84863249,2,433.422,1.0349373,QVFTNAEVYNC[U:Carbamidomethyl]R/2
534.93851058,3,433.422,0.8460686,VVQLHEYSEELEK/3
801.90412763,2,433.422,1.086669,VVQLHEYSEELEK/2
751.88722629,2,434.166,1.0905309,FVPAEMGTHTVSVK/2
790.85737437,2,434.166,1.0544913,QDLFEPSSANTEDK/2
904.92286007,2,434.91,1.1141514,GDEC[U:Carbamidomethyl]QLVGPAQPSHWK/2
749.40462919,2,434.91,1.0413833,QTLQSEQPLQVAR/2
603.61766554,3,435.653,0.8457523,GDEC[U:Carbamidomethyl]QLVGPAQPSHWK/3
844.40142614,2,436.397,1.1003755,AANSC[U:Carbamidomethyl]TSYSGTTLNLK/2
663.66058738,3,436.397,0.9215541,GGAAVDPDSGLEHSAHVLEK/3
497.99725965,4,436.397,0.82985353,GGAAVDPDSGLEHSAHVLEK/4
994.98724283,2,436.397,1.2636122,GGAAVDPDSGLEHSAHVLEK/2
717.88861499,2,436.397,1.0481677,IRLENEIQTYR/2
779.38081967,2,436.397,1.0854636,FVSEDDRNSFTLK/2
928.40604813,2,437.14,1.1317394,NAEVTGTMSQDTEVDMK/2
841.89501948,2,437.14,1.0832869,ASSSSASSAGALESSLDR/2
405.56529142,3,437.14,0.732827,LLKPEC[U:Carbamidomethyl]VLDK/3
798.37606867,2,437.883,1.0520837,QVTQSYWDTNPTR/2
732.3873935,2,437.883,1.0458049,HC[U:Carbamidomethyl]PSAVVPVELQK/2
542.63342146,3,437.883,0.883582,TPVIDADKPVSSQLR/3
471.88971407,3,437.883,0.78965724,WGDEHIPGSPYR/3
731.35206227,2,437.883,1.044088,SSHYDELLAAEAR/2
801.88392348,2,438.627,1.0607123,SDVLQPGAEVTTDDR/2
523.91375377,3,438.627,0.8297444,FHWEQDQIAHMK/3
785.36699242,2,438.627,1.1031234,FHWEQDQIAHMK/2
754.39723833,2,439.37,1.1105567,LASHLNLAMC[U:Carbamidomethyl]HLK/2
788.93830481,2,439.37,1.0725706,IQHAVQLATEPLEK/2
417.89457657,3,439.37,0.7517337,LEDLEVIQHR/3
503.26725104,3,440.114,0.8527811,LASHLNLAMC[U:Carbamidomethyl]HLK/3
539.24516908,3,440.114,0.8529873,MQQHFEFEYQTK/3
725.39776122,2,440.114,1.0486937,ASPLLPANHVTMAK/2
726.81964057,2,441.601,1.0384065,YVQSGMMMSQYK/2
504.61581367,3,441.601,0.8843463,LTQVLNTHYVAPR/3
684.33576942,3,441.601,0.95540243,IVSSSDVGHDEYSTQSLVK/3
756.42008227,2,441.601,1.0977871,LTQVLNTHYVAPR/2
530.60833033,3,442.344,0.8640333,HGHLC[U:Carbamidomethyl]PIDTGLIEK/3
949.94196974,2,442.344,1.1352094,LYQPEYQEVSTEEQR/2
489.94040875,3,442.344,0.8380592,RVDPVYIHLAER/3
828.89482252,2,442.344,1.0550705,TSPNEGLSGNPADLER/2
735.82448867,2,442.344,1.0379124,EITC[U:Carbamidomethyl]DNFDETVK/2
596.96473093,3,443.088,0.83482504,TSIHEAMEQQSISISK/3
662.28402331,3,443.088,0.94511366,VDDHDSEEIC[U:Carbamidomethyl]LDHLC[U:Carbamidomethyl]K/3
661.00681862,3,443.088,0.92592067,ALTVAHELLC[U:Carbamidomethyl]NKPEEEK/3
543.60687798,3,443.088,0.8310703,LADMHSTEISLQQR/3
894.94345816,2,443.088,1.127654,TSIHEAMEQQSISISK/2
755.84407003,2,443.832,1.0738066,FNLTYVSHDGDDK/2
504.23180551,3,443.832,0.8346517,FNLTYVSHDGDDK/3
787.37064893,2,443.832,1.0582628,ELAETIAADDGTDPR/2
821.92338299,2,444.575,1.0875593,LPSGSGAASPTGSAVDIR/2
431.22666057,3,444.575,0.7512861,NLGQNLWGPHR/3
795.38629898,2,445.319,1.0613583,GNDTPLALESTNTEK/2
536.25254657,3,445.319,0.8445529,FIC[U:Carbamidomethyl]EQDHQNFLR/3
553.97741111,3,445.319,0.87761635,LHISQLQHENSILK/3
536.61185187,3,446.063,0.85331404,NPNTSEPQHLLVMK/3
804.41413958,2,446.063,1.1136482,NPNTSEPQHLLVMK/2
854.91483808,2,446.063,1.0779977,VQPQWSPPAGTQPC[U:Carbamidomethyl]R/2
943.46052657,2,446.063,1.1493126,HELTEISNVDVETQSGK/2
777.87897549,2,446.806,1.055854,QSSATSSFGGLGGGSVR/2
936.43168045,2,446.806,1.1631175,MLVQC[U:Carbamidomethyl]MQDQEHPSIR/2
828.90739857,2,447.55,1.1428629,EALLSSAVDHGSDEVK/2
624.62354579,3,447.55,0.89184636,MLVQC[U:Carbamidomethyl]MQDQEHPSIR/3
790.84691794,2,447.55,1.0565542,ILC[U:Carbamidomethyl]DVPC[U:Carbamidomethyl]SGDGTMR/2
552.2787613,3,447.55,0.8650306,APSVANVGSHC[U:Carbamidomethyl]DLSLK/3
892.94431538,2,447.55,1.2384847,ELFQTPGHTEEAVAAGK/2
827.91450371,2,448.293,1.1416984,APSVANVGSHC[U:Carbamidomethyl]DLSLK/2
818.38015938,2,448.293,1.0716691,LAC[U:Carbamidomethyl]LSEEGNEIESGK/2
675.34471072,3,448.293,0.937214,NREELGFRPEYSASQLK/3
770.89630256,2,449.037,1.0742191,EEVVLLTHGDSVDK/2
821.90888704,2,449.037,1.0748715,MATQASTLYSNNITK/2
516.61955814,3,449.037,0.8580025,GHLLYVALSPGQHR/3
547.61788285,3,449.037,0.82431215,FLSNGHVTIPGQQDK/3
639.31123552,3,449.037,0.92803484,DLVHLSHNMLHGDGTNR/3
820.92318605,2,449.037,1.1104108,FLSNGHVTIPGQQDK/2
760.8396158,2,449.78,1.0472164,EC[U:Carbamidomethyl]VLPGGETAGDMGK/2
417.56065185,3,449.78,0.79118526,LLEC[U:Carbamidomethyl]PHLNVR/3
774.42569898,2,449.78,1.0938711,GHLLYVALSPGQHR/2
870.44414819,2,450.524,1.0849111,NTNSVPETAPAAIPETK/2
568.95326553,3,450.524,0.8637641,YAGLLFSSRPDAHDR/3
877.93140499,2,451.267,1.1051984,SSSVGSSSSYPISPAVSR/2
821.42575849,2,451.267,1.0805243,QVVAVTGDGTNDGPALK/2
862.4123168,2,451.267,1.1091223,YQVGVHYELTEEEK/2
811.86434214,2,452.754,1.067977,VDIQTEDLEDGTC[U:Carbamidomethyl]K/2
530.29462865,3,452.754,0.8873166,VPTTEKPTVTVNFR/3
794.37285726,2,452.754,1.0532656,NESTPPSEELELDK/2
690.85626058,2,453.498,1.061486,C[U:Carbamidomethyl]LALATHDNPLR/2
802.86668785,2,453.498,1.0654249,FATEYC[U:Carbamidomethyl]NTIEGTAK/2
782.3679093,2,454.242,1.0523375,TGQGDYPLNNELDK/2
862.43411487,2,454.242,1.119663,HLLVSNVGGDGEEIER/2
457.56987,3,454.242,0.8335604,FEDHEGLPTVVK/3
474.58675517,3,454.986,0.7844157,ITEYLC[U:Carbamidomethyl]EPLRK/3
731.91357851,2,454.986,1.0960718,VQLTTC[U:Carbamidomethyl]IHHIIK/2
560.30893785,3,454.986,0.89730763,AELRDDPIISTHLAK/3
542.27658066,3,454.986,0.86451775,YAPTEVGLHEMHIK/3
406.95925461,4,454.986,0.74072534,YAPTEVGLHEMHIK/4
488.2781445,3,454.986,0.78472817,VQLTTC[U:Carbamidomethyl]IHHIIK/3
812.91123275,2,454.986,1.1546689,YAPTEVGLHEMHIK/2
802.93576212,2,455.729,1.0867457,TKPYIQVDIGGGQTK/2
420.4835225,4,455.729,0.76699543,AELRDDPIISTHLAK/4
917.41981585,2,456.473,1.162813,AQAVLEEDHYGMEDVK/2
833.39868645,2,457.217,1.0955418,NQVAM[U:Oxidation]NPTNTVFDAK/2
851.40925115,2,457.217,1.0910062,SGQGDALASGPVETGPMK/2
888.92852795,2,457.217,1.1120324,TAGPLESSETEEASQLK/2
613.62710661,3,457.217,0.8797442,SFAGAVSPQEEEEFRR/3
611.94896939,3,457.217,0.86357987,AQAVLEEDHYGMEDVK/3
695.86989089,2,457.217,1.0382521,LTPYEVDELRR/2
400.51717829,3,457.96,0.7708108,MPDMHVNMPK/3
893.89924761,2,458.704,1.1080383,QMQSSFTSSEQELER/2
554.26352466,4,458.704,0.82920635,VFQGTDEQLNDLYHNHQR/4
704.85899187,2,458.704,1.0396496,LTIHGDLYYEGK/2
738.68227405,3,459.447,0.9702048,VFQGTDEQLNDLYHNHQR/3
791.89505977,2,459.447,1.0997838,MMLSGGAPLSPQTHR/2
541.25976767,3,460.191,0.8906641,MHAPPINMESVHMK/3
942.44708484,2,460.191,1.1402498,AEVVETTQVYTEEETR/2
647.00704153,3,460.191,0.8609972,KPVSTTNLQDPGVLGC[U:Carbamidomethyl]PR/3
402.23979565,3,460.191,0.7487584,ILHLLGQEGPK/3
693.40030393,2,460.935,1.0372343,KPMVVLGSSALQR/2
765.82617407,2,461.678,1.0659609,AVYMMPTEGDDSSK/2
824.34420807,2,461.678,1.0682147,C[U:Carbamidomethyl]TSYNIPC[U:Carbamidomethyl]TSDMAK/2
968.46014109,2,462.421,1.1966875,MTQNPNYYNLQGISHR/2
736.86936795,2,463.165,1.0833726,VLAMSGDPNYLHR/2
645.97585288,3,463.165,0.9026721,MTQNPNYYNLQGISHR/3
491.58200412,3,463.165,0.807679,VLAMSGDPNYLHR/3
440.56780641,3,463.909,0.79662395,SGGMERPFVLAR/3
795.80035325,2,463.909,1.0542452,TFMDMDQDSEDEK/2
944.96967293,2,464.652,1.1542304,KLEEEQIILEDQNC[U:Carbamidomethyl]K/2
791.38250507,2,465.396,1.0666656,C[U:Carbamidomethyl]VVEPAAGDLDNPPK/2
902.45452435,2,465.396,1.1266706,AIGVLTSGGDAQGM[U:Oxidation]NAAVR/2
735.86087422,2,466.139,1.077112,LMLSTSEYSQSPK/2
882.43157218,2,466.883,1.0980791,VANPSGNLTETYVQDR/2
681.96785715,3,466.883,0.90358007,AADEEAFEDNSEEYIRR/3
545.62761341,3,466.883,0.8953655,LQM[U:Oxidation]EAPHIIVGTPGR/3
485.25969553,3,466.883,0.8339206,TELISVSEVHPSR/3
776.9019193,2,466.883,1.0766013,EQGVEEHETLLLR/2
692.37193203,2,467.626,1.0450019,VIEEQLEPAVEK/2
832.41231675,2,467.626,1.1203685,AAAFEEQENETVVVK/2
477.88843971,3,467.626,0.8516926,MC[U:Carbamidomethyl]HPSIEGFTPR/3
727.38590507,2,467.626,1.0626477,TELISVSEVHPSR/2
458.58563156,3,467.626,0.81156677,TQILAASYELHK/3
791.33724028,2,468.37,1.0772396,DFTVSAMHGDMDQK/2
539.94505392,3,469.114,0.8539933,YFLHTGHLTIAGC[U:Carbamidomethyl]K/3
840.88032653,2,469.114,1.0670694,M[U:Oxidation]DATANDVPSPYEVR/2
729.8571774,2,469.114,1.0383085,VNEISVEVDSDPR/2
559.23790867,3,469.857,0.8572528,C[U:Carbamidomethyl]NYLGHYSDPMYR/3
590.6647216,3,469.857,0.904223,YPTQSGKPPLLVSAPSK/3
460.98071835,4,469.857,0.8308734,VQQLLHIC[U:Carbamidomethyl]SEHFDSK/4
838.35322477,2,469.857,1.0896255,C[U:Carbamidomethyl]NYLGHYSDPMYR/2
416.87072045,3,469.857,0.79508203,SC[U:Carbamidomethyl]AFAMGHLVR/3
837.43391791,2,470.601,1.1504892,GITINAAHVEYSTAAR/2
826.37266869,2,470.601,1.0678296,FESLEPEMNNQASR/2
460.56293835,3,470.601,0.8352438,YGGPYHIGGSPFK/3
614.30519898,3,470.601,0.8785457,VQQLLHIC[U:Carbamidomethyl]SEHFDSK/3
749.37520302,2,470.601,1.0544844,YIEGLSAESNSISK/2
629.00703595,3,470.601,0.9316366,LASALAPSIYEHEDIKK/3
714.8882806,2,471.344,1.0594485,AVIGIGIEEEDRK/2
881.89689348,2,472.088,1.1023785,IDEAESLNDEELEEK/2
795.88267228,2,472.088,1.1036787,DIQSC[U:Carbamidomethyl]TVEVHFQK/2
794.87484726,2,472.088,1.1048361,YAPSEAGLHEMDIR/2
941.45812128,2,472.831,1.1397569,LSSWDQAETPGHTPSLR/2
762.37414878,2,472.831,1.059253,VEVYQQQIEMEK/2
627.97450634,3,473.575,0.90205634,LSSWDQAETPGHTPSLR/3
951.93616439,2,473.575,1.1682366,IMLFTNEDNPHGNDSAK/2
592.2666328,3,473.575,0.8578398,YPNAELAWC[U:Carbamidomethyl]QEEHK/3
825.88435765,2,474.318,1.0851508,THMVVANTMEDFQK/2
634.95986842,3,474.318,0.9389714,IMLFTNEDNPHGNDSAK/3
712.01637679,3,474.318,0.9269477,HIQQVDC[U:Carbamidomethyl]SGNDLEQLHIK/3
855.94580389,2,474.318,1.1291519,TLSHPQQMALLDQTK/2
767.86237103,2,474.318,1.0521137,AGEVINQPMMM[U:Oxidation]AAR/2
767.86237103,2,474.318,1.0521137,AGEVINQPMM[U:Oxidation]MAAR/2
767.86237103,2,474.318,1.0521137,AGEVINQPM[U:Oxidation]MMAAR/2
530.95812798,3,475.062,0.83891606,VGSLDNVGHLPAGGAVK/3
795.93355374,2,475.062,1.1032059,VGSLDNVGHLPAGGAVK/2
715.3802884,2,475.062,1.0407972,VQQQEDEITVLK/2
432.918945,3,475.062,0.7742305,RFDVLAPHLTK/3
771.39392706,2,475.806,1.0504975,REVDDLGPEVGDIK/2
690.37514347,2,475.806,1.0393171,YLHENLPIPQR/2
780.87864117,2,475.806,1.0519042,ALQEGEGDLSISADR/2
663.31783285,3,476.549,0.95710593,GKEDEGEEAASPMLQIQR/3
491.93180181,3,476.549,0.80346787,RHIEIFTDLSSR/3
580.28580446,3,476.549,0.879298,YGISSMIQSQEKPDR/3
461.74798482,4,476.549,0.84022665,FIIQSEKPPHYLESR/4
833.8774495,2,477.293,1.108534,VSSSC[U:Carbamidomethyl]LDLPDSTEEK/2
489.91727536,3,477.293,0.84315866,LDALC[U:Carbamidomethyl]NIHENIR/3
586.97221423,3,478.036,0.9535887,QAGPASVPLRTEEEFK/3
877.37358554,2,478.036,1.098177,DPESETDNDSQEIFK/2
537.25730317,3,478.036,0.8717917,C[U:Carbamidomethyl]PAC[U:Carbamidomethyl]FVGTITGDRR/3
735.40155514,2,478.78,1.0553516,LNLEHIATSSAVSK/2
793.43084387,2,478.78,1.0598128,TTTLSGTAPAAGVVPSR/2
808.87725255,2,478.78,1.0560225,SQAC[U:Carbamidomethyl]EPSEPEIEIK/2
707.8698909,2,479.524,1.0481514,AEHDQLLLNYAK/2
765.83179081,2,479.524,1.0493904,MLTAQDMSYDEAR/2
578.63454507,3,479.524,0.9024206,MLTGPVYSQSTALTHK/3
472.24901942,3,479.524,0.78559047,AEHDQLLLNYAK/3
490.60346225,3,479.524,0.7722264,LNLEHIATSSAVSK/3
421.21677369,3,479.524,0.7687833,MIVTDIYNHR/3
867.44817938,2,480.267,1.1719359,MLTGPVYSQSTALTHK/2
749.84575547,2,480.267,1.0505009,MLTAQDVSYDEAR/2
480.5660197,3,481.011,0.84438866,DLEEDHAC[U:Carbamidomethyl]IPIK/3
741.40717186,2,481.755,1.057961,SQIHDIVLVGGSTR/2
783.37448311,2,482.498,1.0872933,FNEC[U:Carbamidomethyl]GHVLYADIK/2
968.46634023,2,482.498,1.1568149,GSSGVGLTAAVTTDQETGER/2
522.58541423,3,482.498,0.8567754,FNEC[U:Carbamidomethyl]GHVLYADIK/3
822.38864478,2,482.498,1.0974677,NYLHYSLYDQAEK/2
825.91704639,2,482.498,1.1028537,SNMGHPEPASGLAALAK/2
729.00413682,3,483.242,0.9553095,LESEMEDAYHEHQANLLR/3
602.98300185,3,483.242,0.9473721,LQALANEQAAAAHELEK/3
781.42229058,2,483.242,1.108932,HPAPPPSNYEILVK/2
508.284064,3,483.985,0.8553161,HTGYVIELQHVVK/3
761.92245777,2,483.985,1.1068215,HTGYVIELQHVVK/2
893.88868291,2,484.729,1.0979697,YDDYPENGVVQMNSR/2
907.48073066,2,485.473,1.1454259,VVVDPVVTEQPSTSSAAK/2
433.91883356,3,485.473,0.7959789,VTVLFAGQHISK/3
665.68244647,3,485.473,0.97484523,LLEAQAC[U:Carbamidomethyl]TGGIIHPTTGQK/3
747.86480551,2,486.216,1.0541794,YLGLYNDPNSNPK/2
615.29408262,3,486.216,0.9120005,QTPNDLTGEHSC[U:Carbamidomethyl]IMLK/3
455.9490157,3,486.216,0.8226652,QTGIVLNRPVLR/3
775.36771232,2,486.96,1.0803643,LGYFSVDPDSHQGK/2
845.40363446,2,486.96,1.0864825,C[U:Carbamidomethyl]VSVQTDPTDEIPTK/2
517.24756703,3,486.96,0.82462424,LGYFSVDPDSHQGK/3
560.32106636,3,486.96,0.8546366,LLELGPKPEVAQQTR/3
709.35639903,3,487.703,0.9618258,LREEMEEITQQQLVHDK/3
609.31631531,3,487.703,0.8990198,RFELYFQGPSSNKPR/3
764.34083726,2,489.191,1.0430642,QMFLTQTDTGDDR/2
725.31937348,2,489.934,1.0826176,EDFSDMVAEHAAK/2
614.6391237,3,489.934,0.8598324,IVYGHLDDPASQEIER/3
897.42067317,2,489.934,1.1453451,HQYINEDEYEVNLK/2
737.36530701,2,489.934,1.0833657,EWVNLYHSAAAGR/2
779.40832588,2,490.678,1.1120954,FVPQEMGVHTVSVK/2
471.55316851,3,490.678,0.74325293,TGVC[U:Carbamidomethyl]IC[U:Carbamidomethyl]FYQHK/3
785.8966369,2,490.678,1.10284,GSEVGFHGAAPDISVK/2
808.8993766,2,495.14,1.0965073,QPAENVNQYLTDPK/2
807.41572521,2,495.14,1.0749975,EDGLAQQQTQLNLR/2
745.91429838,2,495.14,1.0700241,EIVVIHQDPEALK/2
763.38825917,2,495.14,1.112588,LAQANGWGVMVSHR/2
972.42731495,2,495.14,1.1645923,M[U:Oxidation]MDYLQGSGETPQTDVR/2
972.42731495,2,495.14,1.1645923,MM[U:Oxidation]DYLQGSGETPQTDVR/2
741.85592624,2,495.883,1.0555269,GYHYATC[U:Carbamidomethyl]LEGALK/2
590.62107567,3,495.883,0.86953,KQELEEIC[U:Carbamidomethyl]HDLEAR/3
509.26126494,3,495.883,0.846381,LAQANGWGVMVSHR/3
744.87940131,2,495.883,1.0679475,THNTLYAPEMLAK/2
796.37636549,2,495.883,1.0599424,AC[U:Carbamidomethyl]VC[U:Carbamidomethyl]QTLGISPEEK/2
760.38355934,2,497.371,1.056084,ELSTTLNADEAVTR/2
935.39836051,2,497.371,1.1358435,FC[U:Carbamidomethyl]FTPHTEEGC[U:Carbamidomethyl]LSER/2
895.9446498,2,497.371,1.1943575,LVGAIVYYDGQHNDAR/2
623.93466583,3,498.114,0.85081506,FC[U:Carbamidomethyl]FTPHTEEGC[U:Carbamidomethyl]LSER/3
662.31794428,3,498.114,0.92081505,IPEINSSDMSAHVTSPSGR/3
733.38028839,2,498.114,1.06108,VITEYLNAQESAK/2
992.97327819,2,498.114,1.181605,IPEINSSDMSAHVTSPSGR/2
841.37795102,2,498.858,1.0629562,SWVNQMESQTGEASK/2
660.67768985,3,498.858,0.9255769,RELQELVQYPVEHPDK/3
696.99088468,3,498.858,0.9655561,NPSTVEAFDLAQSNSEHSR/3
759.8677421,2,498.858,1.0456082,ETENDDLTNVIQK/2
403.8923959,3,498.858,0.7858884,LPVHTEISWK/3
465.89195569,3,499.602,0.7865644,LMHVAYEEFEK/3
829.91027563,2,499.602,1.0728112,WITEEQPNSATNLR/2
581.2812707,3,500.345,0.84938365,DTSFEQHVLWHTGGK/3
428.58719535,3,500.345,0.79215735,VTVLFAGQHIAK/3
715.35153651,3,500.345,0.9070191,KPTDGASSSNC[U:Carbamidomethyl]VTDISHLVR/3
926.42308683,2,501.089,1.1419088,AMSLVSSDSEGEQNELR/2
749.88607229,2,501.089,1.0865219,QADLYISEGLHPR/2
635.99546466,3,501.089,0.9319752,RGAEVHLVPWNHDFTK/3
500.25980702,3,501.089,0.85255873,QADLYISEGLHPR/3
477.24841761,4,501.089,0.85620975,RGAEVHLVPWNHDFTK/4
717.88535235,2,502.576,1.0624679,AGNNMLLVGVHGPR/2
897.4494306,2,503.319,1.1257892,VEAAQETVADYQQTIK/2
485.58065761,3,503.319,0.8264459,LEHDVNIQFPDK/3
775.85939414,2,504.063,1.0564631,SMSDVSAEDVQNLR/2
421.22403409,3,504.063,0.77847534,LVNHFVEEFK/3
478.92599372,3,504.806,0.83060825,AGNNMLLVGVHGPR/3
572.96164955,3,504.806,0.84160495,VSQPIEGHAASFAQFK/3
800.90561608,2,505.55,1.064335,LLQC[U:Carbamidomethyl]YPPPEDAAVK/2
491.24561491,3,505.55,0.7915293,AC[U:Carbamidomethyl]NQLGQFLQHR/3
806.37847398,2,505.55,1.0707018,EISEASENIYSDVR/2
858.93883609,2,505.55,1.1272641,VSQPIEGHAASFAQFK/2
417.90670507,3,505.55,0.7682217,GSGNLEAIHIIK/3
410.88524695,3,506.295,0.76144916,LQSGIC[U:Carbamidomethyl]HLFR/3
590.31358301,3,506.295,0.850087,VAIHEAMEQQTISIAK/3
566.62878189,3,507.038,0.89469326,RGEAHLAVNDFELAR/3
884.96673629,2,507.038,1.15083,VAIHEAMEQQTISIAK/2
509.24869065,3,507.038,0.8309646,C[U:Carbamidomethyl]QSLTEDLEFRK/3
762.36751535,2,507.038,1.0482107,HLFGQPNSAYDFK/2
818.85959111,2,507.782,1.0672582,VDINTEDLEDGTC[U:Carbamidomethyl]R/2
797.40194907,2,507.782,1.065603,TASESISNLSEAGSIK/2
893.39105841,2,508.526,1.1112294,QFQSTVETWDQC[U:Carbamidomethyl]EK/2
877.89713912,2,509.269,1.1006614,GC[U:Carbamidomethyl]ITIIGGGDTATC[U:Carbamidomethyl]C[U:Carbamidomethyl]AK/2
536.28138219,3,510.013,0.8603427,QQNELAELHANLAR/3
894.41539082,2,510.756,1.114748,FYQEPNGETPSSLYR/2
776.40991148,2,510.756,1.067957,LLHVAVSDVNDDVR/2
686.86460854,2,511.5,1.0529467,ELEAGSLVYVHR/2
758.38316538,2,512.987,1.0642852,FADQHVPGSPFSVK/2
464.55305704,3,512.987,0.7922029,LETHMTPEMFR/3
505.92453574,3,512.987,0.81983566,FADQHVPGSPFSVK/3
447.90543068,3,513.73,0.80957115,ASMHPVTAMLVGK/3
742.41700823,2,514.474,1.0567442,QIGVEHVVVYVNK/2
728.89336598,2,514.474,1.0540221,GIHPTIISESFQK/2
755.38844781,2,514.474,1.0558461,NNAYLAQSPQLYK/2
716.05650673,3,514.474,0.93468946,AHVIVMAATNRPNSIDPALR/3
667.33370585,3,514.474,0.89081866,LQQVLQMESHIQSTSDR/3
414.20961909,3,514.474,0.77014905,GEHVPGFC[U:Carbamidomethyl]LPK/3
495.28043098,3,515.218,0.8602574,QIGVEHVVVYVNK/3
773.89270563,2,515.218,1.087412,KAEEIANEMIEAAK/2
975.9787491,2,515.218,1.1696173,VTAEADSSSPTGILATSESK/2
789.89155152,2,515.961,1.0607504,QGFNVVVESGAGEASK/2
400.24001852,3,516.705,0.7822238,AVFPSIVGRPR/3
560.63738886,3,517.448,0.89590997,HIANYISGIQTIGHR/3
785.87451288,2,517.448,1.0572747,ESFLVTGSQDC[U:Carbamidomethyl]TVK/2
613.319614,3,518.192,0.85582507,YSHLQPGDHLTDITLK/3
751.82703136,2,518.192,1.0426266,YAVGEEC[U:Carbamidomethyl]DFEVGK/2
919.47578276,2,518.192,1.1584891,YSHLQPGDHLTDITLK/2
775.85578883,2,518.936,1.0634483,YYTSASGDEMVSLK/2
790.91756939,2,518.936,1.0951655,LLEEQLQHEISNK/2
928.97307288,2,518.936,1.1579944,HATIYPTEEELQAVQK/2
762.35437885,2,519.68,1.0526726,NSIAMQEQMLAC[U:Carbamidomethyl]K/2
925.95521445,2,520.423,1.1507581,FHQFLVSETESGNISR/2
473.93074476,3,520.423,0.7775705,DQVVILHHMLSK/3
684.35193184,3,520.423,0.9095051,SVVLM[U:Oxidation]SHLGRPDGVPMPDK/3
451.91726973,3,520.423,0.79340124,VSGHVITDIVEGK/3
917.88105481,2,521.167,1.1115915,YDAFGEDSSSAMGVENR/2
717.86480548,2,521.167,1.0422457,ANLPQSFQVDTSK/2
678.98652896,3,521.167,0.9696635,HSSNPPLESHVGWVMDSR/3
882.43157218,2,521.911,1.0936888,FSALQQAVPTESTDNR/2
701.85664614,2,521.911,1.048389,QLLDDEEQLTAK/2
540.97752255,3,521.911,0.88830686,EVLQNQLGIRPPTR/3
917.449242,2,522.654,1.1469735,GDQENVHPDVMLVQPR/2
611.96858682,3,522.654,0.8470365,GDQENVHPDVMLVQPR/3
929.46868605,2,522.654,1.1402833,LQQEETQLEQSIQAGR/2
448.25276388,3,523.398,0.7786673,LSVEADINGLRR/3
902.43441164,2,523.398,1.2252831,VMVVVTDGESHDGSMLK/2
967.52273285,2,523.398,1.1742826,AEPAAPPAAPSTPAPPPAVPK/2
859.42321584,2,525.628,1.1167204,SLHQAIEGDTSGDFLK/2
814.896114,2,525.628,1.0682067,IQFVGAC[U:Carbamidomethyl]NPPTDPGR/2
733.40971455,2,525.628,1.0591052,AQIHDLVLVGGSTR/2
690.34220134,3,525.628,0.898703,LGQSDPAPLQHQMDIYQK/3
932.48855573,2,526.372,1.1835104,SLIGVEYKPVSATGAEDK/2
948.95032609,2,527.115,1.1325228,SQIDVALSQDSTYQGER/2
693.36391841,2,527.115,1.0565094,MAPALSGANLTSPR/2
687.65796654,3,527.115,0.9499461,VLAVNQENEHLMEDYEK/3
923.9368843,2,527.115,1.1158317,TVTLPENEDELESTNR/2
742.89812539,2,527.859,1.077825,SIPSMVDGLKPGQR/2
607.29782709,3,528.602,0.85989946,SC[U:Carbamidomethyl]ILRPGGSEDASAMLR/3
462.57971201,3,528.602,0.82176673,IDAMHGVVGPYVK/3
568.25839072,4,529.346,0.84797466,QAQYLGMSC[U:Carbamidomethyl]DGPFKPDHYR/4
693.36592978,2,529.346,1.0458689,IDAMHGVVGPYVK/2
418.23253522,3,529.346,0.7928363,SGIC[U:Carbamidomethyl]SLHPLLR/3
737.3940645,2,530.09,1.0651436,TQVGLIQYANNPR/2
758.33396934,2,530.09,1.0309603,C[U:Carbamidomethyl]PLSGAC[U:Carbamidomethyl]YSPEFK/2
896.42140143,2,530.09,1.1186022,AGNELLESSAGDDASSLR/2
582.62878188,3,530.09,0.8787606,FDVHDVTLHADAIHR/3
542.933871,3,530.833,0.84018564,GPSLNPVLDYDHGSR/3
546.2560681,3,530.833,0.85436916,C[U:Carbamidomethyl]TVFHGAQVEDAFR/3
746.37722275,2,530.833,1.0459666,TALINSTGEEVAMR/2
437.22340552,4,530.833,0.7431107,FDVHDVTLHADAIHR/4
818.88046392,2,530.833,1.0985935,C[U:Carbamidomethyl]TVFHGAQVEDAFR/2
757.39320717,2,531.577,1.0756892,NLLHVTDTGVGMTR/2
948.4200128,2,531.577,1.1614797,ELFQTPC[U:Carbamidomethyl]TDNPTTDEK/2
813.89716826,2,531.577,1.096157,GPSLNPVLDYDHGSR/2
748.34521608,3,532.32,0.9257495,DQVTAQEIFQDNHEDGPTAK/3
832.88286922,2,533.064,1.0595484,MDATANDVPSPYEVR/2
536.90001656,3,533.064,0.87345445,AYHMVC[U:Carbamidomethyl]LDPDMEK/3
499.60492022,3,533.807,0.8407045,NC[U:Carbamidomethyl]ISTVVHQGLIR/3
924.47852235,2,533.807,1.1552029,HVSPAGAAVGIPLSEDEAK/2
748.9037421,2,533.807,1.0992018,NC[U:Carbamidomethyl]ISTVVHQGLIR/2
814.88118381,2,534.551,1.0667186,NQWVNLNEPEEEK/2
534.24528053,3,535.294,0.86882544,YFTC[U:Carbamidomethyl]DEGHGIFVR/3
438.90659361,3,535.294,0.80771095,LFNEHIEALTK/3
403.22755566,3,535.294,0.7471713,VTAPDVDLHLK/3
402.72609243,4,535.294,0.7464906,VPKISM[U:Oxidation]PDVDLHLK/4
403.22090857,4,535.294,0.74657106,TPKISM[U:Oxidation]PDVDLHLK/4
891.45504734,2,536.038,1.1285793,LQSQYASSEATISQLR/2
815.92338305,2,536.782,1.0788151,TLQEVTQLSQEAQR/2
839.40756574,2,536.782,1.095262,NQLTSNPENTVFDAK/2
765.38680402,3,536.782,1.0226353,EAIVNSC[U:Carbamidomethyl]VFVHQTLHQANAR/3
417.87786943,3,536.782,0.7979669,M[U:Oxidation]VNHFIAEFK/3
412.54623122,3,537.525,0.7998852,MVNHFIAEFK/3
853.37559691,2,537.525,1.1153109,GYDFESETDTETIAK/2
848.87385255,2,538.268,1.1097997,MEDSVGC[U:Carbamidomethyl]LETAEEVK/2
802.92251733,2,538.268,1.0693055,SVEVQGETETIIATK/2
518.92929236,3,538.268,0.8328829,ENEMLVTVAHFHK/3
777.89030031,2,538.268,1.1203588,ENEMLVTVAHFHK/2
580.93739254,3,539.012,0.8476775,GYGFVHFETQEAAER/3
870.90245058,2,539.012,1.1015083,GYGFVHFETQEAAER/2
459.55534356,3,539.012,0.76627547,MDYVEINIDHK/3
796.40343755,2,539.012,1.0699509,LQESGQVTISELC[U:Carbamidomethyl]K/2
684.35193184,3,539.012,0.90537244,SVVLMSHLGRPDGVPM[U:Oxidation]PDK/3
827.86688483,2,539.756,1.0865691,EAEDGIIAYDDC[U:Carbamidomethyl]GVK/2
938.93654995,2,539.756,1.1359053,TEPEEVSIEDSAQSDLK/2
899.97201863,2,539.756,1.1545547,TAIHEVMEQQTISIAK/2
772.37299464,2,540.5,1.0958768,DDILNGSHPVSFDK/2
744.35427057,2,540.5,1.038185,TTPSYVAFTDTER/2
541.25969553,3,540.5,0.8272018,WWEEERYPEGIK/3
408.56293838,3,540.5,0.79807764,IDESIHLQLR/3
622.28798509,3,541.243,0.9393472,LSLC[U:Carbamidomethyl]GEESFGTGSDHIR/3
932.9283394,2,541.243,1.1754824,LSLC[U:Carbamidomethyl]GEESFGTGSDHIR/2
646.64249449,3,541.243,0.91553736,MMETMDQGDVIIRPSSK/3
846.8621338,2,541.243,1.0848624,EQLLDC[U:Carbamidomethyl]EGEDGWNK/2
904.9548801,2,541.987,1.1344904,SQVFSTAADGQTQVEIK/2
817.41433656,2,541.987,1.0829277,VNQIGSVTESLQAC[U:Carbamidomethyl]K/2
906.46594636,2,541.987,1.1320041,TLQEQLENGPNTQLAR/2
816.88233797,2,541.987,1.1054575,IQESYGDVYGIC[U:Carbamidomethyl]TK/2
869.91182365,2,542.73,1.1218626,NSTEC[U:Carbamidomethyl]TLILTEGDSAK/2
569.62470306,3,542.73,0.86041176,LPETNLFETEETRK/3
666.31711017,3,543.475,0.9402043,GYPHLC[U:Carbamidomethyl]SIC[U:Carbamidomethyl]DLPVHSNK/3
929.45745253,2,543.475,1.1434021,GALVVEDNDSGVPVEETK/2
998.97202702,2,543.475,1.2154381,GYPHLC[U:Carbamidomethyl]SIC[U:Carbamidomethyl]DLPVHSNK/2
844.92487145,2,544.218,1.1120535,LQELPDAVPHGEMPR/2
842.93629341,2,544.218,1.1625944,FAVALDSEQNNIHVK/2
415.54717683,3,544.218,0.7416571,VESHFDLELR/3
749.34813097,2,544.962,1.049134,AELFTQSC[U:Carbamidomethyl]ADLDK/2
922.90938082,2,544.962,1.1448038,LLTEC[U:Carbamidomethyl]PPMM[U:Oxidation]DTEYTK/2
922.90938082,2,544.962,1.1448038,LLTEC[U:Carbamidomethyl]PPM[U:Oxidation]MDTEYTK/2
539.6020099,3,545.707,0.8390623,LTHDVELNLDYER/3
723.88299824,2,545.707,1.0773269,NDVVGTTYLHLSK/2
431.92235513,3,546.451,0.7868237,LAILGIHNEVSK/3
728.85698045,2,546.451,1.0468781,TPELNLDQFHDK/2
486.24041246,3,547.194,0.80387795,TPELNLDQFHDK/3
752.37722274,2,547.194,1.0434448,TVLVNADGEEVAMR/2
579.65248163,3,547.194,0.90751463,VVSISSEHLEPITPTK/3
648.01950444,3,547.938,0.8762107,IHQHILPQGQGMLSGIGR/3
734.37754874,2,547.938,1.0535041,LYEWTTEKELR/2
770.92212335,2,548.681,1.0927272,VVVVVPNEEDWKK/2
536.2340527,3,549.425,0.8393694,MTGSEFDFEEMKR/3
773.41225724,2,549.425,1.0991828,AALLNQHYQVNFK/2
515.94393031,3,549.425,0.86431164,AALLNQHYQVNFK/3
481.91023223,3,549.425,0.8047171,FLQLLC[U:Carbamidomethyl]ENHNR/3
514.28384105,3,549.425,0.86004233,VVVVVPNEEDWKK/3
679.69697292,3,550.169,0.90690297,VIHLSNLPHSGYSDSAVLK/3
515.93884494,3,550.169,0.8574777,LGVTNTIISHYDGR/3
801.88762029,2,550.169,1.0786762,ALEEGLTPQEIC[U:Carbamidomethyl]DK/2
560.95460642,3,550.169,0.8812709,HWPFQVINDGDKPK/3
520.93169033,3,550.169,0.84180224,FASTVFPSDHIPSR/3
840.92827139,2,550.169,1.1787513,HWPFQVINDGDKPK/2
773.40462917,2,550.169,1.0978135,LGVTNTIISHYDGR/2
870.95996547,2,550.912,1.1227465,VSHVSTGGGASLELLEGK/2
580.9757358,3,550.912,0.8524538,VSHVSTGGGASLELLEGK/3
856.89937657,2,550.912,1.1152841,GYAFVHFETQEAADK/2
765.88299819,2,551.656,1.0663058,FADEHVPGSPFTVK/2
510.92442428,3,551.656,0.81636447,FADEHVPGSPFTVK/3
965.99876467,2,551.656,1.2760799,TVVSGSC[U:Carbamidomethyl]AAHSLLITTEGK/2
629.99591958,3,552.4,0.88998705,EGMQLISEKPETEAVVK/3
907.42288985,2,552.4,1.1384829,NVSGISFTENMGSSQQK/2
789.90412764,2,553.143,1.0650451,IAYQLAVEAESEQK/2
831.38696768,2,553.143,1.0683687,SVFPEQANNNEWAR/2
742.34063192,2,553.143,1.0624676,ATFYGEQVDYYK/2
632.03889335,3,553.143,0.9045586,SIVIRPLEPQPAPHLAR/3
552.28646756,3,553.143,0.88345766,GIFLHLSNQHEFGR/3
951.47818801,2,553.143,1.1442441,TITYQAVPSEVPNEEPK/2
862.88455471,2,553.886,1.1285409,C[U:Carbamidomethyl]IQC[U:Carbamidomethyl]GQYLDDPDLK/2
491.5990007,3,553.886,0.8482301,RRDEMLGLVPMR/3
964.97106148,2,554.63,1.2360266,TALAEAELEYNPEHVSR/2
643.64979981,3,554.63,0.9383712,TALAEAELEYNPEHVSR/3
944.39759196,2,555.374,1.142436,AADEEAFEDNSEEYIR/2
636.9986519,3,556.117,0.9264557,LISVEPRPEQPEPDFR/3
499.91113292,3,556.117,0.8353575,EMNPALGIDC[U:Carbamidomethyl]LHK/3
811.37626563,2,556.861,1.136761,SLEDALSSDTSGHFR/2
905.88148902,2,557.605,1.1425172,SGMYTVAMAYC[U:Carbamidomethyl]GSGNNK/2
754.40938023,2,557.605,1.0543271,TYNASITLQQQLK/2
797.39138439,2,557.605,1.069696,INQLSEENGDLSFK/2
685.34297766,2,557.605,1.0356317,LFEHYYQELK/2
841.88646615,2,557.605,1.0783857,SFAGAVSPQEEEEFR/2
745.04135649,3,557.605,0.94679797,LSQLEEHLSQLQDNPPQEK/3
464.90419564,3,558.349,0.79513365,VIGMHYFSPVDK/3
940.96218222,2,559.092,1.1682758,FNQAQSGNIQSTVMLDK/2
404.23627408,3,559.092,0.7580701,LATTILQHWK/3
457.23107726,3,559.092,0.81717026,LFEHYYQELK/3
684.00072111,3,559.092,0.924661,AQVEEFLAQHGSEYQSVK/3
852.90582139,2,559.836,1.0906504,QPMNAASGAAMSLAGAEK/2
686.36399381,3,559.836,0.952309,LASQGDSISSQLGPIHPPPR/3
655.99614249,3,559.836,0.8597387,IKPHLMSQELPEDWDK/3
880.92219142,2,560.579,1.1110271,LEEEQIILEDQNC[U:Carbamidomethyl]K/2
773.92539437,2,560.579,1.0730772,GVAIGQTSLTASVTNK/2
665.3603608,3,560.579,0.8861504,LAEIGAPIQGNREELVER/3
760.86701383,2,560.579,1.04377,ELVYPPDYNPEGK/2
558.28624463,3,560.579,0.8538489,GFVEPDHYVVVGAQR/3
836.92572871,2,561.323,1.0898377,GFVEPDHYVVVGAQR/2
473.87369035,3,561.323,0.82312053,EDAMAMVDHC[U:Carbamidomethyl]LK/3
699.39861853,2,561.323,1.0292686,TPHVLVLGSGVYR/2
767.40462916,2,561.323,1.0498043,AINQQTGAFVEISR/2
651.98289039,3,561.323,0.89523166,YLYHGNTNPELAFESAK/3
414.5715453,3,562.066,0.803054,LILEVHQFSR/3
878.95416028,2,562.81,1.1148552,LAQQQAALLMQQEER/2
806.40271763,2,562.81,1.0767163,AHEILPNLVC[U:Carbamidomethyl]C[U:Carbamidomethyl]SAK/2
432.21314067,3,562.81,0.76245123,ADFC[U:Carbamidomethyl]IIHYAGK/3
554.27875573,3,562.81,0.86033916,IFYPETTDIYDRK/3
707.8698909,2,563.554,1.0695871,YGVIILDEAHER/2
616.65259873,3,563.554,0.8521761,YESLELC[U:Carbamidomethyl]RPVLQQGR/3
739.88847755,2,563.554,1.051617,ETLLNSATTSLNSK/2
472.24901942,3,563.554,0.80370116,YGVIILDEAHER/3
505.9437074,3,563.554,0.82416004,FAIGSQVSEHSIIK/3
758.41192287,2,563.554,1.1103247,FAIGSQVSEHSIIK/2
895.4519733,2,563.554,1.176721,DEYLINSQTTEHIVK/2
710.30689729,2,563.554,1.0531119,EDAMAMVDHC[U:Carbamidomethyl]LK/2
780.92064337,2,564.297,1.0707772,LGSSGLGSASSIQAAVR/2
830.91449537,2,564.297,1.1218159,IFYPETTDIYDRK/2
689.38551112,2,565.04,1.0612425,ANPQVGVAFPHIK/2
804.92265475,2,565.04,1.0878475,ASYVAPLTAQPATYR/2
572.60241639,3,565.04,0.8581891,NHMHFGAITC[U:Carbamidomethyl]AMGIR/3
472.58076905,3,565.04,0.7989126,IVLDNSVFSEHR/3
826.91195265,2,565.04,1.1107658,LFYHIVDSDEVSTK/2
820.4328637,2,565.04,1.1112205,LQISHEAAAC[U:Carbamidomethyl]ITGLR/2
817.89971093,2,565.784,1.1172118,LGDVYVNDAFGTAHR/2
545.60223278,3,565.784,0.8545224,LGDVYVNDAFGTAHR/3
772.88118388,2,565.784,1.0529996,ELQELQDSLNAER/2
571.63331002,3,565.784,0.914967,LAASIAPEIYGHEDVK/3
856.9463268,2,565.784,1.2035968,LAASIAPEIYGHEDVK/2
767.92044639,2,566.527,1.0754665,NAAHALPTTLGALER/2
824.40723139,2,566.527,1.0858111,GGGDVLEPVSSDSLSTK/2
969.50560284,2,567.271,1.1717613,NTAPDNGPILLQAQTTQR/2
745.38633931,2,567.271,1.0999467,ALMGLYHGQVLC[U:Carbamidomethyl]K/2
584.63342706,3,568.015,0.8830219,VGELVGVLAAHC[U:Carbamidomethyl]QGEGR/3
516.22963045,3,568.015,0.7943102,FSASQFWDDC[U:Carbamidomethyl]RK/3
448.23493315,3,568.015,0.8180034,YGGELVPHFPAR/3
867.46468676,2,568.015,1.1661394,YGLIYHASLVGQTSPK/2
797.88507757,2,568.758,1.080229,ETVSEESNVLC[U:Carbamidomethyl]LSK/2
421.2251577,3,568.758,0.7737027,TVVTGIEMFHK/3
898.44837637,2,568.758,1.1451583,AMLAQQYQEGTLSVEK/2
832.87556716,2,569.502,1.0751129,GEFTYYEIQDNTGK/2
884.3930782,2,569.502,1.1169708,AGSSWQC[U:Carbamidomethyl]DTC[U:Carbamidomethyl]LLQNK/2
814.87230454,2,569.502,1.0747006,C[U:Carbamidomethyl]QPVFSFGNSEQTK/2
837.41179385,2,570.989,1.0756719,GAGTGGLGLTVEGPC[U:Carbamidomethyl]EAK/2
750.85390645,2,570.989,1.0889117,LYAVFTDYEHDK/2
782.37160608,2,570.989,1.0871668,EGLMLDSHEELYK/2
752.02476079,3,570.989,0.9576066,MLWGSDPYPHAEPQQATTPK/3
498.59641912,3,571.732,0.829464,QGTTPPIWHLTDK/3
500.90502979,3,571.732,0.80785954,LYAVFTDYEHDK/3
816.91671206,2,571.732,1.0910622,SLEPMAGQLSNSVATK/2
964.42985764,2,572.476,1.1766223,MMDYLQGSGETPQTDVR/2
594.98808722,3,572.476,0.9354498,HLEINPDHPIVETLR/3
891.9784926,2,572.476,1.1605533,HLEINPDHPIVETLR/2
487.61218065,3,572.476,0.84192747,ILDAVVAQEPLHR/3
730.91463275,2,572.476,1.0901132,ILDAVVAQEPLHR/2
625.96724034,3,572.476,0.8557806,WLHGLESQIQSDDYGK/3
504.60368518,3,572.476,0.8773094,HTLGHLLSLDSYR/3
878.46742636,2,572.476,1.188619,TAASGIPYHSEVPVSLK/2
585.98070973,3,572.476,0.92138714,TAASGIPYHSEVPVSLK/3
792.90446194,2,572.476,1.0529615,VSANSVYGFTGAQVGK/2
815.9072016,2,573.22,1.0743507,FNISNGGPAPEAITDK/2
861.41505644,2,573.963,1.1241804,LLDPEDISVDHPDEK/2
418.89363098,3,573.963,0.7752625,LIHDGC[U:Carbamidomethyl]LLWK/3
760.87600135,2,573.963,1.0449823,QLEVLVSPTC[U:Carbamidomethyl]SC[U:Carbamidomethyl]K/2
668.99843461,3,574.707,0.880043,EDAPIGPHLQSMPSEQIR/3
937.9810353,2,574.707,1.177225,LYQYPNFAGPHAALANK/2
766.91631811,2,574.707,1.06266,MHGGGPTVTAGLPLPK/2
622.63912364,3,575.45,0.84884816,SPDGAHLTWEPPSVTSGK/3
923.40892522,2,575.45,1.1247923,VGLIGSC[U:Carbamidomethyl]TNSSYEDMGR/2
864.94940076,2,575.45,1.0968707,ANELPQPPVPEPANAGK/2
536.9583509,3,575.45,0.887022,NAHSTAIAGLTFLHR/3
514.24415691,3,575.45,0.80693537,ASDAFHFFQSGQAK/3
750.35988726,2,576.194,1.0635526,HPDVEVDGFSELR/2
678.98914981,3,576.937,0.94890004,GNFGGSFAGSFGGAGGHAPGVAR/3
818.41654489,2,576.937,1.090754,SITILSTPEGTSAAC[U:Carbamidomethyl]K/2
932.42015024,2,577.681,1.1318433,NYMSNPSYNYEIVNR/2
930.46795769,2,577.681,1.1689771,LYGAQFHPEVGLTENGK/2
546.97758909,3,577.681,0.8508165,MMLTHLVVRPGLGSK/3
696.35080827,3,577.681,0.9245016,YGMNPHQTPAQLYTLQPK/3
443.87675142,3,578.424,0.7523308,TWHAWMDNIR/3
730.40050091,2,578.424,1.0437046,QVAASTAQLLVAC[U:Carbamidomethyl]K/2
893.97594988,2,578.424,1.112085,SAPAGASEPPPPGGVGLGIR/2
620.64773062,3,578.424,0.87245756,LYGAQFHPEVGLTENGK/3
551.94879833,3,579.168,0.88470286,HWPFMVVNDAGRPK/3
643.67518045,3,579.168,0.88104045,LMQIQPNREDTETLIK/3
423.87434788,3,579.911,0.7768273,LTSMHFYGWK/3
677.88246693,2,579.911,1.0456382,LVPGGGATEIELAK/2
878.95943419,2,580.655,1.2002491,LASALAPSIYEHEDIK/2
570.93387098,3,580.655,0.8554563,GFFDPNTHENLTYR/3
586.30871495,3,580.655,0.91422576,LASALAPSIYEHEDIK/3
436.91011519,3,580.655,0.74888045,LAILDQELEHK/3
855.89716824,2,581.398,1.1133027,GFFDPNTHENLTYR/2
489.26852542,3,581.398,0.8383468,YQDIIHSIHLAR/3
827.39633235,2,582.142,1.0948898,IAEFTTNLTEEEEK/2
989.47631404,2,582.142,1.1872663,HPVTGQFLYQDSNWASK/2
833.39105843,2,582.142,1.0995293,IDSANMNDDITTSLR/2
772.90499329,2,582.885,1.0551227,NNVNVASLTQSEIR/2
659.98663485,3,582.885,0.9055481,HPVTGQFLYQDSNWASK/3
682.29502823,3,582.885,0.92857164,FLC[U:Carbamidomethyl]ADYAEQDELDYHR/3
843.37214579,2,582.885,1.0773307,GSAFAIGSDGLC[U:Carbamidomethyl]C[U:Carbamidomethyl]QSR/2
674.61755967,3,582.885,0.8963078,FENVNGYTNC[U:Carbamidomethyl]C[U:Carbamidomethyl]FGFHR/3
448.22984777,3,582.885,0.78121406,QELVDAFVEHR/3
568.60938736,3,584.372,0.85233307,SDSFENPVLQQHFR/3
577.59122788,3,584.372,0.8734303,MYSTDDGVQFHAFGR/3
852.41044281,2,585.115,1.1089156,SDSFENPVLQQHFR/2
745.38960184,2,585.115,1.0900334,TC[U:Carbamidomethyl]TDIKPEWLVK/2
771.70463286,3,585.115,0.96053207,SAGQGEVLVYVEDPAGHQEEAK/3
506.93325417,3,585.115,0.86519563,HYQFASGAFLHIK/3
497.26216005,3,585.115,0.8588989,TC[U:Carbamidomethyl]TDIKPEWLVK/3
666.98278453,3,586.603,0.904078,MVSDINNGWQHLEQAEK/3
944.46835167,2,586.603,1.1469256,EIEELQSQAQALSQEGK/2
592.98786431,3,586.603,0.91437477,AGVVGPELHEQLLSAEK/3
407.91156755,3,586.603,0.79851526,TPLHEIALSIK/3
825.40122913,2,587.346,1.0896999,NQVAMNPTNTVFDAK/2
775.39646972,2,587.346,1.0558983,AFEVSENGNLVVSGK/2
661.35001899,3,587.346,0.91982996,RGPVWQEAPQLPVDPHR/3
863.41251375,2,587.346,1.0892384,LLDPEDVNVDQPDEK/2
862.92612268,2,588.09,1.1039363,EEIQSSISGVTAAYNR/2
734.04633036,3,588.834,0.95611835,LVSNHSLHETSSVFVDSLTK/3
464.89581162,3,588.834,0.7559928,QQMQDFFLAHK/3
439.92235514,3,589.577,0.7464496,LDLIHESILHK/3
661.99502449,3,589.577,0.9151543,MHTTFEHDIQALGTQVR/3
635.30262298,3,589.577,0.91531175,ENNVDAVHPGYGFLSER/3
785.89663691,2,589.577,1.0644004,SSHSTWPVDVSQIK/2
952.45029624,2,589.577,1.2126225,ENNVDAVHPGYGFLSER/2
952.96343343,2,589.577,1.1532466,LEGLGSSEADQDGLASTVR/2
516.25239021,3,590.321,0.8551335,MLTEAIMHDC[U:Carbamidomethyl]VVK/3
773.87494708,2,590.321,1.0973485,MLTEAIMHDC[U:Carbamidomethyl]VVK/2
494.2620486,3,590.321,0.7849965,TEMENEFVLIKK/3
608.95573002,3,590.321,0.86620504,FYPHTHNMDGFFIAK/3
744.37414875,2,590.321,1.0400344,EQVLEPMLNGTEK/2
920.90059864,2,591.065,1.1423731,EAVC[U:Carbamidomethyl]IVLSDDTC[U:Carbamidomethyl]SDEK/2
811.39984057,2,591.065,1.1016365,AIAC[U:Carbamidomethyl]VVTAC[U:Carbamidomethyl]SAELEK/2
729.40155516,2,591.065,1.048099,AQQVSQGLDVLTAK/2
714.36841603,3,591.065,0.96283895,MAKPEEVLVVENDQGEVVR/3
707.8860723,2,591.065,1.0474474,QLQALSSELAQAR/2
748.87105338,2,591.065,1.0622513,ALVSQC[U:Carbamidomethyl]NLYMAAR/2
705.92869724,2,591.808,1.0559059,LVVVLC[U:Carbamidomethyl]NLKPQK/2
682.97664774,3,591.808,0.9278119,SLGTIQQC[U:Carbamidomethyl]C[U:Carbamidomethyl]DAIDHLC[U:Carbamidomethyl]R/3
892.95161756,2,592.551,1.118691,QEQIQAMPLADSQAVR/2
647.64762476,3,592.551,0.93292964,QFTPC[U:Carbamidomethyl]QLLADHANSPNK/3
875.43900324,2,593.295,1.1455349,GAEVHLVPWNHDFTK/2
879.45504729,2,593.295,1.1211028,EPLTQAVGLSTQAEGTR/2
583.96176098,3,594.039,0.86081165,GAEVHLVPWNHDFTK/3
912.46234101,2,594.039,1.1595801,ELQELVQYPVEHPDK/2
608.64398616,3,594.039,0.8810497,ELQELVQYPVEHPDK/3
438.22313985,4,594.039,0.80541056,GAEVHLVPWNHDFTK/4
720.8926461,2,594.783,1.0472232,ILHGLGFTPAMQR/2
762.89389729,2,595.526,1.098037,LQALDTGWNELHK/2
772.41994492,2,595.526,1.089097,QLLLESQSQLDAAK/2
508.93169035,3,595.526,0.83810127,LQALDTGWNELHK/3
685.64606098,3,597.013,0.9055056,LC[U:Carbamidomethyl]DEQLSSQSHYDFGLR/3
937.94196968,2,598.5,1.1439964,NASTFEDVTQVSSAYQK/2
780.37976542,2,598.5,1.0744483,QMSSFVQNGSTFVK/2
437.90782868,3,598.5,0.7419559,TEQC[U:Carbamidomethyl]LVALLHK/3
894.45706704,2,599.244,1.1247866,AIGVLTSGGDAQGMNAAVR/2
807.92030901,2,599.244,1.0826023,EPNSSAQIDIVISNK/2
959.95868237,2,599.244,1.1516674,SVGDNSSDLSNVAVIDGNR/2
692.02497808,3,599.987,0.9812659,QVEPLDPPAGSAPGEHVFVK/3
791.90158496,2,599.987,1.0746938,IGYSSPLTLSDQSSK/2
864.42965224,2,599.987,1.0875872,EVIPVNVPEAQEEM[U:Oxidation]K/2
784.39680411,2,600.731,1.0641772,VFSSTLQNWQTTR/2
547.29826169,3,600.731,0.8442662,FLSDPQVHTVLVER/3
901.93140501,2,600.731,1.1380239,IQFENNEDQDVNPLK/2
820.44375431,2,600.731,1.1240996,FLSDPQVHTVLVER/2
769.37702583,2,601.475,1.1055577,DYIAYAHSTIMPR/2
751.90172229,2,601.475,1.0530174,VNQPASFAVSLNGAK/2
707.89864835,2,601.475,1.0654206,QVLALQSQLADTK/2
759.86491371,2,602.218,1.0585128,AGEVINQPMMMAAR/2
714.90085667,2,602.218,1.0417393,IIITVVEEQEQK/2
564.74516469,4,602.218,0.7990496,HNDDEQYAWESSAGGSFTVR/4
505.29982556,3,602.218,0.9000741,QQGVLALRPYLQK/3
767.33940804,3,602.962,0.9869121,GNLYSFGC[U:Carbamidomethyl]PEYGQLGHNSDGK/3
551.61900646,3,602.962,0.8587754,LDSHPC[U:Carbamidomethyl]LEVTAAALR/3
402.73434611,4,602.962,0.7622133,LGSFHELLLEPPKK/4
752.6577941,3,603.705,0.9928906,HNDDEQYAWESSAGGSFTVR/3
625.33923143,3,604.449,0.91863626,REPWLLPSQHNDIIR/3
857.88911711,2,604.449,1.0894903,YGAAMALGIC[U:Carbamidomethyl]C[U:Carbamidomethyl]AGTGNK/2
539.59166808,3,604.449,0.8406608,WANFHLENSGWQK/3
502.23823739,3,604.449,0.8248371,C[U:Carbamidomethyl]PENAFFLDHVR/3
501.51689095,4,604.449,0.77677625,KQDIENILHWNVTQHK/4
942.92695079,2,605.193,1.148562,MQEVVANLQYDDGSGMK/2
758.90561606,2,605.193,1.0633711,VLLDAPC[U:Carbamidomethyl]SGTGVISK/2
843.43391793,2,605.193,1.1556803,TSILAAANPISGHYDR/2
771.38897907,2,605.193,1.0579695,GEAHLAVNDFELAR/2
872.93035079,2,605.936,1.1164278,LLQQLAMTGSEEGDPR/2
946.98363753,2,605.936,1.1609712,ADSGPTQPPLSLSPAPETK/2
718.40443224,2,606.68,1.0620755,LNHLVDSLQQLR/2
866.91542056,2,606.68,1.14087,ASLGSLEGEAEAEASSPK/2
726.92466612,2,607.424,1.0545509,VQAQVIQETIVPK/2
645.67427972,3,607.424,0.94861805,RGAPPSSNIEDFHGLLPK/3
820.42724695,2,607.424,1.1148952,GLGHQVATDALVAMEK/2
431.91905646,3,607.424,0.7681731,AVGHPFVIQLGR/3
674.29240735,3,608.167,0.8878863,EPGEYAVHIMC[U:Carbamidomethyl]DDEDIK/3
466.8931242,3,608.167,0.7605967,ISDEDWDIIHR/3
688.65568001,3,608.167,0.9222367,MHSPQTSAMLFTVDNEAGK/3
716.33817297,3,608.911,1.0080565,SADESGQALLAAGHYASDEVR/3
440.90419567,3,608.911,0.8038071,YC[U:Carbamidomethyl]LSILTSHVK/3
764.37553733,2,609.654,1.0758984,SLTNDWEDHLAVK/2
820.87960669,2,609.654,1.0838598,QFC[U:Carbamidomethyl]STQAALQAMER/2
810.4174022,2,609.654,1.0737303,QTGEGVGPQEYTLLK/2
509.91945038,3,609.654,0.8178513,SLTNDWEDHLAVK/3
991.50747676,2,610.398,1.1924546,ELEEVSPETPVVPATTQR/2
876.44088566,2,610.398,1.1268728,IFVGNVSAAC[U:Carbamidomethyl]TSQELR/2
918.97053017,2,610.398,1.1481785,SQIFSTASDNQPTVTIK/2
972.96895297,2,610.398,1.2159498,TVFEALQAPAC[U:Carbamidomethyl]HENMVK/2
944.48922443,2,611.141,1.1786438,VTHAVVTVPAYFNDAQR/2
917.394321,2,611.141,1.1205814,NPDDITNEEYGEFYK/2
711.35099969,2,611.141,1.0426078,SLYYYIQQDTK/2
741.34136016,2,611.141,1.0466545,EDDLNSFNATDLK/2
707.41426859,2,611.141,1.0484117,RNVIFQPVAELK/2
727.39353318,2,611.885,1.0749562,INLNLIYDHNPK/2
818.90529011,2,612.63,1.0873432,TSESLC[U:Carbamidomethyl]QNNMVILK/2
579.58149735,3,612.63,0.8721286,QSANDFFSYYDSHR/3
834.91109539,2,612.63,1.1036499,ALTLPGSSENEYIM[U:Oxidation]K/2
717.90680772,2,612.63,1.0823591,LLVGNDDVHIIAR/2
629.99524177,3,613.373,0.8742994,VTHAVVTVPAYFNDAQR/3
706.69820793,3,613.373,0.95071304,RGHVFEESQVAGTPMFVVK/3
729.40030394,2,613.373,1.0701721,LMITHIVNQNFK/2
900.91470072,2,613.373,1.1163518,FLEETNC[U:Carbamidomethyl]LYAAEGQR/2
478.9402973,3,613.373,0.83529574,LLVGNDDVHIIAR/3
485.26478094,3,613.373,0.78357446,INLNLIYDHNPK/3
924.9761469,2,614.117,1.1533262,VFSDEVQQQAQLSTIR/2
486.60262812,3,614.117,0.83159584,LMITHIVNQNFK/3
518.52311029,4,614.86,0.8065631,VTEGLTDVILYHQPDDKK/4
794.93067673,2,615.604,1.0759393,KSDIDEIVLVGGSTR/2
493.60491463,3,615.604,0.80919987,VIQYLAYVASSHK/3
518.58429063,3,615.604,0.85569745,EAYPGDVFYLHSR/3
489.60865907,3,615.604,0.8453617,ERPPFIPEGVVAR/3
777.37279771,2,616.347,1.082056,EAYPGDVFYLHSR/2
739.90373372,2,616.347,1.1013141,VIQYLAYVASSHK/2
452.58585444,3,616.347,0.79967594,WIGLDLSNGKPR/3
989.49057546,2,616.347,1.191348,GHVFEESQVAGTPM[U:Oxidation]FVVK/2
783.8770556,2,617.091,1.0626827,DIEREDIEFIC[U:Carbamidomethyl]K/2
522.92046256,3,617.091,0.8095501,DIEREDIEFIC[U:Carbamidomethyl]K/3
587.28921453,3,617.091,0.9250331,MLDAEDIVGTARPDEK/3
437.92257805,3,617.091,0.7857344,AGNAIHAILLYR/3
488.94890427,3,617.091,0.88220024,YQILPLHSQIPR/3
959.49744344,2,617.834,1.2066458,TLTGTAALTVQSQEDNLR/2
688.38758209,2,617.834,1.0358775,VVLLTGETSTDLK/2
829.92846837,2,618.578,1.1051084,NQVALNPQNTVFDAK/2
889.44996192,2,618.578,1.1313105,SQNIVTDSSSLSAEAIR/2
684.0324671,3,618.578,0.94885886,LLQALAQYQNHLQEQPR/3
901.95689991,2,618.578,1.1402018,VIAALLQTM[U:Oxidation]EDQGNQR/2
906.47852236,2,619.321,1.1431825,QGAIVAVTGDGVNDSPALK/2
804.33575188,2,619.321,1.0776346,DMDLWEQQEEER/2
412.8839004,3,619.321,0.73815584,APFDLFENRK/3
732.91971818,2,619.321,1.0675228,YQILPLHSQIPR/2
646.35320623,3,619.321,0.9042301,ALPAVQQNNLDEDLIRK/3
821.39306975,2,619.321,1.0602881,LDADMPEVAVEGPNGK/2
661.66439843,3,620.065,0.87880427,LSSPC[U:Carbamidomethyl]IMVVNHDASSIPR/3
671.70071739,3,620.065,0.9107826,LLEAQIATGGVIDPVHSHR/3
811.88084946,2,620.065,1.0689802,GSNEEDTDTPLFIGK/2
904.92981946,2,620.065,1.1295683,M[U:Oxidation]APYQGPDAVPGALDYK/2
788.39666673,2,620.065,1.0584368,ILGADTSVDLEETGR/2
957.96818446,2,620.809,1.1557508,IEELDQENEAALENGIK/2
813.43266669,2,620.809,1.1233174,LC[U:Carbamidomethyl]SAHGVLVPGGFGVR/2
892.94600081,2,621.553,1.1243483,VQVQDNEGC[U:Carbamidomethyl]PVEALVK/2
561.30178325,3,621.553,0.8928407,TSEVPYAGINIGPVHK/3
455.5976486,3,621.553,0.76206255,LLGHEVEDVIIK/3
841.44903664,2,622.299,1.1440816,TSEVPYAGINIGPVHK/2
863.38217916,2,622.299,1.0997303,EIC[U:Carbamidomethyl]NAYTELNDPMR/2
760.90138795,2,622.299,1.0760038,QQEPVTSTSLVFGK/2
491.9439303,3,622.299,0.8351061,TQRPADVIFATVR/3
581.96266171,3,622.299,0.8841081,LAGGYENVPTVDIHMK/3
682.89283466,2,622.299,1.042575,LLGHEVEDVIIK/2
918.44583366,2,622.299,1.128963,FEVQGLQPNGEEM[U:Oxidation]TLK/2
679.02029363,3,623.043,0.9107083,SVVLMSHLGRPDGVPMPDK/3
919.49196413,2,623.043,1.1900024,EQTLSPTITSGLHNIAR/2
805.37996244,2,623.786,1.0729848,TEMQDNTYPEILR/2
760.93081414,2,623.786,1.0883398,HSSLITPLQAVAQR/2
613.33040158,3,623.786,0.98036176,EQTLSPTITSGLHNIAR/3
507.62296825,3,623.786,0.87106115,HSSLITPLQAVAQR/3
741.89917963,2,624.53,1.0455564,EPLLVTNGADNALR/2
819.35529569,2,624.53,1.0809755,ELMDEEDVLQEC[U:Carbamidomethyl]K/2
715.88227839,2,624.53,1.0658417,MYIALTGLQHAGR/2
924.40214605,2,625.274,1.1358953,NPDDITQEEYGEFYK/2
814.88051513,2,625.274,1.0841023,EEYITSALESTEEK/2
947.50708287,2,625.274,1.1690005,GHVTQDAPIPGSPLYTIK/2
881.90687571,2,625.274,1.104283,SESYIGGNC[U:Carbamidomethyl]YILSGSR/2
711.86850228,2,625.274,1.0399855,EKFEEMIQQIK/2
440.93811666,3,626.017,0.8243437,LIAHAGSLLNLAK/3
732.0549373,3,626.017,0.92714214,AHGPGLEGGLVGKPAEFTIDTK/3
838.88613185,2,626.761,1.0969582,SDGGYTYDTSDLAAIK/2
675.39300186,2,626.761,1.0394914,IHVLEAQDLIAK/2
458.59071693,3,626.761,0.8391393,LYSLALHPNAFK/3
687.38243716,2,626.761,1.0582683,LYSLALHPNAFK/2
722.92279213,2,626.761,1.0725989,QIGNVAALPGIVHR/2
538.95946888,3,627.504,0.86127,LPVPAAAPTPWETHK/3
482.28428691,3,627.504,0.8624627,QIGNVAALPGIVHR/3
689.86101162,2,627.504,1.0482147,C[U:Carbamidomethyl]LYASVLTAQPR/2
755.87483884,2,627.504,1.0537223,LPSSPVYEDAASFK/2
762.87177327,2,628.248,1.0607718,NVEGQDMLYQSLK/2
694.66428699,3,628.248,0.9767379,REDESYGYVLPNHMMLK/3
769.41139997,2,628.248,1.079526,EQLHLVMQGDVIR/2
909.465612,2,629.735,1.1235954,SLETENSALQLQVTER/2
433.53152675,3,629.735,0.80038786,DYAFVHFEDR/3
807.38504783,2,629.735,1.0798143,YC[U:Carbamidomethyl]DPVVLTYQAER/2
687.34096625,3,629.735,0.9826356,QLPYPSEASTTFPESHLR/3
432.57836551,3,629.735,0.790898,TLDVVLEEHLK/3
745.87959829,2,630.478,1.0615634,QVQSLTC[U:Carbamidomethyl]EVDALK/2
817.39646977,2,630.478,1.0849533,AYDYLVQNTSFANK/2
745.72911282,3,630.478,0.96904874,TQQAAQANITLQEQIEAIHK/3
813.85156073,2,630.478,1.0827681,EFTPYDYSQSDFK/2
775.38197376,2,630.478,1.0545542,EPVIC[U:Carbamidomethyl]TPVSSGFEK/2
556.95064464,3,630.478,0.8895743,TGRGMGGLFSVGETTAK/3
845.37487701,2,631.222,1.0955268,AFVSMVYSEEGAEDR/2
802.3928728,2,631.222,1.071596,SPFEVQVGPEAGMQK/2
754.89250868,2,631.222,1.0826303,RTEMENEFVLIK/2
556.95281971,3,631.222,0.88342243,ETNLDSLPLVDTHSK/3
786.88996598,2,631.222,1.0479294,QELAVFC[U:Carbamidomethyl]SPEPPAK/2
982.47512242,2,631.222,1.1782553,FEPSSQMIEVQEGQNLK/2
789.90086505,2,631.965,1.0841081,AIANEC[U:Carbamidomethyl]QANFISIK/2
834.92559134,2,631.965,1.1539994,ETNLDSLPLVDTHSK/2
887.93394766,2,631.965,1.098708,GEIGDATPFNDAVNVQK/2
845.9177663,2,631.965,1.1148583,IDVDAPDIDIHGPDAK/2
413.90296061,3,631.965,0.7652273,TLDELGIHLTK/3
834.38663335,2,632.709,1.0668288,WVVIGDENYGEGSSR/2
481.56769498,3,632.709,0.87430435,IC[U:Carbamidomethyl]YIFHETFGR/3
583.62492598,3,632.709,0.84689504,IVFSGNLFQHQEDSK/3
858.41707624,2,633.452,1.1079208,TPLIDLC[U:Carbamidomethyl]DGQADQAAK/2
913.96217381,2,633.452,1.1571022,YAALVVEPTSDGNYVTK/2
689.89370034,2,633.452,1.0452241,GQPLGPAGVQVSLR/2
825.89088282,2,633.452,1.1036423,TEEIAEEEETVFPK/2
694.38758209,2,633.452,1.05494,ELLVTETQEVVK/2
574.28445792,3,633.452,0.8890353,VDIDTPDIDIHGPEGK/3
994.49130383,2,634.196,1.1727824,LLEAQAC[U:Carbamidomethyl]TGGIIDPSTGER/2
815.89663693,2,634.94,1.110016,FNALFAQGNYSEAAK/2
443.2504718,3,634.94,0.7647705,LSTDHIPILYR/3
942.96491343,2,635.683,1.1838176,SVPTSTVFYPSDGVATEK/2
869.37487703,2,635.683,1.1002017,SDAYYC[U:Carbamidomethyl]TGDVTAWTK/2
821.9177663,2,635.683,1.0684263,EGVQGPLNVSLSEEGK/2
420.2190602,3,635.683,0.7563389,DVLDVYIEHR/3
444.56406197,3,636.426,0.7892425,LALDMEIHAYR/3
543.64213987,3,636.426,0.90717924,VVEIAPAAHLDPQLR/3
877.96779055,2,636.426,1.1277127,TEPTAQQNLALQLAEK/2
738.37433559,3,636.426,1.000156,EFQQPSQITESTIHEIPTK/3
993.00797835,2,636.426,1.1843973,EAIQQQQNQLVWVSEGK/2
860.4492336,2,637.17,1.0988156,SSTGPEPPAPTPLLAER/2
922.43906281,2,637.17,1.1216226,TAESQTPTPSATSFFSGK/2
772.38230817,2,637.17,1.0608569,QYQAGQTVTC[U:Carbamidomethyl]FLK/2
990.94840613,2,637.17,1.1887615,VC[U:Carbamidomethyl]PTTETIYNDEFYTK/2
683.65684297,3,637.17,0.9342903,GYTLADEEEDPLIYQHR/3
814.95957157,2,637.17,1.1572692,VVEIAPAAHLDPQLR/2
896.41284811,2,637.914,1.1148145,YYEAADTVTQFDNVR/2
945.48549013,2,637.914,1.1770384,QMASQAPAVNTLTESTLK/2
567.95667563,3,637.914,0.8420619,LGLLDNHSSEFNVTR/3
685.64606096,3,637.914,0.97511184,DMSGHYQNALYLGDVSER/3
747.72184675,3,637.914,0.92990935,EVVVYLDDNQKPPVGEGLNR/3
783.89356292,2,638.658,1.0712363,ITPSYVAFTPEGER/2
794.90954734,2,639.401,1.1119696,FLGVAEQLHNEGFK/2
846.41539083,2,639.401,1.0959418,ELAQQVQQVADDYGK/2
551.96880412,3,639.401,0.86615187,VTAEVVLAHLGGGSTSR/3
661.98423692,3,639.401,0.89366025,LFFHC[U:Carbamidomethyl]SQYNGNLQDLK/3
530.27545705,3,639.401,0.8347316,FLGVAEQLHNEGFK/3
879.43324921,2,640.145,1.1141101,VITDVYYVDGTEVER/2
927.93054768,2,640.145,1.1655941,NSGPLGTEMNTGFSSEVK/2
767.86226283,2,640.888,1.0643146,GYAYTFITEDQAR/2
834.40977408,2,640.888,1.0655293,VDIEGPDVNIEGPEGK/2
827.44956795,2,640.888,1.1544312,VTAEVVLAHLGGGSTSR/2
883.42816382,2,640.888,1.0954534,SEGGEDYTGATVIEPLK/2
914.42576695,2,641.632,1.1347743,NFILDQC[U:Carbamidomethyl]NVYNSGQR/2
509.94745191,3,641.632,0.8514681,YQEALHLGSQLLR/3
764.41753963,2,641.632,1.0789666,YQEALHLGSQLLR/2
606.29636911,3,641.632,0.91527414,MLDAEDIVNTARPDEK/3
721.332142,3,641.632,0.9911285,NAQAIEDMVGYAQETQHEK/3
908.94091543,2,641.632,1.2146376,MLDAEDIVNTARPDEK/2
456.58697804,3,641.632,0.8370728,SALNEVHLVVMR/3
865.96217382,2,642.375,1.1244546,LSLPQNETVADTTLTK/2
948.00470732,2,642.375,1.2141016,NVAYDTLPIVVHGNGPTK/2
783.40356651,2,643.119,1.1007142,VEYHFLSPYVSPK/2
540.2959752,3,643.119,0.87769485,LQMEAPHIIVGTPGR/3
522.60480316,3,643.862,0.8620383,VEYHFLSPYVSPK/3
812.38778742,2,643.862,1.1023943,GLVVDMDGFEEERK/2
809.94032457,2,644.606,1.1050001,LQMEAPHIIVGTPGR/2
790.8848806,2,644.606,1.0776497,ALVEFTNSPDC[U:Carbamidomethyl]LSK/2
646.64991126,3,644.606,0.90924907,VELAQLQEEWNEHNAK/3
977.53584028,2,645.349,1.2216792,VAPEEHPVLLTEAPLNPK/2
816.39920944,2,645.349,1.0774543,WLQDLQEENESLK/2
854.38970733,2,646.093,1.0885187,GSLGGGFSSGGFSGGSFSR/2
773.41889057,2,646.093,1.0799295,AMGVVVATGVNTEIGK/2
482.21157685,3,646.837,0.7711283,GFC[U:Carbamidomethyl]FLEYEDHK/3
418.55679592,3,647.58,0.7499132,ISMPDVDLHVK/3
837.89155162,2,648.324,1.1007234,DYSHYYTTIQDLR/2
817.40871984,2,648.324,1.0939223,EGC[U:Carbamidomethyl]TVSPETISLNVK/2
558.93012657,3,648.324,0.8392815,DYSHYYTTIQDLR/3
617.96019716,3,649.067,0.89023274,RGFGFVTFDDHDPVDK/3
828.39920942,2,649.067,1.0839552,YDGQVAVFGSDLQEK/2
706.6569544,3,649.067,0.9436584,FVINYDYPNSSEDYVHR/3
652.02631901,3,649.067,0.9441205,VAPEEHPVLLTEAPLNPK/3
872.96303952,2,649.067,1.1410683,SNASLTNNQNLIQSLK/2
533.5060946,4,649.067,0.8330987,LLNC[U:Carbamidomethyl]QEFAVDLEHHSYR/4
834.92232877,2,649.067,1.143188,DPLLLSGTHVMEGSGR/2
718.0234143,3,649.067,0.9837091,GAYSVGPLHSDLEYTVTSQK/3
926.43665751,2,649.067,1.1578472,RGFGFVTFDDHDPVDK/2
711.00570064,3,649.067,0.987427,LLNC[U:Carbamidomethyl]QEFAVDLEHHSYR/3
960.96333629,2,649.811,1.1611674,QVMVVPVGPTC[U:Carbamidomethyl]DEYAQK/2
741.70111131,3,649.811,0.9366868,LPLQLDDAVRPEAEGEEEGR/3
508.95220288,3,650.554,0.8854703,LLDSVPPTAISHFK/3
646.998429,3,651.298,0.97339714,LPYDVTPEQALAHEEVK/3
787.86702223,2,651.298,1.054439,AGQTTYSGVIDC[U:Carbamidomethyl]FR/2
969.99400527,2,652.042,1.1822091,LPYDVTPEQALAHEEVK/2
742.66048154,3,652.042,0.99889404,C[U:Carbamidomethyl]DLVNYSYGEATHWPNSGR/3
914.47597972,2,652.042,1.1527189,IQAGEGETAVLNQLQEK/2
787.4037719,2,652.785,1.0597467,DSAIQQQVANLQMK/2
789.90974435,2,652.785,1.0728377,ASSSAGTDPQLLLYR/2
653.99015642,3,652.785,0.97351056,LVGSQEELASWGHEYVR/3
855.88887151,2,652.785,1.1054648,EDVQDYSEDLQEIK/2
944.95709687,2,652.785,1.1463443,ELNEMQAQIAEESQIR/2
643.68618532,3,652.785,0.8756331,LTHVDSPLEAPAGPLGQVK/3
789.94612986,2,652.785,1.0901985,TQTPPLGQTPQLGLK/2
962.96204481,2,653.529,1.170951,NLEAVETLGSTSTIC[U:Carbamidomethyl]SDK/2
841.88253487,2,653.529,1.0698522,DENSVELTMAEGPYK/2
981.98142916,2,653.529,1.1891023,VDVSAPDVEAHGPEWNLK/2
654.99004493,3,654.273,0.8787013,VDVSAPDVEAHGPEWNLK/3
510.61917887,3,654.273,0.8708701,ILMDKPEMNVVLK/3
971.93295303,2,655.016,1.1853367,ETVYC[U:Carbamidomethyl]LNDDDETEVLK/2
980.50834247,2,655.016,1.1742449,QGVQVQVSTSNISSLEGAR/2
681.32052027,3,655.76,0.9317588,FGQMLGSNMTEFHSQISK/3
556.947346,3,655.76,0.8888522,DQMSHLFNVAHTLR/3
417.96232862,4,655.76,0.7866385,DQMSHLFNVAHTLR/4
551.25595666,3,656.504,0.84686846,SSFDEMLPGTHFQR/3
882.89458801,2,656.504,1.1037102,TSAC[U:Carbamidomethyl]FEPSLDYM[U:Oxidation]VTK/2
428.5834509,3,656.504,0.7776444,IIFSEHLPLSK/3
793.4097145,2,657.247,1.0631952,AAYNPGQAVPWNAVK/2
787.42027922,2,657.247,1.0970652,AIWAALQTQTSNAAK/2
621.31961397,3,657.247,0.87933266,TFAYTNHTVLPEALER/3
802.93014545,2,657.247,1.1149033,LIEQEEYLNVQVK/2
850.39580941,2,657.991,1.0794021,MDAEVPDVNIEGPDAK/2
638.27127795,3,657.991,0.8964807,SGYAFVDC[U:Carbamidomethyl]PDEHWAMK/3
565.6494059,3,657.991,0.915719,DEIGHILHHVNIGLK/3
956.90327869,2,657.991,1.1771722,SGYAFVDC[U:Carbamidomethyl]PDEHWAMK/2
940.91130075,2,658.735,1.1421734,SAYDSTMETMNYAQIR/2
947.44161398,2,658.735,1.1388556,EQMAQQLAEETQGFQR/2
796.89611404,2,658.735,1.0778605,SAYALGGLGSGIC[U:Carbamidomethyl]PNR/2
885.46963468,2,658.735,1.1501013,LEEGGPVYSPPAEVVVK/2
905.97763533,2,658.735,1.1863942,LIEGLSHEVIVSAAC[U:Carbamidomethyl]GR/2
963.99074267,2,658.735,1.2000494,TVFEALQAPAC[U:Carbamidomethyl]HENLVK/2
448.57506682,3,658.735,0.786083,VNAVFEWHITK/3
787.38197379,2,659.478,1.0767484,LC[U:Carbamidomethyl]SLFYTNEEVAK/2
537.91090999,3,659.478,0.8326709,VFITDDFHDM[U:Oxidation]MPK/3
537.91090999,3,659.478,0.8326709,VFITDDFHDMM[U:Oxidation]PK/3
928.95488016,2,660.222,1.136648,ALEYTIYNQELNETR/2
761.34251426,2,660.222,1.0548961,SAYEFSETESMLK/2
528.2948516,3,660.222,0.8844644,LGELQGNHFTVVLR/3
768.38302801,2,660.222,1.0751591,DVFASEVTPSDLQK/2
926.4683516,2,660.965,1.175752,VALVNDSLSDVTSTTSSR/2
500.2961925,3,660.965,0.85695165,SPAPPLLHVAALGQK/3
960.46326627,2,660.965,1.1536934,TELEDTLDSTAAQQELR/2
510.03331082,4,660.965,0.80317944,EIEGEEIEIVLAKPPDKK/4
960.50727984,2,661.709,1.1836643,LSGSNPYTTVTPQIINSK/2
872.43272627,2,661.709,1.1034386,NEEIVMPEEQTGLVR/2
433.25907874,3,661.709,0.7881298,IYSHSLLPVLR/3
787.3693977,2,661.709,1.0814686,HLVDETMDPFVDR/2
607.65734969,3,662.453,0.9626441,MVNPTTVLESPHSLPAK/3
804.89683389,2,662.453,1.0618331,FASEIAGVDDLGTTGR/2
747.92500047,2,662.453,1.0818772,LQWQTTLGHAVLK/2
886.96049686,2,663.197,1.1191163,NLQEQTVQLQSELSR/2
854.90159332,2,663.197,1.0886784,TQETPSAQMEGFLNR/2
851.45451598,2,663.197,1.1213702,LTNLQENLSEVSQVK/2
761.04996904,3,663.197,1.0044568,NQILSQQLQQMEAEHNTLR/3
663.34605163,3,663.197,0.90284985,FTAQGLPDLNHSQVYAVK/3
798.4355949,2,663.197,1.0739642,ENGPVVETVQVPLSK/2
740.40304359,2,663.94,1.0865394,APIIC[U:Carbamidomethyl]VLGHVDTGK/2
429.21415281,3,663.94,0.76305866,ISMPDVDLHMK/3
493.93778788,3,663.94,0.84096944,APIIC[U:Carbamidomethyl]VLGHVDTGK/3
483.2683025,3,663.94,0.81908643,LIVAYVDDLDRR/3
435.92235514,3,664.684,0.78168476,ISHLPLVEELR/3
757.9066703,2,664.684,1.0620276,LVSIGAEEIVDGNAK/2
933.994674,2,664.684,1.191694,IGDLQAFQGHGAGNLAGLK/2
812.38778747,2,664.684,1.0889852,LLTEISSSWDGC[U:Carbamidomethyl]QK/2
771.9173724,2,664.684,1.1062969,NFVELISHQQLSK/2
517.25220662,3,664.684,0.83320737,EKYDTDFYILDK/3
622.99887482,3,665.427,0.8717605,IGDLQAFQGHGAGNLAGLK/3
833.94358717,2,665.427,1.110689,TLFQPQTGAYQTLAK/2
778.9175694,2,665.427,1.0668461,LQEAGILSAEELQR/2
554.9567871,3,665.427,0.8319605,LSTDDLNSLIAHAHR/3
739.36051847,2,665.427,1.0481651,MLGQMTDQVADLR/2
814.86837324,2,666.171,1.0793595,AMTEDGFLAVC[U:Carbamidomethyl]SEAK/2
737.39574988,2,666.171,1.0672784,SGALLAC[U:Carbamidomethyl]GIVNSGVR/2
416.46940944,4,666.171,0.73224527,LSTDDLNSLIAHAHR/4
846.45177636,2,666.914,1.0998015,VEPYSLTAQQSSLIR/2
810.89683388,2,667.658,1.0875741,NGNLPEFGDAISTASK/2
630.30011361,3,667.658,0.88959664,SGMSHEEDQLIPNLYR/3
609.99854046,3,667.658,0.9138465,VLGTPVETIELTEDRR/3
849.39561248,2,668.402,1.1029342,FFQTAC[U:Carbamidomethyl]DVPELQDK/2
820.90869004,2,668.402,1.0890702,HVIPMNPNTDDLFK/2
824.34578524,2,668.402,1.0737473,DQNESLDEEMFYK/2
611.65158658,3,668.402,0.938652,QNLLSQSHAYQQFLR/3
812.38610205,2,668.402,1.0827404,QAWATDDVAQIYDK/2
857.90495572,2,668.402,1.1273221,SSEPVVTMSVEYQMK/2
854.91743195,2,669.145,1.0911231,LLDPEDVDVPQPDEK/2
985.015469,2,669.145,1.3106635,DAGEGLLAVQITDQEGKPK/2
688.99926876,3,669.145,0.96461976,RAEDGSVIDYELIDQDAR/3
730.89082326,2,669.145,1.0659657,SLESLHSFVAAATK/2
745.87959825,2,669.145,1.0516144,ADIGVAMGIAGSDVSK/2
657.01273816,3,669.889,0.9479325,DAGEGLLAVQITDQEGKPK/3
495.92475865,3,670.632,0.82503325,NVNVQNFHISWK/3
592.34398246,3,670.632,0.91475356,RPLILQLVHVSQEDK/3
847.91397244,2,670.632,1.0993063,LLQFYAETC[U:Carbamidomethyl]PAPER/2
597.94327277,3,670.632,0.8892587,SSENGVDYVIMGMPHR/3
705.37480909,2,671.376,1.0467585,TYTIANQFPLNK/2
737.88808358,2,671.376,1.0651681,VFHAGFGVVLGEDK/2
859.43747731,2,672.119,1.0989505,EEISATQIIVC[U:Carbamidomethyl]TPEK/2
790.91800352,2,672.119,1.0863223,VHLMNPMVPGLTGSK/2
723.69083608,3,672.119,1.0039768,VAHSFNC[U:Carbamidomethyl]TPIEGMLSHQLK/3
843.44649397,2,672.119,1.1319991,GILADEDSSRPVWLK/2
849.92525697,2,672.863,1.0882192,IDVTAPDVSIEEPEGK/2
888.92291128,2,672.863,1.1250578,EIESEIDSEEELINK/2
743.38349975,2,672.863,1.0597101,NVNVQNFHISWK/2
740.86192848,2,672.863,1.0581434,EYELLSDELNQK/2
556.25210073,3,673.606,0.8986313,TWTDFEHMETIEK/3
914.94685808,2,674.35,1.1484582,GANAVGYTNYPDNVVFK/2
896.93236214,2,674.35,1.1228181,MAPYQGPDAVPGALDYK/2
540.60832472,3,674.35,0.85879415,FYQGFLFSEKPEK/3
786.38369676,2,675.093,1.0758611,QFAYQNSWGLTTR/2
810.40884885,2,675.093,1.1429687,FYQGFLFSEKPEK/2
417.87674581,3,675.093,0.7629736,FDASFFGVHPK/3
927.9487405,2,675.837,1.1468941,IDQDVVITNSYETAMR/2
851.93394773,2,675.837,1.1136813,ESADGLQGETQLLVSR/2
831.89818494,2,675.837,1.0823578,SEDAEVLDATPSGIMK/2
765.3850478,2,675.837,1.063243,GDINVLLC[U:Carbamidomethyl]GDPGTAK/2
906.42764087,2,675.837,1.1312251,IGVSSDSGSINPMSEGFK/2
881.93394775,2,676.581,1.1069205,SEDPDQQYLILNTAR/2
787.90465896,2,676.581,1.0639639,NLSSNEAISLEEIR/2
493.2806539,3,676.581,0.81346726,LPNNHIGISFIPR/3
739.41734262,2,676.581,1.0586097,LPNNHIGISFIPR/2
676.37260076,3,676.581,0.9103926,LLEAQIATGGIIDPVHSHR/3
820.90432456,2,676.581,1.0701343,VDIDAPDVSIEGPDAK/2
856.41793344,2,676.581,1.1049345,FTLSGGNWNTVSETAK/2
809.89069427,2,677.324,1.0668004,EAMVQAEEAAAEITR/2
746.88573793,2,677.324,1.062079,ELSDPAGAIIYTSR/2
734.85473456,2,677.324,1.0379969,NLLTVTSSDEMMK/2
920.45778695,2,677.324,1.175438,HSQAVEELAEQLEQTK/2
613.97428345,3,677.324,0.92031074,HSQAVEELAEQLEQTK/3
544.29440579,3,678.068,0.8613658,LISVETDIVVDHYK/3
833.40194908,2,678.068,1.0813556,FQIQDISVETEDNK/2
701.89303159,2,678.068,1.0518744,ATAVLVIASTDVDK/2
859.90634433,2,678.068,1.1177984,AMWPDGQQDITEVTK/2
828.34506532,2,678.811,1.0716374,LFGNMEGDC[U:Carbamidomethyl]PSDWK/2
900.40618557,2,678.811,1.1379914,MTNGFSGADLTEIC[U:Carbamidomethyl]QR/2
613.6130204,3,678.811,0.86956155,HQYYNQEWTLWDR/3
687.01162016,3,678.811,0.9014287,AQAEAQQPTFDALRDELR/3
766.86701386,2,678.811,1.0777245,IFYPETTDIYDR/2
919.91589236,2,678.811,1.1388043,HQYYNQEWTLWDR/2
938.9785522,2,679.559,1.1466877,EQLDSSNSTIAILQTEK/2
926.42140144,2,679.559,1.1447136,ESQLFDPSDLQDTSNR/2
820.89937658,2,679.559,1.0789205,SHPLDPIDTVDFER/2
547.60200988,3,679.559,0.85338646,SHPLDPIDTVDFER/3
902.45485028,2,679.559,1.1310191,VDVNAPDVQAPDWHLK/2
632.60034018,3,679.559,0.8914455,GESDDFHMDFDSAVAPR/3
542.63850688,3,679.559,0.8803916,QVLIASHLPSYELR/3
868.44669094,2,680.302,1.1215783,GSNNVALGYDEGSIIVK/2
817.90634438,2,680.302,1.0892979,TQMLDQEELLASTR/2
740.89336601,2,680.302,1.0641137,TILPAAAQDVYYR/2
601.97232568,3,680.302,0.8679064,VDVNAPDVQAPDWHLK/3
670.98032,3,680.302,0.90598917,DDDHNGHIDFITAASNLR/3
538.59732543,3,681.046,0.88073134,MGPLGLDHMASSIER/3
809.41126254,2,681.046,1.0826311,AVLVDLEPGTM[U:Oxidation]DSVR/2
686.34107767,3,681.046,0.90847766,VDINTPDVDVHGPDWHLK/3
523.59743126,3,681.046,0.80855143,TFTDHVMLFTQTK/3
649.63661426,3,681.046,0.8700336,YPIEHGIVTNWDDMEK/3
606.29658642,3,681.046,0.9423283,TFAVDETSVSGYIYHK/3
571.32073199,3,681.046,0.87443817,KLEPISNDDLLVVEK/3
543.92896364,3,681.046,0.8809447,M[U:Oxidation]GPLGLDHMASSIER/3
908.9412414,2,681.046,1.1711234,TFAVDETSVSGYIYHK/2
657.68132286,3,681.789,0.9658025,LASTLVHLGEYQAAVDGAR/3
986.01834606,2,681.789,1.2357906,LASTLVHLGEYQAAVDGAR/2
498.28758558,3,681.789,0.7908449,LVEDHLAVQSLIR/3
746.92774014,2,681.789,1.0887904,LVEDHLAVQSLIR/2
571.30200617,3,681.789,0.8310796,NYPPWQHTTLSVLR/3
914.9119235,2,682.533,1.1506413,LLTEC[U:Carbamidomethyl]PPMMDTEYTK/2
895.96452796,2,682.533,1.1273099,MVPVSVQQSLAAYNQR/2
800.93067676,2,682.533,1.1014322,NLLLLANSTEEQQK/2
640.98143803,3,682.533,0.8828056,AGTQIENIDEDFRDGLK/3
757.91924639,2,683.277,1.0678971,TILEEEITPTIQK/2
456.94186112,3,683.277,0.81957674,LPGLIDVHVHLR/3
451.9234787,3,683.277,0.82239693,VAVTVMDVAHLAK/3
882.99635096,2,683.277,1.1186135,KGVNLPGAAVDLPAVSEK/2
625.34716961,3,683.277,0.9494935,LTEVPVEPVLTVHPESK/3
895.93309046,2,683.277,1.1295928,SNQQLENDLNLM[U:Oxidation]DIK/2
856.44937102,2,683.277,1.123732,NYPPWQHTTLSVLR/2
889.45365867,2,684.02,1.120724,LASTNSSVLGADLPSSMK/2
722.40304361,2,684.02,1.0771525,VVQMLGSLGGQINK/2
937.51711619,2,684.02,1.1584165,LTEVPVEPVLTVHPESK/2
684.90915344,2,684.02,1.0543866,LPGLIDVHVHLR/2
850.39254686,2,684.02,1.0996393,FTQSALDC[U:Carbamidomethyl]MSVEVGR/2
892.45399304,2,684.764,1.1927743,DVSSVELLMNNHQGIK/2
793.41308535,2,684.764,1.0737865,AMSTLVPQGGPVLC[U:Carbamidomethyl]R/2
973.03072512,2,685.507,1.1730379,LHIIEVGTPPTGNQPFPK/2
783.4121198,2,685.507,1.0763915,APDVDVNIAGPDAALK/2
604.99490745,3,685.507,0.9338771,LEAAIAEAEERGELALK/3
959.53089231,2,685.507,1.1773633,LHIIEVGQPAAGNQPFVK/2
851.41251375,2,686.251,1.0895455,VDIDTPDINIEGSEGK/2
974.46115776,2,686.994,1.168377,ESLQDTQPVGVLVDC[U:Carbamidomethyl]C[U:Carbamidomethyl]K/2
511.00889872,4,686.994,0.814487,VDINAPDVEVHGPDWHLK/4
711.32883777,3,686.994,0.9538163,FVINYDYPNSSEDYIHR/3
681.00943947,3,686.994,0.95379657,VDINAPDVEVHGPDWHLK/3
676.33755611,3,686.994,0.9261206,VDINAPDVDVHGPDWHLK/3
598.00362585,3,686.994,0.91522765,KLDAGNQLALIEELHK/3
960.45706706,2,686.994,1.1587595,FSHQGVQLIDFSPC[U:Carbamidomethyl]ER/2
890.43397749,2,686.994,1.1057428,ETSELGGSDVSILDTTR/2
943.42457524,2,686.994,1.142702,VMNMEESTNGSLAAEFR/2
515.00762737,4,686.994,0.80982983,VDINTPDVDVHGPDWHLK/4
640.64047019,3,688.481,0.8598448,FSHQGVQLIDFSPC[U:Carbamidomethyl]ER/3
462.2204067,3,688.481,0.76769084,FYFHLGDAMQR/3
649.0229089,3,688.481,0.877622,LHIIEVGTPPTGNQPFPK/3
451.9139711,3,688.481,0.80059224,TILQHLSEAWR/3
535.27646922,3,688.481,0.847641,LIVDHNIADYMTAK/3
952.00456993,2,689.225,1.1822821,AQTLPTSVVTITSESSPGK/2
672.66556132,3,689.225,0.8900464,VWQLGSSSPNFTLEGHEK/3
738.90647334,2,689.225,1.1002014,LEGVEGVAHIIDPK/2
931.94927181,2,689.225,1.1444415,NITGTDDQVQQAMNSLK/2
770.90561608,2,689.968,1.0592518,LGDVISIQPC[U:Carbamidomethyl]PDVK/2
557.26568722,3,689.968,0.84118146,EHIMQMLQNPDWK/3
652.3349353,3,689.968,0.9592624,LQATLDMQSGIIHAAEEK/3
990.45112438,2,689.968,1.2430527,AFTMDC[U:Carbamidomethyl]ITLEGDQVSHR/2
885.4732401,2,689.968,1.184332,LQQQLTQAAQELAAEK/2
728.84978662,2,690.712,1.0645317,C[U:Carbamidomethyl]YLTMTQALEAR/2
835.3948926,2,690.712,1.0775065,EHIMQMLQNPDWK/2
660.63650841,3,690.712,0.96267766,AFTMDC[U:Carbamidomethyl]ITLEGDQVSHR/3
796.8993766,2,691.455,1.0815964,AFLDALQNQAEASSK/2
774.87345864,2,691.455,1.0807636,AC[U:Carbamidomethyl]LDTAVENMPSLK/2
728.69552055,3,691.455,0.9380367,NFTEVHPDYGSHIQALLDK/3
584.61380963,3,691.455,0.88498276,TEDSLMPEEEFLRR/3
507.60005215,3,691.455,0.8316719,IILWDHDLNPER/3
517.60357374,3,691.455,0.8173431,ISNLLSDYGYHLR/3
771.44288865,2,691.455,1.1194532,SLGEIPIVESEIKK/2
693.01760623,3,692.199,0.9685139,ISNTAISISDHTALAQFC[U:Carbamidomethyl]K/3
525.75627244,4,692.942,0.83231705,VDIDAPDVEVHDPDWHLK/4
769.39085306,2,692.942,1.0578415,FAIQDISVEETSAK/2
604.97864616,3,692.942,0.8609113,LGPNYLHIPVNC[U:Carbamidomethyl]PYR/3
996.97346675,2,692.942,1.1804074,WEAVDESELEAQAVTTSK/2
886.95362886,2,692.942,1.1342292,NLHVVFTMNPSSEGLK/2
700.67260443,3,693.686,0.9622511,VDIDAPDVEVHDPDWHLK/3
911.94124985,2,694.429,1.1317757,GVIQVYDLGQDGQGMSR/2
732.87209922,2,694.429,1.0695212,ALEHFTDLYDIK/2
937.96016242,2,694.429,1.1544086,IETVNESWNALATPSDK/2
488.9171583,3,695.173,0.8306254,ALEHFTDLYDIK/3
541.00064506,4,695.173,0.81668365,QEVPSWLENMAYEHHYK/4
856.43219493,2,695.173,1.0847461,EVIPVNVPEAQEEMK/2
940.99688231,2,695.173,1.1700835,LPQFGISTPGSDLHVNAK/2
716.89898267,2,695.916,1.0720947,DGLEVAVLPHNIR/2
787.91429839,2,695.916,1.0692087,INDFVLSPGPQPYK/2
720.99843459,3,695.916,0.9985032,QEVPSWLENMAYEHHYK/3
729.4099984,3,695.916,0.9475715,LLHYLGHVMVNGPTTPIPVK/3
842.93067672,2,696.66,1.1397027,VYATILNAGTNTDGFK/2
787.38759053,2,696.66,1.0728886,LLTSYGFIQC[U:Carbamidomethyl]SER/2
734.91324416,2,696.66,1.0574423,LLEVVQPC[U:Carbamidomethyl]LQAAK/2
652.99731097,3,696.66,0.95851904,TVTLGGDVFDPHGTLSGGAR/3
723.38336239,2,696.66,1.0768878,DNALLSAIEESRK/2
838.91162666,2,697.403,1.085635,NDSVVAGGGAIEMELSK/2
761.87652425,2,697.403,1.0618923,ELDMEPYTVAGVAK/2
865.38289899,2,698.147,1.1134645,ETADTDTADQVMASFK/2
707.89571172,2,698.147,1.0652398,AYFHLLNQIAPK/2
657.03699516,3,698.147,0.9249574,SKVDQIQEIVTGNPTVIK/3
472.2662333,3,698.147,0.8063467,AYFHLLNQIAPK/3
495.62805365,3,698.147,0.853986,GILIGIQQSFRPR/3
773.08261005,3,698.891,0.984623,MPLATSTDHGHNLQTVQLLIK/3
555.28021368,3,698.891,0.85075444,ALQHMTDFAIQFNK/3
561.29077837,3,698.891,0.85830104,TEDTEHVIIPVC[U:Carbamidomethyl]LR/3
651.98154948,3,698.891,0.95769644,HGEPEEDIVGLQAFQER/3
765.37448312,2,698.891,1.0487537,EQWLNNMQIPEK/2
557.62978849,3,698.891,0.91652644,QLEAIDQLHLEYAK/3
964.96049683,2,699.634,1.1597211,SLGYAYVNFQQPADAER/2
910.39254685,2,699.634,1.1174302,FVEGVC[U:Carbamidomethyl]PFC[U:Carbamidomethyl]GYEEAR/2
594.64533267,3,699.634,0.85788333,FRQDLMNIAGTTLSSK/3
834.4461596,2,699.634,1.106165,EAQAVPATLPELEATK/2
835.9410445,2,699.634,1.1365128,QLEAIDQLHLEYAK/2
598.29307049,3,699.634,0.90357673,ELAQQVQQVAAEYC[U:Carbamidomethyl]R/3
530.27920152,3,700.378,0.86434317,FQSGDFHVINGVLR/3
794.91516405,2,700.378,1.096991,FQSGDFHVINGVLR/2
896.93596751,2,700.378,1.1144847,ELAQQVQQVAAEYC[U:Carbamidomethyl]R/2
756.92265474,2,700.378,1.0750991,IQGLTVEQAEAVVR/2
857.84385228,2,700.378,1.0698777,MGGMEGPFGGGMENMGR/2
714.68803719,3,700.378,1.0017926,ERVEAVNMAEGIIHDTETK/3
740.88078991,2,701.121,1.0676532,ARFEELNADLFR/2
569.98070978,3,701.121,0.8839969,IDQLQEELLHTQLK/3
802.38198221,2,701.865,1.0746078,C[U:Carbamidomethyl]LMDQATDPNILGR/2
697.98514319,3,701.865,0.9212821,HFIMQVVC[U:Carbamidomethyl]EATQC[U:Carbamidomethyl]PDTR/3
494.25628543,3,701.865,0.820002,ARFEELNADLFR/3
544.94606609,3,701.865,0.85023016,LLHEMILVC[U:Carbamidomethyl]DAYR/3
880.96451957,2,701.865,1.2249372,IFASIAPSIYGHEDIK/2
431.25421627,3,701.865,0.78572583,LGLHQVLQDLR/3
816.9154609,2,701.865,1.1075172,LLHEMILVC[U:Carbamidomethyl]DAYR/2
750.88828057,2,701.865,1.0963318,ISAPNVDFNLEGPK/2
587.64543853,3,702.608,0.94538486,IFASIAPSIYGHEDIK/3
863.95976855,2,702.608,1.129493,IHTEPQLSAALEYVR/2
791.35150177,2,702.608,1.0924835,DMQPSMESDMALVK/2
984.53108926,2,702.608,1.2024419,AAPEASSPPASPLQHLLPGK/2
725.67489655,3,702.608,0.9913549,AAFGISDSYVDGSSFDPQRR/3
507.7509901,4,703.352,0.822176,VDIDAPDVDVHGPDWHLK/4
789.92793714,2,703.352,1.0879333,YSELTTVQQQLIR/2
500.75226144,4,703.352,0.8158433,VDISAPDVDVHGPDWHLK/4
676.66556131,3,703.352,0.91176397,VDIDAPDVDVHGPDWHLK/3
683.03347361,3,703.352,0.9162844,VIRPLDQPSSFDATPYIK/3
507.5049862,4,703.352,0.8203956,VDINAPDVDVHGPDWHLK/4
515.74400777,4,703.352,0.82064414,MDIDAPDVDVHGPDWHLK/4
729.88794627,2,703.352,1.0523119,ELEELSLEAQGIK/2
786.8552659,2,704.095,1.0732826,NC[U:Carbamidomethyl]ETDTLINYMAK/2
621.66679081,3,704.095,0.9358387,DLKPENILLDEEGHIK/3
667.3339231,3,704.095,0.9405635,VDISAPDVDVHGPDWHLK/3
876.36057804,2,704.839,1.115066,C[U:Carbamidomethyl]DYMDEVTYGELEK/2
927.43123785,2,704.839,1.1361891,YEEELEINDFPQTAR/2
951.49503812,2,704.839,1.1593587,VNSININQGSITFAGGPGR/2
785.35869565,2,704.839,1.0888568,EEQFNMLSSDLEK/2
489.6207876,3,704.839,0.75108176,LYRPPPVLDALGR/3
807.37180307,2,705.582,1.0745049,EYLESLQC[U:Carbamidomethyl]LESDK/2
740.04723108,3,705.582,0.97807187,SVVC[U:Carbamidomethyl]SDVEQQVIVIEEEKK/3
704.34281255,3,706.326,0.9934471,DLLLTSSYLSDSGSTGEHTK/3
724.04901784,3,706.326,0.9135523,FSHLTSLPQQLPSQQLMSK/3
621.36678709,3,707.07,0.85407805,TVLQRPLSLIQGPPGTGK/3
981.95772801,2,707.07,1.1805176,NC[U:Carbamidomethyl]ASPSSAGQLILPEC[U:Carbamidomethyl]MK/2
593.64057603,3,707.07,0.887425,GAPPSSNIEDFHGLLPK/3
937.49691211,2,707.07,1.2288363,SVQLAIEITTNSQEAAAK/2
943.91658308,2,707.07,1.1526691,MNSDTVDYDDAC[U:Carbamidomethyl]LIVR/2
839.94157577,2,707.07,1.1038241,DIHLDLPSNNNLVSK/2
825.90053909,2,707.07,1.0954268,EQQAAVTSSIMQAMR/2
654.66450425,3,707.813,0.9296905,GHVFEESQVAGTPMFVVK/3
844.38198217,2,707.813,1.1024764,GC[U:Carbamidomethyl]AFAQFMTQEAAQK/2
602.29441136,3,707.813,0.8956793,IDVGFVYDEPGHAVMR/3
856.47050046,2,707.813,1.1379677,LQAQLNELQAQLSQK/2
591.35247795,3,707.813,0.9322625,ILHLLTQEALSIHGVK/3
818.40598021,2,707.813,1.0971454,QALETVNDYNPLMK/2
507.60843622,3,707.813,0.8505583,LHSLLGDYYQAIK/3
584.61297547,3,707.813,0.8836166,RVFITDDFHDMMPK/3
990.45203284,2,707.813,1.1789429,EEVAYDPEDETILEEAK/2
981.49311814,2,708.557,1.1946929,GHVFEESQVAGTPMFVVK/2
443.76617758,4,708.557,0.79425967,ILHLLTQEALSIHGVK/4
905.92833103,2,708.557,1.2074926,DLDIIDNYDYSHTVK/2
604.28797951,3,708.557,0.8910071,DLDIIDNYDYSHTVK/3
886.4301836,2,708.557,1.1114346,C[U:Carbamidomethyl]IPALDSLTPANEDQK/2
760.9090161,2,708.557,1.0945101,LHSLLGDYYQAIK/2
710.42886444,2,708.557,1.0764662,EIMRVVRYILK/2
971.9914626,2,709.3,1.2309151,VTEGLTDVILYHQPDDK/2
648.33006722,3,709.3,0.8947788,VTEGLTDVILYHQPDDK/3
822.44883978,2,709.3,1.1573743,ALYYLQIHPQELR/2
793.87791288,2,709.3,1.0646137,IAGDYVSEEVWYR/2
636.96255586,3,709.3,0.9046109,SLSGGASYVDFLC[U:Carbamidomethyl]HMHK/3
721.34823228,3,709.3,0.9661497,GQSLGYAFAEFQEHEHALK/3
696.9141014,2,710.044,1.0336618,TPNGVVLAPVQLGK/2
891.49906095,2,710.044,1.1254702,IIPLYSTLPPQQQQR/2
795.40122923,2,710.788,1.0797096,QEQIINTMTQDLR/2
827.91214959,2,711.531,1.0622569,VDIEAPDVSLEGPEGK/2
472.57222867,3,711.531,0.7948403,SPVTTLLEC[U:Carbamidomethyl]MHK/3
893.93563312,2,711.531,1.1246516,DNPEATQQMNDLIIGK/2
805.95236929,2,711.531,1.1424072,IAILTC[U:Carbamidomethyl]PFEPPKPK/2
450.56271542,3,711.531,0.7928398,IEDTVFHVFDK/3
438.20341012,3,712.275,0.7777153,DYAFIHFDER/3
928.45399301,2,712.275,1.1200035,VGEGPGVC[U:Carbamidomethyl]WLAPEQTAGK/2
826.43050954,2,713.019,1.1126257,TFNTSTGGLLLPSDTK/2
887.4618181,2,713.019,1.128267,ASMQPIQIAEGTGITTR/2
814.92813403,2,713.019,1.0706525,GAGIGGLGITVEGPSESK/2
799.88128368,2,713.019,1.081227,MEMINVSGYVAQEK/2
901.45692127,2,713.762,1.1380054,LLVDVDESTLSPEEQK/2
936.45145033,2,713.762,1.1473838,FTSGAFLSPSVSVQEC[U:Carbamidomethyl]R/2
537.63733835,3,713.762,0.83951867,IAILTC[U:Carbamidomethyl]PFEPPKPK/3
502.22857342,3,713.762,0.7713644,ISIMHEDWC[U:Carbamidomethyl]WK/3
897.91436633,2,713.762,1.1313208,AEDIPQMDDAFSQTVK/2
885.4206731,2,714.506,1.1025153,GENSWFSTQVDTVATK/2
738.40188946,2,714.506,1.071845,NGSFGVLVATNVAAR/2
971.45980671,2,714.506,1.1557101,MQEVYNFNAINNSEIR/2
756.3603215,2,714.506,1.0712982,MDFILSHAVYC[U:Carbamidomethyl]R/2
798.38538217,2,714.506,1.0637919,GLQSFVQC[U:Carbamidomethyl]QPFER/2
510.6226339,3,714.506,0.79137325,LESALTELEQLRK/3
682.00183912,3,714.506,0.9045018,FYPLEIDYGQDEEAVKK/3
773.36632371,2,715.249,1.0549625,NIFIEC[U:Carbamidomethyl]TGTDFTK/2
852.43358359,2,715.249,1.1391491,LNIQPSEADYAVDIR/2
906.46234104,2,715.992,1.1620545,IYGADDIELLPEAQHK/2
883.41928454,2,715.992,1.1265206,DTAYPETNDAIPMISK/2
511.2850001,4,715.992,0.8383962,SPSELFAQHIVTIVHHVK/4
681.37757465,3,715.992,0.9545936,SPSELFAQHIVTIVHHVK/3
604.64398618,3,715.992,0.9112398,IYGADDIELLPEAQHK/3
944.99942502,2,715.992,1.2207911,NNEFIVIHNGIITNYK/2
771.8721076,2,715.992,1.0811338,ARFEELC[U:Carbamidomethyl]SDLFR/2
755.88045555,2,715.992,1.0749403,QAVDQISSGFFSPK/2
856.39254688,2,716.736,1.128644,DPETLVGYSMVGC[U:Carbamidomethyl]QR/2
914.95180612,2,716.736,1.1468345,ASNLENSTYDLYTIPK/2
939.45841811,2,716.736,1.1483135,DSLVQSC[U:Carbamidomethyl]PGSLSLC[U:Carbamidomethyl]AGVK/2
571.98227358,3,716.736,0.8576995,LLHDQVGVIQFGPYK/3
514.91716389,3,716.736,0.82455206,ARFEELC[U:Carbamidomethyl]SDLFR/3
942.4425711,2,716.736,1.1895443,TEC[U:Carbamidomethyl]NHYNNIMALYLK/2
980.47239118,2,716.736,1.1705518,AIQTVSC[U:Carbamidomethyl]LLQGPC[U:Carbamidomethyl]DAGNR/2
586.9457822,3,717.479,0.90821743,IC[U:Carbamidomethyl]DQWDALGSLTHSR/3
628.63080622,3,717.479,0.8688477,TEC[U:Carbamidomethyl]NHYNNIMALYLK/3
826.91363807,2,717.479,1.0974576,ALTLPGSSENEYIMK/2
953.02002305,2,717.479,1.1701363,VVSAGTYPVLIQGETSVGK/2
857.46977213,2,717.479,1.1321266,LLHDQVGVIQFGPYK/2
432.92845267,3,717.479,0.7837452,TAGLVMTHLILK/3
879.91503507,2,717.479,1.1398828,IC[U:Carbamidomethyl]DQWDALGSLTHSR/2
622.28602734,3,718.223,0.8829796,DSFSDPYAHIC[U:Carbamidomethyl]FLHR/3
759.9719507,2,718.966,1.1040615,LLIHQSLAGGIIGVK/2
506.98372596,3,718.966,0.84769374,LLIHQSLAGGIIGVK/3
586.29703222,3,718.966,0.93966436,HFNALGGWGELQNSVK/3
765.40324058,2,718.966,1.0676705,QIMENAEINNIIK/2
593.32095491,3,719.71,0.9083573,QLYHLGVVEAYSGLTK/3
800.45325636,2,719.71,1.1459829,VYALPEDLVEVKPK/2
814.06790555,3,719.71,0.9997719,VSGQGLHEGHTFEPAEFIIDTR/3
533.97126306,3,719.71,0.85975885,VYALPEDLVEVKPK/3
721.85116678,2,720.453,1.0549082,VLYPNDNFFEGK/2
593.28972695,3,720.453,0.87430906,ILQLC[U:Carbamidomethyl]MGNHELYMR/3
728.69043519,3,720.453,0.9903865,EELGLIEQAYDNPHEALSR/3
889.47779414,2,720.453,1.1570191,QLYHLGVVEAYSGLTK/2
771.92232037,2,720.453,1.0668237,LVSIGAEEIVDGNVK/2
692.34354786,3,720.453,0.9268818,IHNLALNC[U:Carbamidomethyl]C[U:Carbamidomethyl]TQLADLYR/3
615.95009301,3,720.453,0.859339,EADEMHTLLQLEC[U:Carbamidomethyl]EK/3
843.37741973,2,721.197,1.1298624,C[U:Carbamidomethyl]YLFGGLANDSEDPK/2
889.4309522,2,721.197,1.2038921,ILQLC[U:Carbamidomethyl]MGNHELYMR/2
965.99146261,2,721.197,1.1795038,QAIPLDENEGIYVQDVK/2
423.22867928,3,721.94,0.75831234,ISMPDVDLHLK/3
576.97377808,3,721.94,0.91420686,LFQFLQAEPHNSLGK/3
735.40356655,2,721.94,1.0730212,YLILGSAVGGGYTAK/2
703.87666168,2,721.94,1.0377214,VLQGDLVMNVYR/2
916.95488006,2,722.684,1.1293598,VVVAENFDEIVNNENK/2
580.9808212,3,722.684,0.85360974,LSFQHDPETSVLVLR/3
787.87398159,2,722.684,1.0608103,FTDELMEQGLTYK/2
798.85200332,2,722.684,1.0835359,MLC[U:Carbamidomethyl]DTWC[U:Carbamidomethyl]IEAAAR/2
879.95963112,2,722.684,1.1402555,VSVGAPDLSLEASEGSIK/2
737.38451646,2,722.684,1.058761,ISMSEVDLNVAAPK/2
687.3229182,3,722.684,0.9091792,MDIDAPDVDVHGPDWHLK/3
574.30541627,3,722.684,0.892357,AVGSVTVYYEVAGHLR/3
845.39868648,2,722.684,1.0920999,ADFPAGIPEC[U:Carbamidomethyl]GTDALR/2
870.96759356,2,723.427,1.143628,LSFQHDPETSVLVLR/2
554.96651206,3,723.427,0.88296735,LGAVYDVSHYNALLK/3
840.94378409,2,723.427,1.1481204,LGGAVLSFSEATSSVQK/2
732.43265836,2,723.427,1.067595,QLLGEHLTAILQK/2
775.05813014,3,723.427,0.9709572,LVSDGQALPEMEIHLQTNAEK/3
790.42556159,2,724.171,1.0638839,QPAIISQLDPVNER/2
560.31027875,3,724.171,0.9079645,LVINTEEVFRPYAK/3
804.40089481,2,724.171,1.0815781,VLGTSVESIMATEDR/2
969.51256216,2,724.171,1.3121607,DAGEGLLAVQITDPEGKPK/2
678.97791647,3,724.171,0.90712655,AFTHTAQYDEAISDYFR/3
646.67746693,3,724.171,0.9719999,DAGEGLLAVQITDPEGKPK/3
824.38778748,2,724.171,1.1065532,NISMSVEGDYTYLR/2
521.27669214,3,724.171,0.82256216,TVHSLAC[U:Carbamidomethyl]LLTQYR/3
896.36365199,2,724.914,1.1120701,DVFSGSDTDPDMAFC[U:Carbamidomethyl]K/2
739.87791288,2,724.914,1.0622749,ESLVVNYEDLAAR/2
779.88944307,2,724.914,1.0559353,GNINIC[U:Carbamidomethyl]LMGDPGVAK/2
683.69188756,3,724.914,0.9537815,LLEAQIATGGIIDPEESHR/3
776.39541554,2,724.914,1.0691131,GAGPGC[U:Carbamidomethyl]YLAGSLTLSK/2
494.57507244,3,724.914,0.78425986,RPIFEC[U:Carbamidomethyl]FWNGR/3
836.91810067,2,724.914,1.1030892,AHFNLDESGVLSLDR/2
819.42268447,2,725.659,1.0584376,VGVEVPDVNIEGPEGK/2
516.64336935,3,725.659,0.8282946,IEPHTGLLLLSVQK/3
841.41759909,2,726.402,1.0793731,VDVDVPDVNIEGPDAK/2
647.33766759,3,726.402,0.9657865,QQQFNVQALVAVGDHASK/3
468.24063536,3,726.402,0.7977455,NSVSNFLHSLER/3
843.89885364,2,727.146,1.1010734,NIAFFSTNC[U:Carbamidomethyl]VEGTAR/2
569.96070396,3,727.146,0.8989491,SRPEFMLPVHFYGK/3
768.40683744,2,727.889,1.0649189,GTATFDGTAIANAVVK/2
427.72234709,4,727.889,0.7955537,SRPEFMLPVHFYGK/4
758.90762741,2,727.889,1.0893979,EVLLFPAMKPEDK/2
807.44087729,2,727.889,1.0759414,LLDAQLSTGGIVDPSK/2
430.57992934,3,727.889,0.82234186,VFLHLADIYAK/3
854.91978613,2,727.889,1.1326829,SLQYGEQVNEILC[U:Carbamidomethyl]R/2
898.45399302,2,728.633,1.134326,LNFSTPTSTNIVSVC[U:Carbamidomethyl]R/2
806.85272318,2,728.633,1.0616984,EEAC[U:Carbamidomethyl]DC[U:Carbamidomethyl]LFEVVNK/2
987.50929962,2,728.633,1.1943213,LVQAAQMLQSDPYSVPAR/2
442.92246658,3,728.633,0.8146764,VSIVNHLEFLR/3
918.39168958,2,728.633,1.1347747,TMQFEPSTMVYDAC[U:Carbamidomethyl]R/2
527.2885977,3,728.633,0.89566076,IETMLGDVAVAVHPK/3
804.383028,2,728.633,1.061124,EADSVYGEWVPVEK/2
790.42925831,2,728.633,1.1519833,IETMLGDVAVAVHPK/2
506.2741771,3,728.633,0.86906594,EVLLFPAMKPEDK/3
739.87959829,2,729.376,1.0542898,QDLMNIAGTTLSSK/2
731.88214098,2,729.376,1.0686257,SDIGEVILVGGM[U:Oxidation]TR/2
659.9903793,3,729.376,0.8890793,TAGYPNVNIHNFTTSWR/3
987.95761976,2,730.12,1.1898915,IEWLESHQDADIEDFK/2
904.49037858,2,730.12,1.160016,ANIVHLMLSSPEQIQK/2
866.38251352,2,730.12,1.0994406,SC[U:Carbamidomethyl]QAMFQQINDSFR/2
477.90648777,3,730.12,0.80606914,TQDEC[U:Carbamidomethyl]ILHFLR/3
443.59434993,3,730.12,0.8075123,RGLALALFGGEPK/3
817.43285528,2,730.12,1.0896633,IYPLPDDPSVPAPPR/2
921.98905732,2,730.12,1.2294694,QVVQGLLSETYLEAHR/2
678.3982842,2,730.12,1.043838,IVQLLAGVADQTK/2
658.974172,3,730.863,0.89386946,IEWLESHQDADIEDFK/3
893.45250464,2,730.863,1.1446294,EEEAIQLDGLNASQIR/2
603.32934454,3,730.863,0.87765336,ANIVHLMLSSPEQIQK/3
950.90779251,2,730.863,1.1565653,LGIYDADGDGDFDVDDAK/2
880.90274748,2,730.863,1.1264515,YILQLAQEYC[U:Carbamidomethyl]GDC[U:Carbamidomethyl]K/2
858.41740218,2,730.863,1.1097746,FWQTYSSAEEVLQK/2
614.99513037,3,730.863,0.9493376,QVVQGLLSETYLEAHR/3
518.60854762,3,730.863,0.8433715,LVEIQFPAEHGWK/3
956.91721426,2,731.608,1.1588863,MDAGIIC[U:Carbamidomethyl]DVC[U:Carbamidomethyl]TC[U:Carbamidomethyl]ELQK/2
657.00239637,3,731.608,0.9043358,WLSTSIPEAQWHSSLAR/3
737.71352927,3,731.608,1.0155313,VGVTVAQTTMEPHLLEAC[U:Carbamidomethyl]VR/3
465.5978715,3,731.608,0.7840791,AHQLWLSVEALK/3
897.42797526,2,732.352,1.138468,QLC[U:Carbamidomethyl]DNAGFDATNILNK/2
571.61413837,3,732.352,0.87426335,GAGAFGYFEVTHDITK/3
790.41106562,2,732.352,1.0808156,C[U:Carbamidomethyl]IYNLLQSSSPAVK/2
697.89316901,2,732.352,1.0395197,AHQLWLSVEALK/2
585.31586951,3,732.352,0.8516379,GDVVLQSDHVIETLTK/3
877.47016603,2,732.352,1.2256807,GDVVLQSDHVIETLTK/2
810.91109535,2,733.095,1.0990164,VGEATETALTC[U:Carbamidomethyl]LVEK/2
982.98532298,2,733.095,1.1846278,AESLIGVYPEQGDC[U:Carbamidomethyl]VISK/2
472.5891531,3,733.095,0.7805802,AVEDIHGLFSLSK/3
574.28257237,3,733.095,0.87798905,ILALC[U:Carbamidomethyl]MGNHELYMR/3
723.69675564,3,733.095,0.9675252,VAYIPDEMAAQQNPLQQPR/3
839.90888702,2,733.095,1.0962957,EIFEQPESVVNTMR/2
856.91756932,2,733.095,1.170733,GAGAFGYFEVTHDITK/2
510.50880026,4,733.095,0.8089392,HEYGSPGILEFFHHQLK/4
473.94174966,3,733.095,0.8138683,HFGLQILEHVVK/3
921.43685453,2,733.095,1.1226357,NLIDEDGNNQWPEGLK/2
795.88593486,2,733.095,1.0630399,TEGSLEDWDIAVQK/2
906.42764091,2,733.839,1.1313272,NLFEDQNTLTSIC[U:Carbamidomethyl]EK/2
778.92126612,2,733.839,1.0821294,GDILVVATGQPEMVK/2
787.93542776,2,733.839,1.108725,VDQSILTGESVSVIK/2
525.26456362,3,733.839,0.84010196,LSMWDRPDDLIGR/3
573.30552774,3,733.839,0.8845425,EPWLLPSQHNDIIR/3
860.92022032,2,733.839,1.1842399,ILALC[U:Carbamidomethyl]MGNHELYMR/2
580.95310919,3,733.839,0.89474857,MLDGLDPHPMLPNYK/3
772.91958071,2,733.839,1.0591861,QSLPATSIPTPASFK/2
834.4008948,2,734.582,1.1291323,NVQAEEMVEFSSGLK/2
859.45465338,2,734.582,1.1405653,EPWLLPSQHNDIIR/2
802.42163024,2,734.582,1.0977207,EMSSSTLNLVVAGAPK/2
810.41908756,2,734.582,1.1008918,EM[U:Oxidation]SSSTLNLVVAGAPK/2
884.4436169,2,735.326,1.138449,VYEEVLSVTPNDGFAK/2
672.02872258,3,736.069,0.88016325,RPTELLSNPQFIVDGATR/3
850.40343753,2,736.069,1.1068248,FSEYLLEC[U:Carbamidomethyl]PSAEVR/2
556.94247791,3,736.069,0.8523456,EAADWVSGHFPSPIR/3
500.59664202,3,736.069,0.81286347,NVNIQNFHISWK/3
787.8961056,2,736.813,1.0610214,TGTAYTFFTPNNIK/2
409.55952824,3,736.813,0.7494041,DGLAFNALIHR/3
915.94874048,2,736.813,1.1169173,LLENISPADVGGMEETR/2
783.40324052,2,736.813,1.0679559,MGFTEVTPVTGASLR/2
756.39065613,2,736.813,1.0620207,IFQILYANEGESK/2
908.94685809,2,736.813,1.1193488,EPEYVPWTATSGPGGIR/2
910.44837634,2,737.556,1.1357491,FEVQGLQPNGEEMTLK/2
759.89356289,2,738.3,1.0670525,VPSENVLGEVGSGFK/2
760.37669142,2,738.3,1.0562689,FAMVAPDVQIEDGK/2
609.9381874,3,738.3,0.8705208,TDC[U:Carbamidomethyl]DIEDDRLAAMFR/3
775.69871338,3,738.3,0.9895715,IDC[U:Carbamidomethyl]DNLEQYFIQQGGGPDKK/3
763.36704364,2,739.043,1.0543665,EEASDYLELDTIK/2
643.31347154,3,739.043,0.8869035,TYVGPMTESLFPGYHTK/3
839.4803368,2,739.043,1.1153284,LLSPVVPQISAPQSNK/2
816.41908759,2,739.043,1.0897096,AILVDLEPGTM[U:Oxidation]DSVR/2
964.46656908,2,739.043,1.1753457,TYVGPMTESLFPGYHTK/2
965.94719248,2,739.043,1.1860596,FNFLNPNDPYHAYYR/2
710.37754877,2,739.043,1.0549666,QAQEYEALLNIK/2
691.05638971,3,739.787,0.9157514,IASQVAALDLGYKPGVEAIR/3
805.92285166,2,739.787,1.075895,VNVEAPDVNLEGLGGK/2
733.69076952,3,739.787,0.9547392,DQFLDTLQAHGHDVNSFVR/3
966.9579541,2,739.787,1.1876227,FFQGSQEFLASASASAER/2
748.3641154,2,740.53,1.0649216,GLELIASENFC[U:Carbamidomethyl]SR/2
655.66567281,3,740.53,0.9315027,RNENQLIIFADDTYPR/3
702.35863612,2,740.53,1.0679059,GISDLAQHYLMR/2
596.63806661,3,740.53,0.8403555,TPISEHAVFNVDLMSK/3
856.93744753,2,741.274,1.1261175,EAPC[U:Carbamidomethyl]VLIYIPDGHTK/2
715.86734821,2,741.274,1.04631,QIWQNLGLDDTK/2
468.57484957,3,741.274,0.7800686,GISDLAQHYLMR/3
571.62739051,3,741.274,0.88647723,EAPC[U:Carbamidomethyl]VLIYIPDGHTK/3
743.88607224,2,741.274,1.0663011,GGSWVVIDSSINPR/2
753.34756915,3,741.274,0.97201097,DGSC[U:Carbamidomethyl]GVAYVVQEPGDYEVSVK/3
962.48261308,2,741.274,1.1717829,TIGTGLVTNTLAM[U:Oxidation]TEEEK/2
915.41909596,2,742.017,1.1376066,AISEPNFSVAYANMC[U:Carbamidomethyl]R/2
741.6793188,3,742.017,0.9939909,SESQEEMLQVFNVETHTSK/3
763.93047976,2,743.504,1.0860311,NVIVNGLVLASDGQK/2
904.9786896,2,743.504,1.1499351,ALPAVQQNNLDEDLIR/2
973.95521441,2,744.248,1.2127774,FGAVWTGDNTAEWDHLK/2
560.98590657,3,744.248,0.8884157,YRVPDVLVADPPIAR/3
563.29564084,3,744.248,0.90741765,IFSIIAEGEMHEAIK/3
649.63923509,3,744.248,0.92768407,FGAVWTGDNTAEWDHLK/3
820.4073688,2,744.248,1.0755081,EPEPNFQLLDNPAR/2
876.98377501,2,744.992,1.1272299,LEILQQQLQVANEAR/2
844.43982303,2,744.992,1.1981596,IFSIIAEGEMHEAIK/2
840.97522163,2,744.992,1.105628,YRVPDVLVADPPIAR/2
892.9625082,2,744.992,1.1651715,VPDPVLEESFQQLQR/2
768.05359643,3,745.735,0.9609353,GAFIDQSQSLNIHIAEPNYGK/3
991.97241253,2,745.735,1.1774658,VLNNM[U:Oxidation]EIGTSLFDEEGAK/2
430.24091926,3,745.735,0.79043025,YGSVIQLLHMK/3
826.41231682,2,746.479,1.1118946,SQEQLAAELAEYTAK/2
980.49978912,2,746.479,1.1945976,VDINAPDVGVQGPDWHLK/2
506.6001636,3,746.479,0.8331924,FGTLNGFQILHDR/3
681.39300182,2,747.222,1.0489805,VPDVLVADPPIAR/2
470.92246659,3,747.222,0.78302205,YGLIFHSTFIGR/3
619.64013581,3,747.222,0.9291826,VEAVNMAEGIIHDTETK/3
928.95656548,2,747.222,1.1906146,VEAVNMAEGIIHDTETK/2
771.91344107,2,747.222,1.1112468,DPIVMGVTVEAGQVK/2
780.85727731,2,747.222,1.0654515,MYELSC[U:Carbamidomethyl]YLPQEK/2
952.93400726,2,747.222,1.1568154,SLDDDLDGVPLDATEDSK/2
448.2662333,3,747.222,0.8088952,GFDILGIKPVQR/3
871.40997104,2,747.966,1.1330271,ETTDTDTADQVIASFK/2
895.94959779,2,747.966,1.1133564,SYELPDGQVITIGNER/2
849.36979163,2,747.966,1.0884452,SAC[U:Carbamidomethyl]DTVDTWLDDTAK/2
597.30044234,3,747.966,0.867112,SEHDVLFQVTQFPSR/3
825.91142972,2,747.966,1.1249052,SSLEWNSC[U:Carbamidomethyl]VVQTLK/2
505.59765419,3,747.966,0.7989199,NHPGLLLMDTTFR/3
789.4015552,2,747.966,1.0865664,ALNLAYSSIYGSYR/2
884.43441168,2,747.966,1.1588926,C[U:Carbamidomethyl]TLSANLVASGELMSSK/2
726.37216055,3,747.966,0.99550116,KHEALMSDLSAYGSSIQALR/3
746.92774016,2,748.71,1.0680614,AQLLQPTLEINPR/2
859.45960138,2,748.71,1.1142166,QNGTVVQYLPTLQEK/2
897.95636851,2,748.71,1.1515723,EFTVC[U:Carbamidomethyl]SIGTANAVAGAVK/2
910.44118249,2,748.71,1.1520536,LPLMEC[U:Carbamidomethyl]VQMTQDVQK/2
690.36863337,3,748.71,0.96313626,VTEGLVDVILYHQPDDKK/3
990.51065063,2,748.71,1.1849937,TSGVVTSC[U:Carbamidomethyl]TGVLPQLSM[U:Oxidation]VK/2
812.90686725,2,749.453,1.1186607,VVSEDFLQDVSASTK/2
743.0499634,3,749.453,1.005963,VSIVNHLEFLRDEELEER/3
826.9175694,2,749.453,1.0959947,NYLLPAGYSLEEQR/2
846.95636013,2,749.453,1.0920411,DVPPLSETEATPVPIK/2
660.33867977,3,750.196,0.94510084,ISIEMHGTLEDQLSHLR/3
833.45719606,2,750.196,1.137629,AFAHITGGGLLENIPR/2
555.97388953,3,750.196,0.8755758,AFAHITGGGLLENIPR/3
835.94834657,2,750.196,1.1136845,RGDINLLMLGDPGTAK/2
934.44275964,2,750.94,1.1555429,IMYDLTSKPPGTTEWE/2
816.38302806,2,750.94,1.0815794,FLQEFYQDDELGK/2
726.00911073,3,750.94,0.9587139,VFSWLQQEGHLSEEEMAR/3
841.44903662,2,750.94,1.0995519,QTQPTVNWVVPVADK/2
882.95996551,2,750.94,1.1377281,DTYLDTQVVGQTGVIR/2
470.22143987,4,750.94,0.78645205,VEQFARAFPMPGFDEH/4
843.94612989,2,750.94,1.1003624,ITSQIFIGPTYYQR/2
770.73604448,3,751.684,0.98066306,ADLLLSTQPGREEGSPLELER/3
915.46561197,2,751.684,1.1404256,GVGIISEGNETVEDIAAR/2
801.89851088,2,751.684,1.0740144,LFSSVTFETVEESK/2
815.95616318,2,752.427,1.087478,YVVVTGITPTPLGEGK/2
668.97580796,3,752.427,0.97202444,C[U:Carbamidomethyl]C[U:Carbamidomethyl]NHPYLFPVAAMEAPK/3
958.00456997,2,752.427,1.1740307,IDLPAENSNSETIIITGK/2
831.40122921,2,753.171,1.082985,IC[U:Carbamidomethyl]DQWDNLGALTQK/2
610.64795349,3,753.171,0.8832508,ANSFTVSSVAAPSWLHR/3
794.40598022,2,753.915,1.0665816,AEINILLC[U:Carbamidomethyl]GDPGTSK/2
843.9517465,2,753.915,1.0973897,VFLQGPAPVGTPSFNR/2
755.34318295,2,753.915,1.0781418,DDFDFGTMGHVIR/2
857.95214048,2,753.915,1.1313863,VQLDLAETDLSQGVAR/2
586.0012223,3,753.915,0.86653924,IEDYGLKPVPGDLVLK/3
780.92265476,2,753.915,1.0777472,LTAQVEQLEVFQR/2
503.89788079,3,753.915,0.84429175,DDFDFGTMGHVIR/3
832.90601,2,753.915,1.0959021,ITLETDEDMVTEIR/2
794.86923054,2,753.915,1.0571401,GEWC[U:Carbamidomethyl]GVELDEPLGK/2
873.42067315,2,754.658,1.186878,DLEADIIGDTSGHFQK/2
851.44193993,2,754.658,1.1175522,TLSSVQNEVQEALQR/2
773.41720523,2,754.658,1.06304,IGIIDGEYVVNPTR/2
731.88045558,2,754.658,1.0485889,FTQLDLEDVQVR/2
797.36699243,2,754.658,1.0599377,WMDWNAPQVQYR/2
704.3298499,3,754.658,0.95176834,NRPLSDEELDAMFPEGYK/3
582.61620759,3,754.658,0.90161467,DLEADIIGDTSGHFQK/3
801.38111649,2,754.658,1.0735531,QTMLFSATMTDEVK/2
743.86922217,2,754.658,1.0546038,FTELYVEELESK/2
767.42978127,2,755.401,1.085168,KVESLQEEIAFLK/2
825.87672963,2,755.401,1.099853,EMLTADNLDIDNMR/2
859.47453152,2,755.401,1.1977036,AHLLADMAHISGLVAAK/2
520.62285679,3,755.401,0.843645,LFGHSSTSALSAILR/3
427.9043071,3,755.401,0.7693122,DGVC[U:Carbamidomethyl]VLGLHLAK/3
511.955613,3,756.146,0.8286167,KVESLQEEIAFLK/3
823.40545731,2,756.146,1.0793967,AIAMSLGQDIPMDQR/2
765.86480549,2,756.146,1.0622485,LANQAADYFGDAFK/2
573.31877983,3,756.146,0.9335421,AHLLADMAHISGLVAAK/3
902.47036298,2,756.146,1.1409155,SEDTTGPITGLALTSVNK/2
430.24090399,4,756.146,0.74519813,AHLLADMAHISGLVAAK/4
606.36427207,3,756.146,0.9556457,TTPLKPSPLPVIPDTIK/3
637.0103346,3,756.889,0.944161,EIEGEEIEIVLAKPPDK/3
848.38610198,2,756.889,1.1384286,GFGFVTFDDHDPVDK/2
565.92649348,3,756.889,0.8293233,GFGFVTFDDHDPVDK/3
843.86942749,2,756.889,1.0853629,FAMEPEEFDSDTLR/2
717.34427051,3,756.889,0.9228255,MDSFDEDLARPSGLLAQER/3
504.61581368,3,756.889,0.8602214,HQVAYLGLLENVR/3
955.01186367,2,756.889,1.2407833,EIEGEEIEIVLAKPPDK/2
656.31464004,3,756.889,0.9175886,GTVGEPTYDAEFQHFLR/3
756.42008229,2,756.889,1.0849462,HQVAYLGLLENVR/2
849.39887508,2,756.889,1.1140994,EAYPEEAYIADLDAK/2
715.00787567,3,756.889,1.0098287,AVEYYFASDASAVIEHTNR/3
623.65488522,3,757.632,0.85751086,GTSYQSPHGIPIDLLDR/3
858.44289701,2,757.632,1.1490853,NDMVELLGPRPFAEK/2
703.67579727,3,757.632,0.991476,ELQSQISDTSVVLSMDNSR/3
993.43417442,2,758.376,1.1781293,DSAAFEDNEVQDEFLEK/2
976.52600393,2,758.376,1.2212825,ALQAAIQQLAEAQPEATAK/2
976.96881561,2,758.376,1.1828346,SLPSVETLGC[U:Carbamidomethyl]TSVIC[U:Carbamidomethyl]SDK/2
856.40017496,2,758.376,1.099252,TTQIPQWC[U:Carbamidomethyl]VEYMR/2
511.6276078,3,758.376,0.85334754,AVHEDIVAVELLPK/3
919.93183929,2,758.376,1.1524911,C[U:Carbamidomethyl]FLTYQSC[U:Carbamidomethyl]QSLIYR/2
704.67260444,3,758.376,0.99769896,SGAWDESGVFIYTTSNHIK/3
776.88416076,2,758.376,1.0616007,ITDVIIGFQAC[U:Carbamidomethyl]C[U:Carbamidomethyl]R/2
847.92846839,2,759.119,1.0971546,NAVITVPAYFNDSQR/2
945.43134606,2,759.119,1.1596165,AMADPEVQQIMSDPAMR/2
662.3457173,3,759.119,0.8849953,DKPNPQLIYDDEIPSLK/3
742.93777351,2,759.119,1.0586878,IQSIAPSLQVITSK/2
630.62332286,3,759.119,0.88406914,AMADPEVQQIMSDPAMR/3
778.35849869,2,759.119,1.065349,EVPC[U:Carbamidomethyl]YVFDEELR/2
933.48581616,2,759.863,1.1826277,QYEQQTYQVIPEVIK/2
887.46776072,2,759.863,1.1489148,QFASQANVVGPWIQTK/2
892.92050597,2,759.863,1.1103375,EEEIEFLYNENTVR/2
787.87240437,2,759.863,1.0816611,AMDPAVPNMMIDAAK/2
933.93817582,2,759.863,1.1985589,QNVAYEYLC[U:Carbamidomethyl]HLEEAK/2
566.96517116,3,759.863,0.82329774,LYDLNHNEIGELIR/3
715.37702585,2,759.863,1.0631127,AILC[U:Carbamidomethyl]AIQNLEER/2
809.41562803,2,760.606,1.0971252,LVFLAC[U:Carbamidomethyl]C[U:Carbamidomethyl]VAPTNPR/2
503.94130944,3,760.606,0.79624355,LHNMIVDLDNVVK/3
776.38048532,2,760.606,1.0562246,GQFSTDELVAEVEK/2
622.96120937,3,760.606,0.9350081,QNVAYEYLC[U:Carbamidomethyl]HLEEAK/3
718.05275667,3,760.606,1.0023485,VEPFLPGHYEVLDLKPNGK/3
825.82628232,2,761.35,1.0768161,MAC[U:Carbamidomethyl]GAEFSMIMDC[U:Carbamidomethyl]K/2
755.40832592,2,761.35,1.0828534,LHNMIVDLDNVVK/2
664.01659408,3,761.35,0.8835779,ASGDSARPVLLQVAESAYR/3
708.36863897,3,761.35,0.9817191,TMIQSPSGVILQEAADVHAR/3
508.25242863,4,761.35,0.808461,WQPPEFLLVHDSGPDHR/4
794.40429482,2,761.35,1.0733895,DIPNENELQFQIK/2
763.90105364,2,761.35,1.0499598,IEEIPLDQVDIDK/2
930.95402281,2,762.093,1.1484821,EVTDMNLNVINEGGIDK/2
820.40343751,2,762.093,1.0952276,VDTILEFSQNMNTK/2
881.95214049,2,762.836,1.117971,YINENLIVNTDELGR/2
799.92846839,2,762.836,1.1050389,GGVQVPAVDISSSLGGR/2
728.3415974,2,762.836,1.0556006,AEWMIAAQTC[U:Carbamidomethyl]FK/2
729.66014719,3,762.836,1.0133148,EMEENFAVEAANYQDTIGR/3
854.43473765,2,762.836,1.1166662,ALTVPELTQQM[U:Oxidation]FDAK/2
823.44341997,2,763.58,1.0978752,VINEPTAAALAYGLDK/2
532.02692852,4,763.58,0.8483098,TLPLTGSTFHDQIAMLSHR/4
783.89851095,2,763.58,1.0839353,LSQELEYLTEDVK/2
709.0334792,3,763.58,0.9798839,TLPLTGSTFHDQIAMLSHR/3
835.89904224,2,763.58,1.0810146,YSGPEDDAAISLAFSK/2
670.66316337,3,764.323,0.8804432,VHYENNSPFLTITSMTR/3
834.91997461,2,764.323,1.0579559,VDVEVPDVSLEGPEGK/2
673.33744467,3,764.323,0.877943,VDINAPDVDVQGPDWHLK/3
859.90465891,2,764.323,1.1276634,FSLSGGYWNSVSDTAK/2
901.94004978,2,764.323,1.1318551,EIVEPELSIEVC[U:Carbamidomethyl]EEK/2
822.93490482,2,765.067,1.1123109,APSVATVGSIC[U:Carbamidomethyl]DLNLK/2
586.61995205,3,765.067,0.8875422,EANHDGDFGITLAELR/3
579.28133728,3,765.067,0.90393144,AIMEMPSFYSHGLPR/3
530.26070771,3,765.81,0.83385575,SYSPYDMLESIRK/3
654.6512522,3,765.81,0.9192821,ELYHVISFDGSYVNYR/3
766.44576569,2,766.554,1.0645192,VLALPEPSPAAPTLR/2
864.39920941,2,766.554,1.0866439,YFEIQFSPGGEPDGGK/2
784.89577129,2,766.554,1.0774573,YPNIELSYEVVDK/2
889.46128678,2,767.297,1.1486406,EANSIIITPGYGLC[U:Carbamidomethyl]AAK/2
772.4107267,3,767.297,0.98276484,DGNVLLHEMQIQHPTASLIAK/3
804.90614741,2,767.297,1.0988173,C[U:Carbamidomethyl]QLEINFNTLQTK/2
774.90053068,2,767.297,1.0761274,DASLMVTNDGATILK/2
586.63716596,3,767.297,0.9046028,GGQQALLQHWSEYIK/3
729.88299825,2,767.297,1.0513643,AWTQVLLGQAEDK/2
865.92453707,2,767.297,1.0950581,VSMFVLGTGDEPPPER/2
991.50252877,2,768.042,1.1926787,TVTNAVVTVPAYFNDSQR/2
769.93047979,2,768.042,1.0908031,LLDAQLATGGIVDPR/2
661.33744467,3,768.042,0.98425835,TVTNAVVTVPAYFNDSQR/3
496.2732764,3,768.042,0.78896105,IAFTEWIEPPKR/3
755.41720525,2,768.042,1.0990849,GELTTLIHQLQEK/2
942.50727983,2,768.786,1.2334361,GLQAQIASSGLTVEVDAPK/2
799.89016297,2,768.786,1.1345901,TYEAALETIQNMSK/2
883.45398467,2,768.786,1.1308621,EQYGLGPYEAVTPLTK/2
777.42143329,2,768.786,1.0583279,TLINAEDPPMVVVR/2
520.2523181,3,768.786,0.79831254,DDTHYLLYIYDK/3
779.87483892,2,768.786,1.0785227,DDTHYLLYIYDK/2
920.46541501,2,769.529,1.1301773,WQLSVATEQPELEGPR/2
954.94470938,2,769.529,1.1500314,AEDGSVIDYELIDQDAR/2
608.31514683,3,769.529,0.91065544,YPLAVRPFYTMPDPR/3
736.05868179,3,769.529,0.9644305,AIGGIILTASHNPGGPNGDFGIK/3
636.96556508,3,769.529,0.91281563,AEDGSVIDYELIDQDAR/3
707.9079618,2,770.272,1.0685946,VVVVQAISALC[U:Carbamidomethyl]QK/2
812.88541197,2,771.016,1.0802833,AC[U:Carbamidomethyl]LISLGYDVENDR/2
654.31307621,3,771.016,0.8828746,DATNVGDEGGFAPNILENK/3
765.40324057,2,771.016,1.077537,SPSAQLMEQVAQLK/2
843.92199444,2,771.016,1.0987853,GSSSYSQLLAATC[U:Carbamidomethyl]LTK/2
980.96597608,2,771.016,1.1602287,DATNVGDEGGFAPNILENK/2
700.40251226,2,771.016,1.0388107,VMQVLNADAIVVK/2
456.60636702,3,771.016,0.8141311,LIHITIEPLYR/3
864.41582503,2,771.759,1.1128304,YTQQGFGNLPIC[U:Carbamidomethyl]MAK/2
672.008271,3,771.759,0.8954677,AIELWYHDPAC[U:Carbamidomethyl]TTPVLK/3
874.8971307,2,772.503,1.0955917,TSAC[U:Carbamidomethyl]FEPSLDYMVTK/2
761.43044997,2,772.503,1.0852123,VEIAGPGFINVHLR/2
764.40429479,2,772.503,1.0753142,DLAEIGIAVGNNDVK/2
539.26920878,3,772.503,0.8915934,C[U:Carbamidomethyl]MLDAALATLNTHGK/3
689.68977907,3,772.503,0.9004462,QLILVGDHC[U:Carbamidomethyl]QLGPVVMC[U:Carbamidomethyl]K/3
767.84945226,2,773.246,1.0566839,EYTAC[U:Carbamidomethyl]ELMNIYK/2
941.96270514,2,773.246,1.1644411,LEQELFSGGNTGINFEK/2
507.9560588,3,773.246,0.87573117,VEIAGPGFINVHLR/3
808.40017493,2,773.246,1.1627287,C[U:Carbamidomethyl]MLDAALATLNTHGK/2
877.4883588,2,773.991,1.1323262,VDQIQEIVTGNPTVIK/2
841.40871987,2,773.991,1.1265686,FDEILEASDGIM[U:Oxidation]VAR/2
616.66360361,3,773.991,0.8675557,HEIEGTGLPQAQLLWR/3
765.92232035,2,773.991,1.0755501,AVDPSSVALVTLGSSK/2
792.9408475,2,774.733,1.0798568,AVFQANQENLPILK/2
673.66439845,3,774.733,0.934531,AAVLYVMDLSEQC[U:Carbamidomethyl]GHGLR/3
886.46689508,2,775.477,1.1453683,LVYLVENPGGYVAYSK/2
629.62140442,3,775.477,0.8999075,HFHPLFEYFDYESR/3
738.88702941,2,775.477,1.0529956,LGYWNQQMVPIK/2
744.90085668,2,775.477,1.0503112,LAYINPDLALEEK/2
733.90373367,2,776.22,1.0694472,DILADVNHPFVVK/2
535.95935749,3,776.22,0.83752084,GGYVLHIGTIYGDLK/3
844.39580942,2,776.22,1.0763042,MDVNVGDIDIEGPEGK/2
778.94900685,2,776.22,1.0721828,GHAVNLLDVPVPVAR/2
928.44275964,2,776.22,1.1561928,AIEEGIPAFTC[U:Carbamidomethyl]EEYVK/2
761.38844781,2,776.22,1.0508369,LAFYPNQDGDILR/2
519.63509672,3,776.22,0.8675885,GHAVNLLDVPVPVAR/3
803.43539801,2,776.964,1.1385952,GGYVLHIGTIYGDLK/2
951.02818246,2,776.964,1.168276,LLPSAPQTLPDGPLASPAR/2
778.38725614,2,776.964,1.0602118,FTTDDSIC[U:Carbamidomethyl]VLGISK/2
913.47578271,2,777.708,1.143459,TSVLAAANPIESQWNPK/2
553.96992217,3,777.708,0.9038327,IINEPTAAAIAYGLDK/3
577.9494096,3,777.708,0.87535053,EESQIPVDEVFFHR/3
699.9959252,3,777.708,0.9383214,NYTEEEDRFLIC[U:Carbamidomethyl]MLHK/3
587.29295902,3,777.708,0.8886696,SLQSLEASLHAMESTR/3
447.93822812,3,777.708,0.8103998,LLLIQAFRPDR/3
545.55966717,4,777.708,0.855888,QEAVSMIPPLLLNVRPHHK/4
768.92961406,2,778.451,1.0629407,DVTPPPETEVVLIK/2
811.41961048,2,778.451,1.0832064,SVILEAFSSPSEEVK/2
830.45124502,2,778.451,1.1015263,IINEPTAAAIAYGLDK/2
740.37923415,2,778.451,1.0469825,NPLMYLTGVQTDK/2
470.2646695,3,778.451,0.8233547,EDTLLLIGHLER/3
440.25410481,3,779.195,0.7663184,LDPHLVLDQLR/3
677.9888155,3,779.195,0.92489535,SDFFELLSNHHLDSQSR/3
508.74343074,4,779.195,0.8373136,SDFFELLSNHHLDSQSR/4
530.28054246,3,779.195,0.8696679,QPLWNHLLNYYK/3
941.47439416,2,779.938,1.1686265,VTYC[U:Carbamidomethyl]PTEPGNYIINIK/2
841.44903663,2,779.938,1.0919799,TPVEEVPAAIAPFQGR/2
797.40631459,2,779.938,1.1077946,LGIGQSQEMNTLFR/2
697.35773994,3,779.938,0.981888,LATYGITVAELTGDHQLC[U:Carbamidomethyl]K/3
716.01480738,3,779.938,0.9366675,YESSALPSGQLTSLSEYASR/3
923.41251375,2,779.938,1.1397903,EYTGFPDPYDELNTGK/2
674.02849968,3,780.682,0.975766,ILATPPQEDAPSVDIANIR/3
856.44669093,2,780.682,1.112951,VDIETPNLEGTLTGPR/2
791.42776992,2,780.682,1.0665932,GPQITGPSLEGDLGLK/2
652.34002067,3,780.682,0.92827654,SC[U:Carbamidomethyl]PVVQSSQHLFLDLPK/3
857.92146311,2,780.682,1.1300272,C[U:Carbamidomethyl]NLVPTDEITVYYK/2
978.00639277,2,780.682,1.2742715,SC[U:Carbamidomethyl]PVVQSSQHLFLDLPK/2
896.98819161,2,781.425,1.1620802,YEAAGTLVTLSSAPTAIK/2
931.39782925,2,781.425,1.1346271,YYDGWLIC[U:Carbamidomethyl]EEPTC[U:Carbamidomethyl]R/2
622.3257115,3,781.425,0.8689641,TKPSPSQFMPLVVDYR/3
908.9630395,2,782.169,1.1412739,VEDPTFLNQLQSGVNR/2
903.4388659,2,782.169,1.135913,EYAQNIWNVEPSDLK/2
566.95812796,3,782.169,0.86568373,THVADFAPEVAWVTR/3
849.93355371,2,782.169,1.117468,THVADFAPEVAWVTR/2
835.89016294,2,782.169,1.0841085,FETPGIMQFTNEEK/2
696.37372436,3,782.169,0.98666507,NTLTNIAMRPGLEGYALPR/3
786.40683749,2,782.169,1.0732422,IQALGLGEDWNVEK/2
745.85846895,2,782.169,1.0485786,EIGFINYYGMQR/2
817.90139636,2,782.169,1.0833715,ESAVGQMGWSGGLSLR/2
789.40324054,2,782.169,1.0693961,FGGGNPELLTQMVSK/2
838.93576214,2,782.169,1.0993482,FLSNGYIPIPGQQDK/2
972.49077248,2,782.913,1.1736134,AALETDENLLLC[U:Carbamidomethyl]APTGAGK/2
582.31620389,3,782.913,0.8684559,AEIIHHLADLLTDQR/3
769.94305586,2,782.913,1.1066905,LLEAQIATGGIIDPK/2
927.99962195,2,783.656,1.141983,TVNELQNLSSAEVVVPR/2
677.6908305,3,783.656,0.9434709,AEVIMNYHVGETVLSLQK/3
665.70423894,3,783.656,0.93145263,AGVAAPATQVAQVTLQSVQR/3
998.05272018,2,783.656,1.2290117,AGVAAPATQVAQVTLQSVQR/2
921.40023448,2,783.656,1.1366674,FVC[U:Carbamidomethyl]SPDEVMDTIDEGK/2
527.93426631,3,783.656,0.85287625,FFC[U:Carbamidomethyl]FQVLEHQVK/3
772.89375987,2,783.656,1.0587026,GEVDVSLANVEGDLK/2
794.41192287,2,783.656,1.1025418,ETQFAQIFEPLHK/2
641.68266377,3,783.656,0.96297514,NLAYDTLPVLIHGNGPTK/3
744.88065256,2,783.656,1.0559253,EIDLLLGQTDDTR/2
834.91502667,2,783.656,1.0867368,FLGDEQDQITFVTR/2
632.29659203,3,784.4,0.8880019,EQQHVMEELFQSSFR/3
707.70513965,3,784.4,0.9587531,LAGANPAVITC[U:Carbamidomethyl]DELLLGHEK/3
685.68619093,3,784.4,0.99358654,ALNQEQVIAVHIDNGFMR/3
791.39776124,2,784.4,1.1325172,FFC[U:Carbamidomethyl]FQVLEHQVK/2
543.97014509,3,784.4,0.9002138,YLQLAEELIRPER/3
828.87864117,2,784.4,1.0855376,AGFDSDYDQALADIR/2
529.9437074,3,784.4,0.8425997,ETQFAQIFEPLHK/3
542.95108487,3,784.4,0.8527728,SFPAAIEHTIQWAR/3
825.95669454,2,784.4,1.0936238,LQPLSPVPSDIEISR/2
786.43064694,2,785.143,1.0873504,VSHLLGINVTDFTR/2
955.49691209,2,785.143,1.1739017,VLAGETLSVNDPPDVLDR/2
915.44741923,2,785.143,1.139329,NSDVLQSPLDSAARDEL/2
856.39580944,2,785.143,1.1064521,IDINMSGFNETDDLK/2
524.62285678,3,785.143,0.8176926,VSHLLGINVTDFTR/3
856.42331573,2,785.143,1.1310846,VTAMQLYEC[U:Carbamidomethyl]QLIDK/2
835.40703445,2,785.143,1.0754657,LQSVEYVVFDEADR/2
718.88788665,2,785.887,1.0662087,QFLFRPWDVTK/2
800.89304005,2,785.887,1.0835619,LC[U:Carbamidomethyl]QIFSDLNATYR/2
813.87143889,2,785.887,1.0698993,YMTISDEWDIPEK/2
887.92876524,2,785.887,1.1384981,NLLSC[U:Carbamidomethyl]VYSC[U:Carbamidomethyl]PSYIAK/2
479.59434992,3,785.887,0.83287925,QFLFRPWDVTK/3
604.64293469,3,786.63,0.8677203,LDTHPAMVTVLEMGAAR/3
775.897791,2,786.63,1.0619949,FDMAENVVIVASQK/2
876.4313377,2,786.63,1.1271855,LTEMETLQSQLMAEK/2
936.93583009,2,787.374,1.156142,YSSDVQEMILSSATADR/2
906.4607638,2,787.374,1.158324,LDTHPAMVTVLEMGAAR/2
579.32822094,3,788.118,0.90037185,TTIENIQLPHTLLSR/3
827.90158493,2,788.118,1.0991569,YNEFSVSLLNEDPK/2
868.48869318,2,788.118,1.1661806,TTIENIQLPHTLLSR/2
823.43084388,2,788.118,1.1033964,LVGSVNLFSDENVPR/2
781.34390282,2,788.86,1.062561,GFGFVDFNSEEDAK/2
685.67293882,3,788.86,0.95213413,NPVWYQALTHGLNEEQR/3
848.42542414,2,788.86,1.0688422,VDIDVPDVNIEGPDAK/2
769.86577102,2,788.86,1.0698348,YHFNMGLLMGEAR/2
843.47525146,2,788.86,1.105628,ITNLTQQLEQASIVK/2
467.26746834,3,788.86,0.81272507,VTMLFLGLHNVR/3
903.43292327,2,789.604,1.1287475,MEVQEQEEDISSLIR/2
848.42542414,2,789.604,1.0671567,VDIDVPDVNIEGPEGK/2
442.25388189,3,790.347,0.7791481,EASIDILHSIVK/3
478.56054038,3,791.091,0.80679214,ADWLSHYWMPK/3
881.47270873,2,791.091,1.1615237,VLAQNSGFDLQETLVK/2
960.49513798,2,791.091,1.1771156,EPQGIIAC[U:Carbamidomethyl]C[U:Carbamidomethyl]NPVPPLVR/2
790.3928728,2,791.091,1.0652866,SDMGVGVFTPTIEAR/2
926.4720484,2,791.835,1.1763585,SLVEASSSGVSVLSLC[U:Carbamidomethyl]EK/2
562.99781218,3,791.835,0.9110305,LEIYVVTAEGLRPVK/3
697.34957319,3,791.835,0.9848716,AIQTLGYFPVGDGDFPHQK/3
537.91973985,3,792.578,0.8561679,AC[U:Carbamidomethyl]WVLHYFC[U:Carbamidomethyl]EVK/3
545.9558359,3,793.322,0.85966915,VFVHYTGWLLDGTK/3
801.41380522,2,793.322,1.0810068,AVLVDLEPGTMDSVR/2
856.40343751,2,793.322,1.0913631,LVAEDLSQDC[U:Carbamidomethyl]FWTK/2
818.43011561,2,794.065,1.1242996,VFVHYTGWLLDGTK/2
660.67903073,3,794.809,0.88681746,FSPFPVQDRPESSLVFK/3
782.38653624,2,794.809,1.092266,ISFC[U:Carbamidomethyl]LDIHNMSVK/2
422.91872214,3,795.552,0.77177566,SQLDIIIHSLK/3
601.67232202,3,795.552,0.9165775,QGILGAQPQLIFQPHR/3
521.92678298,3,795.552,0.8246072,ISFC[U:Carbamidomethyl]LDIHNMSVK/3
407.98971206,4,795.552,0.7715755,FSKSQLDIIIHSLK/4
787.41466254,2,796.296,1.0774298,NIYVLQELDNPGAK/2
516.97137452,3,796.296,0.87210447,ASELHLLETPLVVK/3
661.68244648,3,797.04,0.8700657,IGRPSETGIIGIIDPEC[U:Carbamidomethyl]R/3
476.9643314,3,797.04,0.80408984,IRVESLLVTAISK/3
844.45431904,2,797.04,1.1129183,IINEPTAAAIAYGLDR/2
563.30530485,3,797.04,0.91753167,IINEPTAAAIAYGLDR/3
714.94285887,2,797.04,1.0534512,IRVESLLVTAISK/2
794.90561609,2,797.04,1.1100978,AIIEEYLHLNDMK/2
788.91248396,2,797.04,1.0783157,VTSAVEALLSADSASR/2
849.93288503,2,797.04,1.1056126,LWSPDEEVSPEVLAK/2
758.91123275,2,797.783,1.0756717,SQNVMAAASIANIVK/2
530.27283622,3,797.783,0.86796767,AIIEEYLHLNDMK/3
512.94119801,3,797.783,0.8466834,GMLREDAVLEYLK/3
565.32604028,3,797.783,0.8931826,VLSGEFQIVNPHLLK/3
784.3826341,2,797.783,1.0891058,EWYGYHFPELVK/2
594.33537549,3,798.527,0.87055814,RTGAIVDVPVGEELLGR/3
847.48542218,2,798.527,1.1725655,VLSGEFQIVNPHLLK/2
729.34359268,3,798.527,1.0215939,QGAGGVEGAEWWATQAFHQR/3
620.00714741,3,798.527,0.9475558,TLSHNLLVSEVYNQLK/3
867.4074284,2,799.271,1.0981131,ESEITDEDIDGILER/2
671.71044235,3,799.271,0.9352052,HLPTLDHPIIPADYVAIK/3
504.03465088,4,799.271,0.84132856,HLPTLDHPIIPADYVAIK/4
871.42321585,2,799.271,1.1070347,NIFLQYASTEVDGER/2
789.37317827,3,799.271,0.97722244,TVYGGGC[U:Carbamidomethyl]SEMLMAHAVTQLANR/3
935.47564532,2,799.271,1.1461545,TVELSIPADPANLDSEAK/2
852.93659028,2,799.271,1.12443,QLILVLC[U:Carbamidomethyl]SEENMQK/2
427.90056265,3,800.014,0.75650966,ISMPDLDLHLK/3
930.9633363,2,800.014,1.2443899,C[U:Carbamidomethyl]AVSEAAIILNSC[U:Carbamidomethyl]VEPK/2
582.30916076,3,800.014,0.8870095,FSLENNFLLQHNIR/3
870.98377497,2,800.014,1.1275027,LASIVEQVSVLQNQGR/2
877.46161269,2,800.758,1.124862,GPVFAPPYEPLPENVK/2
839.94920386,2,800.758,1.1735163,SVTLGYLFSQGHLTR/2
916.95982813,2,800.758,1.1456999,LQEELSQAESTIDELK/2
900.45715851,2,800.758,1.1548164,VMYTPM[U:Oxidation]APGNYLISVK/2
834.90940994,2,801.501,1.0903895,EGAFSNFPISEETIK/2
835.40409783,2,801.501,1.1139219,EVWYFGLHYVDNK/2
899.42351263,2,801.501,1.1385148,QMPFTEMSEENITIK/2
822.33787147,2,802.245,1.1068872,C[U:Carbamidomethyl]C[U:Carbamidomethyl]MLFVDDMAEPR/2
623.95405475,3,802.245,0.8723556,FDEVLVNHFC[U:Carbamidomethyl]EEFGK/3
719.02704731,3,802.245,0.9589287,AYTNFDAERDALNIETAIK/3
732.35980912,3,802.245,1.0023638,VVYGGGAAEISC[U:Carbamidomethyl]ALAVSQEADK/3
761.93503381,2,802.245,1.1048791,DILVEVNHPFIVK/2
831.40449175,2,802.245,1.0910492,WLLLNDPEDTSSGSK/2
854.89271404,2,802.988,1.109182,NPDIFTEVANC[U:Carbamidomethyl]C[U:Carbamidomethyl]IR/2
818.94886945,2,803.732,1.0744319,GVNLPGAAVDLPAVSEK/2
474.28188338,3,803.732,0.81784874,YAPLHLVPLIER/3
487.92431287,3,803.732,0.8100349,IFDEILVNAADNK/3
755.04404387,3,803.732,1.0072142,GPAVGIDLGTTYSC[U:Carbamidomethyl]VGVFQHGK/3
864.93883609,2,804.476,1.11475,AGGFVVGYTSSGNPIFR/2
548.26176473,3,804.476,0.8547956,DPVQEAWAEDVDLR/3
821.88900886,2,805.22,1.081403,DPVQEAWAEDVDLR/2
651.0264305,3,805.22,0.9305826,LTHYDHVLIELTQAGLK/3
464.94515978,3,805.22,0.8026118,LGIEGLSLHNVLK/3
814.4034375,2,805.22,1.096963,TTMVTSFTNEDLLR/2
957.47492546,2,805.22,1.2234955,VTQSAYAQIVQFGMNEK/2
976.03600752,2,805.22,1.2151562,LTHYDHVLIELTQAGLK/2
656.33006723,3,805.964,0.9104951,ETLVYLTHLDYVDTER/3
983.99146261,2,805.964,1.2309207,ETLVYLTHLDYVDTER/2
488.52164199,4,805.964,0.7964886,LTHYDHVLIELTQAGLK/4
584.29815022,3,805.964,0.8853819,TFSVWYVPEVTGTHK/3
838.9175693,2,806.707,1.0946509,NEGNIFPNPEATFVK/2
875.94358709,2,806.707,1.1516659,TFSVWYVPEVTGTHK/2
753.87705561,2,806.707,1.0557481,TVQSLEIDLDSMR/2
557.30799226,3,806.707,0.83462024,LFPLIQTMHSNLAGK/3
966.95076028,2,807.45,1.1601944,IC[U:Carbamidomethyl]YQEVSQC[U:Carbamidomethyl]FGVLSSR/2
883.97541857,2,807.45,1.1628295,APLNVQFNSPLPGDAVK/2
831.44649402,2,807.45,1.1187501,GIYQSLEGAVQAGQLK/2
868.44669092,2,807.45,1.1361206,LGNTISSLFGGGTTPDAK/2
936.99073426,2,807.45,1.1618296,LPPGEYVVVPSTFEPNK/2
910.44962757,2,807.45,1.1412133,EALELTDTGLLSGSEER/2
832.90600999,2,807.45,1.0961355,SEETNTEIVEC[U:Carbamidomethyl]ILK/2
644.96959901,3,808.194,0.9312707,IC[U:Carbamidomethyl]YQEVSQC[U:Carbamidomethyl]FGVLSSR/3
458.00716476,4,808.194,0.76559347,IISVFVDALPHVPEHR/4
490.24796236,3,808.937,0.85734636,FYTLIPHDFGMK/3
791.94358715,2,808.937,1.0790466,ILAQVVGDVDTSLPR/2
463.28177193,3,808.937,0.8009619,LLLDIPLQTPHK/3
720.8649053,2,808.937,1.0336577,EMMLVTSGAVAFGK/2
885.92030897,2,809.681,1.1278147,APVPTGEVYFADSFDR/2
902.45485031,2,809.681,1.1319567,TLPGSDWTPNAQFITR/2
672.98151017,3,809.681,0.9626121,TPMSVLQQAGGSMMDGPGPR/3
467.25047177,3,810.424,0.7665339,KPGGFDISLFYR/3
904.95488013,2,810.424,1.1486901,VQSGSESVIQEYVDLR/2
681.35287185,3,811.168,0.9747439,DLEGENIEIVFAKPPDQK/3
813.92793707,2,811.168,1.0649754,GFQQISFVNSIATSK/2
837.42998666,2,811.168,1.0985355,TPMENIGLQDSLLSR/2
831.45907007,2,811.168,1.1455922,IYLAIESANELAVQK/2
835.92084034,2,811.168,1.0718384,NGDGVVDIGELQEGLR/2
988.48106505,2,811.168,1.1965947,AVTVYTNYPFPGETFNR/2
867.42268449,2,811.912,1.0923696,IEFEGQPVDFVDPNK/2
942.47290569,2,811.912,1.1510308,SSTPPGESYFGVSSLQLK/2
917.47270869,2,812.656,1.1380949,DGPNALTPPPTTPEWIK/2
912.95996551,2,812.656,1.1474572,LYQEVEIASVDAFQGR/2
718.87137934,2,812.656,1.0435977,WMIQYNNLNLK/2
459.28551637,3,812.656,0.7702709,VNVHVLGVLLGQK/3
995.41981584,2,813.399,1.1734368,YGETANEC[U:Carbamidomethyl]GEAFFFYGK/2
824.93067672,2,813.399,1.103461,ETLQLESAAEVGFVR/2
713.36664974,2,813.399,1.0406935,YISPDQLADLYK/2
824.91090682,2,814.143,1.0831562,SVMDATQIAGLNC[U:Carbamidomethyl]LR/2
907.45197323,2,814.143,1.1303976,AGTGENAPWVVEDELVK/2
951.91235498,2,814.143,1.1562916,LFDVC[U:Carbamidomethyl]GSQDFESDLDR/2
886.9221914,2,814.143,1.1395729,STLQTMESDIYTEVR/2
899.42575856,2,814.887,1.1955264,YIQPWESEFIDSQR/2
678.35650485,3,814.887,0.9722748,FTASAGIQVVGDDLTVTNPK/3
790.37500605,2,814.887,1.0623686,FNYGFEYLGVQDK/2
626.69004126,3,814.887,0.9517742,ALVSHNGSLINVGSLLQR/3
894.97815823,2,814.887,1.168384,VQGGALEDSQLVAGVAFK/2
890.44160552,2,815.63,1.1594254,GADFLVTEVENGGSLGSK/2
728.92212343,2,815.63,1.0751382,ILAQATSDLVNAIK/2
917.95012909,2,815.63,1.1202112,QTNLENLDQAFSVAER/2
596.98786431,3,815.63,0.8993277,VQGGALEDSQLVAGVAFK/3
780.38145087,2,816.373,1.0649008,ALDIAENEMPGLMR/2
748.38623942,2,816.373,1.0717766,AAFALGGLGSGFASNR/2
569.9798756,3,816.373,0.91448987,WVPLQIDMKPEVPR/3
855.43324918,2,816.373,1.0752147,VDIDVPDVNLEAPEGK/2
790.36018411,2,816.373,1.0911665,LPMPEDYAMDELR/2
883.98598325,2,817.117,1.1236663,VSVNGAVVLEEPVGELR/2
961.99823339,2,817.117,1.2827736,VVC[U:Carbamidomethyl]VYGGTGISEQIAELK/2
798.36652068,2,817.117,1.0631242,TEDSLMPEEEFLR/2
824.87249312,2,817.117,1.0926981,FGYVDFESAEDLEK/2
909.99275406,2,817.117,1.263654,ILGSGISSSSVLHGMVFK/2
606.99759486,3,817.117,0.92642057,ILGSGISSSSVLHGMVFK/3
989.4878954,2,817.117,1.287581,TEPTEDSGISLEMAAVTVK/2
596.96164953,3,817.86,0.8278423,WGEEHIPGSPFHVTVP/3
543.95935748,3,817.86,0.8843454,HELLQPFNVLYEK/3
826.95395481,2,817.86,1.0804183,LNPADAPNPVVFVATK/2
919.48634743,2,817.86,1.1482961,VQANLGAPDINIEGLDAK/2
815.43539799,2,818.604,1.1080608,HELLQPFNVLYEK/2
871.43378054,2,818.604,1.0990126,ELDALDANDELTPLGR/2
727.38791649,2,818.604,1.0715148,LDYLGVSYGLTPR/2
776.44068027,2,819.347,1.0585021,VAAPDVVVPTLDTVR/2
741.68970688,3,819.347,0.9455059,QFVVFEGNHYFYSPYPTK/3
935.48687879,2,820.091,1.1567488,ANLQIDQINTDLNLER/2
932.37983343,2,820.091,1.1734288,GLC[U:Carbamidomethyl]NFLMSDEEYDDR/2
791.88214097,2,820.091,1.073801,NPEQVDLYQFMAK/2
677.86302296,2,820.091,1.0590545,VVYSAFLMATPR/2
473.58574299,3,820.091,0.8044155,LHSFLGDDVFLR/3
907.9463352,2,820.091,1.1475102,ISPDAWQVC[U:Carbamidomethyl]AEALAQR/2
868.3836676,2,820.834,1.1033865,FC[U:Carbamidomethyl]MISATFC[U:Carbamidomethyl]DSQLR/2
839.44764807,2,821.578,1.1109596,YLEGTSC[U:Carbamidomethyl]IAGVLVPAK/2
829.44015737,2,821.578,1.0900443,QVQAEVPGSPIFVMR/2
837.93288507,2,821.578,1.1296664,LQLDSPEDAEFIVAK/2
878.96313098,2,821.578,1.1356456,VTYTPM[U:Oxidation]APGSYLISIK/2
477.59195197,3,821.578,0.8316747,QGFPIIFHGVMGK/3
797.94358715,2,822.321,1.0861636,IPSIVSSPLNSPLDR/2
465.27690944,3,822.321,0.8179997,EAITHLLGVALTR/3
624.97976974,3,823.066,0.8748414,AFIHWVSQPLMC[U:Carbamidomethyl]EVR/3
488.59289756,3,823.066,0.81856877,RVDIIPGFEFDR/3
894.42796689,2,823.066,1.1365212,VYEIQDIYENSWTK/2
831.87705554,2,823.066,1.0661242,GFGFVC[U:Carbamidomethyl]FSSPEEATK/2
936.96601638,2,823.066,1.1826434,AFIHWVSQPLMC[U:Carbamidomethyl]EVR/2
938.48855577,2,823.066,1.1888114,LYIGNLNESVTPADLEK/2
776.86923056,2,823.066,1.0518056,DYVIEDDVNMAIR/2
955.46253798,2,823.809,1.1646045,EGPYSISVLYGDEEVPR/2
606.2727752,3,823.809,0.8841988,DGQWFTDWDAVPHSR/3
792.92198602,2,823.809,1.0883253,LSELLPEEVEAEVK/2
867.45312739,2,823.809,1.1426263,LLSAMLVSEGDLTEQK/2
926.44823896,2,823.809,1.1539136,SESLDPDSSMDTTLILK/2
983.46801729,2,824.553,1.184121,QSDDEVYAPGLDIESSLK/2
769.84647535,2,824.553,1.0818425,DDEEADAIYAALDK/2
844.96451953,2,825.296,1.1204214,IEVGLVVGNSQVAFEK/2
536.94247792,3,825.296,0.8605433,DREALFNEFVAAAR/3
830.87653267,2,825.296,1.0796908,AVQGMLDFDYVC[U:Carbamidomethyl]SR/2
939.95368848,2,825.296,1.1736318,SEALSSVLDQEEAMEIK/2
831.92400581,2,826.04,1.1063367,AMYLPDTLSPADQLK/2
796.41994487,2,826.04,1.0739379,SINDNIAIFTEVQK/2
558.63672014,3,826.783,0.863545,ERVDELTTDLEILK/3
854.91416937,2,826.783,1.1042439,VGWSTMQASLDLGTDK/2
754.85219187,2,826.783,1.055391,DMSPLSETEMALGK/2
786.88434932,2,826.783,1.0714985,VGYYTIPSMDDLAK/2
774.92265478,2,827.527,1.0780534,TGLIDYNQLALTAR/2
843.92592568,2,827.527,1.0997628,SPAISWVNNLEVDSR/2
726.38690991,3,827.527,0.9675957,ELLLPNWQGSGSHGLTIAQR/3
884.95180611,2,827.527,1.1233253,TVSLLDENNVSSYLSK/2
610.66846605,3,827.527,0.9189261,ATAAFILANEHNVALFK/3
744.35980914,3,827.527,0.93681055,DLYANTVLSGGTTM[U:Oxidation]YPGIADR/3
915.49906084,2,827.527,1.2375841,ATAAFILANEHNVALFK/2
922.95531425,2,827.527,1.1652292,GGGFLPMTPMAAAPEGNVK/2
551.2761007,4,828.271,0.8573777,NTHATTHNAYDLEVIDIFK/4
835.9066703,2,828.271,1.0894736,YNQPFFVTSLPDDK/2
855.39729789,2,829.014,1.1088545,FMADIDLDPGC[U:Carbamidomethyl]TLNK/2
785.08852955,3,829.014,0.99484336,ISGETIFVTAPHEATAGIIGVNR/3
532.6361089,3,829.014,0.865843,RLDLVHTAALMLDK/3
895.93183923,2,829.014,1.1376721,LLQAPFTDC[U:Carbamidomethyl]GDGPMLR/2
637.01916448,3,829.014,0.8913412,FLLHQETLPEQLLAEK/3
916.43388036,2,829.758,1.1297266,IAVYSC[U:Carbamidomethyl]PFDGMITETK/2
439.22867928,3,829.758,0.774168,ISMPDFDLHLK/3
911.40756579,2,829.758,1.135554,ASGGLPQFGDEYDFYR/2
442.56892443,3,829.758,0.7729321,IPMPDFDLHLK/3
673.32052028,3,830.501,0.9508405,TC[U:Carbamidomethyl]FVDC[U:Carbamidomethyl]LIEQTHPEIR/3
998.98911689,2,830.501,1.1898024,ELTTEIDNNIEQISSYK/2
601.61302035,3,830.501,0.8701055,DEAGHFLWPGFGENAR/3
914.91978605,2,830.501,1.1267743,AVYSTNC[U:Carbamidomethyl]PVWEEAFR/2
767.39138437,2,830.501,1.0846592,DTSATTALELVAGER/2
458.24796238,3,830.501,0.80960834,VDHIIDIC[U:Carbamidomethyl]FLK/3
798.36526944,2,830.501,1.0980443,VFITDDFHDMMPK/2
666.69842528,3,830.501,0.97547233,HVQYLDFLHTVIKAEGK/3
419.22538063,3,831.245,0.7631778,WMALESILHR/3
948.9490748,2,831.245,1.1482124,GDGQFFAVSVVC[U:Carbamidomethyl]PETGAR/2
770.73012493,3,831.989,0.994003,QGNGPVLVC[U:Carbamidomethyl]APSNIAVDQLTEK/3
958.98925428,2,832.732,1.1611035,EQGVTFPSGDIQEQLIR/2
960.98872295,2,832.732,1.1749741,FFLQDPQSQELDVQVK/2
554.98568367,3,832.732,0.87075204,IAPVHIDSEAISALVK/3
840.90446201,2,832.732,1.1053895,FWQIYIEGQDEPR/2
720.38940493,2,832.732,1.0486645,ALQQFLYVQMAK/2
748.91832952,2,832.732,1.0823988,MLNIHPSLLPSFK/2
782.41687088,2,833.475,1.1114098,EEYAVLISEAQAIK/2
705.68948959,3,833.475,0.92243415,ETLLNGVGYLHEGLSPMER/3
596.30872055,3,833.475,0.8921208,VIAALLQTMEDQGNQR/3
960.94639477,2,833.475,1.170824,ASLLTDEEDVDMALDQR/2
893.9594426,2,834.219,1.1762072,VIAALLQTMEDQGNQR/2
929.9194517,2,834.219,1.1479311,TGYAFVDC[U:Carbamidomethyl]PDESWALK/2
532.57927178,3,834.219,0.84239084,VFITDDFHDMMPK/3
893.43632323,2,834.219,1.2433592,SGQSALYDALFSSQSPK/2
632.33889705,3,834.219,0.96303576,QHVVSVEEALLATGQWK/3
859.44140854,2,834.219,1.125034,SATDADVVNSGWLVVGK/2
607.97697087,3,834.965,0.94357836,RFDEILEASDGIMVAR/3
911.46181808,2,834.965,1.1563323,RFDEILEASDGIMVAR/2
857.9032703,2,835.709,1.0946357,IDC[U:Carbamidomethyl]FSEVPTSVFGEK/2
723.66718474,3,835.709,0.96990335,LLTETEDWLYEEGEDQAK/3
887.93563314,2,836.452,1.137929,SNQQLENDLNLMDIK/2
809.87282748,2,836.452,1.0685974,DQFGFINYEVGDSK/2
774.41053424,2,837.196,1.0756817,MTLVEEGFNPAVIK/2
879.93457043,2,837.196,1.1210068,LWVPDEEVSPETMVK/2
938.96237079,2,837.196,1.1658176,GDLETLQPGDDVEFTIK/2
518.27283622,3,837.196,0.7753077,DDMIHQLPLLTEK/3
755.70005426,3,837.196,0.988298,DGLLENQTPEFFQDVC[U:Carbamidomethyl]KPK/3
801.37943112,2,837.939,1.0811489,C[U:Carbamidomethyl]EFQDAYVLLSEK/2
534.5887129,3,837.939,0.8436175,C[U:Carbamidomethyl]EFQDAYVLLSEK/3
735.05504876,3,837.939,0.95158124,NAALNTIVTVYNVHGDQVFK/3
768.88065251,2,838.683,1.0634929,NVISLTEDVDEFR/2
958.45163895,2,838.683,1.1640863,FYPLEIDYGQDEEAVK/2
779.36463833,2,838.683,1.0612861,AALEYLGSFDHYAT/2
909.92592575,2,838.683,1.1208818,YWGEIISQQYNFDR/2
813.4359293,2,838.683,1.1005915,QSLIDWNNPAIINK/2
743.8986483,2,838.683,1.0577885,EGPAVVGQFIQDVK/2
840.420773,2,839.427,1.1065197,VINQILTEMDGMSTK/2
664.00580648,3,839.427,0.94728506,WQVVDTPGILDHPLEDR/3
733.00039237,3,839.427,0.9683908,IDC[U:Carbamidomethyl]DNLEQYFIQQGGGPDK/3
892.4394971,2,839.427,1.1386849,MAAQIIGNMYSLTDQK/2
855.93850176,2,840.17,1.1032618,SDQSYVISFVVPNQK/2
594.00032721,3,840.17,0.90815187,WTTLNSLQLHGLQLR/3
890.49685258,2,840.17,1.1966755,WTTLNSLQLHGLQLR/2
865.94834659,2,840.17,1.1147184,LLGSTIPLC[U:Carbamidomethyl]SAQWER/2
818.92011204,2,840.17,1.0802206,LVPTGLDFGQEGFTR/2
570.96142666,3,840.17,0.88265485,SDQSYVISFVVPNQK/3
640.30033649,3,840.915,0.8723665,NFEATLGWLQEHAC[U:Carbamidomethyl]SR/3
773.41889064,2,840.915,1.0641098,NLIESMQINGSVLK/2
959.9468665,2,840.915,1.2437047,NFEATLGWLQEHAC[U:Carbamidomethyl]SR/2
518.62771927,3,840.915,0.8147693,GAPVGGHILSYLLEK/3
596.3108956,3,840.915,0.8778342,EENSGLLQELEELRK/3
691.01296107,3,841.659,0.9917194,LQYAVSGLEPLAWSEDHR/3
946.9988937,2,841.659,1.1848654,FSLVPHNYGLVLYENK/2
651.00351438,3,842.403,0.9746876,GYIFLEYASPAHAVDAVK/3
633.66708028,3,842.403,0.862935,YLILPVHSNIPMMDQK/3
875.98290926,2,842.403,1.1399475,VTLSFPSTLQTGTGTLK/2
742.02828237,3,842.403,0.93803936,GRPITMFIPSDVDNYDDIR/3
804.41245416,2,842.403,1.0684048,GFQEVVTPNIFNSR/2
900.45715851,2,843.146,1.1480253,VM[U:Oxidation]YTPMAPGNYLISVK/2
581.97479025,3,843.146,0.8702149,LIQQVAQEIWVC[U:Carbamidomethyl]EK/3
837.4226845,2,843.146,1.0878295,SLDIQVPNFPADETK/2
734.38316541,2,843.889,1.0656316,GTQGVVTNFEIFR/2
976.00163334,2,843.889,1.2196138,GYIFLEYASPAHAVDAVK/2
872.45854714,2,844.633,1.1317983,LIQQVAQEIWVC[U:Carbamidomethyl]EK/2
888.42595544,2,844.633,1.1010147,DDPVTNLNNAFEVAEK/2
468.92973263,3,844.633,0.80245686,LQWDLGLGHLPR/3
602.97708235,3,844.633,0.93269324,ELDELLNC[U:Carbamidomethyl]LHPQGIR/3
998.46835159,2,844.633,1.1809529,ESGVGQTDWSGVEAGEFLK/2
844.89870787,2,844.633,1.0831946,LETSEFFELTSEEK/2
807.95870589,2,845.377,1.0895323,YVLVAGITPTPLGEGK/2
644.33493529,3,845.377,0.88861096,GIEILTDMSRPVELSDR/3
936.50166311,2,845.377,1.1881404,TSSAETPTIPLGSAVEAIK/2
891.4078626,2,845.377,1.1127836,DC[U:Carbamidomethyl]EEC[U:Carbamidomethyl]IQLEPTFIK/2
863.39868651,2,846.12,1.1003884,YQEELNFDNPLGMR/2
790.9301454,2,846.12,1.1234678,GIEFTTASTLSLVNK/2
518.62771929,3,846.12,0.86904734,IPLLYDAEIHLTR/3
709.70536258,3,846.12,0.9169964,LYPNMTAVLLHNTQLDQR/3
486.93063333,3,846.864,0.8246956,DTLSIHYLMLPR/3
861.49906092,2,846.864,1.1778479,LVLSDLHLLTQSQVR/2
716.32767483,3,846.864,0.94631314,YAAC[U:Carbamidomethyl]NAVGQMATDFAPGFQK/3
755.71592724,3,846.864,1.0145668,AAAIGIDLGTTYSC[U:Carbamidomethyl]VGVFQHGK/3
879.47030343,2,846.864,1.131145,QFGAQANVIGPWIQTK/2
921.43493462,2,847.608,1.1490848,EEFAIMQTPAGELYDK/2
780.90053071,2,847.608,1.0778258,SPQISMSDIDLNLK/2
729.89231177,2,847.608,1.0546631,DTLSIHYLMLPR/2
767.41158849,2,848.351,1.0573133,SPFSVAVSPSLDLSK/2
859.88815155,2,848.351,1.1204209,DTENAIENMVGPDWK/2
815.91820052,2,848.351,1.0813589,VAAAESMPLLLEC[U:Carbamidomethyl]AR/2
762.40323216,2,848.351,1.0583247,LVSEFPYIEAEVK/2
954.48515576,2,849.095,1.161899,TIGTGLVTNTLAMTEEEK/2
996.96132492,2,849.095,1.1764045,MVSDINNAWGC[U:Carbamidomethyl]LEQVEK/2
932.43272623,2,849.095,1.2140318,DEPSVAAMVYPFTGDHK/2
742.38758215,2,849.095,1.0823373,ELVLALYDYQEK/2
696.70060596,3,849.838,0.95663446,EAEAAIYHLQLFEELRR/3
867.93817581,2,849.838,1.1088861,TESAVSQMQSVIELGR/2
924.90314133,2,849.838,1.126277,GEDEEMADPMEDVIIR/2
545.96070397,3,849.838,0.85631216,NVHLAPGWLMQLEK/3
820.40343756,2,849.838,1.1008141,MDVAQSELDIYLSR/2
889.91522358,2,849.838,1.1198217,EPSLATWEATWSEGSK/2
585.61257458,3,849.838,0.87532663,LVSFHDDSDEDLLHI/3
522.77727359,4,849.838,0.8446569,EAEAAIYHLQLFEELRR/4
773.40832591,2,850.582,1.0615633,LVIWGTDVNVAAC[U:Carbamidomethyl]K/2
818.43741773,2,850.582,1.1148555,NVHLAPGWLMQLEK/2
632.64623336,3,850.582,0.87308943,GLMELHMVLPAPDTDEK/3
794.71312836,3,850.582,1.011622,LSIFDANESGFESYEALPQHK/3
796.92688283,2,851.326,1.1073819,NEVDMQVLHLLGPK/2
778.39287285,2,851.326,1.1107056,ISVYSIMGGSTDGLR/2
967.47714221,2,852.069,1.1708618,GVESQGMLLC[U:Carbamidomethyl]ASIEGINR/2
808.42163027,2,852.069,1.096897,AILVDLEPGTMDSVR/2
531.62034738,3,852.069,0.8602767,NEVDMQVLHLLGPK/3
832.9192548,2,852.069,1.1105139,DLAYC[U:Carbamidomethyl]VSQLPLTER/2
827.92707977,2,852.069,1.0808558,EEPVTADVINPMALR/2
539.28351234,3,852.069,0.8656577,AILVDLEPGTMDSVR/3
982.51319331,2,852.813,1.1856754,TSGVVTSC[U:Carbamidomethyl]TGVLPQLSMVK/2
645.32052029,3,852.813,0.935738,GVESQGMLLC[U:Carbamidomethyl]ASIEGINR/3
753.95375793,2,852.813,1.1305448,TAVISIGNQLLHLK/2
976.47142565,2,853.557,1.175834,SSLSSAQADFNQLAELDR/2
689.34186694,3,853.557,0.97641623,VTTMDAELEFAIQPNTTGK/3
846.90020474,2,853.557,1.1206238,QQEMMAALTDAIQDK/2
892.43219498,2,854.3,1.1241318,YGIVDYMIEQSGPPSK/2
595.29055548,3,854.3,0.8759955,YGIVDYMIEQSGPPSK/3
942.99928759,2,854.3,1.1751981,LSVEEAVAAGVVGGEIQEK/2
827.9415758,2,854.3,1.0870138,NPDSITNQIALLEAR/2
913.48139943,2,855.044,1.1332353,APGEQTVPALNLQNAFR/2
771.95870592,2,855.044,1.121176,ITSEALLVTQQLVK/2
718.04767131,3,855.044,0.92860645,AAYPDLENPPLLVTPSQQAK/3
872.46742636,2,855.787,1.1260906,DQSAVVVQGLPEGVAFK/2
738.72442274,3,855.787,0.995209,NYLSVSLSEHHMATLASIIK/3
771.92500049,2,855.787,1.0875103,LGFHLPLEVAYQR/2
755.92414319,2,855.787,1.1110102,TNIAMLTVLHEIR/2
804.41413961,2,856.531,1.081245,YNVLGAETVLNQMR/2
922.39749484,2,856.531,1.1328244,MFSEADAC[U:Carbamidomethyl]ELWIDEK/2
514.95242581,3,856.531,0.8194144,LGFHLPLEVAYQR/3
798.95141217,2,856.531,1.0892048,SPISVPGGSALISNLGK/2
562.30653989,3,856.531,0.90312433,AAVEEGIVLGGGC[U:Carbamidomethyl]ALLR/3
826.4093802,2,856.531,1.1127118,AELNPWPEYIYTR/2
507.27781013,3,856.531,0.82924473,KQPALDVLYDVMK/3
644.0197217,3,856.531,0.8837497,ALLHVWAGGPWPQGATLR/3
504.28518762,3,856.531,0.856336,TNIAMLTVLHEIR/3
819.42638131,2,857.275,1.0821681,MIVVLGEIGGTEEYK/2
842.95617161,2,857.275,1.1592008,AAVEEGIVLGGGC[U:Carbamidomethyl]ALLR/2
998.48261304,2,857.275,1.1854904,DMDEPSPVPNVEEVTLPK/2
462.91280258,3,857.275,0.7865008,IMHFPTWVDLK/3
707.02330285,3,857.275,0.9696746,SLAYLTAATHGLDEEAESLK/3
849.93850178,2,858.018,1.0964506,EIISFGSGYGGNSLLGK/2
811.90340773,2,858.762,1.0731002,WLSC[U:Carbamidomethyl]ETQLPVSFR/2
971.00183032,2,859.505,1.25348,VTEGLVDVILYHQPDDK/2
647.67031237,3,859.505,0.8923017,VTEGLVDVILYHQPDDK/3
802.41994489,2,859.505,1.0783647,DGTAGIPNLQLYDVK/2
761.92740577,2,859.505,1.064167,LLVVGITDPDPDIR/2
672.34085482,3,859.505,0.9680245,LDEIYVAGLVAHSDLDER/3
821.42945533,2,859.505,1.1036321,LC[U:Carbamidomethyl]LTLGIPQATDPDK/2
882.43526894,2,860.249,1.142917,SGC[U:Carbamidomethyl]IVNNLAEFTVDPK/2
832.39254685,2,860.249,1.0839099,AGDMENAENILTVMR/2
715.6897125,3,860.249,0.98907065,DVHNIYGLYVHMATADGLR/3
967.95095725,2,860.249,1.187885,SPAESC[U:Carbamidomethyl]DLLGDIQTC[U:Carbamidomethyl]IR/2
642.99625394,3,860.249,0.89074415,EQLAQAMFDHIPVGVGSK/3
961.43220343,2,860.249,1.1891265,QQYEQC[U:Carbamidomethyl]MDLQLFYR/2
643.33130229,3,860.249,0.9050056,ISIEMNGTLEDQLSHLK/3
971.98325196,2,860.992,1.1708908,HTAMVSWGGVSIPNSPFR/2
692.0067128,3,860.992,1.0007999,APGQLEC[U:Carbamidomethyl]ETAIAALNSC[U:Carbamidomethyl]LR/3
537.01910349,4,860.992,0.86291295,DVHNIYGLYVHMATADGLR/4
870.97254156,2,860.992,1.1265527,LLEGIGLENLDSPAATK/2
648.32459346,3,861.736,0.8842815,HTAMVSWGGVSIPNSPFR/3
983.02563976,2,861.736,1.1979617,HNQLPLVIEFTEQTAPK/2
962.9987563,2,861.736,1.1865114,YLEVIPFSDIKDGVSDK/2
655.68618533,3,862.479,0.9747001,HNQLPLVIEFTEQTAPK/3
575.64918298,3,862.479,0.7977878,ASVITQVFHVPLEER/3
977.02362839,2,862.479,1.185699,TPASINATPANINLADLTR/2
753.88794625,2,863.223,1.0746117,DVYAVLQLEAEEK/2
888.9560342,2,863.223,1.125147,MSSSDTPLGTVALLQEK/2
940.46455772,2,863.223,1.1743873,TGLTPLMEAASGGYAEVGR/2
821.43338658,2,863.223,1.1314415,GANVIAGVWLEEAGQK/2
495.28177189,3,863.966,0.86869144,LSEVTFRPLFFK/3
907.38683033,2,864.71,1.1245588,DDDYAGFVFGYQSSSR/2
896.95180612,2,864.71,1.1333717,EELQSQVELLNSFEK/2
724.87958992,2,864.71,1.0520972,ELYLEDSPLELK/2
525.96796442,3,864.71,0.85182077,IFSFAHQTISALIK/3
587.00859977,3,865.454,0.9072465,EPPLSLTIHLTSPVVR/3
808.89745666,2,865.454,1.0698252,SFYPEEVSSMVLTK/2
880.00926142,2,865.454,1.1762303,EPPLSLTIHLTSPVVR/2
557.29832828,3,865.454,0.89939606,LILGLMMPPAHYDAK/3
733.05152722,3,866.197,0.98264796,NLVEQHIQDIVVHYTFNK/3
846.41908759,2,866.197,1.0948772,IVFNLC[U:Carbamidomethyl]PLQTEDDK/2
608.98277895,3,866.197,0.87037665,SEEPAGQILSHLSSELK/3
862.41030543,2,866.197,1.1225492,DTSFLGSDDIGNIDVR/2
567.62492599,3,866.197,0.8565387,DLQGLTVEHAIDSFR/3
979.96914996,2,866.197,1.1953585,AFMDIMSAQASSGSTSVLR/2
947.94652378,2,866.941,1.1779867,IYADTFGDINYQEFAK/2
778.89250866,2,866.941,1.0786592,VVIGM[U:Oxidation]DVAASEFFR/2
797.89270568,2,866.941,1.0753571,SQFEELC[U:Carbamidomethyl]AELLQK/2
864.4805338,2,867.684,1.1178974,SVIEQGGIQTVDQLIK/2
796.9251974,2,867.684,1.0818704,IFVNSNTDVAPFLR/2
836.92572872,2,868.428,1.1025054,NFINNPLAQADWAAK/2
834.41908761,2,868.428,1.1245207,ESC[U:Carbamidomethyl]LEAYTGIVQGLK/2
786.41941358,2,868.428,1.0926188,LYLVSDVLYNSSAK/2
763.89779103,2,868.428,1.0551533,APNISMPDVDLNLK/2
593.34012654,3,868.428,0.9119345,EIRPALELLEPIEQK/3
556.61515056,3,868.428,0.87910014,ESC[U:Carbamidomethyl]LEAYTGIVQGLK/3
799.91429842,2,868.428,1.0901028,ETYPNYLPLYVAR/2
814.42757294,2,869.172,1.1070617,FLGSGGFIGYAPNLSK/2
889.50655158,2,869.172,1.1491205,EIRPALELLEPIEQK/2
771.91737242,2,869.915,1.0583186,EQLWLANEGLITR/2
819.87504422,2,869.915,1.0754647,DPFDTLATMTDQQR/2
884.42710959,2,869.915,1.13867,LAALASDFSEDMLQEK/2
510.27679798,3,869.915,0.8617425,DPILFPSFIHSQK/3
481.58948746,3,869.915,0.77397764,ENYVWNVLLHR/3
589.9906632,3,870.658,0.89776325,VLEQLIVAHFPMQSR/3
764.91155873,2,870.658,1.1153114,DPILFPSFIHSQK/2
927.00998968,2,871.402,1.1399796,TVNELQNLTAAEVVVPR/2
680.01240383,3,871.402,0.9515153,IQEIIEQLDVTTSEYEK/3
884.48235657,2,871.402,1.2136421,VLEQLIVAHFPMQSR/2
857.39868649,2,872.146,1.0825791,WTSQDSLLGMEFSGR/2
618.34241861,3,872.146,0.92180294,TVNELQNLTAAEVVVPR/3
732.37568209,3,872.889,0.9561389,VGEQAQVVIIDMNDPSNPIR/3
975.49806622,2,872.889,1.1992052,LLAVAIGADC[U:Carbamidomethyl]TYPELTDK/2
498.29971408,3,872.889,0.80789787,AVAEQIPLLVQGVR/3
617.00748174,3,872.889,0.8912869,APHNGFLSLVGGGLGPVTR/3
605.62851972,3,872.889,0.8584012,DGGLQNMELHGMIMLR/3
518.94846403,3,873.633,0.795897,SLHDALC[U:Carbamidomethyl]VLAQTVK/3
777.9190578,2,873.633,1.1159549,SLHDALC[U:Carbamidomethyl]VLAQTVK/2
812.44428565,2,873.633,1.0792613,GNENANGAPAITLLIR/2
697.3183452,3,873.633,0.9086578,AC[U:Carbamidomethyl]FLMAHNGWVMGDDPLR/3
815.93863916,2,873.633,1.0829513,LPGGVQNFPQFSALR/2
738.89197736,2,873.633,1.0507816,DTVLLPQTSFPMK/2
670.33979778,3,873.633,0.97787505,IIDINYYPVPEAC[U:Carbamidomethyl]LSNK/3
491.9210142,3,875.12,0.8538771,EWTDGLFTHVLR/3
780.92760273,2,875.12,1.0809509,ELLLSAIDSVNATSK/2
585.29339924,3,875.12,0.8735407,HWEEILQQSLWER/3
926.46541502,2,875.12,1.147783,LVSASYDGTAQVWDALR/2
806.40135815,2,875.12,1.066746,NYPATFWVNPQFK/2
877.43646063,2,875.12,1.1338147,HWEEILQQSLWER/2
874.41231678,2,875.863,1.1254406,AAFFVTLDETEEGYR/2
520.93281397,3,875.863,0.79792297,DITLFHAMDTLQR/3
573.66991844,3,876.607,0.91258484,LLQVASPFLEPHLVR/3
637.34253008,3,876.607,0.9537142,EAIDSPVSFLALHNQIR/3
747.39593849,2,876.607,1.064651,DTLQSELVGQLYK/2
639.68244088,3,876.607,0.9205631,GSYGDLGGPIITTQVTIPK/3
737.37788307,2,876.607,1.0710009,EWTDGLFTHVLR/2
959.02002309,2,877.35,1.1846279,GSYGDLGGPIITTQVTIPK/2
709.34427051,3,877.35,0.9728241,NMDPLNDNIATLLHQSSDK/3
814.75438194,3,877.35,1.0257379,LLYMLAEALPVSHGAHFSGDVSK/3
592.56965481,4,877.35,0.8838931,FENAFLSHVVSQHQALLGTIR/4
860.00123943,2,877.35,1.1685375,LLQVASPFLEPHLVR/2
817.89577965,2,878.094,1.0739926,ASEWVQQVSGLMDGK/2
789.75711426,3,878.094,0.99870765,FENAFLSHVVSQHQALLGTIR/3
559.29234215,3,878.094,0.8451752,IEPVFHVMGFSVTGR/3
783.94612983,2,878.838,1.0949978,APVPASELLASGVLSR/2
590.66142295,3,878.838,0.9085064,DVVEPLLRPQWYVR/3
925.51015689,2,878.838,1.2662891,AGLGSGLSLSGLVHPELSR/2
980.9861802,2,879.581,1.1976455,SVTTVQWENSFVSVYSK/2
617.34253008,3,879.581,0.95680404,AGLGSGLSLSGLVHPELSR/3
522.96651204,3,879.581,0.85399544,APVPASELLASGVLSR/3
781.42229059,2,879.581,1.0638716,VLFASQEIPASPFR/2
969.47987348,2,879.581,1.1939285,ELC[U:Carbamidomethyl]SLASDLSQPDLVYK/2
499.2696434,3,880.324,0.8174678,IFLFDTQHFISK/3
748.40082687,2,880.324,1.0767798,IFLFDTQHFISK/2
902.97561556,2,881.068,1.1539412,AAVPSGASTGIYEALELR/2
761.90359633,2,881.068,1.0745637,SDVEINYSLIEIK/2
568.96785857,3,881.068,0.89123404,SHYVLYGLVAAMQPR/3
602.31950253,3,881.811,0.9081847,AAVPSGASTGIYEALELR/3
811.97181324,2,881.811,1.1648644,VVVQVLAEEPEAVLK/2
808.93183082,2,882.555,1.0857323,QMTDVLLTPATDALK/2
516.00488775,4,882.555,0.80716956,HYLDFINHYANLFHEK/4
653.34611821,3,882.555,0.87941396,SLC[U:Carbamidomethyl]IPFKPLC[U:Carbamidomethyl]ELQPGAK/3
833.41126255,2,883.299,1.1075805,FDEILEASDGIMVAR/2
513.30820957,3,883.299,0.8865734,LVLIGSNHSLPFLK/3
875.44889931,2,883.299,1.1373048,ELLSNVDEGIYQLEK/2
848.43866897,2,884.042,1.1093508,SPGLYFLTAGDQGTLR/2
959.93001642,2,884.042,1.1604415,GDPQVYEELFSYSC[U:Carbamidomethyl]PK/2
555.94326719,3,884.042,0.89235187,FDEILEASDGIMVAR/3
643.01542561,3,884.042,0.9016375,C[U:Carbamidomethyl]RPDQLTGLSLLPLSEK/3
808.41275103,2,884.042,1.065383,IMGIPEEEQMGLLR/2
981.46293191,2,884.042,1.1625459,TQLEELEDELQATEDAK/2
607.01938735,3,884.042,0.9473485,VPTLAVPAISLPDDVRR/3
863.95214046,2,884.786,1.0952115,DGSIDLVINLPNNNTK/2
852.435269,2,884.786,1.1006378,TQEQLALEMAELTAR/2
568.62593815,3,884.786,0.8715884,TQEQLALEMAELTAR/3
742.92889421,2,884.786,1.0588119,VLVVGAGGIGC[U:Carbamidomethyl]ELLK/2
736.35897497,3,884.786,0.95344144,GMFLISAAPPEMYEVHTASR/3
872.45979832,2,884.786,1.1152477,EATGVLLSIDGEDGIVR/2
737.43740934,2,884.786,1.0835744,VNYVVQEAIVVIK/2
640.2891031,3,884.786,0.8892681,GDPQVYEELFSYSC[U:Carbamidomethyl]PK/3
882.43200644,2,884.786,1.1173003,IC[U:Carbamidomethyl]IIWDLQSC[U:Carbamidomethyl]QATR/2
938.45778692,2,885.529,1.1377994,NEVSLVAEGFLPEDGSGR/2
856.93744754,2,886.273,1.1071668,GEIVIGGQNISMGYFK/2
694.654623,3,886.273,0.95384955,AVPMIEGYMFEEHEMIR/3
874.92813402,2,887.016,1.1282474,VLQLTSWDEDAWASK/2
927.9563686,2,887.016,1.1437578,DPYTGQQISLFQAMQK/2
916.48802442,2,887.016,1.1767586,LESLSAATTFEPLEPVK/2
955.46422346,2,887.016,1.1759502,M[U:Oxidation]QQQLDEYQELLDIK/2
760.90307337,2,887.76,1.0698719,AGC[U:Carbamidomethyl]AVTSLLASELTK/2
683.00921657,3,887.76,0.90927666,VDIDVPDVDVQGPDWHLK/3
827.90327033,2,887.76,1.0842223,SYESQIEVMAAEVAK/2
683.00816517,3,887.76,0.9090284,DVLDVYIEHRLMMEQR/3
880.44669093,2,887.76,1.1252059,QGFDLNVPGGEIDASLK/2
714.00028088,3,888.504,0.9294139,DPTVHDDVLELEMDELNR/3
983.97495522,2,888.504,1.1762979,VLNNMEIGTSLFDEEGAK/2
491.26612746,3,888.504,0.7917391,QGYNMLNLLIHR/3
635.66701372,3,888.504,0.8871761,LTQLGTFEDHFLSLQR/3
618.97333789,3,888.504,0.92231613,DPYTGQQISLFQAMQK/3
752.41192294,2,889.247,1.0721043,LYDNLLEQNLIR/2
552.94494247,3,889.247,0.84368354,VSFYQLSHFLQC[U:Carbamidomethyl]K/3
689.40378943,3,889.247,0.92785454,LTSADALRPSVVSITGPLIR/3
656.3190623,3,889.247,0.9565545,VLNNMEIGTSLFDEEGAK/3
571.65248167,3,889.247,0.9000634,ERLDPETLESLGLIK/3
830.8748472,2,889.247,1.0867565,NGEFFMSPNDFVTR/2
695.685968,3,889.991,0.9844301,ELLNPVVEFVSHPSTTC[U:Carbamidomethyl]R/3
891.97086456,2,890.734,1.2213415,DLDQASLAAVSQQLAPR/2
925.46096084,2,890.734,1.1818465,ALC[U:Carbamidomethyl]QITDSTMLQAIER/2
556.2730591,3,890.734,0.90747917,NVDPFHIYFC[U:Carbamidomethyl]NLK/3
720.36617446,3,890.734,0.9776627,ELQNTVSQLLESEGWNRR/3
645.01078044,3,890.734,0.97329783,LNYYVGGEIVTIAHLDR/3
748.35163079,2,891.478,1.0449817,C[U:Carbamidomethyl]PLDPYFIMPDK/2
831.92030901,2,891.478,1.1034474,NQEQLAAELAEFTAK/2
829.43252936,2,891.478,1.0929905,DIILGMEISAPSQQR/2
741.36606298,3,891.478,1.0025067,VDGAEWGVDLPSVEAQLGSHR/3
614.67550922,3,891.478,0.93817574,TLGHNLLVSELYNQLK/3
639.32666272,3,891.478,0.9303599,C[U:Carbamidomethyl]DRVDQLTAQLADLAAR/3
871.96485391,2,891.478,1.1098626,INSAPQQIEVFPPFR/2
617.30973272,3,891.478,0.91325724,ALC[U:Carbamidomethyl]QITDSTMLQAIER/3
667.35600509,3,891.478,0.99556804,HGLQPALLVHWAEC[U:Carbamidomethyl]LQK/3
867.45144196,2,891.478,1.1834682,NQEIVIEISFETSPK/2
827.9597686,2,892.222,1.1130601,LDLQQGQNLLQGLSK/2
829.4232159,2,892.222,1.0907787,ELDDISQEIAQLQR/2
578.97138012,3,892.222,0.8940392,ALVTGYFMQVAHLER/3
910.91826006,2,892.222,1.1339535,EVEGDDVPESIMLEMK/2
792.44490841,2,892.222,1.1372637,ASTNAMLISAGLPPLK/2
835.95160914,2,892.965,1.0984964,VADNLAIQLAAVTEDK/2
902.46383784,2,892.965,1.134815,AINC[U:Carbamidomethyl]ATSGVVGLVNC[U:Carbamidomethyl]LR/2
782.89630262,2,892.965,1.072917,YTLNVLEDLGDGQK/2
848.40204893,2,892.965,1.1020195,MIDAGDALIYMEPEK/2
997.00097301,2,893.709,1.2004594,LGVC[U:Carbamidomethyl]FDVPTASVTEIQEK/2
802.89250868,2,893.709,1.0751135,SGGFQSMGLSYPVFK/2
601.97831738,3,893.709,0.9336921,AINC[U:Carbamidomethyl]ATSGVVGLVNC[U:Carbamidomethyl]LR/3
804.88996597,2,893.709,1.048161,YNFPVEVEVPMER/2
742.88194408,2,893.709,1.057399,ALQLLQMYYEGR/2
731.91122442,2,894.452,1.0716488,IYVDDGLISLQVK/2
860.42024169,2,894.452,1.1098262,LMDGEEPLPMLPSYK/2
917.97796128,2,895.196,1.1778077,IIQQAGQVWFPDSAFK/2
981.53075499,2,895.939,1.225093,FIQLLSDQSDQSVLIQK/2
654.68959548,3,895.939,0.93717897,FIQLLSDQSDQSVLIQK/3
924.49109844,2,896.683,1.1568997,VLTLVSQIDVNNEFEK/2
879.43694598,2,896.683,1.1196514,LASEYLTPEEMVTFK/2
735.69301113,3,896.683,0.9668741,GPLLVQDVVFTDEM[U:Oxidation]AHFDR/3
969.99569074,2,897.427,1.2049488,TLLQGSGC[U:Carbamidomethyl]LAGIYLEDTK/2
778.91756937,2,897.427,1.0837622,QDVIITALDNVEAR/2
575.33660495,3,897.427,0.9244743,VPSVSSSALVSSLHLLK/3
881.96471658,2,898.171,1.1213788,LLVLYSGEDDELLQR/2
646.63461723,3,898.171,0.94164354,C[U:Carbamidomethyl]C[U:Carbamidomethyl]LFPFGLHC[U:Carbamidomethyl]TGMPIK/3
546.31296618,3,898.171,0.86981136,LFPLIQAMHPTLAGK/3
911.9343819,2,898.171,1.126946,RLLQSPC[U:Carbamidomethyl]PFC[U:Carbamidomethyl]DSPVF/2
683.67405681,3,898.171,0.95244884,VSVPSNLSYGEWLHGFEK/3
918.94672071,2,898.171,1.1569709,DSEEPFSSVEIQAALSK/2
800.45686169,2,898.171,1.1393217,NLTALGLNLVASGGTAK/2
738.88266391,2,898.171,1.0558487,DIINEEEVQFLK/2
981.00437297,2,898.914,1.201446,IISAASEGGANVFTVSYFK/2
527.28372876,4,898.914,0.8406593,HVFWGSGSHTLPALLENLK/4
939.46762334,2,898.914,1.1455384,EFLPEGQDIGAFVAEQK/2
751.41667387,2,898.914,1.0492077,SPFTVGVAAPLDLSK/2
770.94031619,2,898.914,1.0835593,FIQPNIGELPTALK/2
567.624926,3,898.914,0.87423897,NHQNLLDSLEQYVK/3
702.70921286,3,899.658,0.9755014,HVFWGSGSHTLPALLENLK/3
869.44563671,2,899.658,1.1395307,EQSTC[U:Carbamidomethyl]NFQAIVISLK/2
873.40122916,2,899.658,1.0978519,NGFEQFC[U:Carbamidomethyl]INFVNEK/2
626.64750771,3,899.658,0.92917323,EFLPEGQDIGAFVAEQK/3
629.6667908,3,899.658,0.9115153,IELFVGGELIDPADDRK/3
762.70833244,3,899.658,1.0256555,VEDMAELTC[U:Carbamidomethyl]LNEASVLHNLK/3
883.92622251,2,900.401,1.1217662,VLSEC[U:Carbamidomethyl]SPLMNDIFNK/2
713.41595403,2,900.401,1.058152,ALLLVPASVNC[U:Carbamidomethyl]LR/2
813.45907005,2,900.401,1.0940981,ALIPLALEGTDVGQTK/2
638.00340854,3,901.145,0.9499591,IIEVVDAIMTTAQSHQR/3
956.50147457,2,901.145,1.2688705,IIEVVDAIMTTAQSHQR/2
763.41509672,2,901.145,1.0591002,MSQVPAPVPLMSLR/2
454.57992935,3,901.145,0.78407216,YRPLFDYFLK/3
947.4743941,2,901.145,1.1794903,C[U:Carbamidomethyl]SPTVAFVEFPSSPQLK/2
796.91958068,2,901.145,1.0677778,VTPNEGLTVSFPFGK/2
784.90138794,2,902.632,1.0673296,ENGAFTVLVDNYVK/2
557.27694341,4,902.632,0.851237,LSYLEEAVMHLDHSDPITR/4
723.71105919,3,902.632,0.92324317,LHDINAQLVEDQGFLDTLK/3
789.40770491,3,902.632,1.0261616,EAIVTSEELGQDLEHVEVLQK/3
953.96640196,2,902.632,1.1855172,IAQDLEM[U:Oxidation]YGVNYFSIK/2
742.70016573,3,902.632,1.0043021,LSYLEEAVMHLDHSDPITR/3
848.92011201,2,903.376,1.1059314,NSSYFVEWIPNNVK/2
566.28250016,3,903.376,0.88888854,NSSYFVEWIPNNVK/3
569.6610886,3,903.376,0.8648619,IAPVHIDTESISALIK/3
814.40376346,2,903.376,1.070824,VEGFPTIYFAPSGDK/2
516.91385962,3,903.376,0.89182204,EWYGWHFPELGK/3
751.44048336,2,903.376,1.0680513,VNYVVQEAIVVIR/2
501.29608106,3,903.376,0.81339014,VNYVVQEAIVVIR/3
864.46795774,2,904.12,1.1356353,NALLQLTDSQIADVAR/2
828.42997822,2,904.12,1.1793814,FYEGVVELSLTAAEK/2
611.97584728,3,904.12,0.907972,ILFIFIDSDHTDNQR/3
900.4640264,2,904.863,1.1280111,SLEEGEGPIAVIMTPTR/2
960.03908152,2,905.607,1.2016037,ISSIQSIVPALEIANAHR/2
927.96198526,2,905.607,1.1444479,C[U:Carbamidomethyl]FNTLTNSFQPSLLGR/2
499.26455803,3,905.607,0.78667647,VSDILHSIFSSYK/3
640.36181317,3,906.35,0.9617334,ISSIQSIVPALEIANAHR/3
668.01022875,3,906.35,0.9492417,IPEISIQDMTAQVTSPSGK/3
709.41935399,2,906.35,1.0791532,WLPLGLGLNHLGK/2
781.8961056,2,906.35,1.0619452,ETIIAFAWEPNGSK/2
748.39319881,2,906.35,1.0752527,VSDILHSIFSSYK/2
768.7155985,3,906.35,0.9856919,AVTDSINQLITMC[U:Carbamidomethyl]TQQAPGQK/3
614.01441343,3,906.35,0.9353404,ILDVASLEVLNEVNRR/3
473.28199482,3,906.35,0.8476097,WLPLGLGLNHLGK/3
785.90720166,2,907.837,1.0714953,DDGTGQLLLPLSDAR/2
928.46095237,2,907.837,1.181773,EVMVLNATESFVYEPK/2
877.47217739,2,908.581,1.1229306,EEEVTGPVIAPLFPQK/2
848.41159685,2,908.581,1.1026407,DVTNFTVGGFAPMSPR/2
930.91638608,2,909.324,1.1434005,MEGNAEESTLFC[U:Carbamidomethyl]FAVR/2
956.05112625,2,909.324,1.2444338,VLQALGSEPIQYAVPVVK/2
796.43318966,2,909.324,1.0806425,WFTLSSGQGQVLLR/2
432.606367,3,909.324,0.7907134,LAAVALINAAIQK/3
895.94959779,2,909.324,1.1486793,NDLGVGYLLIGDNDNAK/2
569.95823947,3,909.324,0.8987178,AQLADSFHLQQFFR/3
698.33845683,3,909.324,0.9119903,MDIDVPDVEVQGPDWHLK/3
689.34561142,3,909.324,0.9499563,IVGELEQMVSEDVPLDHR/3
894.46964315,2,909.324,1.1449376,QTDVLQQLSIQMANAK/2
821.07595526,3,909.324,1.0128498,VTFDPTSSYTLEDLKPDTLYR/3
794.37553734,2,910.068,1.060649,QDTFSGTGFFPLDR/2
973.97273849,2,910.068,1.1765876,YVLEPEISFTSDNSFAK/2
575.28021369,3,910.068,0.84558105,GELGC[U:Carbamidomethyl]FLSHYNIWK/3
699.71240007,3,911.556,1.0060002,LALVTGGEIASTFDHPELVK/3
960.44751907,2,912.299,1.1707263,FLQMC[U:Carbamidomethyl]NDDPDVLPDLK/2
892.4597012,2,912.299,1.1531949,VMYTPMAPGNYLISVK/2
830.45293046,2,912.299,1.1205747,QLLSNELLLTQMEK/2
681.02112221,3,912.299,0.94756913,LGGSLADSYLDEGFLLDKK/3
904.43344617,2,912.299,1.1342117,QLDDEEVSEFALDGLK/2
768.37088618,2,912.299,1.0650117,NC[U:Carbamidomethyl]PLIDNIC[U:Carbamidomethyl]AFAK/2
804.86615655,2,913.043,1.0772054,IGDEYFTFITDC[U:Carbamidomethyl]K/2
695.01296106,3,913.043,0.9760485,HVINFDLPSDIEEYVHR/3
740.89898269,2,913.043,1.0788625,NPGFEIIHGLLDR/2
797.36900382,2,913.043,1.0628637,WYQMGAYQPFFR/2
590.33671641,3,913.043,0.88786316,ALESPERPFLAILGGAK/3
494.26841395,3,913.043,0.8095662,NPGFEIIHGLLDR/3
857.95583723,2,913.043,1.1339586,IMLNTPEDVQALVSGK/2
953.95708846,2,913.043,1.1769413,YYLQDGDLDVVFASSSK/2
885.00143638,2,913.043,1.1462889,ALESPERPFLAILGGAK/2
773.71436345,3,913.043,1.0084776,DALLSALSIQNYHLEC[U:Carbamidomethyl]NETK/3
732.40390094,2,913.043,1.0851011,LQLNYLGNYIPR/2
521.51153991,4,913.787,0.8506041,HVINFDLPSDIEEYVHR/4
585.68534561,3,913.787,0.95844954,DPLPPLDPQAIKPILK/3
541.97366663,3,914.53,0.8434031,LAGTQPLEVLEAVQR/3
812.45686172,2,914.53,1.0933679,LAGTQPLEVLEAVQR/2
794.35907943,3,914.53,1.0118245,EEIPEEELAEDVEEIDHAER/3
879.93322782,2,914.53,1.1239649,ELGVGQMDWGNNLGLR/2
831.93355379,2,915.273,1.1010038,VWQLQDLSFQTAAR/2
939.9276111,2,915.273,1.1403357,FFQPTEM[U:Oxidation]AAQDFFQR/2
939.9276111,2,915.273,1.1403357,FFQPTEMASQDFFQR/2
784.9301454,2,916.017,1.1016798,DLANIAEVEVSIPAK/2
756.94285884,2,916.017,1.064301,GQVPPLVTTNFLVK/2
513.96287905,3,916.017,0.80430263,ELLITDLLPDNRK/3
796.93014538,2,916.761,1.0816295,GITGVDLFGTTDAVVK/2
904.98271236,2,916.761,1.1462556,HSQFIGYPITLYLEK/2
879.46075546,2,916.761,1.1428095,LMNETTAVALAYGIYK/2
586.64292913,3,916.761,0.92333317,LMNETTAVALAYGIYK/3
771.92994846,2,917.504,1.0627193,LLDAVDTYIPVPAR/2
603.65756706,3,917.504,0.93186027,HSQFIGYPITLYLEK/3
767.92178905,2,918.248,1.0691127,LLAESVTEVEIFGK/2
886.97182166,2,918.248,1.1499429,VPLQGFAALEGMNGIQK/2
668.64025288,3,918.991,0.9316334,SNMDNMFESYINNLRR/3
692.67289392,3,918.991,0.9662729,LAFSC[U:Carbamidomethyl]IWEMNHNAEILK/3
807.74588649,3,918.991,1.0118245,TPPQLEALQELHPYMEGAQLR/3
888.46996901,2,918.991,1.1232009,TSGVPSGFNFTAPPVLGK/2
963.47818801,2,919.735,1.1798409,WVTTASLLDYDTVAGADK/2
758.86955653,2,919.735,1.0714744,EYQDAFLFNELK/2
992.49024115,2,919.735,1.1950756,IM[U:Oxidation]EFTTTLLNTSPEGWK/2
750.40683751,2,919.735,1.0735148,SLLGEVEQNLQAAK/2
978.99040833,2,920.478,1.1913774,DAATIMQPYFTSNGLVTK/2
662.67663279,3,920.478,0.90037966,EMLFEGGPRPWILEPSK/3
580.99429061,3,920.478,0.8458317,LFLFHTSLPIAEAPGK/3
625.97479023,3,920.478,0.8855615,FFSTLYENC[U:Carbamidomethyl]FHILGK/3
765.7315773,3,921.222,1.0114093,LGEINVIGEPFLNVNC[U:Carbamidomethyl]EHIK/3
902.96505089,2,921.222,1.1360784,QEIFQEQLAAVPEFR/2
721.37735179,2,921.222,1.0573208,YGLFPANYVELR/2
732.40211415,3,921.222,1.0027528,LGAASLGAEDPETQVVLINAVK/3
947.46676614,2,921.965,1.180263,MQQQLDEYQELLDIK/2
941.98089791,2,921.965,1.17385,EQNIVFNAETYSNLIK/2
908.95224032,2,921.965,1.1440048,LMNDMTAVALNYGIYK/2
587.82533214,4,921.965,0.8703436,ISQMPVILTPLHFDRDPLQK/4
783.4313507,3,921.965,1.0273597,ISQMPVILTPLHFDRDPLQK/3
786.43434374,2,921.965,1.0745312,LAVVDPLFGM[U:Oxidation]QPIR/2
631.98026958,3,922.709,0.8940728,MQQQLDEYQELLDIK/3
764.92774016,2,923.452,1.0633206,DPVQLNLLYVQAR/2
782.90561609,2,923.452,1.0858964,AYVEANQMLGDLIK/2
932.40364288,2,924.196,1.1458546,SNM[U:Oxidation]DNMFESYINNLR/2
932.40364288,2,924.196,1.1458546,SNMDNM[U:Oxidation]FESYINNLR/2
876.94378412,2,924.196,1.1449649,SQVVFSAEELIYPDR/2
915.44448259,2,924.196,1.1454257,IVNGWQVEEADDWLR/2
819.44288867,2,924.196,1.1238796,EPVYLSGYGVELAIK/2
870.96567366,2,924.939,1.1359779,VTYTPMAPGSYLISIK/2
990.01134076,2,924.939,1.1972755,TLTTMAPYLSTEDVPLAR/2
580.97954126,3,924.939,0.90662897,VTYTPMAPGSYLISIK/3
688.32655125,3,924.939,0.9730271,NFLYDIAGC[U:Carbamidomethyl]SGTFTVQNR/3
997.98565728,2,925.683,1.1876141,AFC[U:Carbamidomethyl]EPGNVENNGVLSFIK/2
775.94867255,2,925.683,1.1416055,ALIAGGGAPEIELALR/2
902.47673986,2,925.683,1.2412391,YVIWSADMSHVALLAK/2
601.98691873,3,925.683,0.93083405,YVIWSADMSHVALLAK/3
668.34376517,3,926.427,0.87448895,YHQC[U:Carbamidomethyl]ATIQLDFQLPIR/3
858.93615603,2,927.17,1.1346506,QDLEAEVSQLTGEVAK/2
695.04560207,3,927.17,0.9544353,HKPAFTEEDVLNIFPVVK/3
677.66439846,3,927.17,0.98409253,C[U:Carbamidomethyl]EYPAAC[U:Carbamidomethyl]NALETLLIHR/3
739.02817093,3,927.914,0.95744145,DLYANTVLSGGTTMYPGIADR/3
920.43598888,2,927.914,1.1548442,EDFPLIETEDEAYLR/2
554.52294731,4,927.914,0.8477452,DLYANTVLSGGTTMYPGIADR/4
825.92400576,2,928.657,1.1038588,C[U:Carbamidomethyl]DFTGTLIVVPDVSK/2
745.36561718,3,928.657,1.0006276,SSTAISSIAADGEFLHELEEK/3
930.43695442,2,928.657,1.1437023,DQTC[U:Carbamidomethyl]YNIIPLYNSMK/2
652.69602734,3,929.401,0.89104205,LIHFSGVALGEAC[U:Carbamidomethyl]TIVLR/3
825.94051312,2,929.401,1.0899487,VSEYVPEIVNFVQK/2
550.96276757,3,929.401,0.86301005,VSEYVPEIVNFVQK/3
860.40766563,2,929.401,1.1134255,MNSSC[U:Carbamidomethyl]ADILLFASYK/2
834.45378774,2,929.401,1.1605372,AVVYVSDIQELYIR/2
962.45979831,2,930.144,1.1796575,SFITTDVNPYYDSFVR/2
908.90866091,2,930.144,1.133629,VTDEC[U:Carbamidomethyl]IQIMGGMGFMK/2
996.00965531,2,930.144,1.1998487,FVDHVFDEQVIDSLTVK/2
664.3421957,3,930.888,0.9162749,FVDHVFDEQVIDSLTVK/3
954.42638969,2,930.888,1.18444,C[U:Carbamidomethyl]PFVPQMGDEVYYFR/2
758.9221234,2,931.631,1.0737429,EAFAIVSVPVSEIR/2
816.84839801,2,931.631,1.091596,MQYSMEYFQFMK/2
727.3855185,3,932.375,0.9713474,SVLLLAYKPMEGNFEEIAR/3
746.40304362,2,932.375,1.0617276,VLFLLGADGGC[U:Carbamidomethyl]ITR/2
429.4926189,4,932.375,0.780048,LIILDEIHLLHDDR/4
764.92380886,2,933.862,1.0734844,LLTGELLPTDGMIR/2
742.36841606,3,933.862,0.9636558,VIMELFDNDQVGKDEFLGR/3
728.38668703,3,933.862,0.96782523,EPELQQYVPQLQNNTILR/3
589.65891355,3,933.862,0.9128034,ISQMPVILTPLHFDR/3
864.43166367,2,933.862,1.1248164,NLPIYSEEIVEMYK/2
787.77410528,3,934.606,1.0156592,TLAYLLPAIVHINHQPYLER/3
904.96183949,2,934.606,1.1485528,EIGLLSEEVELYGETK/2
946.99621364,2,934.606,1.2410017,SLGETQLVLYGDVEELK/2
784.94708694,2,934.606,1.103479,IPPPVIMVQNVSFK/2
523.63381678,3,934.606,0.8452326,IPPPVIMVQNVSFK/3
928.98363754,2,934.606,1.158991,LSVDEAVDVGLVNEELR/2
840.44121166,2,935.349,1.1007311,YLNTNPVGGLLEYAR/2
810.39560415,2,935.349,1.1189833,DLLIAYYDVDYEK/2
947.95382583,2,935.349,1.1751761,GPAFNMASPESDFGINLK/2
529.2755685,3,935.349,0.8568161,HWPTFISDIVGASR/3
695.01738333,3,935.349,0.97196764,GQTQVLC[U:Carbamidomethyl]TVTFDSLESGIK/3
598.34375955,3,936.093,0.84367967,LSEIPLTLHSVSELVR/3
563.96131521,3,936.093,0.85479933,SEQLEELFSQVGPVK/3
845.43833458,2,936.836,1.0984796,SEQLEELFSQVGPVK/2
814.69620394,3,936.836,1.0117145,YEEYDNAIITMMNHPTDAWK/3
540.26093062,3,936.836,0.8625568,C[U:Carbamidomethyl]ELYHWVDLLDR/3
780.40077328,3,936.836,0.99504274,IDQLEGDHQLIQEALIFDNK/3
882.90614742,2,937.58,1.1157631,YANMWLEYYNLER/2
827.42776992,2,938.324,1.0903889,DPYTGQSVSLFQALK/2
546.60570944,3,938.324,0.86275625,SQPDMAIMAVNSFVK/3
912.51490791,2,938.324,1.1688104,QLLVEAIDVPAGTATLGR/2
764.6893837,3,938.324,0.9998113,DNTC[U:Carbamidomethyl]VVEFQFMLPTSHPNR/3
799.95362051,2,938.324,1.1071283,VGIQLPEVELSVSTK/2
800.08931883,3,938.324,0.98438185,VLLIESLATMEPDSRPELQEK/3
842.95088089,2,939.067,1.1357499,FIAYQFTDTPLQIK/2
819.40492593,2,939.067,1.0878458,SQPDMAIMAVNSFVK/2
848.41485949,2,939.811,1.1010313,EENLADWYSQVITK/2
667.69943743,3,939.811,0.9371519,MLVTFDEELRPLPVSVR/3
926.01474074,2,939.811,1.2119112,LLPVLLSTAQEADPEVR/2
841.47779413,2,939.811,1.1056927,LNALLEPGGVLTISER/2
617.67891931,3,939.811,0.9148365,LLPVLLSTAQEADPEVR/3
786.92760274,2,940.554,1.0744287,IEEVLSGVLDTELR/2
792.41941354,2,940.554,1.0642163,ELDSITPEVLPGWK/2
884.46742636,2,940.554,1.1256211,GLPLVDDGGWNTVPISK/2
987.97254993,2,940.554,1.1816272,TGLWVGDC[U:Carbamidomethyl]FIYTSSVNR/2
812.94886948,2,941.298,1.0962081,TGAIVDVPVGEELLGR/2
685.34957319,3,941.298,0.90384513,REYEIPSNLTPADVFFR/3
972.46201502,2,941.298,1.2772092,DSDPVMAGIGEEIAHFQK/2
840.92559135,2,942.041,1.098076,ETDDTLVLSFVGQTR/2
866.44227427,2,942.041,1.1075541,NNSELLNNLGNFINR/2
706.71737962,3,942.041,0.9410329,VAIQLNDTHPALSIPELMR/3
988.4840017,2,942.785,1.1765041,DDVAQTDLLQIDPNFGSK/2
855.39360108,2,942.785,1.1058136,DDPSAMDFVTSAANLR/2
518.28188333,3,943.528,0.83506316,GFVHPDPLWIPFK/3
590.31732748,3,943.528,0.96219444,AC[U:Carbamidomethyl]ANPAAGSVILLENLR/3
826.43813766,2,943.528,1.1080831,AAQAPSSFQLLYDLK/2
556.61581365,3,943.528,0.844816,NQHFEVPFIAFYR/3
884.97235299,2,944.272,1.1387006,AC[U:Carbamidomethyl]ANPAAGSVILLENLR/2
540.94606608,3,944.272,0.87177765,ETGLMYSIMVHALR/3
722.03224415,3,944.272,0.93588847,GFFDPNTHENLTYVQLLR/3
851.91214961,2,944.272,1.1576992,EAWEEEQEVAELLK/2
680.71737402,3,944.272,0.9692007,VLVTVIQGAVEYPDPIAQK/3
519.94722896,3,944.272,0.82903194,SPQTPELVEALAFR/3
776.91918676,2,944.272,1.0910858,GFVHPDPLWIPFK/2
981.0007845,2,945.759,1.1839621,MLSAVSQQVQC[U:Carbamidomethyl]IQEALR/2
869.43833459,2,945.759,1.1224477,ATSIDPNTYITWIDK/2
886.92981947,2,945.759,1.1218302,DPYSGSTISLFQAMQK/2
903.9778239,2,945.759,1.1485217,QLLDETSAITLTSTWK/2
728.73011934,3,945.759,0.93918353,GKPEIVGSNLDTLVSIGLDEK/3
507.28155459,3,946.502,0.8534005,FGANAILGVSLAVC[U:Carbamidomethyl]K/3
782.91449536,2,946.502,1.1092257,ELLQSFDSALQSVK/2
828.39201556,2,946.502,1.1185703,IFAMDENLSSIMER/2
760.41869365,2,947.246,1.0667298,FGANAILGVSLAVC[U:Carbamidomethyl]K/2
882.44953042,2,947.246,1.1360062,SILVPNEELSMVMSSK/2
774.97161635,2,947.246,1.0920222,TLQSLLTPQPPLLK/2
667.34471075,3,947.989,0.92999554,DLSSHQLNEFLAQTLQR/3
718.33823955,3,947.989,0.98724645,GQC[U:Carbamidomethyl]DLELINVC[U:Carbamidomethyl]NENSLFK/3
686.99821168,3,947.989,0.91786706,DDAIVC[U:Carbamidomethyl]NIGHFDVEIDVK/3
830.47505454,2,948.733,1.1185856,YTQQIIQGIQQLVK/2
961.47478809,2,948.733,1.2008103,MQLSAELQSDTEEILSK/2
948.9286362,2,948.733,1.1557505,AAQTAEDAMQIMEQMTK/2
490.57575025,3,948.733,0.80106634,ESGC[U:Carbamidomethyl]SFVLALMQK/3
543.9677415,3,948.733,0.88455147,GIEKPPFELPDFIK/3
749.92053787,2,948.733,1.056681,C[U:Carbamidomethyl]PVVLAPLLYPEK/2
777.44850541,2,949.477,1.0991981,LLEQALVIEEQLR/2
791.9108984,2,949.477,1.0673193,NFTTEQVTAMLLSK/2
954.47627649,2,949.477,1.1923718,EELGTVNGMTITMVGDLK/2
827.88976904,2,950.22,1.0839679,YFVTFPYPYMNGR/2
954.98479166,2,950.22,1.1914151,SDMYILNESLTDPAIVK/2
937.48634746,2,950.22,1.1562451,GEELLSPLNLEQAAYAR/2
577.96378532,3,950.22,0.9060771,ALESDMAPVLIMATNR/3
824.91416941,2,950.22,1.0844784,C[U:Carbamidomethyl]ITDTLQELVNQSK/2
518.63476243,3,950.22,0.83480203,LLEQALVIEEQLR/3
866.44203975,2,950.963,1.1435765,ALESDMAPVLIMATNR/2
892.99889373,2,950.963,1.1491457,ILLGSEQGSLQLWNVK/2
590.95775435,3,950.963,0.85352236,AAVMHDILDMMPEGIK/3
955.46748594,2,951.707,1.1806759,EFLLSLDDSVDETEAVK/2
728.73190607,3,951.707,0.9819945,VFHLPTTTFIGGQESALPLR/3
658.37371876,3,951.707,0.9409236,EHLLQGLLPDVQVPTSVK/3
694.03336778,3,951.707,0.9274827,NLNLNDESQHGLLMQLLK/3
966.95076024,2,951.707,1.1709814,DAGMAEAWLC[U:Carbamidomethyl]SQEPLVR/2
860.92506002,2,952.45,1.1056955,VELTITPDFQWDEK/2
731.40731102,3,952.45,0.9352949,IPGLLSPHPLLQLSYTATDR/3
561.94566514,3,952.45,0.8661829,AANSLEAFIFETQDK/3
794.44236573,2,953.194,1.0953234,VAC[U:Carbamidomethyl]ITEQVLTLVNK/2
842.41485947,2,953.194,1.1502774,AANSLEAFIFETQDK/2
533.3031242,3,953.194,0.8251545,LNLLHEFLQTEIK/3
939.95636854,2,953.937,1.166764,NPLFC[U:Carbamidomethyl]GAENTSLWELK/2
529.96400264,3,953.937,0.8277245,VAC[U:Carbamidomethyl]ITEQVLTLVNK/3
912.46234105,2,953.937,1.1564177,ENYLEENLLYAPSLR/2
838.95890289,2,954.681,1.1750572,YEILQSVDDAAIVIK/2
754.88194401,2,954.681,1.057914,AAMIWIVGEYAER/2
559.64169408,3,954.681,0.85979897,YEILQSVDDAAIVIK/3
735.93757657,2,955.425,1.061615,YQQAGLPLIVLAGK/2
902.92843085,2,955.425,1.1688334,LLMSEDYFTQAMEVK/2
940.97802085,2,955.425,1.1801207,EASDIILTDDNFTSIVK/2
745.89048896,2,955.425,1.0634203,DGIQLSEYLPEVK/2
980.47373383,2,955.425,1.17707,C[U:Carbamidomethyl]VEDPETGLC[U:Carbamidomethyl]LLPLTDK/2
812.38283943,2,955.425,1.0965856,DTNMGAWFEAQVVR/2
766.92159212,2,955.425,1.1239537,TVQTAVFLYSLYK/2
807.9078244,2,956.168,1.0759634,AFYPEEISSMVLTK/2
919.50454018,2,956.168,1.1467018,SVPNQPSTNEILQAVLK/2
873.42830121,2,956.912,1.1259637,SAFSNLFGGEPLSYTR/2
938.98829985,2,957.655,1.207648,AGKPVIC[U:Carbamidomethyl]ATQMLESMIK/2
861.45907004,2,957.655,1.0920303,VESLESLYFTPIPAR/2
626.32795872,3,957.655,0.905527,AGKPVIC[U:Carbamidomethyl]ATQMLESMIK/3
952.52801528,2,957.655,1.2110649,GHVDILAPTVQELAALEK/2
921.98512606,2,957.655,1.14962,VC[U:Carbamidomethyl]NDEQLLLELQQIK/2
635.35443567,3,957.655,0.9580302,GHVDILAPTVQELAALEK/3
771.72754903,3,957.655,0.9944629,EQELQQTLQQEQSVLDQLR/3
645.34253007,3,957.655,0.9010497,DNHLLGTFDLTGIPPAPR/3
532.6290658,3,957.655,0.8771963,ALQLLHC[U:Carbamidomethyl]FPLDIR/3
967.51015687,2,957.655,1.222656,DNHLLGTFDLTGIPPAPR/2
739.70738685,3,957.655,0.94461066,GDC[U:Carbamidomethyl]TVLKPTLMAAVPEIMDR/3
614.99250953,3,958.399,0.92648226,VC[U:Carbamidomethyl]NDEQLLLELQQIK/3
768.90254203,2,958.399,1.0581877,TFAPEEISAMVLTK/2
975.49998618,2,958.399,1.2591525,LQQELDDLLVDLDHQR/2
685.99211416,3,958.399,0.92875123,STNGDTFLGGEDFDQALLR/3
966.49671518,2,959.142,1.2328537,EAEAAIYHLQLFEELR/2
857.95415184,2,959.142,1.1182194,VQSDGQIVLVDDWIK/2
853.96485391,2,959.142,1.1132112,LLGPNASPDGLIPWTR/2
680.68832108,3,959.142,0.9889692,VVSQYSSLLSPMSVNAVMK/3
860.46742639,2,959.142,1.1277845,SGGVNQYVVQEVLSIK/2
650.66908294,3,959.142,0.943939,LQQELDDLLVDLDHQR/3
572.30519338,3,959.142,0.90610534,VQSDGQIVLVDDWIK/3
809.4515794,2,959.142,1.0769438,LLELQSIGTNNFLR/2
853.94599245,2,959.887,1.130188,DGTIDFTPGSELLITK/2
644.66690228,3,959.887,0.92384297,EAEAAIYHLQLFEELR/3
772.42364164,2,959.887,1.0797646,EPEVLSTMAIIVNK/2
515.28485325,3,959.887,0.83987087,EPEVLSTMAIIVNK/3
736.39814683,2,959.887,1.0499289,QIEILELEDLEK/2
863.38812178,2,960.63,1.0990763,VWLWTAC[U:Carbamidomethyl]DFADGER/2
611.96513187,3,960.63,0.89566386,MMLDQC[U:Carbamidomethyl]LELQLFHR/3
961.96947596,2,960.63,1.1688102,FLQDC[U:Carbamidomethyl]QELSLWINEK/2
693.70887852,3,961.374,0.9162177,GIDIHGVPYVINVTLPDEK/3
595.31151384,3,961.374,0.86347395,LRPLYDIPYMFEAR/3
815.44596265,2,961.374,1.0919837,LGTPVLQALGDGDFVK/2
801.9190578,2,962.117,1.0744457,IMGNIWDASLVVER/2
762.93523081,2,962.861,1.0683587,GDINILLIGDPSVAK/2
742.39859257,3,962.861,0.9551844,EELSALVAPAFAHTSQVLVDK/3
921.47818803,2,962.861,1.1431872,SEGALELADVSNELPGLK/2
553.96992215,3,962.861,0.8509156,ALTVPELTQQVFDAK/3
834.415825,2,962.861,1.0959028,MVSAVLNGMLDQSFR/2
612.99490746,3,962.861,0.8830256,SLVEIIEHGLVDEQQK/3
556.61297549,3,962.861,0.8795702,MVSAVLNGMLDQSFR/3
567.6381781,3,962.861,0.87176734,QAAC[U:Carbamidomethyl]TIVEALATIPSR/3
872.43598883,2,963.604,1.138107,EEVGEEAIVELVENGK/2
772.42195621,2,963.604,1.0813828,VFGAPEVLENLEVK/2
830.45124499,2,963.604,1.1163123,ALTVPELTQQVFDAK/2
561.30665135,3,963.604,0.8803114,NTIEMQAITALAHLR/3
673.66199487,3,963.604,0.88294417,SIFYVPDMKPSMFDVSR/3
758.74359436,3,963.604,0.97227675,MGLVDQLVEPLGPGLKPPEER/3
966.43358363,2,964.348,1.1802518,TYFYQLWYDQDYAR/2
772.91238688,2,964.348,1.0723122,ENVIMSQILPC[U:Carbamidomethyl]IK/2
889.97742998,2,964.348,1.1367569,HSQFIGYPITLFVEK/2
519.9593575,3,964.348,0.7990444,SYHLSELVQQILK/3
908.01474074,2,964.348,1.1591327,TVGALQVLGTEAQSSLLK/2
796.91958073,2,964.348,1.1226592,LVIDQIDNGFFSPK/2
941.96439053,2,964.348,1.1879643,DQGSFTEVVSISNLGMAK/2
551.64918302,3,964.348,0.8664029,SLEQNIQLPAALLSR/3
675.69697296,3,965.091,0.98847437,HVQLVLGQLIDENYLDR/3
593.65404547,3,965.091,0.92261,HSQFIGYPITLFVEK/3
728.71139354,3,965.091,0.9848881,FANSLVGVQQQLQAFNTYR/3
827.41889057,2,965.091,1.1048083,VNAMTFTFDNVLPGK/2
689.68132287,3,965.091,0.91273284,QINIHNLSAFYDSELFR/3
705.70491677,3,965.835,0.956066,KLDVSIEMPEELDISQLR/3
931.93015379,2,965.835,1.1458527,FFQPTEMAAQDFFQR/2
571.28972133,3,965.835,0.9000911,AHMGMFTELAILYSK/3
864.95478304,2,965.835,1.1287276,C[U:Carbamidomethyl]ITDPQTGLC[U:Carbamidomethyl]LLPLK/2
746.39597171,3,965.835,0.99399537,SFAMSAVITEGVKPTLSELEK/3
519.28859775,3,965.835,0.8218601,LTDQLPLIIVC[U:Carbamidomethyl]DR/3
755.71592725,3,965.835,1.015854,DSNSLAYYNMANGAVIHLALK/3
973.50747682,2,966.579,1.1870233,LQVELDNVTGLLSQSDSK/2
818.71777914,3,966.579,1.02232,LSSC[U:Carbamidomethyl]DSFTSTINELNHC[U:Carbamidomethyl]LSLR/3
540.95002782,3,966.579,0.8089709,LHFFMPGFAPLTSR/3
866.94124139,2,966.579,1.1241071,VIFLEDDDVAAVVDGR/2
826.9701363,2,966.579,1.1118087,SLEQNIQLPAALLSR/2
810.9214035,2,967.322,1.101401,LHFFMPGFAPLTSR/2
787.77410527,3,967.322,1.0150838,TLSYLLPAIVHINHQPFLER/3
942.476511,2,968.066,1.2802356,NEEDAAELVALAQAVNAR/2
628.65343282,3,968.066,0.96282405,NEEDAAELVALAQAVNAR/3
689.64606093,3,968.81,0.9400567,DDDSNFHMDFIVAASNLR/3
983.49945483,2,968.81,1.2018496,LYIVFEGEEGQDAGGLLR/2
685.70049451,3,968.81,0.91881144,LEGVLAEVAQHYQDTLIR/3
881.92833097,2,968.81,1.1207746,DDPLTNLNTAFDVAEK/2
822.38907892,2,968.81,1.097349,FMNPFNMPNLYQK/2
939.99895328,2,969.553,1.211481,TVQLTSSELESTLETLK/2
657.68970689,3,969.553,0.9804528,AIEPPPLDAVIEAEHTLR/3
969.97188121,2,969.553,1.175706,MVEDLISVGEEESFNLK/2
985.04330122,2,969.553,1.1863129,IGPYQPNVPVGIDYVIPK/2
676.34923884,3,969.553,0.9865711,LLSEEVFDFSSGQITQVK/3
680.38936883,3,970.297,0.9649455,EGDIIPPLTGATPPLIGHLK/3
892.94632676,2,970.297,1.1295024,FSNTGEDWYVLVGVAK/2
784.39488418,2,971.04,1.0831311,AFDSGIIPMEFVNK/2
718.39484815,3,971.04,0.92711616,KLELDILPLQEANAELSEK/3
710.70016574,3,971.04,0.9943047,VIESTQDLGNDLAGVMALQR/3
986.01474073,2,971.04,1.2080904,QHFPATPLLDYALEVEK/2
610.99055175,3,971.04,0.9459425,FDLSQNHPLGMAIFLK/3
945.96894465,2,971.783,1.189332,IAQDLEMYGVNYFSIK/2
974.47799112,2,971.783,1.1896839,YEDAYQYQNIFGPLVK/2
600.63694303,3,971.783,0.91376793,AYLPVNESFGFTADLR/3
704.33980335,3,971.783,0.9620237,SDIYVC[U:Carbamidomethyl]MISFAHNVAAQGK/3
900.45177631,2,971.783,1.1474488,AYLPVNESFGFTADLR/2
931.47185143,2,973.271,1.1620096,ALEFGEPVLLVGDTGC[U:Carbamidomethyl]GK/2
752.04063374,3,973.271,0.9787849,GVNWAAFHPTMPLIVSGADDR/3
903.99106868,2,974.014,1.159953,NAQLAQYNFILVVGEK/2
836.96706225,2,974.014,1.1206095,IFQNLNGALDEVVLK/2
564.62727905,3,974.014,0.8430127,ALTVPELTQQMFDAK/3
997.05185453,2,974.758,1.2082988,EGDTIIVPGVEGPIVTQIR/2
908.48000245,2,974.758,1.1427593,LAQDPFPLYPGEVLEK/2
846.43728034,2,974.758,1.1226863,ALTVPELTQQMFDAK/2
657.67891931,3,974.758,0.8738063,QHFPATPLLDYALEVEK/3
827.90720161,2,974.758,1.0987308,DFTATFGPLDSLNTR/2
952.4500618,2,974.758,1.1634917,IYDQLYDEVNMMTIR/2
803.44596266,2,975.501,1.1043423,LAATNALLNSLEFTK/2
890.45418162,2,975.501,1.1497701,EASSASQFEELEIVLK/2
968.46273493,2,976.244,1.1598843,EADESLNFEEQILEAAK/2
521.61195775,3,976.988,0.7554106,FHVDISLTDFIQK/3
789.93725061,2,976.988,1.1325631,YAIQLITAASLVC[U:Carbamidomethyl]R/2
456.93811667,3,976.988,0.81110823,EGGFLLLHTLLR/3
658.34684089,3,976.988,0.9640966,KIEDLGAAMEEALILDNK/3
943.50948819,2,976.988,1.1946242,EVENLILENTQLLETK/2
889.47386285,2,976.988,1.1464989,ELYAGMPTIQITALEK/2
688.69318916,3,976.988,0.99523044,DMAGLLKPTAC[U:Carbamidomethyl]TMLVSSLR/3
875.44193993,2,977.732,1.1167452,DTGNFVIGQILSDQSR/2
938.4809277,2,977.732,1.1731259,DTILQTVDLVSQETGEK/2
866.44361693,2,977.732,1.1193504,DFADILVQPTLEENK/2
517.95695953,3,978.475,0.8378943,ALLADAQLMLDHLK/3
876.93120808,2,979.219,1.1081187,DAFQNAYLELGGLGER/2
779.90033372,2,979.219,1.0660288,NTLEWC[U:Carbamidomethyl]LPVIDAK/2
789.40324054,2,979.219,1.0743058,QAMTSIWNALVTDK/2
788.91324414,2,979.219,1.0669839,IVSLMWDPVTPYR/2
979.48928403,2,979.962,1.1980643,DTLVQGLNEAGDDLEAVAK/2
586.32263015,3,979.962,0.85695815,GFHQVPFAPIVFIER/3
853.92084036,2,979.962,1.0933716,DLQEEVSNLYNNIR/2
985.02309709,2,979.962,1.2002299,IAPLEEGTLPFNLAEAQR/2
722.03336776,3,979.962,0.92307043,ESGYNMIHFTPLQTLGLSR/3
770.38485086,2,979.962,1.0623865,EC[U:Carbamidomethyl]GNYPGFLTILR/2
829.94599244,2,979.962,1.1263218,DVTVLSVAEEQDLLK/2
877.94441528,2,979.962,1.1217297,LYTVC[U:Carbamidomethyl]DVALC[U:Carbamidomethyl]VINSK/2
813.44319534,3,979.962,0.9942378,FGAILAQGILDAGGHNVTISLQSR/3
479.57121655,3,980.706,0.7809661,DIINMLFYHDR/3
878.98030699,2,980.706,1.1298996,GFHQVPFAPIVFIER/2
816.86414521,2,981.449,1.0718346,SDYDMVDYLNELR/2
925.4735369,2,981.449,1.1741637,TMQALEIELQSQLSMK/2
669.99262093,3,981.449,0.94256896,AIMTYVSSFYHAFSGAQK/3
542.65393403,3,981.449,0.86511236,RESPEVLLTLDILK/3
617.31811675,3,981.449,0.9029491,TMQALEIELQSQLSMK/3
907.95329452,2,981.449,1.1503056,FLEGTSC[U:Carbamidomethyl]IAGVFVDATK/2
786.9263515,2,982.192,1.0616887,MNLPGEVTFLPLNK/2
904.45926698,2,982.192,1.1426092,LFVGNLPADITEDEFK/2
931.99654802,2,982.192,1.1633053,ITISSLQDLTLYNPER/2
643.31855694,3,982.192,0.9442372,DIPFSAIYFPC[U:Carbamidomethyl]YAHVK/3
970.03600753,2,982.192,1.2013919,IAPLAEGALPYNLAELQR/2
966.97422699,2,982.936,1.1916629,IAQDLEMYGVNYFEIK/2
871.94398112,2,982.936,1.1231544,EQDDLLVLLADQDQK/2
963.47492546,2,982.936,1.1844192,TIVADAMQGPAAYSDLFR/2
967.54092567,2,983.68,1.2149104,VPAGNWVLIEGVDQPIVK/2
814.94306425,2,983.68,1.0889852,SVLDAAQIVGLNC[U:Carbamidomethyl]LR/2
874.46162113,2,983.68,1.1223015,IVGDLAQFMVQNGLSR/2
764.92011204,2,983.68,1.0724618,NDGAAILAAVSSIAQK/2
575.99635983,3,983.68,0.9227198,VEAAIALQVLISNQEK/3
923.44170541,2,983.68,1.1673558,MYVPMTEDIYNAISAK/2
621.6546623,3,983.68,0.89717835,TEAEQQITEVFVLAER/3
645.3630426,3,984.423,0.94493103,VPAGNWVLIEGVDQPIVK/3
868.48677323,2,984.423,1.138109,LGSIAEIDLGVPPPVMK/2
835.39984059,2,985.167,1.0910305,FEILSVESLC[U:Carbamidomethyl]EGMR/2
821.45157936,2,985.167,1.1018454,LAFLNVQAAEEALPR/2
829.91228696,2,985.167,1.0936118,GGDINFVFTGFSVNGK/2
995.02901061,2,985.167,1.1949656,VQSSEMGTSVLIMQPILR/2
615.96356243,3,985.167,0.89365196,MYVPMTEDIYNAISAK/3
878.97963828,2,986.654,1.1474572,VSYFPTVPGVYIVSTK/2
962.96967292,2,986.654,1.1790391,LSEEASQALIEAYVDMR/2
943.9027558,2,986.654,1.1448938,DNPNLLFNMC[U:Carbamidomethyl]GFEC[U:Carbamidomethyl]R/2
896.94292682,2,986.654,1.1309336,LEAELGNMQGLVEDFK/2
556.97490169,3,986.654,0.84394294,SPLVMDVLNIQGVQR/3
834.9587143,2,986.654,1.0802644,SPLVMDVLNIQGVQR/2
642.31554077,3,986.654,0.93744606,LSEEASQALIEAYVDMR/3
703.36013788,3,986.654,0.9831561,TISQTSAPVWDESASFLIR/3
598.29771004,3,986.654,0.8689472,LEAELGNMQGLVEDFK/3
932.9336133,2,987.398,1.174624,ETGWASFSEFTSSLSTK/2
759.87411896,2,987.398,1.0710787,NNVAFMSYFLQGK/2
684.05410322,3,987.398,0.9623532,QLGPQVQQIILVSPMGVSR/3
845.46214401,2,987.398,1.1477239,FAVLTGLVEVGEVSNR/2
690.0514158,3,988.141,0.9926508,ILTATVDNANILLQIDNAR/3
958.01219809,2,988.141,1.1931207,YGDLLPADGILIQGNDLK/2
929.47270871,2,988.141,1.1874443,AYSEALAAFGNGALFVEK/2
757.4272386,2,988.885,1.0772583,GEVLGDVLQLETLK/2
926.45217028,2,989.628,1.1594682,EDIDAAIETYNLLSER/2
825.48489087,2,989.628,1.1484618,LFVEALGQIGPAPPLK/2
483.280431,3,989.628,0.8038387,RSFLLDLLNATGK/3
815.95121524,2,989.628,1.1182762,LAALADQWQFLVQK/2
510.61693166,3,989.628,0.8371169,HGFLEEFITPIVK/3
683.34605164,3,989.628,0.9192495,IPYLPITNFNQNWQDGK/3
926.97931233,2,989.628,1.1729994,LFPNMLPSTFETQSLK/2
974.98585429,2,990.372,1.1884128,GILAVLDEAC[U:Carbamidomethyl]SSAGTITDR/2
784.45633041,2,990.372,1.112102,TIAIIAEGIPEALTR/2
653.01078041,3,990.372,0.88608813,FDLNEPLHLSFLQNAAK/3
794.95088091,2,991.115,1.098682,VLLLSSPGLEELYR/2
523.30664576,3,991.115,0.8788344,TIAIIAEGIPEALTR/3
994.50420578,2,991.859,1.2052817,LSPEPWTPETGLVTDAFK/2
830.94167566,2,991.859,1.1308519,AVQTLQMELQQIMK/2
802.75438196,3,991.859,1.0023785,LSSIIDC[U:Carbamidomethyl]TGTASYHGFLPVLVR/3
810.90254205,2,992.602,1.0810027,ISATSIFFESMPYK/2
797.87483884,2,992.602,1.0663774,GYAFIEFASFEDAK/2
563.29429991,3,993.346,0.8717264,SGAAQGLAEVMAGLGVEK/3
970.01781481,2,994.089,1.1850579,LLQQVSQIYQSIEFSR/2
963.99962196,2,994.089,1.1839033,VTIDPENNLISIWNNGK/2
737.42090202,2,994.089,1.0616938,TIEC[U:Carbamidomethyl]ISLIGLAVGK/2
787.40409783,2,994.089,1.0687257,VGDQVWLFIDEPR/2
844.43781164,2,994.089,1.1084772,SGAAQGLAEVMAGLGVEK/2
828.88233793,2,994.833,1.0987933,VEFEELC[U:Carbamidomethyl]ADLFER/2
985.96947592,2,996.32,1.177283,FFGGYVPEMVLTPDDQR/2
862.91925476,2,996.32,1.122058,AC[U:Carbamidomethyl]YALENFVENLGPK/2
948.53108929,2,996.32,1.1692246,INISQVIAVVGQQNVEGK/2
818.91618073,2,996.32,1.1303941,SDPGLLTNTMDVFVK/2
657.64874277,3,997.064,0.90096456,FFGGYVPEMVLTPDDQR/3
774.05801308,3,997.807,1.002263,GEPETFLPLDYLEVKPTDEK/3
838.92519744,2,997.807,1.0933203,YSNFVSFPLYLNGR/2
561.65516908,3,997.807,0.85789645,VLQEALC[U:Carbamidomethyl]VISGVPGLK/3
772.40938018,2,997.807,1.0747333,EWTLEAGALVLADR/2
948.45078169,2,997.807,1.1646153,EALIEIDYGDLC[U:Carbamidomethyl]EDLK/2
678.69071905,3,997.807,0.92938596,LKLEAELGNMQGLVEDFK/3
831.97488726,2,997.807,1.1015596,VPTLAVPAISLPDDVR/2
715.70027164,3,997.807,0.98499304,VDYEYSELLLYQNQVLR/3
621.98070973,3,998.551,0.88870364,KIPNPDFFEDLEPFR/3
914.43598885,2,998.551,1.1312201,EEYNGVIEEFLATGEK/2
789.87748978,2,998.551,1.0873257,MNTLQAIWMMDPK/2
771.70005428,3,998.551,0.96908885,VDLNSNGFIC[U:Carbamidomethyl]DYELHELFK/3
841.97911539,2,998.551,1.1512629,VLQEALC[U:Carbamidomethyl]VISGVPGLK/2
797.87494709,2,998.551,1.0854595,M[U:Oxidation]NTLQAIWMMDPK/2
703.33700452,3,999.294,0.9424815,DQMQQQLNDYEQLLDVK/3
687.35751704,3,1000.038,0.9601663,LGGTIDDC[U:Carbamidomethyl]ELVEGLVLTQK/3
872.94886945,2,1000.038,1.1635251,GVAFVGGFSYADVLGSAK/2
952.01781475,2,1000.038,1.1775538,SISVNQWGSQLGLSVLSK/2
878.48000247,2,1000.038,1.1409192,DLYLIPLSAQDPVPSK/2
930.48347042,2,1000.038,1.1718737,AELGTDLLSQLSLEDQK/2
949.4553441,2,1000.038,1.1636533,GIDIQDVSMVVNYDMAK/2
773.43704731,3,1000.038,0.97411746,EVTLALLSLPETHLVTQQPTK/3
893.4965182,2,1000.782,1.1423491,NNGVLFENQLLQIGVK/2
771.42175928,2,1000.782,1.0764503,IWYGTGLTFVSGLK/2
943.48634741,2,1000.782,1.1676067,VSIDPESNIISIWNNGK/2
886.46983171,2,1000.782,1.1460642,QQEVEAITLELEELK/2
591.31564663,3,1000.782,0.90360224,QQEVEAITLELEELK/3
839.40631457,2,1001.525,1.0808772,NNDLC[U:Carbamidomethyl]YWVPELVR/2
942.99635106,2,1001.525,1.1731097,LAQEGIYTLYPFINSR/2
897.43886588,2,1001.525,1.1444596,AVEVAWETLQEEFSR/2
652.95881139,3,1001.525,0.89335084,HPWDDISYVLPEHMSM/3
748.44576572,2,1001.525,1.0765566,LAQVSPELLLASVR/2
579.360862,3,1001.525,0.882165,ILISLRPQELVDVIK/3
681.40557788,2,1001.525,1.0413696,VFSATLGLVDIVK/2
899.96471653,2,1002.268,1.1534005,LFIGGLSFETTEESLR/2
721.05991127,3,1002.268,0.9880102,DLLFGSIVAVDEPTRPIYR/3
628.99999286,3,1002.268,0.92904145,LAQEGIYTLYPFINSR/3
978.93457885,2,1002.268,1.17642,HPWDDISYVLPEHMSM/2
801.95870591,2,1002.268,1.1234759,IPVDTYNNILTVLK/2
986.95709682,2,1002.268,1.1664474,EDGVFNISVDNTC[U:Carbamidomethyl]SLFR/2
768.89759409,2,1003.012,1.081796,WAIAQLNYADMLK/2
590.30737404,3,1003.012,0.84791064,GLGTDEDTIIDIITHR/3
842.46742639,2,1003.012,1.1320302,ILDVASLEVLNEVNR/2
828.91546088,2,1003.012,1.0759239,LLENMPMPWEQIR/2
828.4018895,2,1003.756,1.083143,VDNAYWLWTFQGR/2
777.4234447,2,1004.499,1.0749372,LYSPSQIGAFVLMK/2
894.40482608,2,1004.499,1.111064,GWEWEGEWIVDPER/2
920.96999886,2,1004.499,1.176073,VLSDVDAFIAYVGTDQK/2
778.36018409,2,1004.499,1.0565683,MFVLDEADEMLSR/2
531.03263953,4,1005.243,0.7987175,QQDVIYELIQTELHHVR/4
769.89610564,2,1005.243,1.0749929,LAGFLDLTEQEFR/2
872.44405112,2,1005.243,1.1349427,VNEMIIGGGM[U:Oxidation]AFTFLK/2
920.9832437,2,1005.243,1.1798228,QQQWLLYLSNSGYLK/2
653.99211415,3,1005.243,0.95719975,DTNGENIAESLVAEGLATR/3
837.45187617,2,1005.243,1.1141891,VVVENGELIMGILC[U:Carbamidomethyl]K/2
796.37107473,2,1005.987,1.0805873,MFFDALYDEDVVK/2
758.37754869,2,1005.987,1.0761309,EVAFFNNFLTDAK/2
737.02973475,3,1005.987,1.0008162,QWIQISDAVYHMVYEQAK/3
932.44329095,2,1006.73,1.1429758,NDALEMVEETTWQGLK/2
760.42757293,2,1006.73,1.0701314,VLAFLSSVAGDALTR/2
778.93215684,2,1006.73,1.0558597,LDQLIYIPLPDEK/2
871.43579191,2,1006.73,1.1282094,QSEDLGSQFTEIFIK/2
826.43050955,2,1006.73,1.099201,TSQTVATFLDELAQK/2
671.99105715,3,1007.474,0.93718606,YYGGAEVVDEIELLC[U:Carbamidomethyl]QR/3
795.94814122,2,1007.474,1.1078805,GQQELLYVVPFVAK/2
676.03336216,3,1007.474,0.9741215,IISSDRDLLAVVFYGTEK/3
507.28747411,3,1007.474,0.8605286,VLAFLSSVAGDALTR/3
481.60491464,3,1007.474,0.7933764,LPDIFEAQIAGLR/3
834.43559493,2,1008.217,1.1053487,DAVLYFSESLVPTAR/2
899.00945843,2,1008.961,1.171241,NVQALEIELQSQLALK/2
850.37468003,2,1008.961,1.1142985,AWMWLASDFSDGDAK/2
655.02508958,3,1008.961,0.9302257,NPELSTQLIDIIHTAAAR/3
979.99453658,2,1009.705,1.1929929,GHYTEGAELVDSVLDVVR/2
915.97950926,2,1009.705,1.1596014,MSINAEEVVVGDLVEVK/2
761.9637913,2,1009.705,1.073621,VLLATLSIPITPER/2
781.89452844,2,1009.705,1.1205939,NPFLSLAAC[U:Carbamidomethyl]VMPSR/2
929.04022718,2,1009.705,1.1557214,ILDSFAAAPVPTTTLVLK/2
793.92486306,2,1009.705,1.0936551,IPVENILGEVGDGFK/2
653.66544988,3,1010.448,0.9795436,GHYTEGAELVDSVLDVVR/3
773.42090201,2,1010.448,1.0704924,FGLEGC[U:Carbamidomethyl]EVLIPALK/2
459.59060548,3,1010.448,0.8346648,ADVFHAYLSLLK/3
886.43219498,2,1011.192,1.1270256,DPYTEQTISLFQAMK/2
769.71832521,3,1011.192,0.9475166,GFFDPNTHENLTYLQLLER/3
447.60139306,3,1011.192,0.7978337,VNILEVASGAVLR/3
924.40618556,2,1011.935,1.1370939,SNMDNMFESYINNLR/2
684.67724401,3,1011.935,0.95511,NVIFEISPTEEVGDFEVK/3
616.6065492,3,1012.679,0.8954822,SNMDNMFESYINNLR/3
946.98238637,2,1012.679,1.16814,LVSWYTLMEGQEPIAR/2
715.383054,3,1013.422,0.9639253,GIDVQQVSLVINYDLPTNR/3
730.36137292,3,1013.422,0.9861641,GPLLVQDVVFTDEMAHFDR/3
631.65734973,3,1013.422,0.9169673,LVSWYTLMEGQEPIAR/3
784.95395489,2,1014.166,1.1239158,LASQANIAQVLAELK/2
612.97093991,3,1014.166,0.9355557,DRPMEESLLLFEAMR/3
602.99976993,3,1014.166,0.9013545,GLDIPEVDLVIQSSPPK/3
903.99601666,2,1014.166,1.1543939,GLDIPEVDLVIQSSPPK/2
920.51999326,2,1014.166,1.1567799,GLPLGSAVSSPVLFSPVGR/2
849.93288505,2,1014.166,1.1166326,EGYVLTAVEGTIGDFK/2
966.49446926,2,1014.909,1.1736093,TIEEC[U:Carbamidomethyl]EVILMVGLPGSGK/2
590.97842324,3,1014.909,0.92339194,EMDLVGLGLHPLFSSR/3
902.49618382,2,1014.909,1.1365588,TAVDSGIPLLTNFQVTK/2
950.50473716,2,1014.909,1.1832743,AVEGLLDATSGADADLLLR/2
984.49278383,2,1015.653,1.1978112,IMEFTTTLLNTSPEGWK/2
881.95415184,2,1015.653,1.1567805,QGLLPLTFADPADYNK/2
837.45907005,2,1015.653,1.1240908,IFQNLDGALDEVVLK/2
742.44576572,2,1015.653,1.0880333,QIALAVLSTELAVR/2
937.47185144,2,1015.653,1.184212,M[U:Oxidation]SATFIGNSTAIQELFK/2
909.48750157,2,1015.653,1.159567,TLQGLEIELQSQLSMK/2
656.66428138,3,1015.653,0.8911557,IMEFTTTLLNTSPEGWK/3
644.665405,3,1015.653,0.9324597,TIEEC[U:Carbamidomethyl]EVILMVGLPGSGK/3
601.99988137,3,1015.653,0.90832514,TAVDSGIPLLTNFQVTK/3
928.98925427,2,1015.653,1.1608567,SVQNDSQAIAEVLNQLK/2
443.28685731,3,1015.653,0.7751895,RPLILQLIFSK/3
869.93595907,2,1016.396,1.109895,EFNEEGALSVLQQFK/2
831.89524835,2,1016.396,1.0990931,FAQTMEFVEEYLR/2
580.29306487,3,1016.396,0.913096,EFNEEGALSVLQQFK/3
982.00005616,2,1017.14,1.2206094,GC[U:Carbamidomethyl]FAVPMVHSTFLIDLR/2
595.28547009,3,1017.14,0.8917543,GDLSTALEVAIDC[U:Carbamidomethyl]YEK/3
716.38294255,3,1017.14,0.977843,YLEVVLNTLQQASQAQVDK/3
734.9346995,2,1017.884,1.0892915,EVDILISTALIPGK/2
655.00246293,3,1017.884,0.8969658,GC[U:Carbamidomethyl]FAVPMVHSTFLIDLR/3
514.95438354,3,1018.628,0.82645404,GVDEVTIVNILTNR/3
702.01749474,3,1018.628,0.98000175,GMSLNLEPDNVGVVVFGNDK/3
770.89505135,2,1018.628,1.0952729,VVIGMDVAASEFFR/2
544.77403656,4,1018.628,0.7863674,AGYTDKVVIGMDVAASEFFR/4
929.47238276,2,1019.371,1.1262131,GEETPVIVGSALC[U:Carbamidomethyl]ALEGR/2
619.98401399,3,1019.371,0.94813776,GEETPVIVGSALC[U:Carbamidomethyl]ALEGR/3
583.34169037,3,1019.371,0.8859582,GLAPVQAYLHIPDIIK/3
961.4754568,2,1019.371,1.1839919,EDQFQLSLLAAMGNTQR/2
945.48581608,2,1019.371,1.1832452,GVIFGQTSSTFTFADLAK/2
726.68832667,3,1019.371,1.0001104,GIGMGNIGPAGMGMEGIGFGINK/3
771.92793707,2,1020.115,1.0841031,GVDEVTIVNILTNR/2
950.01147813,2,1020.115,1.178662,LFVSDGVPGC[U:Carbamidomethyl]LPVLAAAGR/2
825.431998,2,1020.115,1.1144934,DFGEC[U:Carbamidomethyl]VIALQASVIK/2
912.50929118,2,1020.115,1.162683,TTEPGVTGLLLAVEGPAAK/2
608.67528627,3,1020.115,0.9458871,TTEPGVTGLLLAVEGPAAK/3
809.42945529,2,1020.858,1.1204462,VAGSVTELIQAAEAMK/2
672.37589942,3,1020.858,0.96601784,VAVLISGTGSNLQALIDSTR/3
961.02016047,2,1021.602,1.1797147,LGAVFNQVAFPLQYTPR/2
755.95121523,2,1022.345,1.0889614,NVIVLQTVLQEVR/2
738.36559544,2,1022.345,1.0520787,GFYEGIMLVDGFK/2
584.98194481,3,1022.345,0.88236165,AC[U:Carbamidomethyl]TQLVDNLVEHILK/3
995.9793207,2,1022.345,1.1939163,NGIAFMGPPSQAMWALGDK/2
796.42757297,2,1023.089,1.1049368,IGSFGPQEDLLFLR/2
889.43546597,2,1023.833,1.1235232,GLGTDEDSLIEIIC[U:Carbamidomethyl]SR/2
593.29273614,3,1023.833,0.8672216,GLGTDEDSLIEIIC[U:Carbamidomethyl]SR/3
970.01950014,2,1023.833,1.191454,LPDMLNAEIVLGNVQNAK/2
781.70274166,3,1023.833,1.0138013,FFGEFTGFVDMC[U:Carbamidomethyl]VQHIPSPK/3
960.48189322,2,1023.833,1.1849004,ELVQVQTLMDNMTLER/2
835.92654851,2,1023.833,1.1092997,LLTFYNLADC[U:Carbamidomethyl]IAEK/2
678.67416828,3,1023.833,0.9683177,YNFLPEALDFVGVHQER/3
935.46508064,2,1024.576,1.1649417,ESDTGLAPPALWDLAADK/2
821.93269649,2,1024.576,1.0891031,DNC[U:Carbamidomethyl]PLVANLVTASLR/2
955.94566643,2,1024.576,1.1614233,SDGEMVLPGFPDADSFVK/2
872.97762695,2,1025.32,1.1501658,GVLLEIEDLQVNQFK/2
873.4696347,2,1025.32,1.1551793,VVDFIDEGVNIGLEVK/2
770.40938016,3,1025.32,1.0057827,GVPQIEVTFDIDANGIVHVSAK/3
918.4640264,2,1026.063,1.1551265,TWTLELSPELASMTTR/2
947.98258334,2,1026.807,1.1638129,IGLSVSEVIEGYEIAC[U:Carbamidomethyl]R/2
970.4738712,2,1026.807,1.1782831,VSPDMAIFITMNPGYAGR/2
779.3970926,2,1026.807,1.079477,VLYLLELYC[U:Carbamidomethyl]EDK/2
632.32414772,3,1027.55,0.9006676,IGLSVSEVIEGYEIAC[U:Carbamidomethyl]R/3
647.31833962,3,1027.55,0.94918215,VSPDMAIFITMNPGYAGR/3
858.45547313,2,1027.55,1.1255343,WTMLITQLPDIQEK/2
865.44510538,2,1027.55,1.1495253,YGAATANYMEVVSLLK/2
889.98598334,2,1028.294,1.1495831,TLQLLNDLSIGYSSVR/2
779.72626904,3,1028.294,1.0128034,YAPTEAQLNAVDALIDSM[U:Oxidation]SLAK/3
956.98056358,2,1029.037,1.1870533,LGGSLADSYLDEGFLLDK/2
458.91872211,3,1029.037,0.7545326,VHLEDVFQLFK/3
830.90393066,2,1029.781,1.090289,EVWFFGLQYQDTK/2
891.94411849,2,1029.781,1.1205711,WGTDEAQFIYILGNR/2
809.46977215,2,1029.781,1.0998718,LALLLSQFVGSQSVR/2
814.93945891,2,1029.781,1.085437,FGDPEC[U:Carbamidomethyl]QVILPLLK/2
592.3171046,3,1030.525,0.88031113,LTAIDILTTC[U:Carbamidomethyl]AADIQR/3
593.0037373,3,1030.525,0.8747517,AGLLVLAVLSDGAGDHIR/3
805.93417657,2,1031.268,1.110282,YFLVGAGAIGC[U:Carbamidomethyl]ELLK/2
973.98205204,2,1031.268,1.1949414,IAQDLEMYGINYFEIK/2
887.97201867,2,1031.268,1.1330466,LTAIDILTTC[U:Carbamidomethyl]AADIQR/2
783.40818857,2,1031.268,1.083748,TSSMEISSILQELK/2
757.41466257,2,1032.011,1.0697812,SLEELLLDANQLR/2
703.86385108,2,1032.755,1.057505,MLLC[U:Carbamidomethyl]EAVAAVMAK/2
456.93303129,3,1032.755,0.77853084,LDNLVAILDINR/3
817.94305586,2,1033.499,1.0950701,LFADAVQELLPQYK/2
738.03158103,3,1033.499,0.96888554,TSETGIVDQVMVTLNQEGYK/3
707.9188525,2,1034.242,1.0804459,IVILPDYLEIAR/2
948.41314492,2,1034.242,1.159143,FDVFYC[U:Carbamidomethyl]MNITDIDDK/2
741.72565781,3,1034.986,0.96693355,ELGGLGMLSMGHVLIPQSDLR/3
854.93067673,2,1035.729,1.136836,EFNEDGALAVLQQFK/2
914.98886034,2,1035.729,1.1422073,ALLLAQWAWQEGSVTR/2
939.02256579,2,1035.729,1.1905359,LTSIIFAEDITTGQVLR/2
939.99039993,2,1035.729,1.1623514,EYVLPSFEVIVEPTEK/2
661.98423689,3,1035.729,0.90739137,DFGLYVVNMFDTHQAAR/3
841.94272986,2,1035.729,1.087285,DMEALNVLPPDVLTR/2
853.93711318,2,1035.729,1.1221582,ALDELMDGDIIVFQK/2
633.32822651,3,1035.729,0.92897874,TSLIQWLAAATGNHC[U:Carbamidomethyl]VR/3
744.39289598,3,1036.472,0.9508242,NIHVC[U:Carbamidomethyl]LGGLFVPEAYITATR/3
790.44576569,2,1036.472,1.0668722,ASVVTLPVYLNFTR/2
740.35523051,3,1036.472,1.0026108,LGVENC[U:Carbamidomethyl]YFPMFVSQSALEK/3
822.4687179,2,1037.216,1.1067351,GVLMAGLYPNLIQVR/2
691.68222357,3,1037.216,0.97772646,VTIAQGYDALSSMANIAGYK/3
759.39762387,2,1037.959,1.0747555,NILEESLC[U:Carbamidomethyl]ELVAK/2
853.44903663,2,1037.959,1.0943086,DAVITVPVFFNQAER/2
787.45273347,2,1037.959,1.082009,LLLLDTVTMQVTAR/2
896.94484675,2,1039.447,1.1265973,GDADQASNILASFGLSAR/2
841.48149088,2,1039.447,1.1096834,VTMINAIPVASLDPIK/2
598.29898999,3,1039.447,0.8834649,GDADQASNILASFGLSAR/3
872.44405112,2,1039.447,1.1326624,VNEM[U:Oxidation]IIGGGMAFTFLK/2
863.97796131,2,1040.19,1.1423161,QLLQANPILEAFGNAK/2
821.98366944,2,1040.19,1.0960907,IVFVPGC[U:Carbamidomethyl]SIPLTIVK/2
824.42810431,2,1040.19,1.1088548,QVGYEDQWLQLLR/2
619.01564291,3,1040.19,0.8840484,LLTSLFQDLQVEALHK/3
743.42978126,2,1040.19,1.1112695,LDLSVTEAVVAGIAK/2
690.36354798,3,1040.934,0.93020785,EDVHISTSQVAEIVATLEK/3
911.98258332,2,1040.934,1.1551412,TGIVDISILTTGMSATSR/2
842.92549421,2,1040.934,1.1040303,YFDTVPVAAAMC[U:Carbamidomethyl]VLK/2
833.88382638,2,1040.934,1.0789632,LLQSPC[U:Carbamidomethyl]PFC[U:Carbamidomethyl]DSPVF/2
562.28608829,3,1040.934,0.92308134,YFDTVPVAAAMC[U:Carbamidomethyl]VLK/3
801.91017852,2,1040.934,1.063462,DLGVFIPAPMAQGMR/2
495.95561299,3,1040.934,0.83213687,LDLSVTEAVVAGIAK/3
761.42162014,3,1040.934,0.9867308,IASSIVAQTAGIPTLPWSGSGLR/3
944.01474078,2,1043.908,1.1701937,ITISPLQELTLYNPER/2
584.96232736,3,1043.908,0.8730534,VGEVTYVELLMDAEGK/3
876.93985281,2,1044.652,1.1392554,VGEVTYVELLMDAEGK/2
678.38959173,3,1044.652,0.9370409,IAQPGDHVSVTGIFLPILR/3
843.96207674,2,1044.652,1.1183456,LIMAMQTLIPIDEAK/2
927.94906643,2,1044.652,1.1418118,TPEEVIEYSAVFWER/2
845.93595909,2,1045.395,1.12067,DGENYVVLLDSTLPR/2
778.43688642,2,1045.395,1.0695186,LAVVDPLFGMQPIR/2
564.29306488,3,1045.395,0.85382485,DGENYVVLLDSTLPR/3
885.36989993,2,1046.138,1.1036208,DMGEDLEC[U:Carbamidomethyl]LC[U:Carbamidomethyl]QIMR/2
590.9805983,3,1046.138,0.9001664,DLLDTVLPHLYNETK/3
842.43305224,2,1046.138,1.1098698,TQGFLALFSGDTGEIK/2
818.46448978,2,1046.138,1.0862854,AGEQLAPFLPQLVPR/2
885.96725922,2,1046.138,1.1595371,DLLDTVLPHLYNETK/2
571.31743332,3,1046.138,0.8600609,QVVNQVWEAADVLIK/3
962.49460666,2,1046.882,1.172187,LAM[U:Oxidation]QEFMILPVGAANFR/2
641.99882993,3,1046.882,0.9734252,LAM[U:Oxidation]QEFMILPVGAANFR/3
641.99882993,3,1046.882,0.9734252,LAMQEFM[U:Oxidation]ILPVGAANFR/3
595.00485533,3,1046.882,0.93307453,IEVPLYSLLEQTHLK/3
618.96846977,3,1046.882,0.92959136,TPEEVIEYSAVFWER/3
856.47251175,2,1047.626,1.1305295,QVVNQVWEAADVLIK/2
957.47885678,2,1047.626,1.2500741,YLQDLLAWVEENQHR/2
550.63716596,3,1048.369,0.9018433,HDADGQATLLNLLLR/3
904.93744756,2,1048.369,1.1465971,YC[U:Carbamidomethyl]YLQNEVFGLFQK/2
638.65499667,3,1048.369,0.9271225,YLQDLLAWVEENQHR/3
825.45211071,2,1048.369,1.1229727,HDADGQATLLNLLLR/2
892.00364476,2,1048.369,1.2173225,IEVPLYSLLEQTHLK/2
933.98545194,2,1049.113,1.1559124,VGDGVYLPPEAFTFNIK/2
761.42978131,2,1049.856,1.1015269,TLAESALQLLYTAK/2
712.72090119,3,1049.856,1.0107725,VVIEAC[U:Carbamidomethyl]DELGIILAHTNLR/3
812.94526416,2,1050.6,1.0880547,LDDIFEPVLIPEPK/2
904.99001447,2,1051.344,1.2476612,AIIASNIMYIVGQYPR/2
736.06332139,3,1051.344,0.942093,TSGTLISFIYPAQNPELLNK/3
603.66243514,3,1052.087,0.88654053,AIIASNIMYIVGQYPR/3
948.47290565,2,1052.831,1.1576784,EGETYFDVVAVVDPVTR/2
909.48086808,2,1052.831,1.1465164,AVPVWDVLASGYVSGAAR/2
870.98747175,2,1053.574,1.1508467,ALPGMGTTIDVILINGR/2
580.99407332,3,1053.574,0.87307644,ALPGMGTTIDVILINGR/3
606.65633754,3,1053.574,0.9373412,AVPVWDVLASGYVSGAAR/3
943.00490429,2,1053.574,1.1863346,DIGEGNLSTAAAAALAAAAVK/2
967.02510841,2,1054.318,1.2173022,AAVATFLQSVQVPEFTPK/2
645.01916443,3,1054.318,0.9270409,AAVATFLQSVQVPEFTPK/3
677.045825,3,1054.318,0.9292191,EAGFLRPVTIFGPIADVAR/3
859.93711318,2,1054.318,1.1150348,VEQMFQILLDPEEK/2
893.97964673,2,1054.318,1.1411126,LGMPQFLSPEAQSLLR/2
589.30995002,3,1055.061,0.89522743,TQYSSAMLESLLPGIR/3
853.93341638,2,1055.061,1.127266,QNDQVSFASLVEELK/2
959.51933296,2,1055.805,1.1869434,TC[U:Carbamidomethyl]ATVTIGGINIAEALVSK/2
919.47578277,2,1055.805,1.161456,TYDLPGNFLTQALTQR/2
883.4612868,2,1055.805,1.1186436,TQYSSAMLESLLPGIR/2
613.319614,3,1055.805,0.89434856,TYDLPGNFLTQALTQR/3
926.98324361,2,1056.548,1.1783506,FVEFFGPGVAQLSIADR/2
777.3926759,2,1056.548,1.07574,EMGLSLQWLYSAR/2
720.70898997,3,1056.548,0.93073905,SFKPDFGAESIYGGFLLGVR/3
708.04197468,3,1056.548,0.99372977,TVQVVPHITDAIQEWVMR/3
768.72660338,3,1056.548,1.0020244,TVSEWISQMATLPQASNLATR/3
731.41921661,2,1057.292,1.0676752,GNLEVLLFTIQSK/2
816.42503028,2,1057.292,1.1116316,QYVYGVLFSLAESR/2
796.97977573,2,1057.292,1.0960609,LLGQFTLIGIPPAPR/2
681.01520267,3,1057.292,0.9914935,EVLPLAFLGMHEIADEEK/3
827.43708336,2,1058.036,1.0920552,NFLVFQGAVESIAMK/2
775.44216877,2,1058.036,1.0715139,VPGLPTPIENMILR/2
531.65560931,3,1058.036,0.8659288,LLGQFTLIGIPPAPR/3
795.42469588,2,1058.78,1.1014646,IAPSFAVESIEDALK/2
530.61888941,3,1058.78,0.8587068,IAPSFAVESIEDALK/3
729.03895291,3,1058.78,0.9457266,DFSHDDTLDVPTQVELLIK/3
700.75241864,3,1059.523,0.95293516,LVNQQLLADPLVPPQLTIK/3
858.43559491,2,1060.267,1.1101996,LTEVSISSDAFFPFR/2
925.45692125,2,1060.267,1.1742207,VDLTLDWLTETSEEAK/2
555.29826171,3,1061.011,0.856114,LLNNAFEELVAFQR/3
913.50454021,2,1061.754,1.1548452,ENDAVTIQVLNQLIQK/2
832.44375433,2,1061.754,1.0993365,LLNNAFEELVAFQR/2
930.97984368,2,1061.754,1.1571826,ALQEWILETDGVSLMR/2
609.33878563,3,1061.754,0.9091327,ENDAVTIQVLNQLIQK/3
780.95342358,2,1062.498,1.1363014,DIVISVGIYNLVQK/2
949.92578827,2,1062.498,1.1440086,LNFEAAWDEVGDEFEK/2
748.73056519,3,1062.498,0.968596,HLEVQILADQYGNAISLFGR/3
696.38915152,3,1062.498,0.96422744,VLVLLSGGVDSTVC[U:Carbamidomethyl]TALLNR/3
764.37923416,2,1063.241,1.0625601,DVDFMYVELIQR/2
597.28598244,3,1063.241,0.87072486,GMFEVLEPLHAMMER/3
900.50434325,2,1063.241,1.1566262,NNGVLFENQLLQIGLK/2
921.4951296,2,1063.985,1.1770891,WLLLC[U:Carbamidomethyl]NPGLADTIVEK/2
701.70295903,3,1064.729,0.9770033,AAPC[U:Carbamidomethyl]IYWLPLTDSQIVQK/3
898.46858049,2,1065.472,1.1581002,GQELIYAGMPITEVFK/2
772.71911443,3,1065.472,0.9917106,EDVGTVVGIDLGTTYSC[U:Carbamidomethyl]VGVFK/3
725.73883775,3,1065.472,1.0052962,KFESEILEAISQNSVVIIR/3
702.36863339,3,1066.215,0.9843602,FLEVQYLTGGLIEPDTPGR/3
603.84040519,4,1066.215,0.88136345,QWLDLHLHQEIPTSLLILSR/4
578.32458792,3,1066.959,0.873265,ENIVEAIIHSPELIR/3
706.00191128,3,1066.959,0.956289,LC[U:Carbamidomethyl]YGLNMDFVDPAQITMK/3
866.98324365,2,1067.703,1.1431555,ENIVEAIIHSPELIR/2
914.48360779,2,1068.447,1.1528035,ALTLQDLDNIWAAQAGK/2
913.49598687,2,1069.19,1.1574824,YGLVFAGGASGLQIFPTK/2
814.89082328,2,1069.19,1.0750034,QEFEFWYPVDLR/2
963.03313048,2,1069.934,1.1835321,TLDQISDADNIPGLLVLK/2
909.97063005,2,1069.934,1.1670185,IDMVPELLSSNLC[U:Carbamidomethyl]SLK/2
864.45547312,2,1069.934,1.1297015,SELALSALGGC[U:Carbamidomethyl]VFYLK/2
777.02181118,3,1069.934,1.0048873,LMSSNSTDLPLNIEC[U:Carbamidomethyl]FMNDK/3
929.47439413,2,1071.421,1.170578,MSATFIGNSTAIQELFK/2
468.25148393,3,1071.421,0.80421305,DTGIFLDLMHLK/3
769.89217437,2,1071.421,1.0617521,DMLEAGILDTYLGK/2
619.98535491,3,1071.421,0.90771693,MSATFIGNSTAIQELFK/3
482.59754276,3,1071.421,0.7975335,SNEILTAIIQGMR/3
492.31078554,3,1071.421,0.84501606,HLGVILPAVMLALK/3
833.9723446,2,1072.165,1.1033239,GPTPAILESLISINNK/2
816.43559495,2,1072.908,1.0947388,FDLLVDANDVILER/2
704.02610172,3,1072.908,0.9511404,WGLLSMPVDEEVESLHLR/3
624.33515259,3,1073.652,0.90418786,VEFATLQEALAHALTEK/3
747.71480364,3,1073.652,0.9963377,GIPVELWAHYVEELNSTQR/3
806.87854406,2,1074.395,1.0725489,VLDILEDYC[U:Carbamidomethyl]MWR/2
994.00625541,2,1074.395,1.1844981,LDVSIEMPEELDISQLR/2
606.00362587,3,1074.395,0.9061075,AFLQGGQEATDIALLLR/3
908.50180057,2,1074.395,1.1711348,AFLQGGQEATDIALLLR/2
683.65909017,3,1075.883,0.94980615,SMEAEMIQLQEELAAAER/3
962.49460666,2,1075.883,1.158326,LAMQEFM[U:Oxidation]ILPVGAANFR/2
721.36852752,3,1075.883,1.0169908,ETEHC[U:Carbamidomethyl]VSLSLAQLSATIFR/3
972.48615044,2,1076.626,1.1919308,WFGFLEAQQAFQSVGTK/2
975.00605842,2,1076.626,1.20702,FSLALEC[U:Carbamidomethyl]GNIEIALEAAK/2
943.4900442,2,1076.626,1.172278,M[U:Oxidation]AVTFIGNSTAIQELFK/2
855.9587059,2,1077.37,1.1378748,FQFLYDVQVPIVDK/2
942.43820555,2,1077.37,1.1724727,DLDFANDASSMLASAVEK/2
746.41888226,2,1077.37,1.0559114,ETIEILFSEGLIK/2
830.45124501,2,1078.114,1.1611617,ATSFLLALEPELEAR/2
982.93117892,2,1078.114,1.1792142,AAFEC[U:Carbamidomethyl]MYTLLDSC[U:Carbamidomethyl]LDR/2
976.46455771,2,1078.114,1.2299576,GPELLTM[U:Oxidation]WFGESEANVR/2
948.96502176,2,1078.857,1.1649444,SELLMIIQMETQSSMR/2
698.4050189,3,1079.601,0.9157289,VYSPHVLNLTLIDLPGITK/3
651.31213063,3,1079.601,0.9271578,GPELLTM[U:Oxidation]WFGESEANVR/3
650.33029013,3,1079.601,0.95427907,DDIINIFSVASGHLYER/3
658.02654195,3,1081.088,0.9625759,IAALQAFADQLIAAGHYAK/3
986.53617469,2,1081.088,1.2980679,IAALQAFADQLIAAGHYAK/2
741.03572642,3,1081.088,0.9561839,MQAQAMLEGSPQLNMVGLFR/3
770.92413481,2,1081.832,1.0842621,FASFPDYLVIQIK/2
949.47016603,2,1081.832,1.1616566,EYEIPSNLTPADVFFR/2
764.40077322,3,1081.832,1.0340359,EGLAVAEEALVDHVAELTATPR/3
759.076685,3,1081.832,1.0030415,LYELYLQLLLHQDQMVQK/3
990.46964303,2,1082.575,1.1665078,FSAPVVPSSFNFGGPAPGMN/2
519.64085991,3,1083.319,0.85713625,GVMLAVDAVIAELKK/3
778.95765163,2,1083.319,1.1299851,GVMLAVDAVIAELKK/2
931.48073075,2,1083.319,1.1629179,EVLQALEELAVNYDQK/2
789.75907204,3,1083.319,1.0152484,NQILNLTTDNANILLQIDNAR/3
959.49427231,2,1084.062,1.1811947,VDYIMQLPVPMDAALNK/2
805.40342914,2,1084.062,1.0744463,DLYEDELVPLFEK/2
621.32291266,3,1084.062,0.92551535,EVLQALEELAVNYDQK/3
673.35908084,3,1084.806,0.97760355,IIGLDQVAGMSETALPGAFK/3
937.96779053,2,1085.55,1.1646147,DPELWGSVLLESNPYR/2
743.41809858,3,1085.55,0.9581508,HDHAVSLLTAASPTIALLLER/3
842.42743557,2,1086.293,1.1089995,FLGLLYELEENTDK/2
760.96158294,2,1086.293,1.128726,AVPLALALISVSNPR/2
656.68473296,3,1086.293,0.9310792,DQLSVLENGVDIVVGTPGR/3
853.46722944,2,1086.293,1.1223215,LQFDVSSPNGILLFR/2
806.92707141,2,1087.037,1.1208351,ESYVETELIFALAK/2
550.98484953,3,1087.037,0.8919786,SPLVAAMQHFLPVLK/3
507.64348078,3,1087.037,0.8610363,AVPLALALISVSNPR/3
989.47238282,2,1087.037,1.2034,QEMLVQYLQDAYSFSR/2
655.31805015,3,1087.037,0.9192843,FAGGDYTTTIEAFISASGR/3
721.69166464,3,1087.037,0.98003614,EIFDIAFPDEQAEALAVER/3
515.25399892,3,1087.037,0.79422927,SWWDAVC[U:Carbamidomethyl]TLIHR/3
859.44836794,2,1087.78,1.1143534,ALFEEVPELLTEAEK/2
987.01662307,2,1087.78,1.2037548,GEPVSAEDLGVSGALTVLMK/2
825.97363606,2,1087.78,1.1671273,SPLVAAMQHFLPVLK/2
982.473437,2,1087.78,1.1708231,FAGGDYTTTIEAFISASGR/2
971.04383258,2,1087.78,1.2048006,LYQGINQLPNVIQALEK/2
774.44523439,2,1087.78,1.0855043,FQEFSNIVIPLIK/2
684.01022878,3,1087.78,0.9148055,DVMQQQLAEYQELLDVK/3
955.45860673,2,1088.524,1.1746731,DLELEMGDDYILDLQK/2
942.00965538,2,1090.011,1.153627,ILAIGLINEALDEGDAQK/2
704.00184473,3,1090.011,0.95248264,YNLEELYQAVENLC[U:Carbamidomethyl]SHK/3
708.38076749,3,1090.011,0.9866985,VQHQDALQISDVVMASLLR/3
486.26466948,3,1090.755,0.80042624,DALSDLALHFLNK/3
952.03039083,2,1090.755,1.1940762,SNLAYDIVQLPTGLTGIK/2
628.34219575,3,1090.755,0.90921223,ILAIGLINEALDEGDAQK/3
635.02268604,3,1090.755,0.910164,SNLAYDIVQLPTGLTGIK/3
955.05386592,2,1091.499,1.2540035,IIIEELSLVAASPTLSPR/2
637.0383361,3,1091.499,0.97102267,IIIEELSLVAASPTLSPR/3
728.3901248,2,1092.986,1.0658026,DFVSEAYLITLGK/2
743.9532266,2,1093.73,1.0710343,VISGVLQLGNIVFK/2
743.72648634,3,1093.73,0.97538716,GAIETYQEVASLPDVPADLLK/3
765.92433178,2,1094.473,1.0785036,SIFGDALLIEPLDK/2
927.47525146,2,1094.473,1.2177769,DFQQALYELSYHVIK/2
955.00129895,2,1095.217,1.1841401,SLVASLAEPDFVVTDFAK/2
618.65259313,3,1095.217,0.91659737,DFQQALYELSYHVIK/3
976.53296331,2,1095.96,1.2183079,TYLTITDTQLVNSLLEK/2
930.99635099,2,1095.96,1.1701721,VTWLVSWTENIQGSIK/2
841.99562272,2,1096.704,1.1092081,VNALLPTETFIPVIR/2
757.89980241,2,1096.704,1.0634744,FQSISTEFLALMK/2
568.63102353,3,1096.704,0.8877711,EIELPSGQLMGLFNR/3
780.96666832,2,1096.704,1.0755132,GALINVPPPFLGLPR/2
808.95002361,2,1097.447,1.0938221,TMLETEEGILLLVR/2
946.98407175,2,1097.447,1.1850027,SMMGGGLAEIPGLSINFAK/2
921.4620067,2,1097.447,1.1795814,SAIYQLEEEYENLLK/2
852.44289707,2,1097.447,1.1056982,EIELPSGQLMGLFNR/2
754.05337351,3,1097.447,0.97484976,SINPDEAVAYGAAVQAAILSGDK/3
791.96177992,2,1098.191,1.0920258,QVLLSAAEAAEVILR/2
919.98766874,2,1098.191,1.1626673,C[U:Carbamidomethyl]YILSTADNVLTLSLR/2
560.00061107,3,1098.934,0.8662859,FLTLPPVLHLQLMR/3
528.31027877,3,1098.934,0.8679247,QVLLSAAEAAEVILR/3
839.49727838,2,1098.934,1.1627935,FLTLPPVLHLQLMR/2
703.72318771,3,1099.678,0.9575526,EDLQPVQIQSLETLGVLAR/3
773.03169249,3,1099.678,1.0079463,GFFDPNTEENLTYLQLMER/3
593.97725475,3,1100.422,0.87626565,EFQQYLPVVMGPLMK/3
987.9924281,2,1101.165,1.1855214,AVEC[U:Carbamidomethyl]C[U:Carbamidomethyl]PTSVELWLALAR/2
719.71988904,3,1101.165,0.93223083,AHQANQLYPFAISLIESVR/3
728.09596243,3,1101.165,0.9452977,TLAGLPLLVAYKEDEIPVLK/3
884.99750513,2,1101.908,1.1504972,LEDVALQILLAC[U:Carbamidomethyl]PVSK/2
786.72525688,3,1101.908,0.9910632,GTELWLGVDALGLNIYEHDDK/3
590.33409557,3,1101.908,0.901905,LEDVALQILLAC[U:Carbamidomethyl]PVSK/3
747.90488782,2,1101.908,1.0487998,TFC[U:Carbamidomethyl]QLILDPIFK/2
742.0476713,3,1101.908,0.9457084,VSIEPNFHSLYSNFLDTLK/3
658.99737756,3,1101.908,0.9209915,AVEC[U:Carbamidomethyl]C[U:Carbamidomethyl]PTSVELWLALAR/3
890.4622439,2,1102.652,1.1306244,EFQQYLPVVMGPLMK/2
890.48561915,2,1102.652,1.1406376,IFSFLLNTLQENVNK/2
745.38612975,3,1102.652,0.98995286,EVSDGIIAPGYEEEALTILSK/3
684.01284963,3,1103.396,0.9119244,TTQVPQFILDDFIQNDR/3
775.96686532,2,1104.139,1.1412172,ALLLLLVGGVDQSPR/2
622.31732746,3,1104.883,0.88661295,DTTALSFFHMLNGAALR/3
965.00677834,2,1104.883,1.1725215,LLQTDDEEEAGLLELLK/2
854.4318011,2,1105.626,1.1156745,LQYFMEQFYGIIR/2
813.92074324,2,1105.626,1.0962034,SFLGLTC[U:Carbamidomethyl]LMQISTR/2
904.97383304,2,1105.626,1.1418468,IVAQVWPFLGQYMEK/2
643.67361105,3,1105.626,0.9447865,LLQTDDEEEAGLLELLK/3
581.99613691,3,1105.626,0.89789385,TVEELLETGLIQVATK/3
872.49056714,2,1106.37,1.1373528,TVEELLETGLIQVATK/2
851.96346533,2,1106.37,1.1487788,DAAAFLLSC[U:Carbamidomethyl]QIPGLVK/2
879.43536883,2,1106.37,1.1269138,LYTVC[U:Carbamidomethyl]DVAMNIIMSK/2
711.02846039,3,1107.113,0.99214375,MLLDPMGGIVMTNDGNAILR/3
906.97815826,2,1107.113,1.1331425,DPNNSLTLWVIDQGLK/2
682.67350516,3,1107.857,0.9494274,ADAVQDSEMVELVELEIR/3
766.0595825,3,1107.857,0.9747824,GAGSYTIMVLFADQATPTSPIR/3
562.97025653,3,1108.601,0.85621685,FDLLWLIQDRPDR/3
803.70492233,3,1108.601,1.013428,QWGLC[U:Carbamidomethyl]IFDDVIEHC[U:Carbamidomethyl]SPASFK/3
968.44296503,2,1109.344,1.1789198,DC[U:Carbamidomethyl]GEDGLC[U:Carbamidomethyl]ISDLVLDVR/2
744.05606094,3,1109.344,1.0034778,VTVNTNMVDLNDYLQHILK/3
527.01475813,4,1109.344,0.796863,IWC[U:Carbamidomethyl]FGPDGTGPNILTDITK/4
971.5249497,2,1110.088,1.1695352,LNIISNLDC[U:Carbamidomethyl]VNEVIGIR/2
790.41633957,2,1110.088,1.0862415,EELEALFLPYDLK/2
834.45378769,2,1110.831,1.1014141,LGFAGLVQEISFGTTK/2
871.94272984,2,1110.831,1.133252,GMVFSINLGFSDLTNK/2
648.01905862,3,1110.831,0.89901114,LNIISNLDC[U:Carbamidomethyl]VNEVIGIR/3
865.38759046,2,1110.831,1.112033,FFWEMAEEEGWIR/2
805.4150967,2,1111.575,1.086376,LSSMNPAFVMPFLR/2
578.04531825,4,1111.575,0.8192165,QGQYSPMAIEEQVAVIYAGVR/4
930.96726763,2,1112.318,1.1480035,ENLWLNLTDGSILC[U:Carbamidomethyl]GR/2
824.97963833,2,1112.318,1.1256026,IVDGPDPENIILILK/2
569.01854766,3,1112.318,0.8361556,LILPHVPAILQYLSK/3
809.40102382,2,1113.062,1.0879462,EVWFFGLQYVDSK/2
810.90940998,2,1113.062,1.1145678,DDYELIDVLVNNAK/2
644.32040324,3,1113.062,0.87282395,HLM[U:Oxidation]LPDFDLLEDIESK/3
701.70049449,3,1113.806,0.99098396,QSTTHLADGPFAVLVDYIR/3
816.9037933,2,1114.549,1.0617455,ESPESEGPIYEGLIL/2
680.39557783,3,1114.549,0.96368474,LMQITSLHSLNAFLLPIK/3
741.33460651,3,1115.293,0.9894063,EAC[U:Carbamidomethyl]PELDYFVVFSSVSC[U:Carbamidomethyl]GR/3
942.00470732,2,1115.293,1.24587,DLPVTEAVFSALVTGHAR/2
899.52527567,2,1116.036,1.1438586,LSLSNAISTALPLTQLR/2
877.44140859,2,1116.036,1.1144601,DINQEVYNFLATAGAK/2
688.68803163,3,1116.036,0.967743,VFQTEAELQEVISDLQSK/3
752.35276599,3,1116.036,0.9544545,VFSDVMEDLYNYINPHNGK/3
600.01927594,3,1116.036,0.9276464,LSLSNAISTALPLTQLR/3
968.46710039,2,1116.78,1.2381248,GPELLTMWFGESEANVR/2
717.37691156,3,1116.78,1.0006547,VANAESLNAIGVLIYMDQTK/3
628.33889703,3,1116.78,0.9415769,DLPVTEAVFSALVTGHAR/3
731.92941714,2,1116.78,1.0952644,IDISAVVAYTIAVK/2
645.98049242,3,1116.78,0.9031369,GPELLTMWFGESEANVR/3
902.48000244,2,1117.523,1.1432707,NEFIPTNFEILPLEK/2
690.01045164,3,1118.267,0.9334958,SDMNTVLNYIFSHAQVTK/3
985.96184786,2,1119.011,1.1898545,EGTYDGSWALADVMSQLK/2
766.34924443,3,1119.011,0.95267147,DFWELASLDC[U:Carbamidomethyl]YNHLAEWK/3
969.00437297,2,1119.754,1.1795034,FALGIFAINEAVESGDVGK/2
924.48615048,2,1119.754,1.1517854,VGGYILGEFGNLIAGDPR/2
703.37466993,3,1119.754,1.0255954,GAVEALAAALAHISGATSVDQR/3
900.01929481,2,1119.754,1.1550411,LLLEAQAATGFLLDPVK/2
952.52239863,2,1119.754,1.1975728,LLLQGEADQSLLTFIDK/2
657.6436574,3,1119.754,0.9531523,EGTYDGSWALADVMSQLK/3
771.45613346,2,1119.754,1.06781,VSLLNEQFLPLIR/2
727.6784791,3,1120.498,0.981452,MSNYDTDLFVPYFEAIQK/3
977.49820363,2,1120.498,1.1669844,FQIYFDNC[U:Carbamidomethyl]PLLTIPGR/2
616.65985914,3,1120.498,0.89786446,VGGYILGEFGNLIAGDPR/3
769.92361189,2,1120.498,1.0698199,SLMPYFLLTQAVR/2
903.94018718,2,1121.241,1.1455921,ALYDTFSAFGNILSC[U:Carbamidomethyl]K/2
602.96255028,3,1121.241,0.91408914,ALYDTFSAFGNILSC[U:Carbamidomethyl]K/3
773.44797405,2,1121.241,1.0977339,GIPLDFSSSLGIIVK/2
753.68882648,3,1121.241,0.980193,EYQVETIVDTLC[U:Carbamidomethyl]TNMLSDK/3
930.0104155,2,1121.985,1.1566751,LFEMVLGPAAYNVPLPK/2
813.93489644,2,1121.985,1.1379181,TIEYLEEVAITFAK/2
652.00122791,3,1121.985,0.91134423,FQIYFDNC[U:Carbamidomethyl]PLLTIPGR/3
928.99856773,2,1122.728,1.1558787,MSQVAPSLSALIGEAVGAR/2
829.9592372,2,1122.728,1.0958517,AAVENLPTFLVELSR/2
619.66813731,3,1122.728,0.98016965,MSQVAPSLSALIGEAVGAR/3
553.64191696,3,1122.728,0.8270115,AAVENLPTFLVELSR/3
864.4465938,2,1123.471,1.1373678,VNEMIIGGGMAFTFLK/2
576.63348802,3,1123.471,0.9105384,VNEMIIGGGMAFTFLK/3
595.65952478,3,1123.471,0.9138952,NEILDEVISLSQVTPK/3
681.03437431,3,1124.215,0.95257527,LPVVIGGLLDVDC[U:Carbamidomethyl]SEDVIK/3
965.53584031,2,1124.96,1.189434,EPLFGISTGNLITGLAAGAK/2
578.2957523,3,1124.96,0.8846731,YHDMPDVIDFLVLR/3
644.02631903,3,1124.96,0.9496793,EPLFGISTGNLITGLAAGAK/3
785.95121524,2,1124.96,1.0767677,ISLPLPNFSSLNLR/2
892.98564894,2,1124.96,1.1501465,NEILDEVISLSQVTPK/2
868.41994485,2,1125.703,1.1070524,IPNPDFFEDLEPFR/2
915.48423897,2,1126.447,1.1513755,MVGGIAQIIAAQEEMLR/2
610.6585848,3,1127.191,0.8954403,MVGGIAQIIAAQEEMLR/3
822.44289704,2,1127.191,1.112203,GGGNQVSLLNVVMDLK/2
716.34902151,3,1127.191,0.9796384,AIGTEPDSDVLSEIMHSFAK/3
926.50180055,2,1127.934,1.1668055,LFDIFSQQVATVIQSR/2
709.35991498,3,1127.934,1.0070992,LLQDSVDFSLADAINTEFK/3
784.46564392,2,1127.934,1.0771334,LIALQMPLLTEGIR/2
713.36986843,3,1127.934,0.9805917,DEGWLAEHMLILGITSPAGK/3
819.45613339,2,1128.678,1.1161954,AFAISGPFNVQFLVK/2
618.00362586,3,1128.678,0.9049352,LFDIFSQQVATVIQSR/3
734.72816722,3,1128.678,0.968836,LEVGIQAMEHLIHVLQTDR/3
881.97234463,2,1129.422,1.1541849,YGALALQEIFDGIQPK/2
876.95309759,2,1129.422,1.1360838,ALLQMVQQFGVDFEK/2
531.63135232,3,1129.422,0.8191811,SQLLQYVYNLVPR/3
531.99440204,3,1129.422,0.8481409,ASGLVPNVVVLVATVR/3
581.32582299,3,1130.165,0.8988632,QIVLTGILEQVVNC[U:Carbamidomethyl]R/3
871.48509625,2,1130.165,1.1620716,QIVLTGILEQVVNC[U:Carbamidomethyl]R/2
841.45599605,2,1130.165,1.1138645,DPPDPYVSLLLLPDK/2
796.94339024,2,1130.165,1.0890462,SQLLQYVYNLVPR/2
674.39663487,3,1130.908,0.9565498,VLPQLISTITASVQNPALR/3
968.49978916,2,1131.652,1.1898744,DQLGGWFQSSLLTSVAAR/2
970.00893546,2,1131.652,1.1834474,EVFFMNTQSIVQLVQR/2
647.00838246,3,1131.652,0.9126058,EVFFMNTQSIVQLVQR/3
550.9978122,3,1132.396,0.85641783,SALSGHLETVILGLLK/3
912.969279,2,1132.396,1.1623044,LNLFYLANDVIQNC[U:Carbamidomethyl]K/2
810.41254565,2,1132.396,1.0954481,FVPYYDLFMPSLK/2
825.99308006,2,1133.139,1.1356573,SALSGHLETVILGLLK/2
939.97488729,2,1133.883,1.178506,YSQFINFPIYVWSSK/2
935.49258688,2,1133.883,1.1762316,MAVTFIGNSTAIQELFK/2
954.93659023,2,1134.627,1.1750247,FAQFFLC[U:Carbamidomethyl]PLFDESC[U:Carbamidomethyl]K/2
623.99748341,3,1134.627,0.92258435,MAVTFIGNSTAIQELFK/3
613.54668806,4,1134.627,0.8634131,EHFGTFFEC[U:Carbamidomethyl]LQESLLDLHTK/4
897.49906092,2,1134.627,1.1563969,IGGTAIQLNVFQYLTR/2
636.96015231,3,1135.37,0.89154285,FAQFFLC[U:Carbamidomethyl]PLFDESC[U:Carbamidomethyl]K/3
946.4827505,2,1136.114,1.1671078,QMQLENVSVALEFLDR/2
631.32425916,3,1136.114,0.9289594,QMQLENVSVALEFLDR/3
880.9195807,2,1136.858,1.1124928,GTYFPTWEGLFWEK/2
715.71944319,3,1136.858,0.99248755,EPPTDVTPTFLTTGVLSTLR/3
597.56677777,4,1137.601,0.861189,ELPQLVASVIESESEILHHEK/4
758.07763055,3,1137.601,1.0274863,LEDLASLVYLNESSVLHTLR/3
714.3737188,3,1137.601,1.0070542,SPYLYPLYGLGELPQGFAR/3
664.67836764,3,1138.344,0.98499084,ELLELEALSMAVESTGTAK/3
796.41994487,3,1138.344,1.0137386,ELPQLVASVIESESEILHHEK/3
781.37595894,3,1139.088,1.0129079,VESVFETLVEDSAEEESTLTK/3
578.79439191,4,1139.088,0.8326576,VEGTEPTTAFNLFVGNLNFNK/4
784.97617038,2,1139.832,1.0648981,FPVAPLIPYPLITK/2
884.44035437,2,1140.575,1.1341703,AC[U:Carbamidomethyl]LIFFDEIDAIGGAR/2
831.43368344,2,1140.575,1.0939989,LLDMGETDLMLAALR/2
898.98070095,2,1140.575,1.1595188,VQSLQATFGTFESILR/2
947.44001998,2,1141.318,1.1723641,EDC[U:Carbamidomethyl]FFYSLVFDPVQK/2
881.44563672,2,1142.062,1.1367083,TMLELINQLDGFDPR/2
811.44543132,2,1142.062,1.0862441,TGLFTPDLAFEAIVK/2
907.52474437,2,1142.806,1.1788892,VLDILLEQYPALITGR/2
810.49017326,2,1142.806,1.0894842,ITPENLPQILLQLK/2
858.43728038,2,1142.806,1.1500906,SIITYVSSLYDAMPR/2
759.45051674,2,1143.549,1.0832406,LTSFIGAIAIGDLVK/2
868.46689508,2,1144.293,1.1249347,EFSITDVVPYPISLR/2
506.63610331,3,1144.293,0.8630607,LTSFIGAIAIGDLVK/3
929.45745259,2,1145.037,1.2147665,DDIDLDALAAEIEGAGAAK/2
755.4661668,2,1145.037,1.0922452,SILLSVPLLVVDNK/2
595.28725679,3,1145.78,0.86871797,LSVEEFFMDLHNFR/3
956.51731317,2,1145.78,1.2034703,VLPLEALVTDAGEVTEAGK/2
672.36511184,3,1146.524,0.94635826,GLIEIISNAAEYENIPIR/3
869.44034602,2,1147.27,1.1233222,DLAIYYSYGDFLLGK/2
998.03092212,2,1148.014,1.2218748,ESWLLPGSNDLLLEVGPR/2
893.93077656,2,1148.014,1.1315761,EEFMPWVSQYLVMK/2
665.6897069,3,1148.014,0.94498754,ESWLLPGSNDLLLEVGPR/3
985.55149039,2,1148.014,1.2170041,AIAIPVDLDSQVNNLFLK/2
819.91512653,2,1148.757,1.1343654,FMQDASDVMQLLLK/2
818.93437353,2,1148.757,1.0931547,LSDFNDITNMLLLK/2
746.42324767,2,1148.757,1.06548,MFGIPVVVAVNAFK/2
889.50093488,2,1149.501,1.1625944,LPEDPLLSGLLDSPALK/2
656.58888725,4,1149.501,0.88480633,YDLLVSNAIQFLASVC[U:Carbamidomethyl]ERPHYK/4
622.9574649,3,1150.988,0.90844905,DFEQDILEDMYHAIK/3
679.35639343,3,1150.988,0.92755425,GILSGTSDLLLTFDEAEVR/3
682.72867402,3,1151.731,0.98801315,IVQQIAILMGC[U:Carbamidomethyl]AILPHLR/3
585.32716389,3,1151.731,0.87830025,LLIPVAEGMNEIWLR/3
877.48710761,2,1152.475,1.1312342,LLIPVAEGMNEIWLR/2
951.94355801,2,1152.475,1.1606869,EYEISMLNQMSWLMK/2
777.93489646,2,1152.475,1.0994624,SLEELPVDIILASVG/2
691.71748547,3,1153.219,0.91447383,FLSHSLVELLNQISPTFK/3
980.99516774,2,1153.219,1.1877931,QMAEIAVNAVLTVADMER/2
694.67238158,3,1153.962,0.9513609,FYPEDVSEELIQDITQR/3
981.51625892,2,1153.962,1.1996807,ETETVFVPVIQAGMEALK/2
858.96692489,2,1153.962,1.1197358,ILDDDTIITTLENLK/2
783.36209559,3,1153.962,1.01782,DASIVGFFDDSFSEAHSEFLK/3
654.33253732,3,1153.962,0.96715385,QMAEIAVNAVLTVADMER/3
837.41255405,2,1153.962,1.0940318,WQFTLPMMSTLYR/2
683.04051675,3,1154.706,0.9503491,FESEILEAISQNSVVIIR/3
799.47980551,2,1154.706,1.0881944,LSDLVNTAILIALNK/2
869.97796129,2,1155.449,1.1004168,WVGGPEIELIAIATGGR/2
533.32229583,3,1155.449,0.861452,LSDLVNTAILIALNK/3
808.95034958,2,1155.449,1.1196394,FNVLLTTYEYIIK/2
781.95068391,2,1155.449,1.1330394,VIQQLEGAFALVFK/2
922.00163337,2,1155.449,1.1743852,DIILQSNPLLEAFGNAK/2
707.06477376,3,1155.449,0.9367993,YPPPTELLDLQPLPVSALR/3
521.63621476,3,1155.449,0.83616674,VIQQLEGAFALVFK/3
740.72307627,3,1156.193,1.0056618,ALLELQLEPEELYQTFQR/3
837.96927063,2,1156.193,1.1171918,FQILNDEIITILDK/2
692.69932598,3,1156.936,0.93960863,AVAFFLESIAMHDIIAAEK/3
806.45124504,2,1157.68,1.1317345,DQVDIAVQELLQLK/2
537.96992218,3,1157.68,0.85539013,DQVDIAVQELLQLK/3
939.52982971,2,1157.68,1.19604,VGVWNVPYISNIYLIK/2
948.49872652,2,1158.424,1.1934651,DYGVFIQFPSGLSGLAPK/2
954.49714934,2,1158.424,1.1786839,LAMQEFMILPVGAANFR/2
636.66719172,3,1158.424,0.96479964,LAMQEFMILPVGAANFR/3
634.67550921,3,1158.424,0.9244547,TSPDAFVQLALQLAHYK/3
775.35243166,3,1158.424,0.9855484,GETDEEYLWC[U:Carbamidomethyl]IEQTLYFK/3
995.5117049,2,1159.911,1.2624255,NLDLAVLELMQSSVDNTK/2
715.37668868,3,1159.911,1.0058454,MITSAAGIISLLDEDEPQLK/3
976.52801532,2,1159.911,1.2073336,SSPQFGVTLLTYELLQR/2
651.3544357,3,1159.911,0.9509448,SSPQFGVTLLTYELLQR/3
735.70626326,3,1160.655,0.98641175,FLVMASEDALC[U:Carbamidomethyl]TVLHLTER/3
664.01022875,3,1160.655,0.9701912,NLDLAVLELMQSSVDNTK/3
892.4378117,2,1160.655,1.1412463,EELLNALYC[U:Carbamidomethyl]EFINR/2
788.06063957,3,1160.655,1.0147958,GSELWLGVDALGLNIYEQNDR/3
673.66686297,3,1160.655,0.92669445,NMVDYHLIMDMIPAISR/3
617.9659604,3,1161.398,0.86960185,MLDLLEDFLEHEGYK/3
994.55845817,2,1162.141,1.2355496,IGC[U:Carbamidomethyl]LLSGGLDSSLVAATLLK/2
954.96366226,2,1162.141,1.1869092,SMFFFLAQTEQGDIFK/2
867.40291459,2,1162.885,1.1092439,MDPMNIWDDIITNR/2
751.38126724,3,1162.885,1.0060381,SQDAEVGDGTTSVTLLAAEFLK/3
670.34684089,3,1162.885,0.97152144,EGTIGDMAILGITESFQVK/3
578.60436855,3,1162.885,0.8378091,MDPMNIWDDIITNR/3
663.37473094,3,1162.885,0.97088593,IGC[U:Carbamidomethyl]LLSGGLDSSLVAATLLK/3
761.37688843,2,1163.629,1.0795664,DLNSDMDSILASLK/2
741.03895293,3,1163.629,0.99166536,DAGIEPGPDTYLALLNAYAEK/3
979.03241059,2,1164.372,1.2126194,QLQVVPLFGDMQIELAR/2
867.97488728,2,1165.116,1.1265093,LTSLVPFVDAFQLER/2
923.49258689,2,1165.859,1.1991091,ELAPAVSVLQLFC[U:Carbamidomethyl]SSPK/2
768.41072671,3,1167.347,1.0140599,LNNLQAVFTDLSSMDLIRPR/3
686.71497604,3,1167.347,0.9634227,IFSPNVVNLTLVDLPGMTK/3
779.91885247,2,1167.347,1.0867581,YFYLLENIAWVK/2
915.97456134,2,1168.09,1.1499536,GIDQC[U:Carbamidomethyl]IPLFVEAALER/2
610.98546638,3,1168.09,0.8946015,GIDQC[U:Carbamidomethyl]IPLFVEAALER/3
616.01335641,3,1168.09,0.91531444,YAGLQGLMSVLAEIRPK/3
772.42925835,2,1168.834,1.1291164,EIC[U:Carbamidomethyl]AVLAAVTEVIR/2
939.47726279,2,1168.834,1.1763679,AWEDWAIYPEPFLIK/2
515.28859772,3,1168.834,0.8505163,EIC[U:Carbamidomethyl]AVLAAVTEVIR/3
988.01230624,2,1169.577,1.199139,MM[U:Oxidation]AIAPNVTVMVGELVGAR/2
988.01230624,2,1169.577,1.199139,M[U:Oxidation]MAIAPNVTVMVGELVGAR/2
751.37909221,3,1170.321,1.0031958,DGPLNMILDDGGDLTNLIHTK/3
959.97932078,2,1170.321,1.1841376,WLNDLLC[U:Carbamidomethyl]LDC[U:Carbamidomethyl]LNITR/2
901.97835524,2,1170.321,1.1341923,NSLISSLEEEVSILNR/2
961.95421982,2,1171.064,1.1567904,SSLLDDLLTESEDMAQR/2
690.33141374,3,1171.808,0.96040833,FMDSVIFTLYNYASNQR/3
725.02823747,3,1171.808,0.96028763,TLTSC[U:Carbamidomethyl]FLSC[U:Carbamidomethyl]VVC[U:Carbamidomethyl]VEGIVTK/3
553.29106786,3,1171.808,0.86533964,MAESMLAILC[U:Carbamidomethyl]HILR/3
702.99424991,3,1171.808,0.9785454,EQVDAALGAEEMVEMLTDR/3
989.02002309,2,1172.551,1.197951,GTDLWLGVDALGLNIYEK/2
662.6690829,3,1172.551,0.90395874,GLAEDIENEVVQITWNR/3
940.47745976,2,1172.551,1.1538045,FEFPEQLPLDEFLQK/2
685.03699517,3,1173.295,0.99966204,EIADLGEALATAVIPQWQK/3
771.91938382,2,1174.038,1.0713851,GAYIYNALIEFIR/2
809.4277699,2,1174.782,1.0918621,LNLVEAFVEDAELR/2
796.47452316,2,1174.782,1.0814638,DLLVGPGVELLLTPR/2
818.43348647,2,1174.782,1.1463054,LLFQELMSMSIAPR/2
572.64336936,3,1175.525,0.8814097,VIEPQYFGLAYLFR/3
858.4614158,2,1175.525,1.1383806,VIEPQYFGLAYLFR/2
714.91017012,2,1176.269,1.0754862,GVMLAVDAVIAELK/2
476.9425389,3,1176.269,0.83240724,GVMLAVDAVIAELK/3
920.50549734,2,1177.012,1.1793638,WLLLC[U:Carbamidomethyl]NPGLAELIAEK/2
913.96385923,2,1177.012,1.1665379,EAMTDIITLFGLSSNSK/2
792.76516393,3,1177.012,1.0283927,EALEALVPVTIEVEVPFDLHR/3
728.75946175,3,1177.012,0.9990715,LNGQVLVFTLPLTDQVSVIK/3
614.00609038,3,1177.012,0.907125,WLLLC[U:Carbamidomethyl]NPGLAELIAEK/3
609.64499831,3,1177.756,0.9110901,EAMTDIITLFGLSSNSK/3
980.51966732,2,1177.756,1.1909869,EVLGSLPNVFSALC[U:Carbamidomethyl]LNAR/2
589.8175071,4,1177.756,0.8789656,FYTAEVVLALDAIHSMGLIHR/4
691.05638973,3,1178.5,0.98945355,ALNAGYILNGLTVSIPGLER/3
881.99548535,2,1178.5,1.1270117,VAIIEELVVGYETSLK/2
722.00078767,3,1178.5,0.94787306,ILEFWTEFNC[U:Carbamidomethyl]FQEC[U:Carbamidomethyl]LK/3
880.50126926,2,1179.244,1.1431271,LQAILEDIQVTLFTR/2
981.52019029,2,1179.244,1.1932089,LQWVQLVDLTEIYGER/2
904.00926145,2,1179.244,1.1402084,DLLGQDVFLIGPPGPLR/2
747.39384157,3,1179.988,0.9962488,FDVNTSAVQVLIEHIGNLDR/3
702.35829156,3,1179.988,0.94112813,QIVWNGPVGVFEWEAFAR/3
754.40810024,3,1179.988,0.98515743,LVVSSLEALESC[U:Carbamidomethyl]FAVGPIIEK/3
635.32934453,3,1180.731,0.9213353,MDADGFLPITLIASFHR/3
597.62978848,3,1180.731,0.89660287,QDAVDYLTWTFLYR/3
895.94104448,2,1180.731,1.1395562,QDAVDYLTWTFLYR/2
930.50041196,2,1182.218,1.1654316,MALELLTQEFGIPIER/2
733.70379316,3,1182.962,0.9698842,YHEQLSTQSLIELFESFK/3
620.6693668,3,1182.962,0.9066239,MALELLTQEFGIPIER/3
842.48000245,2,1182.962,1.1143512,EAVVNTQELLDLLVK/2
712.04901783,3,1183.706,0.99168134,APAALPALC[U:Carbamidomethyl]DLLASAADPQIR/3
862.94632678,2,1183.706,1.1171077,SEAANGNLDFVLSFLK/2
979.99093128,2,1184.449,1.186963,FYFVGDEDLLEIIGNSK/2
678.71010803,3,1184.449,0.9743736,ILVVIEPLLIDEDYYAR/3
881.91945173,2,1185.193,1.1196399,DLEEALEMGVDWSLR/2
653.66304634,3,1185.193,0.9205556,FYFVGDEDLLEIIGNSK/3
705.67736107,3,1185.193,0.96550936,AGTLSITEFADMLSGNAGGFR/3
992.97773516,2,1185.193,1.1937981,HNIMDFAMPYFIQVMK/2
662.32091559,3,1185.936,0.9591245,HNIMDFAMPYFIQVMK/3
667.03347361,3,1185.936,0.9266518,GVPQIEVTFEIDVNGILR/3
719.05002437,3,1185.936,0.9727758,FILVENTYEEVVLQTVMK/3
672.68232945,3,1187.423,0.90724874,APEVSQYIYQVYDSILK/3
861.85324612,2,1189.654,1.0947481,FAWAIDMADEDYEF/2
988.03970425,2,1189.654,1.2207253,IMYAAVVPWSAAVEQLVK/2
816.93691626,2,1189.654,1.1227049,DPLALC[U:Carbamidomethyl]LLLQAYDK/2
950.51999328,2,1190.398,1.200061,GPFLVSAPLSTIINWER/2
708.41228493,3,1190.398,1.001848,GIFEALRPLETLPVEGLIR/3
962.47967648,2,1190.398,1.2026159,QAAPC[U:Carbamidomethyl]VLFFDELDSIAK/2
703.36260241,3,1190.398,0.9779995,LVQLDSAISMELWQEAFK/3
641.98887647,3,1190.398,0.9321832,QAAPC[U:Carbamidomethyl]VLFFDELDSIAK/3
742.72906233,3,1190.398,1.0278331,GYTLLSEGIDEMVGIIYKPK/3
706.34220128,3,1191.884,0.9662561,MNLASSFVNGFVNAAFGQDK/3
921.96927058,2,1191.884,1.1719295,YWLFSDEVPGLFIEK/2
836.92942552,2,1192.628,1.0945178,ELWDWSVC[U:Carbamidomethyl]VPLLR/2
720.36002643,3,1192.628,0.97731066,TVTVWELISSEYFTAEQR/3
717.7004945,3,1193.371,0.9314408,FDLGQDVIDFTGHALALYR/3
702.01052382,3,1193.371,0.9705811,AC[U:Carbamidomethyl]DTLLMC[U:Carbamidomethyl]IVTVMNHGLR/3
996.01166674,2,1193.371,1.2000111,LVYQIFDTFFAEQIEK/2
683.69060762,3,1193.371,0.95323414,LALESIC[U:Carbamidomethyl]LLLGESTTDWK/3
952.97274691,2,1193.371,1.1805723,EGASNLVIDLIMNASSDR/2
955.52474431,2,1194.115,1.1832377,LFVTGLFSLNQDIPAFK/2
707.34216203,3,1194.115,0.96740514,AC[U:Carbamidomethyl]DTLLM[U:Oxidation]C[U:Carbamidomethyl]IVTVMNHGLR/3
726.37920364,3,1194.858,1.0109284,GLVSTLQSATEQMAATVAGSVR/3
752.71715668,3,1194.858,0.99841547,AVANETGAFFFLINGPEIMSK/3
711.33213639,3,1194.858,0.9542863,AAAEIYEEFLAAFEGSDGNK/3
727.06102927,3,1195.602,0.9918834,ELFVQSEIFPLETPAFAIK/3
963.03313048,2,1195.602,1.2144307,QLSQSLLPAIVELAEDAK/2
642.35784581,3,1196.346,0.9363435,QLSQSLLPAIVELAEDAK/3
709.70245224,3,1197.833,1.0116681,ALINADELASDVAGAEALLDR/3
814.98472371,2,1198.576,1.1115158,TTLEVLQLFPINIK/2
690.36137296,3,1199.32,0.9163211,C[U:Carbamidomethyl]DAIVDLIHDIQIVSTTR/3
812.1111113,3,1199.32,0.9956489,DDQVTVIGAGVTLHEALAAAELLK/3
690.0139676,3,1200.063,0.971671,FPEADPYEIIESFNVVAK/3
571.31743336,3,1200.063,0.85645574,QEIIEQLLSNIFHK/3
871.98799469,2,1200.063,1.1153427,DLQEFIPLINQITAK/2
581.66108862,3,1200.063,0.8759691,DLQEFIPLINQITAK/3
725.68792019,3,1200.063,0.9433389,TDSEIYEDAVELQQFFIK/3
583.96505968,3,1200.807,0.8890612,QDDPFELFIAATNIR/3
898.51183388,2,1200.807,1.2684957,DVAAIAGGLVDAEALVALK/2
777.69653268,3,1200.807,0.99812907,VASNPYTWFTMEALEETWR/3
813.46504881,3,1200.807,1.0105916,YQLLQLVEPFGVISNHLILNK/3
755.76661633,3,1200.807,1.0133146,LAPPLVTLLSGEPEVQYVALR/3
875.44395129,2,1201.551,1.1232864,QDDPFELFIAATNIR/2
613.00620182,3,1201.551,0.8484001,DLLHLPELFSPGMLVR/3
928.45970116,2,1201.551,1.1772075,MYVFGGWVPLVMDDVK/2
840.9224202,2,1201.551,1.1011713,MLPVDEFLPVMFDK/2
768.03397897,3,1201.551,1.0048792,NIFESFVDYVAVEQLDGDNK/3
980.01484892,2,1202.295,1.209822,MMAIAPNVTVMVGELVGAR/2
653.67899144,3,1202.295,0.9602095,MMAIAPNVTVMVGELVGAR/3
792.45253652,2,1202.295,1.0797629,ELIPNIPFQMLLR/2
731.04029942,3,1202.295,1.0049477,LLLEAMDELEVAFNNTNVR/3
945.52220165,2,1203.038,1.1893144,VPLLLEEQGVVDYFLR/2
917.9558373,2,1203.038,1.1631148,YSLQYYMGLAEELVR/2
701.3790866,3,1203.782,1.0027889,LVLEQVVTSIASVADTAEEK/3
630.68389325,3,1203.782,0.92535037,VPLLLEEQGVVDYFLR/3
567.29960264,3,1203.782,0.8413954,FDFVHDLVLYLYR/3
745.05482587,3,1203.782,0.9568856,DTVTISGPQAPVFEFVEQLR/3
761.03790147,3,1203.782,1.0106945,AGC[U:Carbamidomethyl]EVTILFADLHAYLDNMK/3
535.65890798,3,1203.782,0.85653085,ILPEIIPILEEGLR/3
803.38183644,2,1203.782,1.0747849,DMTLEGDDLILEIE/2
706.68607949,3,1204.525,0.96079123,QQDAQEFFLHLINMVER/3
802.98472374,2,1204.525,1.0797226,ILPEIIPILEEGLR/2
620.66098273,3,1204.525,0.89684707,SAEHTLVDMVQLLFTR/3
774.39463083,3,1204.525,1.0122763,YAPTEAQLNAVDALIDSMSLAK/3
756.73386383,3,1204.525,1.0266054,SLSALGNVISALAEGSTYVPYR/3
951.52388705,2,1205.269,1.2274733,FGAQNEEMLPSILVLLK/2
769.40469577,3,1205.269,1.0058315,DALLDHDLALPLC[U:Carbamidomethyl]LLMAQQR/3
720.42771209,3,1205.269,1.0170248,LGQAELVVIDEAAAIPLPLVK/3
587.01698384,3,1206.012,0.88090754,GALQYLVPILTQTLTK/3
784.75086037,3,1206.012,0.99253863,HLVMGDIPAAVNAFQEAASLLGK/3
640.35940959,3,1206.012,0.9431039,FVTAIWNLLVTTGQEVK/3
960.03547615,2,1206.012,1.229099,FVTAIWNLLVTTGQEVK/2
880.02183753,2,1206.012,1.1582828,GALQYLVPILTQTLTK/2
923.98785728,2,1206.012,1.1743218,IFEDIPTLEDLAETLK/2
721.73425914,3,1206.755,0.93763596,GMLDPLEVHLLDFPNIVIK/3
609.34499463,3,1206.755,0.9696366,MADAIILAIAGGQELLAR/3
582.99519133,3,1206.755,0.90707505,EFITALIPEVILC[U:Carbamidomethyl]TK/3
596.97707673,3,1206.755,0.91163063,LDIFEFLNHVEDGLK/3
694.01262672,3,1207.499,0.95248383,FFPEDVSEELIQEITQR/3
873.98914876,2,1207.499,1.1504749,EFITALIPEVILC[U:Carbamidomethyl]TK/2
714.3805446,3,1207.499,0.99293536,NLNPEDIDQLITISGMVIR/3
999.49806624,2,1207.499,1.2343068,DYIYAVTPLLEDALMDR/2
957.46930873,2,1207.499,1.1910347,FQDTAEALAAFTALMEGK/2
793.92654849,2,1207.499,1.1434866,DILC[U:Carbamidomethyl]GAADEVLAVLK/2
666.66780298,3,1207.499,0.94481117,DYIYAVTPLLEDALMDR/3
791.39714025,3,1207.499,1.0204517,FLVLDEADGLLSQGYSDFINR/3
991.05185456,2,1208.242,1.2800933,AVDEAVILLQEIGVLDQR/2
661.03699519,3,1208.242,0.93519896,AVDEAVILLQEIGVLDQR/3
906.00110204,2,1208.986,1.2019638,NAPAIIFIDELDAIAPK/2
857.99548538,2,1208.986,1.1591028,ILSISADIETIGEILK/2
982.56608624,2,1208.986,1.2398264,INQDPQVMLAPLISIALK/2
716.71011361,3,1208.986,0.96000916,YMLLPNQVWDSIIQQATK/3
655.37981632,3,1209.73,0.97208405,INQDPQVMLAPLISIALK/3
815.44203137,2,1209.73,1.0785555,EDVLTLLLPVMGDSK/2
604.33649351,3,1209.73,0.9295274,NAPAIIFIDELDAIAPK/3
884.52200469,2,1209.73,1.1888396,AQLGVQAFADALLIIPK/2
675.38813941,3,1209.73,0.937488,GQNLLLTNLQTIQGILER/3
650.99513034,3,1209.73,0.91938865,DALEFWLQAGVDGFQVR/3
697.72341057,3,1209.73,0.9732101,GVGAAATAVTQALNELLQHVK/3
560.62353458,3,1209.73,0.884926,ADMVIEAVFEDLSLK/3
735.37556506,3,1210.474,0.995776,STAISLFYELSENDLNFIK/3
840.43166363,2,1210.474,1.1319335,ADMVIEAVFEDLSLK/2
742.95797766,2,1210.474,1.0643098,EALLQISIPFLLK/2
729.91545252,2,1210.474,1.0801834,TEC[U:Carbamidomethyl]ALLGLLLDLK/2
823.44184284,2,1210.474,1.1252142,NLLVTMLIDQLC[U:Carbamidomethyl]GR/2
709.40610923,2,1210.474,1.0677074,DINTDFLLVVLR/2
770.41910514,3,1211.217,0.98892605,QADTVYFLPITPQFVTEVIK/3
830.47144916,2,1211.217,1.1198972,IEQLSPFPFDLLLK/2
707.03700079,3,1211.217,0.9967742,NVGC[U:Carbamidomethyl]LQEALQLATSFAQLR/3
892.93913294,2,1211.217,1.1395122,YVDFPITDVLQMMGR/2
982.00826676,2,1211.217,1.2278965,AFM[U:Oxidation]TADLPNELIELLEK/2
967.52273298,2,1211.217,1.2920133,VADLYELVQYAGNIIPR/2
903.95401442,2,1211.961,1.1779546,EDLATFIEELEAVEAK/2
711.3857358,3,1211.961,0.94860715,IQVTPPGFQLVFLPFADDK/3
560.98328574,3,1211.961,0.86064917,DGALHMIGSLAEILLK/3
840.97129037,2,1211.961,1.1367424,DGALHMIGSLAEILLK/2
581.64924955,3,1211.961,0.88105285,VHNLITDFLALMPMK/3
882.44817099,2,1211.961,1.1351738,ISFDEFVYIFQEVK/2
938.45091901,2,1211.961,1.1592162,FGVEQDVDM[U:Oxidation]VFASFIR/2
622.35588806,3,1212.704,0.90942997,DNTIEHLLPLFLAQLK/3
889.47217739,2,1212.704,1.13907,ENVNSLLPVFEEFLK/2
840.96960499,2,1212.704,1.1326497,YNVTVIQYIGELLR/2
989.98584592,2,1212.704,1.2110296,ILADLEDYLNELWEDK/2
689.07712516,3,1212.704,0.90772563,IDLRPVLGEGVPILASFLR/3
679.03213271,3,1212.704,0.9867242,DGHNLISLLEVLSGDSLPR/3
973.01916584,2,1212.704,1.2012296,VDNMIIQSISLLDQLDK/2
913.50655157,2,1212.704,1.1900362,LVLPSLLAALEEESWR/2
977.51077965,2,1212.704,1.208673,LLSPFMPFVTEELFQR/2
823.95160917,2,1212.704,1.1093574,DLVSSLTSGLLTIGDR/2
995.03821584,2,1212.704,1.2283854,GLDIPLLDNVINYSFPAK/2
869.97435599,2,1213.448,1.1490316,QLAAFLEGFYEIIPK/2
990.50334852,2,1213.448,1.2368561,VPSTEAEALASSLMGLFEK/2
707.07556138,3,1213.448,0.9745163,DVLIQGLIDENPGLQLIIR/3
813.47400026,2,1213.448,1.1280645,NSLIQMTILNLLPR/2
854.95818296,2,1213.448,1.1219403,NSPLTVPMFLSLFSR/2
890.451245,2,1214.192,1.142015,DLYNWLEVEFNPLK/2
959.99952488,2,1214.192,1.2063954,LMWLFGC[U:Carbamidomethyl]PLLLDDVAR/2
858.47165451,2,1214.192,1.128496,SC[U:Carbamidomethyl]QTALVEILDVIVR/2
660.6713245,3,1214.192,0.97682965,VPSTEAEALASSLMGLFEK/3
947.99909065,2,1214.192,1.2050835,NLATAYDNFVELVANLK/2
699.35377259,3,1214.192,0.97421163,ADLEMQIESLTEELAYLK/3
639.00485531,3,1214.192,0.9073903,IFSAEIIYHLFDAFTK/3
778.08975906,3,1214.935,0.991176,TAAFLLPILSQIYSDGPGEALR/3
858.46108984,2,1214.935,1.1305481,WTELGALDILQMLGR/2
870.97161632,2,1214.935,1.1408738,FLNWIPLGYIFETK/2
671.36522328,3,1214.935,0.9482179,ASPESQEPLIQLVQAFVR/3
788.7387319,3,1214.935,0.9944547,FANSLPINDPLQTVYQLMSGR/3
680.0053607,3,1215.679,0.9394278,FYPEDVAEELIQDITQK/3
724.71715671,3,1215.679,0.99566275,TDMIQALGGVEGILEHTLFK/3
529.97500755,3,1215.679,0.88426757,EVYAAAAEVLGLILR/3
952.54059139,2,1216.422,1.2706591,TATFAISILQQIELDLK/2
974.01080944,2,1216.422,1.2137785,AFMTADLPNELIELLEK/2
861.99308001,2,1216.422,1.1431867,VNDVVPWVLDVILNK/2
926.50381189,2,1216.422,1.1923945,LWISNGGLADIFTVFAK/2
716.75571728,3,1217.166,1.0091964,VLLVSPELQAAVEEILPSLK/3
692.73190605,3,1217.166,1.029049,AIPDLTAPVAAVQAAVSNLVR/3
473.7641662,4,1217.166,0.7680098,DSQRDLVEAVAHILGIR/4
837.99509141,2,1218.653,1.1326008,LVLDAFALPLTNLFK/2
736.08249299,3,1219.397,0.9401087,VHAELADVLTEAVVDSILAIK/3
717.37578798,3,1220.884,0.9884952,ETYEVLLSFIQAALGDQPR/3
797.77366508,3,1220.884,0.99960804,ESQLALIVC[U:Carbamidomethyl]PLEQLLQGINPR/3
593.70451726,3,1220.884,0.92220503,LPILPTLLTTLEVSLR/3
890.05313766,2,1220.884,1.1806585,LPILPTLLTTLEVSLR/2
617.32058126,3,1221.627,0.943207,MVVDAVM[U:Oxidation]MLDDLLQLK/3
617.32058126,3,1221.627,0.943207,MVVDAVMM[U:Oxidation]LDDLLQLK/3
684.71603311,3,1224.602,0.99739546,EILEQLLEAIVVATNPSGR/3
731.76287189,3,1227.576,1.0201231,GDTLLQALDLLPLLIQTVEK/3
720.75946178,3,1229.063,1.0128169,QPENALVLELLEPLLSIIR/3
