mz,charge,rt_s,mobility,sequence
497.55461385062904,3,59.407,0.76855534,EEEDKDDEEKPK/3
451.95753446319156,4,60.15,0.7549189,GEKEEEDKDDEEKPK/4
415.88596961829575,3,114.429,0.742999,VRQEESEQIK/3
501.5793166986291,3,115.917,0.7979468,AQHEDQVEQYKK/3
446.90525265462907,3,117.404,0.8082431,EESGKPGAHVTVK/3
526.2657320679623,3,119.635,0.84430635,SHHAASTTTAPTPAAR/3
432.9054755932957,3,126.327,0.782597,ERPSQPEGLRK/3
432.91056095729573,3,130.788,0.76643634,SVPLGHTHHLAK/3
699.994294779629,3,132.275,0.9325849,LTQTSGETTHTHTEPTGDGK/3
564.251593940629,3,133.762,0.8423866,AETPTAAEDDNEGDKK/3
408.55080982096234,3,134.506,0.7481286,HADIVTTTTHK/3
545.6251488552957,3,136.737,0.86170393,VHGPGIQSGTTNKPNK/3
409.4706807581915,4,136.737,0.7755441,VHGPGIQSGTTNKPNK/4
562.288648192629,3,137.481,0.8404462,TVQGSGHQEHINIHK/3
531.9062038669623,3,137.481,0.85619706,HEEQPAPGYDTHGR/3
433.22509675096234,3,137.481,0.7783501,LGIHEDSTNRR/3
518.5745656916289,3,139.711,0.8150942,HHYEQQQEDLAR/3
435.179113807629,3,140.455,0.77933997,MHC[UNIMOD:4]C[UNIMOD:4]DEVQPK/3
508.24589173196233,3,141.198,0.8542968,EEASGSSVTAEEAKK/3
618.2892649972956,3,144.172,0.888871,DSVAQGTTNVHSSEHAGR/3
463.2356614549623,3,144.916,0.77989095,AQQELEEQTRR/3
560.2762967839623,3,147.146,0.8681321,RQPQEEVVHEDQGK/3
542.5558545262957,3,147.89,0.83460873,IEC[UNIMOD:4]DDKGDGSC[UNIMOD:4]DVR/3
458.88099569329574,3,148.633,0.8015905,AQHEDQVEQYK/3
442.5651189996291,3,149.377,0.7981575,RDHALLEEQSK/3
590.9266105479624,3,150.864,0.86666745,HYAHTDC[UNIMOD:4]PGHADYVK/3
470.9006131106291,3,151.607,0.8206168,YHTINGHNAEVR/3
530.925486942629,3,153.838,0.8641958,HLQTGENHTSVDPR/3
458.5809919542957,3,156.812,0.81340957,AHVQEVAQHNLK/3
412.23493312396243,3,159.043,0.796295,VAPAPARPSGPSK/3
429.5786998492957,3,159.043,0.77384865,HLLVHAPEDKK/3
457.5542255319624,3,159.787,0.8066746,KNHEEEMNALR/3
671.6471179966289,3,160.53,0.87240577,LQQQQRPEDAEDGAEGGGK/3
453.5383525572957,3,160.53,0.81374377,QVDGDNSHVEMK/3
760.844798303504,2,160.53,1.0603374,ADAEGESDLENSRK/2
705.6781951859624,3,161.274,0.95683444,LTQTSGETTHTDKEPVGEGK/3
400.8788150259624,3,162.019,0.7572069,LSSVVTQHDSK/3
524.9134250159624,3,162.762,0.8508262,RMEELHNQEMQK/3
803.886997498504,2,163.506,1.0478451,QQSAQSQVSTTAENK/2
494.8866978672957,3,164.25,0.81108,EETVNDPEEAGHR/3
474.7237009544415,4,164.25,0.80133694,STPKEETVNDPEEAGHR/4
503.5711555472958,3,164.993,0.82305855,EWSQHINGASHSR/3
754.8530950875042,2,164.993,1.0586528,EWSQHINGASHSR/2
433.8824480242957,3,164.993,0.75605315,KPEDWDERPK/3
448.90547558929575,3,164.993,0.78667575,HHIETGGGQLPAK/3
436.88960262329573,3,167.967,0.7711327,NKYEDEINKR/3
493.25131150496236,3,168.711,0.8111723,IHNAENIQPGEQK/3
439.5425372506291,3,172.429,0.8072815,YAHQSGFHVDR/3
597.2810533782957,3,173.172,0.832719,ATC[UNIMOD:4]APQHGAPGPGPADASK/3
464.2406353586291,3,173.916,0.80814904,THLSLSHNPEQK/3
711.3489882290041,2,173.916,1.0357821,YEPAAVSEQGDKK/2
456.90413467796225,3,175.404,0.7700103,NNRPSEGPLQTR/3
735.9962525216291,3,175.404,0.9433829,SDAEEDGGTVSQEEEDRKPK/3
434.2179421772956,3,177.635,0.8240287,RLPDAHSDYAR/3
575.2532748102957,3,179.122,0.88800323,VAAASGHC[UNIMOD:4]GAFSGSDSSR/3
782.3364717300042,2,182.096,1.0372005,AQAVSEEEEEEEGK/2
477.9073218809624,3,182.096,0.79026896,LEVQATDREENK/3
621.2821770089623,3,182.839,0.87269866,GVTEC[UNIMOD:4]YEC[UNIMOD:4]HPKPTQR/3
481.5513151972957,3,182.839,0.8149529,DGETPDPEDPSRK/3
592.9493037346291,3,184.327,0.8985953,IHEGC[UNIMOD:4]EEPATHNALAK/3
458.22236443196243,3,185.07,0.77809715,KGDEC[UNIMOD:4]ELLGHSK/3
444.9637969176915,4,185.07,0.7915948,IHEGC[UNIMOD:4]EEPATHNALAK/4
888.9203173685041,2,185.07,1.1266938,IHEGC[UNIMOD:4]EEPATHNALAK/2
434.54002784629574,3,185.07,0.77660364,HTNYTMEHIR/3
417.20951324829565,3,188.044,0.7902272,RREEEMMIR/3
783.8657307135039,2,189.531,1.0468203,AEGSSTASSGSQLAEGK/2
496.5743427762956,3,189.531,0.82833797,RQLEEAEEEAQR/3
452.53404176096245,3,190.274,0.74992496,DAQHYGGWEHR/3
498.56864614296245,3,191.019,0.8456472,THNDIIHNENMR/3
435.22621474762906,3,191.761,0.7771152,LVDQSGPPHEPK/3
472.87972133262906,3,193.993,0.82915175,MEELHNQEMQK/3
483.93180180762903,3,194.737,0.82894754,RQEALPLHQETK/3
561.2850151802958,3,196.968,0.86509126,AIQGGTSHHLGQNFSK/3
433.55774150662904,3,196.968,0.7908549,VKDDIESLHDK/3
471.2286182909623,3,197.711,0.8085346,AFHNEAQVNPER/3
593.9831132709623,3,197.711,0.9194598,RDPALNSGVSQKPDPAK/3
841.4238845370041,2,197.711,1.1559123,AIQGGTSHHLGQNFSK/2
406.93758216169147,4,199.199,0.7758649,EHHFGSSGMTLHER/4
813.3737229330042,2,199.199,1.0899736,TQASSSFQDSSQPAGK/2
533.9167685502956,3,199.942,0.832717,DSSGQHVDVSPTSQR/3
408.8863039792957,3,199.942,0.79193944,SHLARQQQEK/3
458.5809919682957,3,200.686,0.8077899,LNGHQLENHALK/3
471.8919612729623,3,201.429,0.8212931,VPENTMHAMQQK/3
585.2799297882957,3,202.916,0.87526196,KHEAFESDLAAHQDR/3
439.2117664579415,4,203.659,0.7948052,KHEAFESDLAAHQDR/4
407.8910549802958,3,204.403,0.7481747,HHVLGTITTDK/3
537.9267220049624,3,205.146,0.81651336,SNIHC[UNIMOD:4]NTIAPNAGSR/3
414.855904526629,3,207.377,0.7524049,NHEEEMNALR/3
561.2427101242957,3,207.377,0.8409072,EVPDAC[UNIMOD:4]FNHNGEHR/3
484.5476821849624,3,207.377,0.8170185,FEDEDSDDVPRK/3
467.25287533096235,3,207.377,0.83142436,ILHQHLGAPEER/3
746.3501507300041,2,209.607,1.0588499,LESGMQNM[UNIMOD:35]SIHTK/2
419.8800500882957,3,209.607,0.75930053,IANC[UNIMOD:4]IVHSTDK/3
583.5993280492957,3,210.351,0.8773654,REEEEQQEGGFASPR/3
746.3501507300041,2,210.351,1.0592568,LESGM[UNIMOD:35]QNMSIHTK/2
451.85909171762904,3,210.351,0.800767,TFTEMDSHEEK/3
747.3707863630042,2,211.838,1.0524886,SQYEQLAEQNRK/2
498.5829497309624,3,211.838,0.8396965,SQYEQLAEQNRK/3
600.6239193862957,3,211.838,0.9111607,WATHGEPSPVNSHPQR/3
738.383696745004,2,211.838,1.0587304,GSEHQAIVQHLEK/2
508.91117778462893,3,212.582,0.86110485,SGDEVHYHVTAGPR/3
492.59155665229565,3,212.582,0.8282565,GSEHQAIVQHLEK/3
912.4345087660041,2,215.556,1.1030735,QNQTTSAVSTPASSETSK/2
736.8981253825042,2,217.787,1.0405606,RKPDTIEVQQMK/2
761.8331793485041,2,218.53,1.0589689,GSNTC[UNIMOD:4]EVHFENTK/2
491.6011757439624,3,219.274,0.828872,RKPDTIEVQQMK/3
581.9354943569624,3,220.018,0.8658091,TDAPQPDVKEEEEEK/3
712.8676825415039,2,220.761,1.0304477,LTHYHEGLPTTR/2
741.8502180475041,2,221.505,1.0727372,DLAEVGEGGGHSQAR/2
447.87758553896236,3,221.505,0.78752524,ASNGDAWVEAHGK/3
435.24208772629567,3,222.248,0.77493393,ALEHSALAINHK/3
469.554225536629,3,222.248,0.8326951,NYVVTDHGSC[UNIMOD:4]VR/3
608.2679127399624,3,222.992,0.88037777,YFDGSGGNNHAVEHYR/3
905.4713659970041,2,222.992,1.1439701,DKPHVNVGTIGHVDHGK/2
469.5445615612957,3,222.992,0.8331474,QTFPEHC[UNIMOD:4]SLC[UNIMOD:4]K/3
603.983336153629,3,223.735,0.90509677,DKPHVNVGTIGHVDHGK/3
416.554554291629,3,224.479,0.74442774,VSVHVIEGDHR/3
456.57267448629574,3,224.479,0.8191354,VAERPQHMLMR/3
689.3520622120041,2,225.223,1.0521553,TTTAAAVASTGPSSR/2
417.2264376702956,3,225.966,0.79298586,ALTHIDHSLSR/3
463.89458217229566,3,225.966,0.7854887,QAHLTNQYMQR/3
519.575577814629,3,226.71,0.84096086,EESSGTPAHQMNLR/3
497.59893411529566,3,226.71,0.83431965,GNTSGSHIVNHLVR/3
510.5866941489623,3,226.71,0.8608315,HGVDVEVQGPHEAR/3
498.23532707862904,3,226.71,0.80039394,KYEEIDNAPEER/3
443.55421992862915,3,227.453,0.7716941,RFDTEEEFKK/3
434.21794217462894,3,228.94,0.79572964,DREEALHQFR/3
427.56170888396235,3,229.683,0.80576,DPNDVRPIQAR/3
795.8971682635041,2,229.683,1.0880111,LEQIDGHIAEHNSK/2
530.9338709979623,3,230.427,0.83639574,LEQIDGHIAEHNSK/3
488.916263186629,3,230.427,0.86334825,LDPHNHVLYSNR/3
551.9482916129623,3,230.427,0.8748329,AQELGHSQSALASAQR/3
581.6079350059623,3,230.427,0.84020996,ITPAHDQNDYEVGQR/3
510.9036944499624,3,231.171,0.8176519,AAHSEGNTTAGLDMR/3
734.3722747880042,2,231.171,1.0689822,SISLASC[UNIMOD:4]HQLHSK/2
465.916151733629,3,231.914,0.7839212,QSVENDIHGLRK/3
517.2222585829624,3,234.888,0.8283591,LFQEC[UNIMOD:4]C[UNIMOD:4]PHSTDR/3
412.9030720299623,3,235.632,0.78721815,VSQEHPVVLTK/3
828.8439410515041,2,236.375,1.044953,IEYNDQNDGSC[UNIMOD:4]DVK/2
445.2336102659415,4,236.375,0.7835041,ANIRNM[UNIMOD:35]SVIAHVDHGK/4
463.8644056256291,3,237.119,0.7897448,INTC[UNIMOD:4]WQDHC[UNIMOD:4]R/3
479.5757951479624,3,238.606,0.87196875,QDAQSLHGDIPQK/3
971.494180913004,2,239.35,1.158477,VMQQQQQTTQQQLPQK/2
519.2865790042956,3,239.35,0.83932245,AIEALHGHELRPGR/3
423.55796441529566,3,239.35,0.7878034,HTVDDGLDIRK/3
627.6048739186291,3,240.093,0.9065391,ISTETEETEGSLHC[UNIMOD:4]C[UNIMOD:4]K/3
647.998546097629,3,240.093,0.8951267,VMQQQQQTTQQQLPQK/3
455.24913084229564,3,241.581,0.795211,VARPLPAEEPER/3
716.3887821110042,2,243.067,1.0406935,LHNTIVEINNHK/2
484.57193921362904,3,244.554,0.8255005,YKPESEELTAER/3
788.888674460504,2,244.554,1.0492172,EVDATSPAPSTSSTVK/2
626.9854053999624,3,246.041,0.9038594,LLETTDRPDGHQNNLR/3
445.2176078102957,3,246.041,0.7723271,ETAENYLGHTAK/3
786.8433585425041,2,246.041,1.0601174,GHQFSC[UNIMOD:4]VC[UNIMOD:4]LHGDR/2
524.897997850629,3,246.041,0.83067936,GHQFSC[UNIMOD:4]VC[UNIMOD:4]LHGDR/3
436.87289554796234,3,246.041,0.79817665,YLENYKC[UNIMOD:4]YR/3
867.8980935185041,2,247.529,1.0790888,EINSDQATQGNISSDR/2
709.8597201015042,2,247.529,1.03822,QSSVTQVTEQSPK/2
433.89457656296236,3,248.273,0.7871882,HRPELIEYDK/3
460.21001302129565,3,248.273,0.79796445,EMEAELEDERK/3
521.5984883039624,3,249.016,0.8472105,VSLEPHQGPGTPESK/3
608.5911220529623,3,250.503,0.89427185,HYYEVSC[UNIMOD:4]HDQGLC[UNIMOD:4]R/3
662.9887040492957,3,250.503,0.92938817,FELQHGTEEQQEEVRK/3
720.3392965432957,3,250.503,0.9459595,NKPNMSDPEESRGNDELVK/3
558.2760738852957,3,250.503,0.85537356,RDIQENDEEAVQVK/3
762.348327922004,2,251.99,1.03973,IIEDC[UNIMOD:4]SNSEETVK/2
424.2117997479624,3,251.99,0.77454627,TAIHEVMEQGR/3
694.353434676629,3,251.99,0.9668663,HASGGSTVHIHPQAAPVVC[UNIMOD:4]R/3
841.913212224504,2,253.477,1.081133,GLTTTGNSSLNSTSNTK/2
409.8875334389623,3,253.477,0.79152006,HRPELIDYGK/3
905.4323004580042,2,254.221,1.1091908,SSQTSGTNEQSSAIVSAR/2
442.2371138146289,3,254.221,0.79335666,SQLLGSAHEVQR/3
790.8629910785041,2,254.221,1.0361916,QDSINAYNEPNSTK/2
536.9072160246291,3,254.221,0.8277215,DEPVRDENGYC[UNIMOD:4]VR/3
490.9319132419623,3,254.221,0.85911316,FLRPEDPTRPSR/3
416.5228083542957,3,254.221,0.76587623,GEIDAHEDSFK/3
496.24550343796227,3,254.964,0.83778995,RDPHLAC[UNIMOD:4]VAYER/3
542.5816087829622,3,256.452,0.87303704,HEAFESDLAAHQDR/3
435.1997826742956,3,256.452,0.78057384,VTWDGHSGSMAR/3
525.9297921722957,3,257.195,0.824569,IEQVDKEDEITEK/3
813.368774941004,2,257.195,1.1151403,HEAFESDLAAHQDR/2
788.3910500250041,2,257.195,1.0527364,IEQVDKEDEITEK/2
942.4553816190041,2,258.682,1.2166766,LNFSHGTHEYHAETIK/2
471.7313290429415,4,258.682,0.8176959,LNFSHGTHEYHAETIK/4
628.6393465682958,3,258.682,0.9715915,LNFSHGTHEYHAETIK/3
553.628447534629,3,258.682,0.87504965,VVDRDSEEAEIIRK/3
415.4731547676915,4,259.426,0.7462386,VVDRDSEEAEIIRK/4
488.2443798072956,3,260.17,0.8456808,ITSVAWSPHHDGR/3
500.71424464344153,4,260.913,0.7916196,C[UNIMOD:4]RDDSFFGETSHNYHK/4
543.2629997689623,3,261.656,0.8499422,VLTGVAGEDAEC[UNIMOD:4]HAAK/3
415.1889951056291,3,261.656,0.76789147,C[UNIMOD:4]ALGWDHQEK/3
496.911021436629,3,261.656,0.8062045,VKPEEMMDERPK/3
814.3908614200041,2,262.4,1.1549413,VLTGVAGEDAEC[UNIMOD:4]HAAK/2
430.8451169572957,3,263.145,0.76415384,TFDHYC[UNIMOD:4]EYR/3
479.2344785494415,4,263.145,0.8102351,ETKPEPMEEDLPENKK/4
638.6435459102958,3,263.145,0.9404399,ETKPEPMEEDLPENKK/3
918.423944083004,2,263.888,1.1278535,HSLNSSSASTTEPDFQK/2
612.6183882109623,3,263.888,0.9376862,HSLNSSSASTTEPDFQK/3
788.3666580750041,2,264.632,1.0812278,HLAEHSPYYEAMK/2
436.2419762859624,3,264.632,0.78063506,LLENPTINHQK/3
790.4199448320041,2,266.119,1.0651482,EATNPPVIQEEKPK/2
869.3721969100042,2,266.119,1.0936549,TETVEEPM[UNIMOD:35]EEEEAAK/2
718.6553961409624,3,266.119,0.98369914,VSALNSVHC[UNIMOD:4]EHVEDEGESR/3
405.531526744629,3,266.862,0.7378002,ASIHEAWTDGK/3
740.8969713075041,2,268.349,1.0635989,QTAQQIVSHVQNK/2
425.21894873762903,3,268.349,0.7797508,LYHNEVEIEK/3
504.9023479532957,3,269.837,0.817413,DTHDQLSEPSEVR/3
408.2178575424415,4,269.837,0.75289345,LSEIHHLHPEYVR/4
494.26707302729574,3,269.837,0.8364019,QTAQQIVSHVQNK/3
404.84863852262896,3,272.067,0.74022454,MDYEDDRLR/3
792.896833954504,2,272.811,1.059031,LDQELQQPQTQEK/2
709.6744507452958,3,273.554,0.96509033,ILEQEEEEEQAGKPGEPSK/3
778.9000453125041,2,273.554,1.1207594,HQALQAEIAGHEPR/2
732.848632456504,2,274.298,1.0345999,EHDPVGQMVNNPK/2
862.428498196004,2,274.298,1.1394252,LIQSHPESAEDLQEK/2
519.6024556972957,3,274.298,0.86414856,HQALQAEIAGHEPR/3
575.2880909529623,3,274.298,0.8840878,LIQSHPESAEDLQEK/3
499.252658039629,3,275.785,0.81995595,MQHNLEQQIQAR/3
748.9882028632956,3,276.528,0.96764106,DQSSWQNSDASQEVGGHQER/3
681.348988228004,2,276.528,1.0294135,EVATNSELVQSGK/2
533.2429274422957,3,277.272,0.8187715,YGEAGEGPGWGGAHPR/3
741.370786329004,2,277.272,1.0567735,QQALTVSTDPEHR/2
494.58294970829564,3,277.272,0.8498368,QQALTVSTDPEHR/3
444.24572073462895,3,278.015,0.7665243,VTAIHIDPATHR/3
539.259701111629,3,278.759,0.84058386,TGTITTFEHAHNMR/3
544.5913393216291,3,278.759,0.8551143,TGTITTFEHAHNM[UNIMOD:35]R/3
422.2225817372957,3,280.246,0.7958873,ISSDLDGHPVPK/3
516.5897699336291,3,280.246,0.86527455,ELRDEEQTAESIK/3
919.4317690970041,2,280.246,1.1182493,GHEENGDVVTEPQVAEK/2
706.8455585005041,2,280.989,1.0250094,SRAEAESMYQIK/2
722.3447685320041,2,280.989,1.071377,SEDSSGAAGLSGLHR/2
862.922860117504,2,280.989,1.1348135,HLC[UNIMOD:4]QQLQAEQAAAEK/2
546.6129089149623,3,280.989,0.8738255,AGAISASGPELQGAGHSK/3
819.415725139004,2,280.989,1.1550318,AGAISASGPELQGAGHSK/2
484.9438188272957,3,282.477,0.8540456,VGQAVDVVGQAGKPK/3
678.3249874246292,3,283.22,0.9440232,VQIAANEETQEREEQMK/3
483.93554626829564,3,283.964,0.82864755,GDAHLRPTSLVQR/3
435.91397108696236,3,284.707,0.77213603,RQPEAVHLLDK/3
716.9723908372957,3,285.451,0.96528846,EEEEPMDTSSVTHTEHYK/3
709.3588330290041,2,285.451,1.0512599,ALSVLGC[UNIMOD:4]GHTSSTK/2
534.2509827372957,3,285.451,0.8484732,GETVNDC[UNIMOD:4]HAEIISR/3
875.447556574004,2,285.451,1.1141241,SPAGPAATPAQAQAASTPR/2
537.9811122446915,4,285.451,0.8362724,EEEEPMDTSSVTHTEHYK/4
716.3253245510041,2,286.194,1.0738987,GMWSEGNGSHTIR/2
470.9160402832957,3,286.194,0.8088676,LAQGHTTVDELAR/3
712.3700580430042,2,286.938,1.0448316,SLAPSIHGHDYVK/2
501.5793166879624,3,286.938,0.80727303,FEGGDRDLEHLSK/3
468.211582428629,3,289.17,0.8296974,TANDMIHAENMR/3
790.3564872900041,2,289.913,1.0479599,RPAEDMEEEQAFK/2
778.389176020004,2,290.657,1.0560598,AAVGQESPGGLEAGNAK/2
506.2390715512958,3,292.144,0.84352267,QEYDESGPSIVHR/3
758.8549690935042,2,292.144,1.0244443,QEYDESGPSIVHR/2
645.9729425356292,3,292.144,0.9113223,AYLQEEERENSEVSPR/3
691.8673481745041,2,292.144,1.0245643,AQTAHIVLEDGTK/2
515.9304608822955,3,292.887,0.8733566,HALLEADVAAHQDR/3
773.3920530900039,2,292.887,1.1121553,HALLEADVAAHQDR/2
461.5806576052957,3,293.631,0.8057821,AQTAHIVLEDGTK/3
734.8731618125041,2,293.631,1.0389109,HTLNPEETSSVVR/2
564.5800449569624,3,295.118,0.8191301,STAGDTHLGGEDFDNR/3
559.248406749629,3,295.118,0.82161176,ATAGDTHLGGEDFDNR/3
481.5696527072957,3,295.118,0.86481184,EREHLEMELEK/3
846.3664292020042,2,295.862,1.0709314,STAGDTHLGGEDFDNR/2
744.8353877195041,2,295.862,1.0254291,QC[UNIMOD:4]VENADLPEGEK/2
990.992328302504,2,295.862,1.1699376,IGQQPQQPGAPPQQDYTK/2
714.907142099504,2,296.605,1.0563207,IIAHAQLLEQHR/2
771.3724717230041,2,296.605,1.0350958,HVIADQEVMETNR/2
476.9405202219623,3,296.605,0.82281125,IIAHAQLLEQHR/3
687.635278924629,3,298.093,0.97935086,MTNHC[UNIMOD:4]VFSANEDHETIR/3
718.3386205290042,2,298.836,1.0455983,YELISETGGSHDK/2
446.55545502562904,3,298.836,0.78610665,LC[UNIMOD:4]DSYEIRPGK/3
553.2599240169624,3,298.836,0.8640356,GHYNNVSC[UNIMOD:4]AVFHPR/3
470.9127416119624,3,298.836,0.7773238,SGNALFHASTLHR/3
929.968321833504,2,298.836,1.1538064,IPAHQVLYSTSGENASGK/2
763.4146624890041,2,298.836,1.051215,KPALVSTVEGGQDPK/2
479.22817250829576,3,299.58,0.8323776,YELISETGGSHDK/3
838.3689718910041,2,299.58,1.0758885,ATAGDTHLGGEDFDNR/2
578.2849037366291,3,299.58,0.8705286,KPGQSFQEQVEHYR/3
675.6638860719623,3,299.58,0.9296307,LQTASDESYKDPTNIQSK/3
612.938009388629,3,300.324,0.85542077,DGQVINETSQHHDDLE/3
946.9290592665042,2,301.067,1.1383308,AQENYEGSEEVSPPQTK/2
588.6043019816292,3,301.067,0.908484,YDEELEGERPHSFR/3
441.7050456029416,4,301.067,0.79040116,YDEELEGERPHSFR/4
455.9088856969623,3,301.067,0.8278978,TQGLVPEHVETR/3
759.8846836005042,2,301.067,1.085763,FVPAEM[UNIMOD:35]GTHTVSVK/2
918.9033758495041,2,301.81,1.1445146,DGQVINETSQHHDDLE/2
463.568752002629,3,301.81,0.8284155,ANNIDYTVHSVR/3
455.91509468296226,3,303.298,0.83106554,LRAEPDHMVLGK/3
464.564896093629,3,303.298,0.805984,TNHIYVSSDDIK/3
859.433780506004,2,303.298,1.132397,NTVSQSISGDPEIDKK/2
494.919784756629,3,304.041,0.8553856,QADNPHVALYQAR/3
416.8728955139624,3,304.041,0.7708691,TC[UNIMOD:4]HSFIINEK/3
447.5712165132957,3,304.785,0.8022354,VSMSPVLHTQNK/3
547.9617610202957,3,304.785,0.86209124,LRENVFQEHQTLK/3
423.21783072829567,3,305.528,0.7768347,QSVENDIHGLR/3
622.3340345746291,3,305.528,0.89300245,RPELLTHSTTEVTQPR/3
441.8994445949623,3,306.271,0.8064136,TNVVTMPTAHPR/3
867.892910993504,2,307.759,1.1056831,SHMMDVQGSTQDSAIK/2
717.9011909735041,2,307.759,1.0497742,QLAVAEGKPPEAPK/2
747.9173723715041,2,307.759,1.0369318,KPPLLNNADSVQAK/2
740.3937300670041,2,308.502,1.0866572,AGGAAVVITEPEHTK/2
493.93157886696235,3,308.502,0.8603146,AGGAAVVITEPEHTK/3
911.8866715505039,2,308.502,1.1346751,GNIQLSYSDGDDC[UNIMOD:4]GHGK/2
783.4177365300042,2,309.246,1.0894281,NLLIQNKPGDDPNK/2
709.8680168885039,2,309.246,1.0516363,VSHQAGDHWLIR/2
460.9209027426289,3,309.99,0.80660444,KLDEAVAEAHLGK/3
814.3776166740041,2,309.99,1.1000278,SSVQEEC[UNIMOD:4]VSTISSSK/2
778.8706191115041,2,310.733,1.0806011,DHVVSDFSEHGSLK/2
519.5828382299624,3,310.733,0.8502765,DHVVSDFSEHGSLK/3
496.60368513229565,3,311.477,0.8148858,VDEAVAVLQAHHAK/3
537.2653977309623,3,312.221,0.8632784,AVEVQGPSLESGDHGK/3
617.9658993769623,3,312.964,0.91900903,FSTVAGESGSADTVRDPR/3
893.9319363175041,2,312.964,1.0975138,VQAEDEANGLQTTPASR/2
745.865336801504,2,312.964,1.0692387,DGHDQHVLELEAK/2
404.96988798219155,4,312.964,0.7819845,KC[UNIMOD:4]EHDPHVLLAVAK/4
742.8600544585041,2,312.964,1.0555702,GELQSSDLFHHSK/2
774.8862692245042,2,312.964,1.0652006,HRDYETATLSDIK/2
926.445210832004,2,312.964,1.2272586,FSTVAGESGSADTVRDPR/2
877.3792021960043,2,313.708,1.0901875,GFDTSSSSSNSAASSSFK/2
516.9266049719624,3,313.708,0.8414871,HRDYETATLSDIK/3
781.8626567085041,2,313.708,1.0556921,EQVEEDNEVSSGLK/2
446.5809919862957,3,314.451,0.7735394,TLNQQLTNHIR/3
915.9344790165042,2,314.451,1.1256073,NLTEQNSYSNIPHEGK/2
446.23845471196233,3,315.938,0.7725679,QLPHFTSEHIK/3
405.88753343696226,3,315.938,0.7832831,LVVDSHVQYR/3
823.381882283004,2,315.938,1.1106445,AAAAAWEEPSSGNGTAR/2
716.0344247862955,3,316.682,0.93153375,QEQQEGPVGPAPSRPALQEK/3
534.2789842079624,3,317.425,0.8254638,SIGTANRPMGAGEALR/3
797.3731916390042,2,318.169,1.046889,QAEETYENIPGQSK/2
485.5612686679622,3,318.169,0.7962395,NLETFC[UNIMOD:4]EETRR/3
799.3346975950042,2,318.912,1.1325337,DFTVSAM[UNIMOD:35]HGDMDQK/2
411.5412573032957,3,320.399,0.78550726,VADMALHYANK/3
794.379142677004,2,320.399,1.0602283,HQAFEAELSANQSR/2
436.897986674629,3,321.143,0.7801354,IRYESLTDPSK/3
631.9476284749622,3,321.886,0.8893111,NKEDQYDHLDAADMTK/3
741.8903003475041,2,322.63,1.0738014,VQELGHGC[UNIMOD:4]AALVTK/2
506.2423701939624,3,322.63,0.84439963,IDESSLTGESDHVK/3
842.351075963004,2,323.374,1.0593922,EEGETADTVGC[UNIMOD:4]C[UNIMOD:4]SLR/2
758.8599170575042,2,323.374,1.0805392,IDESSLTGESDHVK/2
955.443002497004,2,323.374,1.2268134,TPAQSGAWDPNNPNTPSR/2
738.3526934150041,2,324.118,1.0669397,LESGMQNMSIHTK/2
492.57088776562904,3,324.118,0.83153725,LESGMQNMSIHTK/3
959.4561099350037,2,324.118,1.1574299,ATQQQHDFTLTQTADGR/2
639.9731654456288,3,324.862,0.89119315,ATQQQHDFTLTQTADGR/3
450.88346019662896,3,325.605,0.77779055,MTNYDVEHTIK/3
792.386633377004,2,326.349,1.0720394,EQLQSVTTNSGYTR/2
867.936490361504,2,326.349,1.1094673,TQTPPVSPAPQPTEER/2
760.8508492025042,2,326.349,1.0470899,LC[UNIMOD:4]ENGNMNNVVTR/2
722.8619284125041,2,326.349,1.0430176,SPPPELTDTATSTK/2
909.9232455955041,2,327.835,1.117024,LYGSAGPPPTGEEDTAEK/2
892.462872278004,2,327.835,1.1810898,AALAHSEEVTASQVAATK/2
581.2894374616291,3,328.579,0.85127985,IGSC[UNIMOD:4]TQQDVELHVQK/3
703.3123016209624,3,328.579,0.99188507,TETVEEPMEEEEAAKEEK/3
707.3613757600041,2,331.554,1.0707679,IMLDSSNLQHQK/2
816.391581338004,2,331.554,1.08063,AQEPESGLSEETQVK/2
797.3837563240041,2,332.297,1.0781835,VDSQASITQDSDSIK/2
919.3821388330041,2,333.785,1.1146629,TAENATSGETLEENEAGD/2
414.56271543429574,3,335.272,0.76068103,LTEVLTDSHVK/3
552.5732913542956,3,335.272,0.8650843,NHQLYC[UNIMOD:4]NDC[UNIMOD:4]YLR/3
777.8551660435041,2,336.016,1.1012734,DYSTLTSVSSHDSR/2
690.3300728092958,3,336.759,0.93139,IMQNTDPHSQEYVEHLK/3
517.9993737236915,4,336.759,0.82280296,IMQNTDPHSQEYVEHLK/4
764.3319579430041,2,338.247,1.0507295,QPTSEANC[UNIMOD:4]SAMFGK/2
897.960299832504,2,338.99,1.1480899,HLHPIQTSFQEATASK/2
934.4281721480039,2,338.99,1.1303273,MEEESGAPGVPSGNGAPGPK/2
778.389176066004,2,339.734,1.0470314,QLSAQSYGVTSSTAR/2
468.27327643462894,3,340.477,0.79747856,KEDLYLKPIQR/3
740.8272283335042,2,341.964,1.0466571,LESIDGNEEESMK/2
561.9059809482958,3,341.964,0.8425896,DDSFFGETSHNYHK/3
422.89603453329573,3,344.195,0.79401016,C[UNIMOD:4]GAALAGHQLIR/3
893.4105023570041,2,344.938,1.0908635,DEAQNEGPATESEAPLK/2
642.6695286829623,3,345.682,0.96755,RPLHSAQAVDVASASNFR/3
763.8670222225041,2,345.682,1.0488113,IPGEETDTIQHMR/2
478.578371085629,3,345.682,0.81042033,LSNRPAFMPSEGK/3
434.23141162329574,3,346.425,0.8245078,YHIIHADIYR/3
801.4012291560042,2,347.912,1.0917677,QVLVAPGNAGTAC[UNIMOD:4]SEK/2
814.8590597845041,2,347.912,1.0683435,TYDPSGDSTLPTC[UNIMOD:4]SK/2
418.2225817372957,3,347.912,0.7644348,LDEAVAEAHLGK/3
577.295356963629,3,347.912,0.9091392,QTLENERGELANEVK/3
463.88971408362903,3,348.656,0.8360116,NFYQEHPDLAR/3
686.6496939569623,3,348.656,0.9923151,THEAEIVEGENHTYC[UNIMOD:4]IR/3
758.8599170695041,2,348.656,1.0336359,DIQENDEEAVQVK/2
523.2643407082957,3,350.143,0.8081565,DLEEDHAC[UNIMOD:4]IPIKK/3
784.3928728290041,2,350.887,1.0605004,DLEEDHAC[UNIMOD:4]IPIKK/2
775.8940942525039,2,350.887,1.068825,LVEIVHPSQEEDR/2
763.8802669775041,2,351.63,1.0577513,FC[UNIMOD:4]AGNPGNQALLHK/2
855.4157251370041,2,351.63,1.1228747,NDIASHPPVEGSYAPR/2
446.9089971692956,3,352.374,0.8109894,RTLEGELHDLR/3
964.963433404504,2,352.374,1.2077627,GTILISSEEGETEANNHK/2
746.368343464004,2,352.374,1.0547609,LTDC[UNIMOD:4]VVMRDPASK/2
546.9301265139624,3,352.374,0.8363698,FNLTYVSHDGDDKK/3
493.941532345629,3,353.118,0.8624026,AVMLLHTHTITSR/3
679.8617314805041,2,354.605,1.0324994,LLATEQEDAAVAK/2
535.950973405629,3,355.348,0.8786787,FIPHENGVHTIDVK/3
786.8918859185042,2,356.092,1.0992553,GAPIETLGYHSASNR/2
741.3489882320041,2,356.835,1.0333747,YSHEVLSEENFK/2
758.8543003605041,2,357.579,1.0375383,EELVPAEETEQDK/2
560.9963081071915,4,358.323,0.8374331,GPDNC[UNIMOD:4]IQC[UNIMOD:4]AHYIDGPHC[UNIMOD:4]VK/4
490.58541424362903,3,359.066,0.7984064,VMSQEIQEQLHK/3
730.349853929004,2,359.066,1.0676824,DLSLENGAHAYNR/2
861.3747395950041,2,361.297,1.0858833,TETVEEPMEEEEAAK/2
803.875764068504,2,362.04,1.0963091,LSVEESEAAGDGVDTK/2
779.4063145430041,2,362.784,1.0545297,RPISADSAIMNPASK/2
623.2808304816291,3,364.271,0.89631593,KFEEFQTDMAAHEER/3
788.8566544995041,2,364.271,1.1340069,GDLLEGANAYHC[UNIMOD:4]EK/2
604.312464978629,3,364.271,0.9627284,RAPSVANVGSHC[UNIMOD:4]DLSLK/3
717.8829982695041,2,364.271,1.0489621,RQVLEGEEIAYK/2
780.3284497890041,2,365.014,1.0377239,NEIDNYEEDYQK/2
890.4177960770041,2,365.758,1.1213694,VATLNSEEESDPPTYK/2
768.917706738504,2,365.758,1.1188672,VVEVLAGHGHLYSR/2
883.960831190504,2,365.758,1.1157616,GLSQNQQIPQNSVTPR/2
451.56170887796225,3,365.758,0.79992014,TPLHNDNSWIR/3
512.947563314629,3,366.502,0.8721116,VVEVLAGHGHLYSR/3
752.8537178685042,2,367.245,1.06467,VHMFEAHSDYIR/2
784.8888118805041,2,367.988,1.0444158,QAVTNPNNTFYATK/2
766.3535506810042,2,367.988,1.0623822,SYMIPENEFHHK/2
492.56976415829575,3,367.988,0.84030414,VGSLYPEMSAHER/3
850.4397315930039,2,368.732,1.1019703,QEAATLAANNTQLQAR/2
534.5274556181914,4,368.732,0.8391267,FNHNLLPSETAHKPDLSSK/4
835.8808494815042,2,370.219,1.0664504,EQGPYETYEGSPVSK/2
588.2655092126291,3,370.219,0.8526576,FAQHGTFEYEYSQR/3
805.369071787004,2,370.219,1.1050892,C[UNIMOD:4]AQAQTGIDLSGC[UNIMOD:4]TK/2
881.8946255855042,2,370.219,1.1190637,FAQHGTFEYEYSQR/2
807.8479721905042,2,371.706,1.056432,QC[UNIMOD:4]C[UNIMOD:4]GTDGVEANYIK/2
534.926827858629,3,372.449,0.8221919,YNEQHVPGSPFTAR/3
851.9068756545041,2,372.449,1.1209412,LSIMTSENHLNNSDK/2
514.9028603139624,3,372.449,0.85009027,RDGWPAMC[UNIMOD:4]IHGDK/3
801.8866035545041,2,373.193,1.0920517,YNEQHVPGSPFTAR/2
853.917577732504,2,373.193,1.1302228,MQEHSDQVPVGNIPR/2
726.8644711195041,2,373.193,1.0408027,EVPEHITEEELK/2
803.3804936990041,2,373.937,1.0590314,ENVNATENC[UNIMOD:4]ISAVGK/2
734.8222803355039,2,373.937,1.0435145,NFGEDMDDERLK/2
490.21727904596224,3,373.937,0.81087446,NFGEDMDDERLK/3
865.4123251430041,2,374.68,1.1427025,NVTDVVNTC[UNIMOD:4]HDAGISK/2
559.9809326702956,3,374.68,0.91335106,LQQSHPLSATQIQVK/3
839.467760772004,2,375.424,1.118656,LQQSHPLSATQIQVK/2
826.3561613440041,2,376.168,1.0610737,DC[UNIMOD:4]VGDVTENQIC[UNIMOD:4]NK/2
871.9407184565041,2,376.168,1.1027875,VLVSPTNPPGATSSC[UNIMOD:4]QK/2
769.3875904870041,2,376.911,1.0726238,KLENC[UNIMOD:4]NYAVELGK/2
824.9257287365042,2,376.911,1.1132374,HVGNQQYNVTYVVK/2
911.9650592855039,2,377.655,1.1311657,EIVHLQAGQC[UNIMOD:4]GNQIGAK/2
911.9650592855039,2,377.655,1.1311657,EIVHIQAGQC[UNIMOD:4]GNQIGAK/2
548.9691384832955,3,377.655,0.8741346,NEHRPASALVNPLAR/3
881.9445123825042,2,378.399,1.1078488,QNQTTAISTPASSEISK/2
948.9665073855042,2,378.399,1.1295595,SAATSGAGSTTSGVVSGSLGSR/2
767.896636923504,2,378.399,1.0401108,SPDLAPTPAPQSTPR/2
868.8884859165041,2,378.399,1.1254293,NPGNQAAYEHFETMK/2
743.8490180355042,2,379.143,1.03982,ALQPLEEGEDEEK/2
993.474599492004,2,379.143,1.2563394,LIITSAEASPAEC[UNIMOD:4]C[UNIMOD:4]QHAK/2
701.8356249535041,2,379.143,1.0394226,TQLVTMC[UNIMOD:4]HMGPK/2
758.8781098285042,2,380.629,1.0673745,ETTESLHGDISSLK/2
565.2883138616289,3,381.373,0.82965153,LESEHPDQAQAILSR/3
764.4175395750042,2,381.373,1.0727859,VVSQYHELVVQAR/2
509.94745187229574,3,382.117,0.8594899,VVSQYHELVVQAR/3
715.8584688645042,2,382.117,1.0510186,MAPSETHGAAAIFK/2
592.2895489086291,3,382.86,0.8598421,LIQNNHYAMEDVATR/3
787.8940942555041,2,382.86,1.0608209,LVGDFTHDQSISQK/2
771.3857164880042,2,383.603,1.1267717,LAQANGWGVM[UNIMOD:35]VSHR/2
770.3828394710041,2,383.603,1.108164,AQIEQVIANC[UNIMOD:4]EHK/2
513.924318469629,3,383.603,0.83555496,AQIEQVIANC[UNIMOD:4]EHK/3
734.8768586005041,2,384.347,1.0404611,HLVESTNEMAPLK/2
846.407762697004,2,385.091,1.0894946,VQGSDSDEEVVVATTR/2
737.3808197200041,2,385.091,1.0443604,SQQLSALQEENVK/2
584.9495210812958,3,385.091,0.92645013,FTQDTQPHYIYSPR/3
442.5664599069624,3,385.834,0.78904074,ISHGEVLEWQK/3
876.9206433885042,2,385.834,1.1736624,FTQDTQPHYIYSPR/2
584.9589677392956,3,386.577,0.856426,NSNLVGAAHEELQQSR/3
691.023748642629,3,387.321,0.91055924,NQAAIQGRPPYAASAEEVAK/3
781.383224975004,2,387.321,1.0663416,ATQPETTEEVTDLK/2
783.8532461425042,2,387.321,1.0545352,YYTSASGDEM[UNIMOD:35]VSLK/2
710.3428486290042,2,387.321,1.0457041,ATDAQLC[UNIMOD:4]LESSPK/2
876.9348133755041,2,388.064,1.1766967,NSNLVGAAHEELQQSR/2
576.6175540869625,3,388.064,0.8763904,DVAC[UNIMOD:4]GANHTLVLDSQK/3
543.6216273559622,3,388.808,0.89064217,RDAESIHQYLLQR/3
461.255116921629,3,388.808,0.8295919,VIMVTGDHPITAK/3
796.367051997004,2,388.808,1.0927277,EDINAIEMEEDKR/2
560.6056428682957,3,388.808,0.88589376,VSWSPAEDHNAPIEK/3
864.4226928970043,2,389.551,1.1459128,DVAC[UNIMOD:4]GANHTLVLDSQK/2
691.379037149004,2,389.551,1.0394231,VIMVTGDHPITAK/2
822.9008734535039,2,389.551,1.076224,ITC[UNIMOD:4]LC[UNIMOD:4]QVPQNAANR/2
826.933750716504,2,390.295,1.0695676,VTAQGPGLEPSGNIANK/2
824.9124839625041,2,390.295,1.1085236,GISEETTTGVHNLYK/2
740.8543003815041,2,390.295,1.0380218,ILELSGSSSEDSEK/2
758.3782174380042,2,391.039,1.075968,IWHHTFYNELR/2
505.92123711429576,3,391.039,0.8478083,IWHHTFYNELR/3
698.401358152004,2,391.782,1.0357299,LSHANSAVVLSAVK/2
743.8186833925041,2,391.782,1.0295923,SSVNC[UNIMOD:4]PFSSQDMK/2
970.9501886225041,2,393.269,1.1679418,SSLGQSASETEEDTVSVSK/2
537.2532692229623,3,393.269,0.86494404,VGDDVEFEVSSDRR/3
680.6675190662955,3,394.756,0.92933977,AEVVETTQVYTEEETRR/3
419.219171633629,3,395.5,0.7345388,HRPDLIDFDK/3
436.5591938949624,3,395.5,0.77900636,FLYQLHETEK/3
763.4020864780041,2,395.5,1.0737728,VAGIESHSELQISR/2
857.3672489350041,2,396.243,1.08799,ETQTEC[UNIMOD:4]EWTVDTSK/2
973.4434367780041,2,396.243,1.201618,EHPYLFSQC[UNIMOD:4]QAIHC[UNIMOD:4]R/2
690.9944062599625,3,396.243,0.9203987,IHVSDQELQSANASVDDSR/3
649.2980500076291,3,396.987,0.9300983,EHPYLFSQC[UNIMOD:4]QAIHC[UNIMOD:4]R/3
723.372797675004,2,397.73,1.0366462,HQSFVLVGETGSGK/2
754.3823081520042,2,398.474,1.0398598,VIQC[UNIMOD:4]FAETGQVQK/2
886.3634634360039,2,399.218,1.0860329,MGGGGAMNMGDPYGSGGQK/2
622.6477361982957,3,399.218,0.9135084,APDGQTVAGEVMGPQRPR/3
723.351342351004,2,399.218,1.0580397,MQGSLEAHVNGFR/2
856.9034161155041,2,399.218,1.1605557,AAHEALGQFC[UNIMOD:4]C[UNIMOD:4]ALHK/2
853.4232158210042,2,400.705,1.1120378,LPSAQTPNGTDYVASGK/2
713.3795684950042,2,400.705,1.0499591,QIATLHAQVADMK/2
742.398815512004,2,401.448,1.0641468,QTIQYIHPADAVK/2
731.371940392004,2,401.448,1.0597906,GVAINMVTEEDKR/2
586.9301265479625,3,402.192,0.89357644,STAYEDYYYHPPPR/3
879.8915515885042,2,402.192,1.1412566,STAYEDYYYHPPPR/2
854.9475268055039,2,402.192,1.1939391,NAIHTFVQSGSHLAAR/2
739.901722304504,2,402.935,1.1093123,VDEAVAVLQAHQAK/2
921.912354999504,2,402.935,1.121185,TGIEQGSDAGYLC[UNIMOD:4]ESQK/2
570.3007766926289,3,402.935,0.8900549,NAIHTFVQSGSHLAAR/3
795.3486622490042,2,403.679,1.0640203,FDENGLPTHDMEGK/2
493.6035736919623,3,404.423,0.85458183,VDEAVAVLQAHQAK/3
740.399346821004,2,404.423,1.0490276,SLQEEHVAVAQLR/2
672.3166338700041,2,405.166,1.0213279,HEAMITDLEER/2
912.447753557004,2,405.166,1.1447593,GIEQAVQSHAVAEEEAR/2
692.3924789260041,2,405.166,1.037676,LRQELGIC[UNIMOD:4]PAVK/2
437.9034063669624,3,406.653,0.7353593,HRFEVNPVWK/3
679.340966249004,2,406.653,1.0512221,FLLEAGADQEHK/2
434.9308506219624,3,406.653,0.7718734,KPIPDEHLILK/3
430.56054038762903,3,407.397,0.8094217,KYDEVLHMVR/3
677.3310183829623,3,407.397,0.9102596,GPTSTSIDNIDGTPVRDER/3
748.8888119155041,2,407.397,1.067313,ITDGLHALQEASNK/2
959.412187776004,2,408.884,1.1812336,TYDATTHFETTC[UNIMOD:4]DDIK/2
639.9438840062957,3,408.884,0.8780189,TYDATTHFETTC[UNIMOD:4]DDIK/3
611.3077083442955,3,408.884,0.8862481,IWDPTPSHTPAGAATPGR/3
883.9370216625041,2,408.884,1.0931121,AGSSTPGDAPPAVAEVQGR/2
852.3883187070041,2,409.628,1.1723263,GNAMVEEGHFAAEDVK/2
628.9684753706291,3,409.628,0.89571786,FAEVEC[UNIMOD:4]LAESHQHLSK/3
471.9781756446916,4,409.628,0.7851234,FAEVEC[UNIMOD:4]LAESHQHLSK/4
418.2155386112957,3,409.628,0.773267,TWIPEVHDQK/3
912.4659462980042,2,409.628,1.1858683,GSISSTSEVHSPPNVGLR/2
832.891748529504,2,411.115,1.0632823,VEYTLGEESEAPGQR/2
890.902844498504,2,411.858,1.0911255,TDYNASVSVPDSSGPER/2
837.415725121004,2,412.602,1.0774883,NSQFAGGPLGNPNTTAK/2
791.3748769990041,2,412.602,1.0560774,ASVLDTSMSAGSGSPSK/2
560.305193346629,3,412.602,0.87554336,LERPPETPTVDPTVK/3
773.3933957350042,2,412.602,1.0611897,KPYPDDENLVEVK/2
952.9528687525042,2,413.345,1.1753242,SLLEGQEDHYNNLSASK/2
758.885737929504,2,414.089,1.1091212,LLEGEDAHLTQYK/2
635.6376713239624,3,414.089,0.86731803,SLLEGQEDHYNNLSASK/3
473.25773777429566,3,414.089,0.78787506,LVNHFVEEFKR/3
458.28937229529566,3,414.089,0.7858003,VVAIRPAIQIHR/3
506.259584108629,3,414.832,0.8518187,LLEGEDAHLTQYK/3
577.939528331629,3,414.832,0.85422873,IMIMTDQDQDGSHIK/3
746.8259771315041,2,414.832,1.0355071,MDGTYAC[UNIMOD:4]SYTPVK/2
452.23097137996234,3,414.832,0.8167626,IMGNLGAADIDHK/3
866.405654264004,2,414.832,1.138636,IMIMTDQDQDGSHIK/2
565.2702658216289,3,414.832,0.8467363,FELSENC[UNIMOD:4]SERPGLR/3
704.3504766970041,2,416.32,1.0328959,AVYTQDC[UNIMOD:4]PLAAAK/2
785.3825051140042,2,416.32,1.0527686,DHQTITIQEMPEK/2
857.447556592004,2,416.32,1.1640592,TITVALADGGRPDNTGR/2
931.4648921440039,2,416.32,1.1689292,IIQHC[UNIMOD:4]SNYSTQELLR/2
748.396804133004,2,417.063,1.0870863,TYSLGSALRPSTSR/2
939.4550472870042,2,417.063,1.150106,HLATGNYLAAEENPSYK/2
797.4075657680041,2,417.807,1.0619396,QTSSTPSSLALTSASR/2
752.413608247004,2,417.807,1.061829,KAEIGIAMGSGTAVAK/2
619.3077083649623,3,418.55,0.90726125,SLYHSVEWRPAEEPR/3
887.3840990420042,2,419.294,1.1069155,GNAGQSNYGFANSAMER/2
732.3183192990041,2,419.294,1.0492249,C[UNIMOD:4]YLGATC[UNIMOD:4]AYDAAK/2
706.9090160535042,2,420.037,1.0364164,KVEAQLQELQVK/2
934.4249096230039,2,420.037,1.1265311,SPYTVTVGQAC[UNIMOD:4]NPSAC[UNIMOD:4]R/2
433.8994446349623,3,420.781,0.7977373,TSC[UNIMOD:4]ALTIHAIGR/3
759.8777243375041,2,421.525,1.0551866,HSSLAGC[UNIMOD:4]QIINYR/2
734.375537329004,2,421.525,1.049464,ATSTATSGFAGAIGQK/2
433.56657136529566,3,421.525,0.7962189,QFESLPATHIR/3
711.870422239504,2,422.268,1.0504774,EQLQLLEEQHR/2
681.3804257540039,2,422.268,1.0459167,AVQELVHPVVDR/2
725.862262790504,2,422.268,1.0406902,EPVPQPLPSDDTR/2
693.3678496922956,3,423.012,0.9394358,HGAPSPSHPISAPQAAAAAALR/3
831.4206731610041,2,424.499,1.0849699,EAATQAQQTLGSTIDK/2
564.6444320036289,3,424.499,0.84782904,LREQLQLLEEQHR/3
795.3377716410041,2,424.499,1.0435094,SC[UNIMOD:4]DPGLEDPC[UNIMOD:4]GLNR/2
738.3615726980041,2,425.243,1.0526085,VNDVC[UNIMOD:4]TNGQDLIK/2
883.8943507845041,2,425.243,1.0970016,TEQEEDEELLTESSK/2
702.6567370749623,3,425.243,0.9784044,SLGVDMDDKDDAHYAVQAR/3
998.0163346505041,2,425.243,1.3410087,QAAASATQTIAAAQHAASTPK/2
570.653038903629,3,425.243,0.88956994,APQAPLHSVVQQLHGK/3
464.8874275592957,3,425.987,0.80137074,TFTAWC[UNIMOD:4]NSHLR/3
535.9542721109624,3,425.987,0.86775064,LIQEQHPEEELIK/3
691.369723706004,2,426.731,1.0285188,HEVLLISAEQDK/2
438.55807587562896,3,426.731,0.80568653,QADFEAHNILR/3
452.2470616666291,3,427.474,0.7783323,IWHYTGSILHK/3
765.390664483004,2,427.474,1.078347,NLLHVTDTGVGM[UNIMOD:35]TR/2
915.444156635004,2,428.217,1.1523833,ATIELC[UNIMOD:4]STHANDASALR/2
712.8620657985041,2,428.217,1.0535599,VVAEEAWENHLK/2
610.631863245629,3,428.217,0.8865194,ATIELC[UNIMOD:4]STHANDASALR/3
640.6571772902956,3,428.217,0.9020667,FSALQQAVPTESTDNRR/3
640.653432823629,3,428.217,0.93055695,TGTIVVEGHELHDEDIR/3
597.6392351439623,3,428.217,0.86573184,YTLETRPNQEGIDVR/3
630.006029361629,3,428.217,0.9732022,VTVAGGVHISGLHTESAPR/3
737.399012491004,2,428.962,1.0355313,EQQIVIQSSGGLSK/2
922.9548800925041,2,428.962,1.174467,LSLEGDHSTPPSAYGSVK/2
615.6390122172958,3,429.705,0.8661997,LSLEGDHSTPPSAYGSVK/3
595.6198405912957,3,429.705,0.8922917,DVDIIDHHDNTYTVK/3
892.9261226535041,2,429.705,1.1350445,DVDIIDHHDNTYTVK/2
436.925988144629,3,429.705,0.8121643,LIAHAGSLTNLAK/3
569.9760701569622,3,429.705,0.87484515,LLHVAVSDVNDDVRR/3
427.73387173444144,4,429.705,0.78293306,LLHVAVSDVNDDVRR/4
994.519044518004,2,429.705,1.2773813,NNALVPGTIQVNGHGGQPSK/2
779.889008859504,2,430.448,1.0538064,VLGTSPEAIDSAENR/2
753.3430455550041,2,430.448,1.0400584,TEEMPNDSVLENK/2
854.400272082004,2,430.448,1.0799809,LSDGQGFTQDDIQAGR/2
682.8676825855041,2,430.448,1.0501047,QQHIEQLLAER/2
962.475979635004,2,431.935,1.2041001,FVTSTSDHFVEGQTVAAK/2
884.4128481160042,2,431.935,1.1250094,VVHSYEELEENYTR/2
750.848632493504,2,432.679,1.0415975,QVFTNAEVYNC[UNIMOD:4]R/2
854.361966589004,2,432.679,1.1132214,EGEDMIAEEHFGSEK/2
783.4051604950039,2,432.679,1.1160685,SLEAQVAHADQQLR/2
501.93532336162906,3,433.422,0.82862747,GISHVIVDEIHER/3
752.3993468090041,2,433.422,1.0857648,GISHVIVDEIHER/2
529.5815638919622,3,433.422,0.8381138,TPLHC[UNIMOD:4]VMEVDTER/3
534.9385105752957,3,433.422,0.8497901,VVQLHEYSEELEK/3
793.8687076045039,2,433.422,1.0707494,TPLHC[UNIMOD:4]VMEVDTER/2
751.8872262855042,2,434.166,1.0892946,FVPAEMGTHTVSVK/2
468.25410478862904,3,434.166,0.82011676,KDPQGLGLHFYK/3
749.404629194004,2,434.91,1.0418557,QTLQSEQPLQVAR/2
904.9228600695042,2,434.91,1.1142064,GDEC[UNIMOD:4]QLVGPAQPSHWK/2
790.857374365504,2,434.91,1.0561322,QDLFEPSSANTEDK/2
460.2129233479623,3,434.91,0.8026879,C[UNIMOD:4]WMIDADSRPK/3
714.8595231595041,2,434.91,1.0347378,SLYASSPGGVYATR/2
844.401426143004,2,435.653,1.1181147,AANSC[UNIMOD:4]TSYSGTTLNLK/2
603.6176655352957,3,435.653,0.8706928,GDEC[UNIMOD:4]QLVGPAQPSHWK/3
663.6605873779624,3,436.397,0.92222303,GGAAVDPDSGLEHSAHVLEK/3
994.9872428335042,2,436.397,1.2633369,GGAAVDPDSGLEHSAHVLEK/2
798.376068673004,2,436.397,1.0532575,QVTQSYWDTNPTR/2
497.99725965019155,4,436.397,0.8288065,GGAAVDPDSGLEHSAHVLEK/4
519.9229719349623,3,436.397,0.8246977,FVSEDDRNSFTLK/3
928.4060481250041,2,437.14,1.1278191,NAEVTGTMSQDTEVDMK/2
405.5652914219624,3,437.14,0.7402191,LLKPEC[UNIMOD:4]VLDK/3
534.9209083299625,3,437.14,0.8717276,SSIHNFMTHPEFR/3
731.3520622670039,2,437.883,1.0449753,SSHYDELLAAEAR/2
471.88971407362897,3,437.883,0.7903904,WGDEHIPGSPYR/3
801.8839234785039,2,437.883,1.0923861,SDVLQPGAEVTTDDR/2
841.895019483504,2,437.883,1.0866983,ASSSSASSAGALESSLDR/2
732.387393500004,2,437.883,1.0471317,HC[UNIMOD:4]PSAVVPVELQK/2
542.6334214642957,3,437.883,0.8835433,TPVIDADKPVSSQLR/3
523.9137537676291,3,438.627,0.83104026,FHWEQDQIAHMK/3
503.2672510429624,3,440.114,0.85390335,LASHLNLAMC[UNIMOD:4]HLK/3
754.3972383310041,2,440.114,1.1099169,LASHLNLAMC[UNIMOD:4]HLK/2
417.8945765722956,3,440.114,0.7531352,LEDLEVIQHR/3
725.3977612180041,2,440.114,1.0493661,ASPLLPANHVTMAK/2
788.938304811504,2,440.114,1.0718166,IQHAVQLATEPLEK/2
539.2451690849624,3,440.857,0.85361195,MQQHFEFEYQTK/3
756.4200822670041,2,441.601,1.0984982,LTQVLNTHYVAPR/2
728.3848508440041,2,441.601,1.0384507,ASAGPQPLLVQSC[UNIMOD:4]K/2
949.9419697405042,2,441.601,1.1352566,LYQPEYQEVSTEEQR/2
726.819640567504,2,441.601,1.0412003,YVQSGMMMSQYK/2
504.61581366696237,3,441.601,0.8794475,LTQVLNTHYVAPR/3
530.6083303302956,3,442.344,0.87112755,HGHLC[UNIMOD:4]PIDTGLIEK/3
828.894822518504,2,442.344,1.0904084,TSPNEGLSGNPADLER/2
735.8244886675042,2,442.344,1.0413643,EITC[UNIMOD:4]DNFDETVK/2
894.9434581555042,2,442.344,1.1262524,TSIHEAMEQQSISISK/2
543.6068779766291,3,442.344,0.8364207,LADMHSTEISLQQR/3
873.449430567004,2,443.088,1.1368707,LSQVSDSVSGQTVVDPK/2
755.844070029504,2,443.088,1.0710294,FNLTYVSHDGDDK/2
661.0068186246291,3,443.088,0.9324495,ALTVAHELLC[UNIMOD:4]NKPEEEK/3
489.9404087482956,3,443.088,0.83716,RVDPVYIHLAER/3
662.2840233099624,3,443.088,0.95154977,VDDHDSEEIC[UNIMOD:4]LDHLC[UNIMOD:4]K/3
504.23180550862895,3,443.832,0.8352779,FNLTYVSHDGDDK/3
787.3706489310039,2,443.832,1.0584865,ELAETIAADDGTDPR/2
431.2266605689624,3,444.575,0.77937835,NLGQNLWGPHR/3
821.923382992504,2,444.575,1.1044368,LPSGSGAASPTGSAVDIR/2
795.386298983004,2,445.319,1.0627064,GNDTPLALESTNTEK/2
536.2525465732957,3,445.319,0.84863186,FIC[UNIMOD:4]EQDHQNFLR/3
943.460526572004,2,446.063,1.153206,HELTEISNVDVETQSGK/2
804.4141395780041,2,446.063,1.113581,NPNTSEPQHLLVMK/2
536.6118518742957,3,446.063,0.85132426,NPNTSEPQHLLVMK/3
888.404500126004,2,446.806,1.110814,AAC[UNIMOD:4]LESAQEPSGAWGNK/2
547.617882852629,3,446.806,0.8479099,FLSNGHVTIPGQQDK/3
854.9148380815041,2,446.806,1.0814755,VQPQWSPPAGTQPC[UNIMOD:4]R/2
777.878975486504,2,447.55,1.0530473,QSSATSSFGGLGGGSVR/2
828.907398565504,2,447.55,1.1430391,EALLSSAVDHGSDEVK/2
552.2787612952957,3,447.55,0.86620015,APSVANVGSHC[UNIMOD:4]DLSLK/3
818.3801593840041,2,447.55,1.0739492,LAC[UNIMOD:4]LSEEGNEIESGK/2
936.431680451004,2,447.55,1.1657852,MLVQC[UNIMOD:4]MQDQEHPSIR/2
892.9443153845041,2,447.55,1.2382797,ELFQTPGHTEEAVAAGK/2
790.846917941504,2,448.293,1.0561858,ILC[UNIMOD:4]DVPC[UNIMOD:4]SGDGTMR/2
827.9145037095041,2,448.293,1.1421454,APSVANVGSHC[UNIMOD:4]DLSLK/2
675.3447107236291,3,448.293,0.938662,NREELGFRPEYSASQLK/3
821.908887043504,2,449.037,1.0792942,MATQASTLYSNNITK/2
516.619558141629,3,449.037,0.86400104,GHLLYVALSPGQHR/3
770.8963025635043,2,449.78,1.0726131,EEVVLLTHGDSVDK/2
417.5606518532957,3,449.78,0.7892477,LLEC[UNIMOD:4]PHLNVR/3
870.444148194004,2,450.524,1.0920622,NTNSVPETAPAAIPETK/2
760.8396158025041,2,450.524,1.0478644,EC[UNIMOD:4]VLPGGETAGDMGK/2
821.425758491004,2,451.267,1.0806526,QVVAVTGDGTNDGPALK/2
877.931404990504,2,451.267,1.1054455,SSSVGSSSSYPISPAVSR/2
784.384228058004,2,451.267,1.080578,ANEHQGIGFLNDPR/2
811.8643421415039,2,452.754,1.068449,VDIQTEDLEDGTC[UNIMOD:4]K/2
457.56986999662905,3,452.754,0.8330131,FEDHEGLPTVVK/3
802.8666878515041,2,453.498,1.0665296,FATEYC[UNIMOD:4]NTIEGTAK/2
690.8562605805041,2,453.498,1.0618511,C[UNIMOD:4]LALATHDNPLR/2
862.4341148720041,2,454.242,1.1192064,HLLVSNVGGDGEEIER/2
782.367909299004,2,454.242,1.0547507,TGQGDYPLNNELDK/2
474.58675516562903,3,454.242,0.81338644,ITEYLC[UNIMOD:4]EPLRK/3
731.9135785145041,2,454.986,1.0936064,VQLTTC[UNIMOD:4]IHHIIK/2
488.27814449862905,3,454.986,0.794192,VQLTTC[UNIMOD:4]IHHIIK/3
812.9112327525041,2,454.986,1.1546166,YAPTEVGLHEMHIK/2
542.2765806572958,3,454.986,0.86881703,YAPTEVGLHEMHIK/3
912.921334057504,2,454.986,1.1378819,KMEDSVGC[UNIMOD:4]LETAEEVK/2
560.3089378452956,3,454.986,0.8971814,AELRDDPIISTHLAK/3
802.9357621235039,2,455.729,1.091047,TKPYIQVDIGGGQTK/2
420.48352250069144,4,456.473,0.7672257,AELRDDPIISTHLAK/4
888.928527952504,2,456.473,1.1118888,TAGPLESSETEEASQLK/2
833.3986864470041,2,457.217,1.0949454,NQVAM[UNIMOD:35]NPTNTVFDAK/2
851.4092511470039,2,457.217,1.096035,SGQGDALASGPVETGPMK/2
611.9489693902957,3,457.217,0.87239826,AQAVLEEDHYGMEDVK/3
400.5171782902957,3,457.217,0.76979136,MPDMHVNMPK/3
917.4198158520041,2,457.217,1.1623397,AQAVLEEDHYGMEDVK/2
613.6271066052956,3,457.217,0.88096076,SFAGAVSPQEEEEFRR/3
990.9702041565041,2,457.96,1.1873096,NNPATPSTAMGSSVPYSTAK/2
893.8992476085041,2,458.704,1.1097312,QMQSSFTSSEQELER/2
402.2397956512957,3,459.447,0.7496368,ILHLLGQEGPK/3
541.2597676689625,3,459.447,0.8893556,MHAPPINMESVHMK/3
738.6822740522957,3,459.447,0.971238,VFQGTDEQLNDLYHNHQR/3
704.8589918675041,2,459.447,1.0363008,LTIHGDLYYEGK/2
791.8950597675039,2,459.447,1.0987972,MMLSGGAPLSPQTHR/2
942.447084841004,2,460.191,1.141258,AEVVETTQVYTEEETR/2
619.8371224459413,4,461.678,0.8512585,KGLEARLQQLGEAHQAETEVLR/4
765.8261740715042,2,462.421,1.0526972,AVYMMPTEGDDSSK/2
968.460141094004,2,462.421,1.1966755,MTQNPNYYNLQGISHR/2
693.4003039340041,2,462.421,1.0383621,KPMVVLGSSALQR/2
736.869367950504,2,463.165,1.0812719,VLAMSGDPNYLHR/2
491.58200412262903,3,463.165,0.8152749,VLAMSGDPNYLHR/3
795.8003532475041,2,463.909,1.0534593,TFMDMDQDSEDEK/2
440.567806407629,3,463.909,0.79922694,SGGMERPFVLAR/3
715.3753404160041,2,464.652,1.0441762,GITHIGYTDLPSR/2
791.382505072004,2,464.652,1.0666893,C[UNIMOD:4]VVEPAAGDLDNPPK/2
944.9696729295041,2,465.396,1.1537297,KLEEEQIILEDQNC[UNIMOD:4]K/2
727.385905065004,2,466.883,1.0623947,TELISVSEVHPSR/2
735.8608742195041,2,466.883,1.0751762,LMLSTSEYSQSPK/2
882.4315721810042,2,467.626,1.0988925,VANPSGNLTETYVQDR/2
832.4123167470042,2,467.626,1.1201221,AAAFEEQENETVVVK/2
692.3719320260041,2,467.626,1.0448062,VIEEQLEPAVEK/2
681.9678571476289,3,467.626,0.90584344,AADEEAFEDNSEEYIRR/3
776.901919302504,2,467.626,1.0733726,EQGVEEHETLLLR/2
458.58563155762903,3,467.626,0.81357616,TQILAASYELHK/3
791.3372402800042,2,468.37,1.0769482,DFTVSAMHGDMDQK/2
687.374809103004,2,468.37,1.0390218,TQILAASYELHK/2
477.88843971496226,3,468.37,0.85230285,MC[UNIMOD:4]HPSIEGFTPR/3
729.8571773975041,2,468.37,1.039059,VNEISVEVDSDPR/2
416.870720454629,3,469.857,0.79281795,SC[UNIMOD:4]AFAMGHLVR/3
920.9541602335042,2,469.857,1.1550158,VQQLLHIC[UNIMOD:4]SEHFDSK/2
460.56293834829575,3,469.857,0.83354187,YGGPYHIGGSPFK/3
838.3532247730041,2,469.857,1.092335,C[UNIMOD:4]NYLGHYSDPMYR/2
826.3726686880041,2,470.601,1.0702096,FESLEPEMNNQASR/2
837.4339179080041,2,470.601,1.1501776,GITINAAHVEYSTAAR/2
714.8882805965042,2,471.344,1.0560697,AVIGIGIEEEDRK/2
736.3862394190041,2,471.344,1.0977135,TLFSVINNGHNQK/2
881.896893476504,2,472.088,1.1018367,IDEAESLNDEELEEK/2
794.8748472585041,2,472.088,1.0996205,YAPSEAGLHEMDIR/2
795.8826722775042,2,472.088,1.0962069,DIQSC[UNIMOD:4]TVEVHFQK/2
941.458121281004,2,472.831,1.1407691,LSSWDQAETPGHTPSLR/2
825.8843576475041,2,473.575,1.082492,THMVVANTMEDFQK/2
951.9361643915041,2,473.575,1.1650971,IMLFTNEDNPHGNDSAK/2
634.9598684166291,3,473.575,0.93998396,IMLFTNEDNPHGNDSAK/3
592.2666328039624,3,473.575,0.86532223,YPNAELAWC[UNIMOD:4]QEEHK/3
530.9581279799623,3,473.575,0.8594516,VGSLDNVGHLPAGGAVK/3
793.9013964245041,2,473.575,1.0852189,LLAQLAQEC[UNIMOD:4]QEQR/2
780.8786411715041,2,474.318,1.0546606,ALQEGEGDLSISADR/2
712.0163767882956,3,474.318,0.9279275,HIQQVDC[UNIMOD:4]SGNDLEQLHIK/3
715.3802884040041,2,474.318,1.0407187,VQQQEDEITVLK/2
887.8963109725041,2,474.318,1.1576269,YPNAELAWC[UNIMOD:4]QEEHK/2
767.8623710295042,2,474.318,1.052043,AGEVINQPM[UNIMOD:35]MMAAR/2
795.933553736504,2,475.062,1.1014564,VGSLDNVGHLPAGGAVK/2
855.945803894504,2,475.062,1.1309465,TLSHPQQMALLDQTK/2
721.8872263485041,2,475.062,1.0314991,VSQGQLVVMQPEK/2
771.3939270620041,2,475.806,1.0514166,REVDDLGPEVGDIK/2
663.3178328522957,3,476.549,0.9566487,GKEDEGEEAASPMLQIQR/3
690.3751434660039,2,476.549,1.0381397,YLHENLPIPQR/2
709.8690335835041,2,476.549,1.0345259,VLGEAMTGISQNAK/2
793.4308438660041,2,477.293,1.059346,TTTLSGTAPAAGVVPSR/2
833.8774495015041,2,478.036,1.1088924,VSSSC[UNIMOD:4]LDLPDSTEEK/2
877.3735855350042,2,478.036,1.0984366,DPESETDNDSQEIFK/2
586.9722142339624,3,478.78,0.95070344,QAGPASVPLRTEEEFK/3
808.8772525515041,2,478.78,1.0689517,SQAC[UNIMOD:4]EPSEPEIEIK/2
537.2573031716289,3,478.78,0.8716557,C[UNIMOD:4]PAC[UNIMOD:4]FVGTITGDRR/3
707.8698909005041,2,479.524,1.046263,AEHDQLLLNYAK/2
735.4015551350042,2,479.524,1.0570706,LNLEHIATSSAVSK/2
421.21677369029567,3,479.524,0.7680483,MIVTDIYNHR/3
765.8317908105041,2,480.267,1.0499157,MLTAQDMSYDEAR/2
867.448179379004,2,480.267,1.1721832,MLTGPVYSQSTALTHK/2
480.56601970296236,3,481.011,0.84450805,DLEEDHAC[UNIMOD:4]IPIK/3
741.407171856004,2,481.755,1.057985,SQIHDIVLVGGSTR/2
783.3744831120041,2,482.498,1.0893492,FNEC[UNIMOD:4]GHVLYADIK/2
968.4663402250039,2,482.498,1.1572361,GSSGVGLTAAVTTDQETGER/2
729.004136820629,3,482.498,0.956072,LESEMEDAYHEHQANLLR/3
903.9708645365041,2,482.498,1.1771289,LQALANEQAAAAHELEK/2
822.3886447790042,2,482.498,1.108022,NYLHYSLYDQAEK/2
680.8537178795041,2,482.498,1.0428951,MSVEADINGLRR/2
522.5854142302957,3,482.498,0.8580236,FNEC[UNIMOD:4]GHVLYADIK/3
825.917046392504,2,483.242,1.1038306,SNMGHPEPASGLAALAK/2
972.4273149510038,2,483.242,1.1679074,MM[UNIMOD:35]DYLQGSGETPQTDVR/2
761.9224577685042,2,483.242,1.1017151,HTGYVIELQHVVK/2
893.8886829125042,2,484.729,1.1012179,YDDYPENGVVQMNSR/2
665.6824464739623,3,484.729,0.98728484,LLEAQAC[UNIMOD:4]TGGIIHPTTGQK/3
907.480730662004,2,485.473,1.1466678,VVVDPVVTEQPSTSSAAK/2
433.91883355629574,3,485.473,0.7956451,VTVLFAGQHISK/3
434.5594167609624,3,485.473,0.80590594,FNGTHIPGSPFK/3
455.94901569762897,3,486.216,0.82126147,QTGIVLNRPVLR/3
615.2940826216291,3,486.216,0.92107767,QTPNDLTGEHSC[UNIMOD:4]IMLK/3
747.8648055085041,2,486.96,1.0528047,YLGLYNDPNSNPK/2
775.367712316004,2,486.96,1.0859313,LGYFSVDPDSHQGK/2
783.878975471504,2,487.703,1.0507398,SVGGSGGGSFGDNLVTR/2
845.4036344590041,2,487.703,1.0951056,C[UNIMOD:4]VSVQTDPTDEIPTK/2
709.3563990269623,3,487.703,0.9602673,LREEMEEITQQQLVHDK/3
517.2475670329624,3,487.703,0.8309391,LGYFSVDPDSHQGK/3
764.340837259004,2,488.447,1.0430107,QMFLTQTDTGDDR/2
725.319373476004,2,489.934,1.0817178,EDFSDMVAEHAAK/2
779.4083258830042,2,489.934,1.1112462,FVPQEMGVHTVSVK/2
897.4206731690042,2,489.934,1.1424806,HQYINEDEYEVNLK/2
614.6391236976291,3,489.934,0.890748,IVYGHLDDPASQEIER/3
737.365307010004,2,489.934,1.0806978,EWVNLYHSAAAGR/2
785.8966368965042,2,490.678,1.1026038,GSEVGFHGAAPDISVK/2
471.5531685139624,3,490.678,0.7690393,TGVC[UNIMOD:4]IC[UNIMOD:4]FYQHK/3
765.8859348905041,2,492.166,1.0522034,IAQLEEQLDNETK/2
759.704632848629,3,492.909,0.9692915,VHELQGNAPSDPDAVSAEEALK/3
764.8437356895041,2,493.653,1.0501466,FIEFEDSQEQEK/2
807.4157252140042,2,494.396,1.075849,EDGLAQQQTQLNLR/2
972.4273149510038,2,494.396,1.164513,M[UNIMOD:35]MDYLQGSGETPQTDVR/2
506.26332856929577,3,494.396,0.8464526,IGITNHDEYSLVR/3
745.914298384504,2,495.14,1.0697978,EIVVIHQDPEALK/2
808.899376599504,2,495.14,1.0967957,QPAENVNQYLTDPK/2
763.3882591730041,2,495.14,1.112549,LAQANGWGVMVSHR/2
509.26126493762905,3,495.883,0.8464193,LAQANGWGVMVSHR/3
744.879401308504,2,495.883,1.0663667,THNTLYAPEMLAK/2
741.855926237504,2,495.883,1.0563016,GYHYATC[UNIMOD:4]LEGALK/2
796.3763654880041,2,495.883,1.0661763,AC[UNIMOD:4]VC[UNIMOD:4]QTLGISPEEK/2
590.6210756689624,3,495.883,0.86979383,KQELEEIC[UNIMOD:4]HDLEAR/3
895.944649803504,2,496.627,1.1950154,LVGAIVYYDGQHNDAR/2
760.383559341004,2,497.371,1.0599923,ELSTTLNADEAVTR/2
733.3802883930041,2,497.371,1.058881,VITEYLNAQESAK/2
935.3983605060041,2,497.371,1.136632,FC[UNIMOD:4]FTPHTEEGC[UNIMOD:4]LSER/2
992.9732781905041,2,497.371,1.1804429,IPEINSSDMSAHVTSPSGR/2
623.9346658262957,3,498.114,0.8534671,FC[UNIMOD:4]FTPHTEEGC[UNIMOD:4]LSER/3
841.3779510160041,2,498.858,1.0636954,SWVNQMESQTGEASK/2
662.317944282629,3,498.858,0.92150366,IPEINSSDMSAHVTSPSGR/3
660.6776898482957,3,498.858,0.9262159,RELQELVQYPVEHPDK/3
715.3515365116291,3,499.602,0.93957454,KPTDGASSSNC[UNIMOD:4]VTDISHLVR/3
581.281270695629,3,499.602,0.85210913,DTSFEQHVLWHTGGK/3
465.8919556862957,3,499.602,0.78696847,LMHVAYEEFEK/3
403.8923958956291,3,499.602,0.78577,LPVHTEISWK/3
428.5871953489623,3,500.345,0.79193413,VTVLFAGQHIAK/3
477.2484176144415,4,500.345,0.8557561,RGAEVHLVPWNHDFTK/4
749.8860722925042,2,501.089,1.0834349,QADLYISEGLHPR/2
759.867742104504,2,501.089,1.0466099,ETENDDLTNVIQK/2
926.4230868330039,2,501.089,1.1421458,AMSLVSSDSEGEQNELR/2
635.995464663629,3,501.089,0.9340071,RGAEVHLVPWNHDFTK/3
500.25980701729577,3,501.832,0.8541147,QADLYISEGLHPR/3
897.449430601004,2,503.319,1.1295102,VEAAQETVADYQQTIK/2
485.5806576052957,3,503.319,0.83013934,LEHDVNIQFPDK/3
775.8593941375041,2,504.063,1.0560166,SMSDVSAEDVQNLR/2
717.8853523465039,2,504.063,1.0561297,AGNNMLLVGVHGPR/2
738.8479637815041,2,504.063,1.0315386,C[UNIMOD:4]SLPAEEDSVLEK/2
421.22403409096233,3,504.806,0.77839994,LVNHFVEEFK/3
491.24561490962907,3,505.55,0.7935128,AC[UNIMOD:4]NQLGQFLQHR/3
572.9616495499624,3,505.55,0.84505415,VSQPIEGHAASFAQFK/3
858.9388360915042,2,505.55,1.1278529,VSQPIEGHAASFAQFK/2
417.90670506829565,3,505.55,0.76818323,GSGNLEAIHIIK/3
806.3784739820042,2,505.55,1.1087855,EISEASENIYSDVR/2
781.3693977610039,2,505.55,1.0523459,ELPPDQAEYC[UNIMOD:4]IAR/2
478.9259937199622,3,506.295,0.83086765,AGNNMLLVGVHGPR/3
800.9056160795041,2,506.295,1.0844859,LLQC[UNIMOD:4]YPPPEDAAVK/2
410.885246946629,3,506.295,0.762954,LQSGIC[UNIMOD:4]HLFR/3
765.3183276970042,2,506.295,1.0428314,NGLLNC[UNIMOD:4]NDC[UNIMOD:4]YMR/2
884.966736286504,2,507.038,1.1482842,VAIHEAMEQQTISIAK/2
797.401949065004,2,507.038,1.0700415,TASESISNLSEAGSIK/2
818.859591111504,2,507.782,1.067337,VDINTEDLEDGTC[UNIMOD:4]R/2
877.8971391155039,2,510.013,1.1004841,GC[UNIMOD:4]ITIIGGGDTATC[UNIMOD:4]C[UNIMOD:4]AK/2
894.4153908200042,2,510.013,1.116881,FYQEPNGETPSSLYR/2
536.2813821879623,3,510.013,0.8632873,QQNELAELHANLAR/3
776.409911477004,2,510.756,1.071443,LLHVAVSDVNDDVR/2
686.8646085365042,2,511.5,1.0522527,ELEAGSLVYVHR/2
875.425866760004,2,511.5,1.1281497,SIQGVGHMM[UNIMOD:35]STMVLSR/2
758.3831653780042,2,512.243,1.0616955,FADQHVPGSPFSVK/2
505.9245357409624,3,512.243,0.8203799,FADQHVPGSPFSVK/3
464.55305704096236,3,512.987,0.79206467,LETHMTPEMFR/3
701.8804555495041,2,512.987,1.0571709,ISVATGALEAAQGSK/2
435.2224702869624,3,512.987,0.7771268,LDFTVEHDSLK/3
716.0565067269623,3,514.474,0.93502975,AHVIVMAATNRPNSIDPALR/3
755.3884478100041,2,514.474,1.056078,NNAYLAQSPQLYK/2
728.8933659775041,2,514.474,1.0528675,GIHPTIISESFQK/2
447.9054306822957,3,514.474,0.8072419,ASMHPVTAMLVGK/3
742.4170082320042,2,515.218,1.0567474,QIGVEHVVVYVNK/2
773.8927056295041,2,515.218,1.0856432,KAEEIANEMIEAAK/2
414.2096190872957,3,515.218,0.76965463,GEHVPGFC[UNIMOD:4]LPK/3
495.2804309769624,3,515.218,0.8652499,QIGVEHVVVYVNK/3
789.891551515504,2,515.961,1.0644971,QGFNVVVESGAGEASK/2
545.9544950042957,3,515.961,0.8936262,GDPIGGHIHSYLLEK/3
400.2400185219623,3,516.705,0.78054506,AVFPSIVGRPR/3
785.8745128795041,2,517.448,1.0584195,ESFLVTGSQDC[UNIMOD:4]TVK/2
751.8270313575042,2,517.448,1.0370764,YAVGEEC[UNIMOD:4]DFEVGK/2
919.475782761004,2,518.192,1.1577876,YSHLQPGDHLTDITLK/2
775.8557888275042,2,518.936,1.063419,YYTSASGDEMVSLK/2
717.864805482504,2,519.68,1.0436957,ANLPQSFQVDTSK/2
525.4851621611915,4,519.68,0.82356566,WLQDEMFHSDFQHHNK/4
918.934144613504,2,519.68,1.1396462,GTPGPDSSGSLGSGEFTGVK/2
473.9307447609624,3,520.423,0.7782076,DQVVILHHMLSK/3
917.8810548115041,2,521.167,1.112744,YDAFGEDSSSAMGVENR/2
925.9552144515039,2,521.167,1.1507667,FHQFLVSETESGNISR/2
678.9865289639624,3,521.167,0.97226757,HSSNPPLESHVGWVMDSR/3
471.8690451929624,3,521.167,0.80356073,EYGFC[UNIMOD:4]IMDNHK/3
701.8566461355041,2,521.911,1.0479476,QLLDDEEQLTAK/2
929.468686045004,2,521.911,1.1398643,LQQEETQLEQSIQAGR/2
684.3519318352957,3,521.911,0.9404164,SVVLM[UNIMOD:35]SHLGRPDGVPMPDK/3
917.4492420010042,2,522.654,1.1466025,GDQENVHPDVMLVQPR/2
882.431572177004,2,522.654,1.0948064,FSALQQAVPTESTDNR/2
462.6052490209624,3,522.654,0.81896126,YQLLQLRPAQR/3
611.9685868229625,3,523.398,0.85947585,GDQENVHPDVMLVQPR/3
902.4344116370041,2,523.398,1.2248864,VMVVVTDGESHDGSMLK/2
448.25276387862897,3,523.398,0.77880895,LSVEADINGLRR/3
758.872493149504,2,523.398,1.0609208,QPLLLSEDEEDTK/2
977.0123949665041,2,524.885,1.1879036,EAGELKPEEEITVGPVQK/2
967.522732847004,2,524.885,1.1732917,AEPAAPPAAPSTPAPPPAVPK/2
690.3422013432956,3,524.885,0.9432943,LGQSDPAPLQHQMDIYQK/3
442.2384546979624,3,524.885,0.79130656,ENVVVIHPDFR/3
733.4097145450039,2,525.628,1.0591142,AQIHDLVLVGGSTR/2
859.423215838004,2,525.628,1.1179355,SLHQAIEGDTSGDFLK/2
923.9368842975041,2,525.628,1.1265401,TVTLPENEDELESTNR/2
879.4194219990042,2,525.628,1.1144621,NHVC[UNIMOD:4]QYYIYELQK/2
932.4885557340041,2,526.372,1.183459,SLIGVEYKPVSATGAEDK/2
814.896114000504,2,526.372,1.0687,IQFVGAC[UNIMOD:4]NPPTDPGR/2
687.6579665439625,3,527.115,0.9502452,VLAVNQENEHLMEDYEK/3
948.950326087504,2,527.115,1.1356686,SQIDVALSQDSTYQGER/2
906.9240142125041,2,527.115,1.1407945,SLNYC[UNIMOD:4]GHIYTPISC[UNIMOD:4]K/2
607.2978270902958,3,527.859,0.863806,SC[UNIMOD:4]ILRPGGSEDASAMLR/3
742.898125385504,2,527.859,1.0770313,SIPSMVDGLKPGQR/2
693.3659297750041,2,528.602,1.0466461,IDAMHGVVGPYVK/2
462.57971200562906,3,528.602,0.8214944,IDAMHGVVGPYVK/3
693.3639184130041,2,528.602,1.0509287,MAPALSGANLTSPR/2
568.2583907154415,4,529.346,0.8478259,QAQYLGMSC[UNIMOD:4]DGPFKPDHYR/4
418.2325352199623,3,529.346,0.7918501,SGIC[UNIMOD:4]SLHPLLR/3
896.421401427004,2,529.346,1.122136,AGNELLESSAGDDASSLR/2
737.3940644970041,2,530.09,1.0650398,TQVGLIQYANNPR/2
582.628781877629,3,530.09,0.88902104,FDVHDVTLHADAIHR/3
758.3339693440041,2,530.09,1.0347112,C[UNIMOD:4]PLSGAC[UNIMOD:4]YSPEFK/2
542.933870996629,3,530.833,0.84174234,GPSLNPVLDYDHGSR/3
746.3772227530042,2,530.833,1.0461538,TALINSTGEEVAMR/2
757.393207168004,2,531.577,1.0757642,NLLHVTDTGVGMTR/2
546.2560681012957,3,531.577,0.85411865,C[UNIMOD:4]TVFHGAQVEDAFR/3
948.4200128040042,2,531.577,1.1588395,ELFQTPC[UNIMOD:4]TDNPTTDEK/2
813.897168261504,2,531.577,1.1154076,GPSLNPVLDYDHGSR/2
437.2234055249414,4,531.577,0.74564075,FDVHDVTLHADAIHR/4
832.8828692195041,2,532.32,1.0603715,MDATANDVPSPYEVR/2
762.9170380205039,2,532.32,1.088083,IPQLAPPASDSTVTK/2
748.3452160832957,3,533.064,0.926506,DQVTAQEIFQDNHEDGPTAK/3
924.4785223450041,2,533.807,1.1549977,HVSPAGAAVGIPLSEDEAK/2
748.9037421035039,2,533.807,1.0983771,NC[UNIMOD:4]ISTVVHQGLIR/2
822.3648352810042,2,533.807,1.1124369,YSESAGGFYYVESGK/2
499.60492022462887,3,534.551,0.84385705,NC[UNIMOD:4]ISTVVHQGLIR/3
438.90659360596237,3,535.294,0.80839115,LFNEHIEALTK/3
402.7260924319415,4,535.294,0.7493831,VPKISM[UNIMOD:35]PDVDLHLK/4
403.2275556649624,3,535.294,0.7482751,VTAPDVDLHLK/3
403.2209085714415,4,535.294,0.7485546,TPKISM[UNIMOD:35]PDVDLHLK/4
839.4075657380041,2,536.038,1.0955421,NQLTSNPENTVFDAK/2
891.455047343004,2,536.038,1.1284853,LQSQYASSEATISQLR/2
765.3868040229622,3,536.782,1.0247551,EAIVNSC[UNIMOD:4]VFVHQTLHQANAR/3
773.907201627504,2,536.782,1.0512512,SSLGSLQTPEAVTTR/2
853.375596912004,2,537.525,1.1149665,GYDFESETDTETIAK/2
815.923383052504,2,537.525,1.0793029,TLQEVTQLSQEAQR/2
764.8619284615041,2,537.525,1.0415703,VESEQQYFEIEK/2
938.417470106004,2,537.525,1.1381055,EMEEELVPTGSEPGDTR/2
417.8778694282957,3,538.268,0.7974769,M[UNIMOD:35]VNHFIAEFK/3
777.890300308504,2,538.268,1.1178416,ENEMLVTVAHFHK/2
518.9292923612957,3,538.268,0.8418708,ENEMLVTVAHFHK/3
870.9024505835041,2,539.012,1.1023772,GYGFVHFETQEAAER/2
580.937392544629,3,539.012,0.8489338,GYGFVHFETQEAAER/3
459.55534356329576,3,539.012,0.768377,MDYVEINIDHK/3
848.895976602504,2,539.012,1.1192912,NQLEESEFTC[UNIMOD:4]AAAVK/2
848.8738525495041,2,539.012,1.112327,MEDSVGC[UNIMOD:4]LETAEEVK/2
827.866884834504,2,539.756,1.0873195,EAEDGIIAYDDC[UNIMOD:4]GVK/2
938.9365499495041,2,539.756,1.1355906,TEPEEVSIEDSAQSDLK/2
744.354270569004,2,539.756,1.0380723,TTPSYVAFTDTER/2
708.0115086802957,3,539.756,0.93328375,VFGVDDNQDYNRPVINEK/3
541.2596955329624,3,539.756,0.8296797,WWEEERYPEGIK/3
772.3729946430042,2,540.5,1.0967731,DDILNGSHPVSFDK/2
899.9720186295041,2,540.5,1.1535302,TAIHEVMEQQTISIAK/2
932.928339395504,2,540.5,1.1754558,LSLC[UNIMOD:4]GEESFGTGSDHIR/2
408.5629383769624,3,541.243,0.79757476,IDESIHLQLR/3
622.2879850859623,3,541.243,0.940701,LSLC[UNIMOD:4]GEESFGTGSDHIR/3
725.3884477360041,2,541.243,1.0735353,EEVPTALVEAHVR/2
817.414336564004,2,541.987,1.083109,VNQIGSVTESLQAC[UNIMOD:4]K/2
906.465946361004,2,541.987,1.1322832,TLQEQLENGPNTQLAR/2
869.911823652504,2,541.987,1.1217893,NSTEC[UNIMOD:4]TLILTEGDSAK/2
904.954880100504,2,542.73,1.1345373,SQVFSTAADGQTQVEIK/2
998.9720270175043,2,542.73,1.2128905,GYPHLC[UNIMOD:4]SIC[UNIMOD:4]DLPVHSNK/2
816.882337967504,2,542.73,1.1053939,IQESYGDVYGIC[UNIMOD:4]TK/2
569.6247030639623,3,542.73,0.86097866,LPETNLFETEETRK/3
853.9334163625041,2,542.73,1.1209234,LPETNLFETEETRK/2
666.3171101672958,3,543.475,0.94072866,GYPHLC[UNIMOD:4]SIC[UNIMOD:4]DLPVHSNK/3
929.4574525340041,2,543.475,1.145892,GALVVEDNDSGVPVEETK/2
844.924871451504,2,544.218,1.1125658,LQELPDAVPHGEMPR/2
415.547176828629,3,544.218,0.7485164,VESHFDLELR/3
842.9362934055041,2,544.218,1.1614698,FAVALDSEQNNIHVK/2
749.348130972004,2,544.962,1.0489382,AELFTQSC[UNIMOD:4]ADLDK/2
431.92235513229576,3,545.707,0.7874274,LAILGIHNEVSK/3
539.602009900629,3,545.707,0.84208995,LTHDVELNLDYER/3
723.8829982425042,2,545.707,1.0727171,NDVVGTTYLHLSK/2
728.8569804535041,2,546.451,1.0465622,TPELNLDQFHDK/2
808.899376617504,2,546.451,1.1263422,LTHDVELNLDYER/2
688.366126739004,2,546.451,1.0518616,AEIGIAMGSGTAVAK/2
486.24041245796235,3,547.194,0.80369645,TPELNLDQFHDK/3
752.3772227350041,2,547.194,1.0448594,TVLVNADGEEVAMR/2
734.3775487360042,2,547.194,1.0541433,LYEWTTEKELR/2
968.942600882504,2,547.194,1.1528575,C[UNIMOD:4]LEPLPQEQGNMEYTK/2
648.0195044362955,3,547.938,0.9005774,IHQHILPQGQGMLSGIGR/3
770.9221233475042,2,548.681,1.0929496,VVVVVPNEEDWKK/2
536.2340527039624,3,549.425,0.83953,MTGSEFDFEEMKR/3
773.4122572380041,2,549.425,1.0960149,AALLNQHYQVNFK/2
481.9102322316291,3,549.425,0.80752844,FLQLLC[UNIMOD:4]ENHNR/3
968.960793603504,2,549.425,1.1539627,QVM[UNIMOD:35]VVPVGPTC[UNIMOD:4]DEYAQK/2
679.696972920629,3,550.169,0.90813243,VIHLSNLPHSGYSDSAVLK/3
801.8876202905041,2,550.169,1.0806458,ALEEGLTPQEIC[UNIMOD:4]DK/2
515.9388449362956,3,550.169,0.8641753,LGVTNTIISHYDGR/3
515.9439303142957,3,550.169,0.865895,AALLNQHYQVNFK/3
870.959965469504,2,550.912,1.1234108,VSHVSTGGGASLELLEGK/2
580.9757358019623,3,550.912,0.8555349,VSHVSTGGGASLELLEGK/3
510.924424280629,3,550.912,0.81725264,FADEHVPGSPFTVK/3
965.998764671504,2,550.912,1.2758782,TVVSGSC[UNIMOD:4]AAHSLLITTEGK/2
856.8993765665041,2,550.912,1.1167865,GYAFVHFETQEAADK/2
520.9316903252957,3,550.912,0.8409928,FASTVFPSDHIPSR/3
765.8829981875041,2,551.656,1.0663143,FADEHVPGSPFTVK/2
840.928271390504,2,551.656,1.1789433,HWPFQVINDGDKPK/2
745.849263683504,2,551.656,1.0388324,HLALLC[UNIMOD:4]DTMTC[UNIMOD:4]R/2
831.3869676760041,2,552.4,1.0693643,SVFPEQANNNEWAR/2
907.4228898530041,2,552.4,1.1413107,NVSGISFTENMGSSQQK/2
629.995919581629,3,552.4,0.89225477,EGMQLISEKPETEAVVK/3
940.947252048504,2,552.4,1.1551424,EFLQTESPESTELQSR/2
742.3406319190041,2,553.143,1.0613152,ATFYGEQVDYYK/2
789.9041276445041,2,553.143,1.062038,IAYQLAVEAESEQK/2
632.0388933476289,3,553.143,0.90711105,SIVIRPLEPQPAPHLAR/3
552.2864675559623,3,553.143,0.88177246,GIFLHLSNQHEFGR/3
862.8845547125042,2,553.886,1.1170329,C[UNIMOD:4]IQC[UNIMOD:4]GQYLDDPDLK/2
951.4781880100041,2,553.886,1.1443497,TITYQAVPSEVPNEEPK/2
964.9710614845042,2,554.63,1.2360083,TALAEAELEYNPEHVSR/2
944.3975919630041,2,555.374,1.1425428,AADEEAFEDNSEEYIR/2
811.376265625004,2,556.117,1.1375544,SLEDALSSDTSGHFR/2
636.9986519046291,3,556.117,0.92965573,LISVEPRPEQPEPDFR/3
499.9111329189623,3,556.117,0.8326523,EMNPALGIDC[UNIMOD:4]LHK/3
905.881489023504,2,556.861,1.140879,SGMYTVAMAYC[UNIMOD:4]GSGNNK/2
784.3658007930042,2,556.861,1.0540282,MEWSGIC[UNIMOD:4]TTQQVK/2
841.886466149504,2,556.861,1.0979656,SFAGAVSPQEEEEFR/2
754.4093802310041,2,557.605,1.0574186,TYNASITLQQQLK/2
797.3913843940041,2,557.605,1.0710828,INQLSEENGDLSFK/2
745.0413564879623,3,557.605,0.95479155,LSQLEEHLSQLQDNPPQEK/3
890.921037299504,2,558.349,1.0940179,VDATEESDLAQQYGVR/2
464.90419563862906,3,558.349,0.79714066,VIGMHYFSPVDK/3
685.3429776600042,2,558.349,1.0348628,LFEHYYQELK/2
940.9621822215041,2,559.092,1.1692992,FNQAQSGNIQSTVMLDK/2
686.3639938132956,3,559.092,0.9533376,LASQGDSISSQLGPIHPPPR/3
684.0007211056292,3,559.092,0.9254402,AQVEEFLAQHGSEYQSVK/3
558.2862446319624,3,559.836,0.8547909,GFVEPDHYVVVGAQR/3
852.9058213885039,2,559.836,1.0913957,QPMNAASGAAMSLAGAEK/2
773.925394368504,2,559.836,1.0734615,GVAIGQTSLTASVTNK/2
983.490575508004,2,559.836,1.1870095,IKPHLMSQELPEDWDK/2
767.4046291640041,2,560.579,1.0493466,AINQQTGAFVEISR/2
665.3603607989625,3,560.579,0.8971437,LAEIGAPIQGNREELVER/3
836.9257287145042,2,561.323,1.0911188,GFVEPDHYVVVGAQR/2
760.867013828504,2,561.323,1.0441375,ELVYPPDYNPEGK/2
473.87369034829567,3,561.323,0.8221456,EDAMAMVDHC[UNIMOD:4]LK/3
414.57154530496246,3,561.323,0.8014551,LILEVHQFSR/3
710.306897289004,2,562.066,1.0530136,EDAMAMVDHC[UNIMOD:4]LK/2
699.3986185290041,2,562.066,1.0348378,TPHVLVLGSGVYR/2
878.954160284504,2,562.81,1.1146411,LAQQQAALLMQQEER/2
432.2131406739623,3,562.81,0.76989967,ADFC[UNIMOD:4]IIHYAGK/3
806.4027176270041,2,562.81,1.0777223,AHEILPNLVC[UNIMOD:4]C[UNIMOD:4]SAK/2
707.8698908975041,2,563.554,1.0689923,YGVIILDEAHER/2
739.8884775495042,2,563.554,1.0515704,ETLLNSATTSLNSK/2
616.6525987282957,3,563.554,0.85288036,YESLELC[UNIMOD:4]RPVLQQGR/3
472.24901942062905,3,563.554,0.8036148,YGVIILDEAHER/3
758.4119228710041,2,563.554,1.1102688,FAIGSQVSEHSIIK/2
505.9437074029624,3,563.554,0.8269847,FAIGSQVSEHSIIK/3
554.2787557332957,3,563.554,0.8643523,IFYPETTDIYDRK/3
859.421204438004,2,563.554,1.1349977,NETETAEERVAELAR/2
780.920643371504,2,564.297,1.0704153,LGSSGLGSASSIQAAVR/2
804.9226547465039,2,565.04,1.0989012,ASYVAPLTAQPATYR/2
689.385511120004,2,565.04,1.0614432,ANPQVGVAFPHIK/2
883.928142461504,2,565.04,1.1126332,ISNQVDLSNVC[UNIMOD:4]AQYR/2
545.6022327772956,3,565.04,0.8549677,LGDVYVNDAFGTAHR/3
572.602416387629,3,565.04,0.8618587,NHMHFGAITC[UNIMOD:4]AMGIR/3
826.9119526465041,2,565.04,1.1116197,LFYHIVDSDEVSTK/2
743.864616940504,2,565.04,1.0655355,DC[UNIMOD:4]QIAHGAAQFLR/2
817.8997109325039,2,565.784,1.1171682,LGDVYVNDAFGTAHR/2
856.9463267975042,2,565.784,1.2034026,LAASIAPEIYGHEDVK/2
772.8811838755041,2,565.784,1.0537618,ELQELQDSLNAER/2
472.58076905362896,3,565.784,0.79808104,IVLDNSVFSEHR/3
571.6333100206291,3,565.784,0.9093289,LAASIAPEIYGHEDVK/3
791.853057568504,2,565.784,1.0558002,QMLDPANYGTGMER/2
573.5853083506291,3,566.527,0.8699976,GPAAIEEC[UNIMOD:4]C[UNIMOD:4]NWFHK/3
969.5056028370038,2,567.271,1.1720142,NTAPDNGPILLQAQTTQR/2
448.23493314862907,3,568.015,0.8169485,YGGELVPHFPAR/3
898.448376374004,2,568.758,1.1434916,AMLAQQYQEGTLSVEK/2
767.9204463915041,2,568.758,1.0709082,NAAHALPTTLGALER/2
876.4465023560037,2,568.758,1.1867244,VGELVGVLAAHC[UNIMOD:4]QGEGR/2
516.2296304506291,3,568.758,0.8002676,FSASQFWDDC[UNIMOD:4]RK/3
884.3930781990041,2,568.758,1.1230211,AGSSWQC[UNIMOD:4]DTC[UNIMOD:4]LLQNK/2
797.8850775685041,2,569.502,1.0798197,ETVSEESNVLC[UNIMOD:4]LSK/2
832.875567156504,2,569.502,1.0769262,GEFTYYEIQDNTGK/2
421.2251576969624,3,569.502,0.77239686,TVVTGIEMFHK/3
832.8735557795039,2,570.245,1.0874856,ENDPEANIDTIYDR/2
498.596419119629,3,570.989,0.8283988,QGTTPPIWHLTDK/3
750.8539064535041,2,570.989,1.0889461,LYAVFTDYEHDK/2
782.371606084004,2,570.989,1.0861322,EGLMLDSHEELYK/2
456.25897287062907,3,570.989,0.80271786,LIIC[UNIMOD:4]NVTGIAHR/3
500.9050297912957,3,571.732,0.80861,LYAVFTDYEHDK/3
837.411793845004,2,572.476,1.0775898,GAGTGGLGLTVEGPC[UNIMOD:4]EAK/2
964.429857636004,2,572.476,1.176572,MMDYLQGSGETPQTDVR/2
594.988087224629,3,572.476,0.9351899,HLEINPDHPIVETLR/3
730.9146327475041,2,572.476,1.0897157,ILDAVVAQEPLHR/2
827.4019490290041,2,572.476,1.0715276,VDVEGPDVNIEGPEGK/2
891.978492603504,2,572.476,1.1599774,HLEINPDHPIVETLR/2
792.904461944504,2,572.476,1.0625652,VSANSVYGFTGAQVGK/2
878.4674263620042,2,572.476,1.1886995,TAASGIPYHSEVPVSLK/2
585.9807097302958,3,572.476,0.9225908,TAASGIPYHSEVPVSLK/3
504.6036851789624,3,572.476,0.8756411,HTLGHLLSLDSYR/3
752.0247607902955,3,572.476,0.985932,MLWGSDPYPHAEPQQATTPK/3
936.957954139504,2,573.22,1.1461512,VSYIPDEQIAQGPENGR/2
815.907201600504,2,573.963,1.0793372,FNISNGGPAPEAITDK/2
668.9984346092957,3,574.707,0.88647115,EDAPIGPHLQSMPSEQIR/3
766.9163181115041,2,574.707,1.0601702,MHGGGPTVTAGLPLPK/2
760.8760013475041,2,574.707,1.044743,QLEVLVSPTC[UNIMOD:4]SC[UNIMOD:4]K/2
418.8936309799624,3,574.707,0.77560204,LIHDGC[UNIMOD:4]LLWK/3
923.4089252230042,2,575.45,1.126714,VGLIGSC[UNIMOD:4]TNSSYEDMGR/2
536.958350900629,3,575.45,0.8876292,NAHSTAIAGLTFLHR/3
951.9123550155041,2,576.194,1.1380094,TDDYLDQPC[UNIMOD:4]YETINR/2
750.3598872620041,2,576.194,1.0607947,HPDVEVDGFSELR/2
956.4997891630042,2,576.194,1.1580238,QIPAAQEQPFIVSNQNK/2
678.9891498086289,3,577.681,0.94856256,GNFGGSFAGSFGGAGGHAPGVAR/3
932.420150238004,2,577.681,1.1324191,NYMSNPSYNYEIVNR/2
546.9775890919624,3,577.681,0.8527305,MMLTHLVVRPGLGSK/3
818.416544890004,2,577.681,1.0993162,SITILSTPEGTSAAC[UNIMOD:4]K/2
696.3508082739622,3,577.681,0.9279648,YGMNPHQTPAQLYTLQPK/3
677.8824669255041,2,578.424,1.0444018,LVPGGGATEIELAK/2
730.400500908004,2,578.424,1.0444263,QVAASTAQLLVAC[UNIMOD:4]K/2
869.4016231130042,2,578.424,1.1067467,SSIVMGEPISQSSSNSQ/2
620.647730617629,3,578.424,0.87532926,LYGAQFHPEVGLTENGK/3
781.8614055015041,2,578.424,1.1025939,EEMHLEDSANFIK/2
551.9487983342956,3,579.168,0.8853437,HWPFMVVNDAGRPK/3
443.87675141896233,3,579.168,0.7524968,TWHAWMDNIR/3
878.906541273504,2,579.168,1.0924754,VDVEC[UNIMOD:4]PDVNIEGPEGK/2
930.4679576930041,2,579.168,1.1673069,LYGAQFHPEVGLTENGK/2
423.87434787629576,3,579.911,0.7767149,LTSMHFYGWK/3
864.949400762504,2,579.911,1.0954375,ANELPQPPVPEPANAGK/2
586.3087149492957,3,579.911,0.9154799,LASALAPSIYEHEDIK/3
818.906867301504,2,579.911,1.0907155,ELNSTYSEQDPLLK/2
878.9594341905041,2,580.655,1.1999588,LASALAPSIYEHEDIK/2
733.399149896004,2,580.655,1.0746837,YQDIIHSIHLAR/2
858.393266721004,2,580.655,1.1191638,M[UNIMOD:35]DAEVPDVNIEGPDAK/2
489.268525419629,3,581.398,0.8435648,YQDIIHSIHLAR/3
595.6503066039623,3,581.398,0.9314923,QGPLHGM[UNIMOD:35]LINTPYVTK/3
827.3963323530041,2,582.142,1.0949976,IAEFTTNLTEEEEK/2
843.372145789004,2,582.142,1.078064,GSAFAIGSDGLC[UNIMOD:4]C[UNIMOD:4]QSR/2
989.4763140380041,2,582.142,1.1873701,HPVTGQFLYQDSNWASK/2
772.9049932895041,2,582.885,1.0550411,NNVNVASLTQSEIR/2
659.986634847629,3,582.885,0.905767,HPVTGQFLYQDSNWASK/3
448.2298477679624,3,582.885,0.79200107,QELVDAFVEHR/3
577.5912278792957,3,583.628,0.8752156,MYSTDDGVQFHAFGR/3
682.2950282332957,3,583.628,0.9307258,FLC[UNIMOD:4]ADYAEQDELDYHR/3
852.4104428050041,2,584.372,1.107688,SDSFENPVLQQHFR/2
568.6093873589624,3,585.115,0.85235953,SDSFENPVLQQHFR/3
497.2621600496291,3,585.115,0.85999423,TC[UNIMOD:4]TDIKPEWLVK/3
771.7046328592955,3,585.115,0.9616867,SAGQGEVLVYVEDPAGHQEEAK/3
745.3896018410042,2,585.115,1.0900171,TC[UNIMOD:4]TDIKPEWLVK/2
853.9102756365039,2,585.115,1.1327401,GDFYTAHGEDALLAAR/2
944.4683516670041,2,586.603,1.1472919,EIEELQSQAQALSQEGK/2
407.911567545629,3,586.603,0.7984746,TPLHEIALSIK/3
666.9827845252958,3,586.603,0.9048518,MVSDINNGWQHLEQAEK/3
825.4012291320041,2,587.346,1.0899944,NQVAMNPTNTVFDAK/2
775.3964697210042,2,587.346,1.0574363,AFEVSENGNLVVSGK/2
862.926122680504,2,588.09,1.1030824,EEIQSSISGVTAAYNR/2
729.401555162004,2,588.834,1.0482838,AQQVSQGLDVLTAK/2
734.046330363629,3,588.834,0.9561628,LVSNHSLHETSSVFVDSLTK/3
952.4502962350041,2,588.834,1.2122504,ENNVDAVHPGYGFLSER/2
661.995024485629,3,589.577,0.92269784,MHTTFEHDIQALGTQVR/3
464.89581161662903,3,589.577,0.7568004,QQMQDFFLAHK/3
635.3026229789624,3,589.577,0.9175787,ENNVDAVHPGYGFLSER/3
516.2523902099623,3,590.321,0.8569024,MLTEAIMHDC[UNIMOD:4]VVK/3
439.92235514429575,3,590.321,0.746557,LDLIHESILHK/3
952.963433431504,2,590.321,1.1546637,LEGLGSSEADQDGLASTVR/2
494.26204859529577,3,590.321,0.78820646,TEMENEFVLIKK/3
920.900598639504,2,591.065,1.1425999,EAVC[UNIMOD:4]IVLSDDTC[UNIMOD:4]SDEK/2
707.8860723035041,2,591.065,1.0450584,QLQALSSELAQAR/2
744.374148751004,2,591.065,1.041044,EQVLEPMLNGTEK/2
811.3998405690041,2,591.065,1.1222174,AIAC[UNIMOD:4]VVTAC[UNIMOD:4]SAELEK/2
748.871053380504,2,591.065,1.0607988,ALVSQC[UNIMOD:4]NLYMAAR/2
952.9703927875041,2,591.065,1.2114625,EIESEIDSEEELINKK/2
705.9286972445042,2,591.808,1.0551331,LVVVLC[UNIMOD:4]NLKPQK/2
714.3684160346289,3,591.808,0.9592637,MAKPEEVLVVENDQGEVVR/3
682.9766477419622,3,591.808,0.9281899,SLGTIQQC[UNIMOD:4]C[UNIMOD:4]DAIDHLC[UNIMOD:4]R/3
892.951617562504,2,592.551,1.1186874,QEQIQAMPLADSQAVR/2
438.2231398519415,4,593.295,0.8043788,GAEVHLVPWNHDFTK/4
608.6439861649624,3,593.295,0.8821616,ELQELVQYPVEHPDK/3
773.3825050900041,2,593.295,1.0561585,GDINVC[UNIMOD:4]IVGDPSTAK/2
647.6476247599625,3,593.295,0.93646944,QFTPC[UNIMOD:4]QLLADHANSPNK/3
912.4623410140041,2,594.039,1.159638,ELQELVQYPVEHPDK/2
875.439003237004,2,594.039,1.1463239,GAEVHLVPWNHDFTK/2
583.9617609802957,3,594.039,0.86113703,GAEVHLVPWNHDFTK/3
720.892646095504,2,594.783,1.048214,ILHGLGFTPAMQR/2
762.8938972935041,2,595.526,1.0981458,LQALDTGWNELHK/2
772.419944916004,2,595.526,1.0876733,QLLLESQSQLDAAK/2
795.4088572840042,2,597.013,1.1039689,DIYALISDQKHMR/2
780.3797654240042,2,597.757,1.0798826,QMSSFVQNGSTFVK/2
437.90782867629565,3,597.757,0.7421862,TEQC[UNIMOD:4]LVALLHK/3
937.9419696765042,2,598.5,1.144011,NASTFEDVTQVSSAYQK/2
807.9203090085041,2,598.5,1.1154865,EPNSSAQIDIVISNK/2
894.457067036004,2,599.244,1.123132,AIGVLTSGGDAQGMNAAVR/2
692.0249780769624,3,599.244,0.98265266,QVEPLDPPAGSAPGEHVFVK/3
861.9204172975042,2,599.244,1.1015778,ILC[UNIMOD:4]C[UNIMOD:4]ISC[UNIMOD:4]NSNIQIK/2
791.9015849585041,2,599.987,1.0745264,IGYSSPLTLSDQSSK/2
820.4437543090041,2,599.987,1.1231573,FLSDPQVHTVLVER/2
901.9314050075042,2,599.987,1.1380303,IQFENNEDQDVNPLK/2
732.372463375004,2,599.987,1.0587757,FLADQQSEIDGLK/2
784.396804114004,2,600.731,1.0716043,VFSSTLQNWQTTR/2
769.377025826004,2,601.475,1.1047646,DYIAYAHSTIMPR/2
751.9017222895039,2,601.475,1.0506722,VNQPASFAVSLNGAK/2
754.3548019170041,2,601.475,1.0490049,AGTQIENIDEDFR/2
714.9008566735041,2,602.218,1.0417743,IIITVVEEQEQK/2
759.8649137145042,2,602.218,1.0574872,AGEVINQPMMMAAR/2
505.299825555629,3,602.218,0.8946976,QQGVLALRPYLQK/3
752.6577941036289,3,602.962,0.99281514,HNDDEQYAWESSAGGSFTVR/3
767.3394080369625,3,602.962,0.9883487,GNLYSFGC[UNIMOD:4]PEYGQLGHNSDGK/3
551.6190064626289,3,602.962,0.86996764,LDSHPC[UNIMOD:4]LEVTAAALR/3
402.73434611094154,4,602.962,0.76248765,LGSFHELLLEPPKK/4
830.369594662004,2,602.962,1.0956594,WETFC[UNIMOD:4]TSSLGETNK/2
501.51689094719154,4,602.962,0.7832524,KQDIENILHWNVTQHK/4
625.3392314269623,3,604.449,0.9189869,REPWLLPSQHNDIIR/3
857.8891171135039,2,604.449,1.0935683,YGAAMALGIC[UNIMOD:4]C[UNIMOD:4]AGTGNK/2
539.5916680806291,3,604.449,0.8449255,WANFHLENSGWQK/3
942.926950794504,2,605.193,1.1514921,MQEVVANLQYDDGSGMK/2
843.4339179260041,2,605.193,1.1529915,TSILAAANPISGHYDR/2
771.3889790700041,2,605.193,1.0593867,GEAHLAVNDFELAR/2
758.9056160635041,2,605.193,1.0632323,VLLDAPC[UNIMOD:4]SGTGVISK/2
872.930350792504,2,605.936,1.1135623,LLQQLAMTGSEEGDPR/2
711.3509996910041,2,606.68,1.0365644,SLYYYIQQDTK/2
946.9836375275041,2,606.68,1.1601158,ADSGPTQPPLSLSPAPETK/2
732.8882805945041,2,606.68,1.0476743,ALADVEVTYTVQR/2
431.91905646496235,3,606.68,0.77128804,AVGHPFVIQLGR/3
820.4272469530041,2,606.68,1.1125176,GLGHQVATDALVAMEK/2
466.893124196629,3,607.424,0.7622139,ISDEDWDIIHR/3
718.4044322350039,2,607.424,1.0640777,LNHLVDSLQQLR/2
645.6742797159624,3,607.424,0.9528636,RGAPPSSNIEDFHGLLPK/3
699.3566162800041,2,607.424,1.0673175,DFAAEVVHPGDLK/2
726.9246661175041,2,608.167,1.0549895,VQAQVIQETIVPK/2
997.509488086004,2,608.167,1.1893897,EGPEPPEEVPPPTTPPVPK/2
674.2924073459623,3,608.167,0.90624017,EPGEYAVHIMC[UNIMOD:4]DDEDIK/3
688.6556800136291,3,608.167,0.93047327,MHSPQTSAMLFTVDNEAGK/3
716.3381729719623,3,608.911,1.006306,SADESGQALLAAGHYASDEVR/3
440.90419566662905,3,608.911,0.8023345,YC[UNIMOD:4]LSILTSHVK/3
764.3755373320041,2,609.654,1.0759065,SLTNDWEDHLAVK/2
810.417402195004,2,609.654,1.0829438,QTGEGVGPQEYTLLK/2
820.8796066865041,2,609.654,1.0893152,QFC[UNIMOD:4]STQAALQAMER/2
509.9194503769624,3,609.654,0.8178015,SLTNDWEDHLAVK/3
918.970530167504,2,610.398,1.1483593,SQIFSTASDNQPTVTIK/2
876.4408856620039,2,610.398,1.126152,IFVGNVSAAC[UNIMOD:4]TSQELR/2
991.507476758004,2,610.398,1.1926141,ELEEVSPETPVVPATTQR/2
741.341360164004,2,610.398,1.0461968,EDDLNSFNATDLK/2
972.9689529665042,2,610.398,1.2127683,TVFEALQAPAC[UNIMOD:4]HENMVK/2
917.3943210000041,2,611.141,1.1207303,NPDDITNEEYGEFYK/2
707.4142685890041,2,611.141,1.0498098,RNVIFQPVAELK/2
727.3935331750041,2,611.141,1.078947,INLNLIYDHNPK/2
944.489224427004,2,611.885,1.1788447,VTHAVVTVPAYFNDAQR/2
818.9052901145042,2,612.63,1.0898064,TSESLC[UNIMOD:4]QNNMVILK/2
834.9110953885041,2,612.63,1.1033214,ALTLPGSSENEYIM[UNIMOD:35]K/2
945.4789649700042,2,612.63,1.1799664,RSIQGVGHMMSTMVLSR/2
629.995241773629,3,613.373,0.8766902,VTHAVVTVPAYFNDAQR/3
478.9402973012957,3,613.373,0.8354929,LLVGNDDVHIIAR/3
706.6982079342957,3,613.373,0.95311034,RGHVFEESQVAGTPMFVVK/3
486.6026281156291,3,613.373,0.8328376,LMITHIVNQNFK/3
900.914700720504,2,613.373,1.1225233,FLEETNC[UNIMOD:4]LYAAEGQR/2
924.9761469035041,2,614.117,1.1585106,VFSDEVQQQAQLSTIR/2
729.395938471004,2,614.86,1.0536274,VLDDGELLVQQTK/2
718.885206562504,2,614.86,1.0439888,LYNVVVDTEVTGK/2
794.9306767265039,2,615.604,1.0758837,KSDIDEIVLVGGSTR/2
554.9492981512957,3,615.604,0.8703674,VGIDTPDIDIHGPEGK/3
452.585854443629,3,615.604,0.8000963,WIGLDLSNGKPR/3
489.6086590659623,3,615.604,0.84795547,ERPPFIPEGVVAR/3
518.5231102856915,4,615.604,0.80645555,VTEGLTDVILYHQPDDKK/4
783.877055601504,2,616.347,1.0620528,DIEREDIEFIC[UNIMOD:4]K/2
777.3727977100041,2,616.347,1.0788846,EAYPGDVFYLHSR/2
739.9037337185041,2,617.091,1.097586,VIQYLAYVASSHK/2
437.92257805362897,3,617.091,0.7853526,AGNAIHAILLYR/3
522.920462556629,3,617.091,0.8106515,DIEREDIEFIC[UNIMOD:4]K/3
788.3966667340039,2,617.834,1.0505593,ILGADTSVDLEETGR/2
688.3875820930041,2,617.834,1.0357888,VVLLTGETSTDLK/2
518.5842906289623,3,617.834,0.856354,EAYPGDVFYLHSR/3
744.853580478504,2,617.834,1.0507854,DTVDPVQDEMLAR/2
493.60491463462904,3,617.834,0.80903924,VIQYLAYVASSHK/3
889.449961916004,2,618.578,1.1315097,SQNIVTDSSSLSAEAIR/2
959.497443439004,2,618.578,1.2478904,TLTGTAALTVQSQEDNLR/2
829.9284683705041,2,618.578,1.1055045,NQVALNPQNTVFDAK/2
821.393069752004,2,618.578,1.0966613,LDADMPEVAVEGPNGK/2
969.026171106504,2,618.578,1.2345732,ALPAVQQNNLDEDLIRK/2
906.4785223600041,2,619.321,1.1433045,QGAIVAVTGDGVNDSPALK/2
804.3357518810042,2,619.321,1.0787256,DMDLWEQQEEER/2
412.8839004019624,3,619.321,0.7386246,APFDLFENRK/3
646.3532062266289,3,619.321,0.90462875,ALPAVQQNNLDEDLIRK/3
732.9197181775041,2,619.321,1.0665388,YQILPLHSQIPR/2
811.8808494645041,2,619.321,1.0740483,GSNEEDTDTPLFIGK/2
767.8910202695041,2,620.065,1.0602199,SYLTEQVNQDLPK/2
957.968184464504,2,620.809,1.1559914,IEELDQENEAALENGIK/2
504.92794587929575,3,620.809,0.8394555,DVPLHALYDNVEK/3
671.7007173886291,3,620.809,0.91215056,LLEAQIATGGVIDPVHSHR/3
892.9460008145041,2,621.553,1.1243341,VQVQDNEGC[UNIMOD:4]PVEALVK/2
841.4490366440041,2,622.299,1.1426522,TSEVPYAGINIGPVHK/2
863.3821791570042,2,622.299,1.1001612,EIC[UNIMOD:4]NAYTELNDPMR/2
581.9626617102957,3,622.299,0.8903477,LAGGYENVPTVDIHMK/3
918.4458336550041,2,622.299,1.1356702,FEVQGLQPNGEEM[UNIMOD:35]TLK/2
682.8928346645041,2,622.299,1.0424656,LLGHEVEDVIIK/2
679.0202936252957,3,623.043,0.91089326,SVVLMSHLGRPDGVPMPDK/3
760.930814142504,2,623.043,1.0871933,HSSLITPLQAVAQR/2
760.9013879535041,2,623.043,1.0733576,QQEPVTSTSLVFGK/2
919.4919641340041,2,623.043,1.1883663,EQTLSPTITSGLHNIAR/2
872.4403543320042,2,623.043,1.1630481,LAGGYENVPTVDIHMK/2
805.379962441004,2,623.786,1.0738376,TEMQDNTYPEILR/2
741.899179633504,2,624.53,1.0470482,EPLLVTNGADNALR/2
711.868502282504,2,624.53,1.0377895,EKFEEMIQQIK/2
924.4021460470041,2,625.274,1.135986,NPDDITQEEYGEFYK/2
814.8805151325041,2,625.274,1.0907444,EEYITSALESTEEK/2
715.8822783935041,2,625.274,1.0665435,MYIALTGLQHAGR/2
947.5070828710041,2,625.274,1.1652005,GHVTQDAPIPGSPLYTIK/2
881.9068757105042,2,625.274,1.097757,SESYIGGNC[UNIMOD:4]YILSGSR/2
732.0549373036289,3,625.274,0.93589425,AHGPGLEGGLVGKPAEFTIDTK/3
687.3824371550041,2,626.761,1.058133,LYSLALHPNAFK/2
838.886131845504,2,626.761,1.0969099,SDGGYTYDTSDLAAIK/2
675.3930018550041,2,626.761,1.0417265,IHVLEAQDLIAK/2
458.59071692562907,3,626.761,0.83721733,LYSLALHPNAFK/3
440.93811665862904,3,626.761,0.8232045,LIAHAGSLLNLAK/3
689.861011623504,2,627.504,1.0488051,C[UNIMOD:4]LYASVLTAQPR/2
722.9227921305041,2,627.504,1.0650153,QIGNVAALPGIVHR/2
694.6642869889624,3,627.504,0.98325396,REDESYGYVLPNHMMLK/3
909.4656119950041,2,628.991,1.1239704,SLETENSALQLQVTER/2
807.385047826004,2,628.991,1.0919352,YC[UNIMOD:4]DPVVLTYQAER/2
687.3409662529624,3,628.991,0.9795788,QLPYPSEASTTFPESHLR/3
831.904127644504,2,628.991,1.1092969,IVPEWQDYDQEIK/2
802.3928727990041,2,629.735,1.0741966,SPFEVQVGPEAGMQK/2
775.3819737560041,2,629.735,1.0657384,EPVIC[UNIMOD:4]TPVSSGFEK/2
433.53152675329574,3,629.735,0.8001609,DYAFVHFEDR/3
745.8795982905041,2,630.478,1.0615158,QVQSLTC[UNIMOD:4]EVDALK/2
745.7291128172956,3,630.478,0.96769017,TQQAAQANITLQEQIEAIHK/3
817.3964697740041,2,630.478,1.0937477,AYDYLVQNTSFANK/2
556.9528197132956,3,630.478,0.88228154,ETNLDSLPLVDTHSK/3
564.280936358629,3,630.478,0.8986402,IDVDAPDIDIHGPDAK/3
935.9135090625042,2,630.478,1.1445855,ETLEAGNYESPMELC[UNIMOD:4]K/2
845.3748770120039,2,631.222,1.1031367,AFVSMVYSEEGAEDR/2
754.8925086765041,2,631.222,1.0818694,RTEMENEFVLIK/2
982.475122421004,2,631.222,1.1790444,FEPSSQMIEVQEGQNLK/2
813.8515607265041,2,631.222,1.0890871,EFTPYDYSQSDFK/2
538.9594688832957,3,631.222,0.8790166,LPVPAAAPTPWETHK/3
834.925591336504,2,631.965,1.1541222,ETNLDSLPLVDTHSK/2
789.9008650515042,2,631.965,1.0838003,AIANEC[UNIMOD:4]QANFISIK/2
834.3866333470041,2,631.965,1.1006505,WVVIGDENYGEGSSR/2
413.902960605629,3,631.965,0.76763535,TLDELGIHLTK/3
887.9339476635041,2,631.965,1.1072146,GEIGDATPFNDAVNVQK/2
845.917766304504,2,631.965,1.1118902,IDVDAPDIDIHGPDAK/2
707.3722663950041,2,631.965,1.0736854,LDAFIEALHQEK/2
825.8908828165041,2,632.709,1.1044955,TEEIAEEEETVFPK/2
786.889965978504,2,632.709,1.0509126,QELAVFC[UNIMOD:4]SPEPPAK/2
694.3875820900041,2,632.709,1.0466412,ELLVTETQEVVK/2
913.9621738095041,2,633.452,1.1565056,YAALVVEPTSDGNYVTK/2
858.417076236004,2,633.452,1.1082824,TPLIDLC[UNIMOD:4]DGQADQAAK/2
574.284457920629,3,633.452,0.8921207,VDIDTPDIDIHGPEGK/3
815.8966369305042,2,634.196,1.1097978,FNALFAQGNYSEAAK/2
689.893700337504,2,634.196,1.0455012,GQPLGPAGVQVSLR/2
994.491303825004,2,634.196,1.1734428,LLEAQAC[UNIMOD:4]TGGIIDPSTGER/2
860.9230486475041,2,634.196,1.110003,VDIDTPDIDIHGPEGK/2
908.4036428800039,2,634.196,1.1492708,M[UNIMOD:35]TNGFSGADLTEIC[UNIMOD:4]QR/2
667.3446630320041,2,634.94,1.0272001,VPGLPMSDQYVK/2
942.964913426504,2,635.683,1.1838349,SVPTSTVFYPSDGVATEK/2
869.374877025004,2,635.683,1.1004821,SDAYYC[UNIMOD:4]TGDVTAWTK/2
420.21906019596236,3,635.683,0.75756013,DVLDVYIEHR/3
860.4492336020039,2,636.426,1.0988724,SSTGPEPPAPTPLLAER/2
877.967790546504,2,636.426,1.1276361,TEPTAQQNLALQLAEK/2
444.56406197362895,3,636.426,0.79023933,LALDMEIHAYR/3
543.6421398666289,3,636.426,0.90652627,VVEIAPAAHLDPQLR/3
443.2504717982956,3,636.426,0.77021503,LSTDHIPILYR/3
993.0079783505041,2,636.426,1.1889871,EAIQQQQNQLVWVSEGK/2
738.3743355886289,3,636.426,0.9945923,EFQQPSQITESTIHEIPTK/3
990.9484061255042,2,636.426,1.1891328,VC[UNIMOD:4]PTTETIYNDEFYTK/2
922.4390628130042,2,637.17,1.1219865,TAESQTPTPSATSFFSGK/2
945.4854901270039,2,637.17,1.1782728,QMASQAPAVNTLTESTLK/2
772.3823081710041,2,637.17,1.0626539,QYQAGQTVTC[UNIMOD:4]FLK/2
683.6568429706291,3,637.17,0.93459016,GYTLADEEEDPLIYQHR/3
814.9595715665039,2,637.17,1.1580936,VVEIAPAAHLDPQLR/2
896.4128481130042,2,637.914,1.1170417,YYEAADTVTQFDNVR/2
567.9566756342956,3,637.914,0.84576243,LGLLDNHSSEFNVTR/3
685.6460609632958,3,637.914,0.9673402,DMSGHYQNALYLGDVSER/3
783.8935629225039,2,638.658,1.0715339,ITPSYVAFTPEGER/2
794.9095473395041,2,639.401,1.1118408,FLGVAEQLHNEGFK/2
530.275457048629,3,639.401,0.83478427,FLGVAEQLHNEGFK/3
551.9688041242956,3,639.401,0.87188125,VTAEVVLAHLGGGSTSR/3
846.4153908340039,2,640.145,1.0956385,ELAQQVQQVADDYGK/2
827.4495679530039,2,640.145,1.1540033,VTAEVVLAHLGGGSTSR/2
879.4332492070041,2,640.145,1.1185337,VITDVYYVDGTEVER/2
757.3819737830041,2,640.145,1.0454179,DMAQLPETEIAPAK/2
927.9305476795042,2,640.145,1.1648772,NSGPLGTEMNTGFSSEVK/2
767.8622628285041,2,640.888,1.0638201,GYAYTFITEDQAR/2
883.4281638160041,2,640.888,1.0959928,SEGGEDYTGATVIEPLK/2
834.409774079004,2,640.888,1.06975,VDIEGPDVNIEGPEGK/2
914.4257669480041,2,641.632,1.1349887,NFILDQC[UNIMOD:4]NVYNSGQR/2
509.9474519082957,3,641.632,0.85170996,YQEALHLGSQLLR/3
908.940915430504,2,641.632,1.2148043,MLDAEDIVNTARPDEK/2
764.4175396290041,2,641.632,1.0785658,YQEALHLGSQLLR/2
606.2963691092956,3,641.632,0.91534984,MLDAEDIVNTARPDEK/3
456.58697803762897,3,641.632,0.82895535,SALNEVHLVVMR/3
721.332142003629,3,642.375,0.9901855,NAQAIEDMVGYAQETQHEK/3
865.9621738225039,2,642.375,1.1243194,LSLPQNETVADTTLTK/2
948.004707324504,2,642.375,1.2106373,NVAYDTLPIVVHGNGPTK/2
783.4035665100041,2,643.119,1.0957891,VEYHFLSPYVSPK/2
698.3399120230041,2,643.119,1.0501226,SMGFIGHYLDQK/2
540.2959752012956,3,643.119,0.8776931,LQMEAPHIIVGTPGR/3
646.6499112616291,3,643.119,0.9152708,VELAQLQEEWNEHNAK/3
809.9403245685039,2,643.862,1.1056879,LQMEAPHIIVGTPGR/2
522.6048031622958,3,643.862,0.8621077,VEYHFLSPYVSPK/3
812.3877874210042,2,644.606,1.1049032,GLVVDMDGFEEERK/2
977.535840276004,2,645.349,1.2216977,VAPEEHPVLLTEAPLNPK/2
790.8848806035041,2,645.349,1.0795597,ALVEFTNSPDC[UNIMOD:4]LSK/2
717.9068077185041,2,645.349,1.0681823,LLVGNDDVHIIAR/2
482.2115768459624,3,646.093,0.77061605,GFC[UNIMOD:4]FLEYEDHK/3
854.389707333004,2,646.093,1.0894797,GSLGGGFSSGGFSGGSFSR/2
773.418890572004,2,646.093,1.0818479,AMGVVVATGVNTEIGK/2
745.3875905310041,2,647.58,1.0509969,DLLVQQASQC[UNIMOD:4]LSK/2
418.5567959162957,3,648.324,0.74966675,ISMPDVDLHVK/3
837.8915516205041,2,648.324,1.1025758,DYSHYYTTIQDLR/2
706.6569543996292,3,648.324,0.9444839,FVINYDYPNSSEDYVHR/3
718.0234142982957,3,648.324,0.97997326,GAYSVGPLHSDLEYTVTSQK/3
558.9301265692957,3,648.324,0.85348696,DYSHYYTTIQDLR/3
596.3197254439624,3,648.324,0.8997843,HLEINPDHSIIETLR/3
828.399209424004,2,649.067,1.0842472,YDGQVAVFGSDLQEK/2
652.0263190062957,3,649.067,0.94416106,VAPEEHPVLLTEAPLNPK/3
872.9630395225041,2,649.067,1.1407986,SNASLTNNQNLIQSLK/2
926.4366575070042,2,649.067,1.1579251,RGFGFVTFDDHDPVDK/2
533.5060945971916,4,649.067,0.8331678,LLNC[UNIMOD:4]QEFAVDLEHHSYR/4
711.0057006406291,3,649.067,0.9886652,LLNC[UNIMOD:4]QEFAVDLEHHSYR/3
834.9223287655041,2,649.067,1.130952,DPLLLSGTHVMEGSGR/2
817.4087198400042,2,649.067,1.1085647,EGC[UNIMOD:4]TVSPETISLNVK/2
960.9633362885041,2,649.811,1.1612276,QVMVVPVGPTC[UNIMOD:4]DEYAQK/2
617.9601971602957,3,649.811,0.89069045,RGFGFVTFDDHDPVDK/3
741.701111314629,3,649.811,0.93757486,LPLQLDDAVRPEAEGEEEGR/3
497.7732625799415,4,649.811,0.8420303,REVPIPEHIDIYHLTR/4
646.998429000629,3,650.554,0.97533435,LPYDVTPEQALAHEEVK/3
787.8670222295041,2,651.298,1.0549108,AGQTTYSGVIDC[UNIMOD:4]FR/2
448.9171582919624,3,651.298,0.79468143,ENLISALEEAKK/3
914.475979719004,2,651.298,1.1520178,IQAGEGETAVLNQLQEK/2
969.9940052675041,2,652.042,1.1801825,LPYDVTPEQALAHEEVK/2
789.909744353504,2,652.042,1.0798607,ASSSAGTDPQLLLYR/2
643.6861853192956,3,652.042,0.9338051,LTHVDSPLEAPAGPLGQVK/3
965.025639745504,2,652.042,1.1785091,LTHVDSPLEAPAGPLGQVK/2
980.4815963960041,2,652.042,1.2179302,LVGSQEELASWGHEYVR/2
787.403771902004,2,652.785,1.0611664,DSAIQQQVANLQMK/2
742.6604815442956,3,652.785,1.0008963,C[UNIMOD:4]DLVNYSYGEATHWPNSGR/3
789.946129858504,2,652.785,1.086907,TQTPPLGQTPQLGLK/2
675.8962430505039,2,652.785,1.060797,SGGLGGSHALLLLR/2
653.990156419629,3,652.785,0.96667117,LVGSQEELASWGHEYVR/3
855.8888715105041,2,652.785,1.1127766,EDVQDYSEDLQEIK/2
841.8825348745041,2,653.529,1.0701832,DENSVELTMAEGPYK/2
962.9620448145041,2,653.529,1.1701931,NLEAVETLGSTSTIC[UNIMOD:4]SDK/2
450.9332541892956,3,653.529,0.79461163,SGGLGGSHALLLLR/3
698.854043869504,2,653.529,1.0304403,IHVFYIDYGNR/2
944.957096873504,2,653.529,1.1500728,ELNEMQAQIAEESQIR/2
510.6191788749624,3,654.273,0.8701329,ILMDKPEMNVVLK/3
654.990044926629,3,655.016,0.91374755,VDVSAPDVEAHGPEWNLK/3
980.508342473004,2,655.016,1.1787224,QGVQVQVSTSNISSLEGAR/2
971.932953025504,2,655.76,1.1855228,ETVYC[UNIMOD:4]LNDDDETEVLK/2
551.2559566589624,3,655.76,0.8466061,SSFDEMLPGTHFQR/3
882.894588014504,2,655.76,1.1128333,TSAC[UNIMOD:4]FEPSLDYM[UNIMOD:35]VTK/2
681.3205202662958,3,655.76,0.9316169,FGQMLGSNMTEFHSQISK/3
428.5834509002957,3,656.504,0.77691466,IIFSEHLPLSK/3
657.8817470585041,2,656.504,1.0257643,LRLEVNLQAMK/2
417.96232861869146,4,656.504,0.7863935,DQMSHLFNVAHTLR/4
793.4097144980042,2,657.247,1.06611,AAYNPGQAVPWNAVK/2
787.420279216004,2,657.247,1.0958844,AIWAALQTQTSNAAK/2
565.6494058972957,3,657.247,0.91684246,DEIGHILHHVNIGLK/3
850.395809406004,2,657.991,1.0798566,MDAEVPDVNIEGPDAK/2
905.977635329504,2,657.991,1.1864399,LIEGLSHEVIVSAAC[UNIMOD:4]GR/2
638.2712779499624,3,657.991,0.8975962,SGYAFVDC[UNIMOD:4]PDEHWAMK/3
956.9032786915042,2,657.991,1.1773208,SGYAFVDC[UNIMOD:4]PDEHWAMK/2
796.896114040504,2,658.735,1.0785699,SAYALGGLGSGIC[UNIMOD:4]PNR/2
940.9113007465041,2,658.735,1.1421648,SAYDSTMETMNYAQIR/2
947.4416139790039,2,658.735,1.1394608,EQMAQQLAEETQGFQR/2
885.4696346820042,2,658.735,1.1484414,LEEGGPVYSPPAEVVVK/2
448.57506682496233,3,658.735,0.78624195,VNAVFEWHITK/3
787.3819737930041,2,659.478,1.0764226,LC[UNIMOD:4]SLFYTNEEVAK/2
906.979843661504,2,659.478,1.1727391,SVLHEVMEQQTLSIAK/2
528.2948515952958,3,659.478,0.8840778,LGELQGNHFTVVLR/3
724.8310625085041,2,659.478,1.041106,GLYAAFDC[UNIMOD:4]TATMK/2
928.954880156504,2,660.222,1.1380926,ALEYTIYNQELNETR/2
761.3425142580043,2,660.222,1.0540291,SAYEFSETESMLK/2
822.399209387004,2,660.222,1.0779969,VDEVSTEPIPESWR/2
500.296192502629,3,660.222,0.8568549,SPAPPLLHVAALGQK/3
926.4683516010039,2,660.965,1.168767,VALVNDSLSDVTSTTSSR/2
960.4632662710039,2,660.965,1.1694993,TELEDTLDSTAAQQELR/2
678.340769301004,2,660.965,1.0601076,DYYFALAHTVR/2
510.0333108231916,4,660.965,0.802655,EIEGEEIEIVLAKPPDKK/4
960.5072798360042,2,661.709,1.1722083,LSGSNPYTTVTPQIINSK/2
433.2590787382957,3,661.709,0.78853375,IYSHSLLPVLR/3
872.4327262730039,2,661.709,1.1067891,NEEIVMPEEQTGLVR/2
771.917372404504,2,662.453,1.1050833,NFVELISHQQLSK/2
804.8968338915038,2,662.453,1.0678856,FASEIAGVDDLGTTGR/2
886.960496857504,2,663.197,1.1191002,NLQEQTVQLQSELSR/2
854.901593317504,2,663.197,1.0949411,TQETPSAQMEGFLNR/2
851.4545159810042,2,663.197,1.1199198,LTNLQENLSEVSQVK/2
663.3460516329625,3,663.197,0.9169391,FTAQGLPDLNHSQVYAVK/3
740.4030435850041,2,663.94,1.0867605,APIIC[UNIMOD:4]VLGHVDTGK/2
798.4355948960042,2,663.94,1.0753064,ENGPVVETVQVPLSK/2
429.21415281296237,3,663.94,0.7641984,ISMPDVDLHMK/3
761.0499690372957,3,663.94,1.0026082,NQILSQQLQQMEAEHNTLR/3
493.93778787896235,3,663.94,0.8437124,APIIC[UNIMOD:4]VLGHVDTGK/3
933.9946740015038,2,664.684,1.1921704,IGDLQAFQGHGAGNLAGLK/2
757.906670302504,2,664.684,1.0610881,LVSIGAEEIVDGNAK/2
814.8683732415041,2,665.427,1.0796419,AMTEDGFLAVC[UNIMOD:4]SEAK/2
622.9988748232955,3,665.427,0.87285703,IGDLQAFQGHGAGNLAGLK/3
833.943587170504,2,665.427,1.1101677,TLFQPQTGAYQTLAK/2
778.9175693995039,2,665.427,1.0693514,LQEAGILSAEELQR/2
812.3877874660039,2,665.427,1.0956022,LLTEISSSWDGC[UNIMOD:4]QK/2
939.9652478685041,2,665.427,1.1826631,HLASDAIINENYDYLK/2
822.8658305565041,2,665.427,1.0816371,AM[UNIMOD:35]TEDGFLAVC[UNIMOD:4]SEAK/2
737.3957498810041,2,666.171,1.0697896,SGALLAC[UNIMOD:4]GIVNSGVR/2
739.360518474004,2,666.171,1.0494558,MLGQMTDQVADLR/2
416.4694094391915,4,666.171,0.7335682,LSTDDLNSLIAHAHR/4
435.9223551402956,3,666.171,0.7811305,ISHLPLVEELR/3
554.956787096629,3,666.171,0.8444033,LSTDDLNSLIAHAHR/3
843.898853672504,2,666.914,1.0959908,TQPPEDISC[UNIMOD:4]IAWNR/2
957.968184431504,2,666.914,1.1754714,EAISDAALEATENEPLNK/2
846.451776358004,2,666.914,1.104102,VEPYSLTAQQSSLIR/2
857.904955722504,2,667.658,1.1214021,SSEPVVTMSVEYQMK/2
810.8968338795041,2,667.658,1.1014105,NGNLPEFGDAISTASK/2
824.3457852430041,2,667.658,1.1036205,DQNESLDEEMFYK/2
849.395612477004,2,668.402,1.1037254,FFQTAC[UNIMOD:4]DVPELQDK/2
820.9086900445042,2,668.402,1.0917352,HVIPMNPNTDDLFK/2
611.651586580629,3,668.402,0.9387162,QNLLSQSHAYQQFLR/3
985.015469004504,2,669.145,1.3105335,DAGEGLLAVQITDQEGKPK/2
688.9992687599623,3,669.145,0.9645601,RAEDGSVIDYELIDQDAR/3
854.917431950504,2,669.145,1.0913159,LLDPEDVDVPQPDEK/2
745.8795982545041,2,669.145,1.0508848,ADIGVAMGIAGSDVSK/2
487.59630765929563,3,669.145,0.79907113,SLESLHSFVAAATK/3
730.890823255504,2,669.145,1.0644723,SLESLHSFVAAATK/2
592.3439824559624,3,669.889,0.91408896,RPLILQLVHVSQEDK/3
847.913972439504,2,670.632,1.0969762,LLQFYAETC[UNIMOD:4]PAPER/2
705.3748090850041,2,670.632,1.0448759,TYTIANQFPLNK/2
657.012738158629,3,670.632,0.9616775,DAGEGLLAVQITDQEGKPK/3
495.9247586536291,3,670.632,0.8293453,NVNVQNFHISWK/3
492.2611478779624,3,670.632,0.8255384,VFHAGFGVVLGEDK/3
707.362541465629,3,670.632,0.99009645,QEQHEAQAQVAELELQLR/3
562.6334214662957,3,671.376,0.8781004,GILADEDSSRPVWLK/3
737.8880835835041,2,671.376,1.0617949,VFHAGFGVVLGEDK/2
859.437477312004,2,672.119,1.1002833,EEISATQIIVC[UNIMOD:4]TPEK/2
790.9180035205039,2,672.119,1.086025,VHLMNPMVPGLTGSK/2
723.6908360826291,3,672.119,1.0034832,VAHSFNC[UNIMOD:4]TPIEGMLSHQLK/3
743.3834997470042,2,672.119,1.0690254,NVNVQNFHISWK/2
849.925256967504,2,672.863,1.0903459,IDVTAPDVSIEEPEGK/2
888.9229112795041,2,672.863,1.1151481,EIESEIDSEEELINK/2
740.8619284825041,2,672.863,1.0596318,EYELLSDELNQK/2
914.9468580785042,2,673.606,1.1483618,GANAVGYTNYPDNVVFK/2
722.8569804695039,2,673.606,1.0455328,TLSFGSDLNYATR/2
896.932362140504,2,674.35,1.1237502,MAPYQGPDAVPGALDYK/2
540.6083247216291,3,674.35,0.8591074,FYQGFLFSEKPEK/3
810.4088488490041,2,675.093,1.1430014,FYQGFLFSEKPEK/2
417.8767458076291,3,675.093,0.763545,FDASFFGVHPK/3
786.3836967580039,2,675.093,1.075949,QFAYQNSWGLTTR/2
927.9487404965041,2,675.837,1.1474737,IDQDVVITNSYETAMR/2
676.3726007552958,3,675.837,0.9180868,LLEAQIATGGIIDPVHSHR/3
851.9339477265041,2,675.837,1.1135815,ESADGLQGETQLLVSR/2
856.4179334440041,2,675.837,1.1108022,FTLSGGNWNTVSETAK/2
787.9046589595041,2,675.837,1.0652448,NLSSNEAISLEEIR/2
906.4276408680041,2,675.837,1.1373149,IGVSSDSGSINPMSEGFK/2
881.9339477455039,2,676.581,1.1058348,SEDPDQQYLILNTAR/2
820.9043245605039,2,676.581,1.091674,VDIDAPDVSIEGPDAK/2
739.4173426150041,2,676.581,1.0589756,LPNNHIGISFIPR/2
765.3850477970041,2,677.324,1.0478922,GDINVLLC[UNIMOD:4]GDPGTAK/2
493.2806538989624,3,677.324,0.8133053,LPNNHIGISFIPR/3
734.8547345625041,2,677.324,1.0379012,NLLTVTSSDEMMK/2
809.890694265504,2,678.068,1.0683993,EAMVQAEEAAAEITR/2
746.8857379265041,2,678.068,1.0607965,ELSDPAGAIIYTSR/2
833.401949077004,2,678.068,1.0906351,FQIQDISVETEDNK/2
779.896636908504,2,678.068,1.0728519,ATSVALPGWSPSETR/2
900.4061855650039,2,678.811,1.1380016,MTNGFSGADLTEIC[UNIMOD:4]QR/2
828.3450653210042,2,678.811,1.0721443,LFGNMEGDC[UNIMOD:4]PSDWK/2
766.8670138585042,2,678.811,1.0721916,IFYPETTDIYDR/2
701.893031593504,2,678.811,1.0525777,ATAVLVIASTDVDK/2
613.613020396629,3,678.811,0.9028391,HQYYNQEWTLWDR/3
919.9158923615041,2,678.811,1.1514218,HQYYNQEWTLWDR/2
687.0116201579623,3,678.811,0.9082975,AQAEAQQPTFDALRDELR/3
926.4214014390041,2,679.559,1.1445037,ESQLFDPSDLQDTSNR/2
820.8993765805042,2,679.559,1.0818499,SHPLDPIDTVDFER/2
632.6003401769625,3,679.559,0.8969363,GESDDFHMDFDSAVAPR/3
938.9785522005039,2,679.559,1.1454461,EQLDSSNSTIAILQTEK/2
542.6385068789623,3,679.559,0.88047683,QVLIASHLPSYELR/3
670.9803200039623,3,679.559,0.9129251,DDDHNGHIDFITAASNLR/3
868.446690938004,2,680.302,1.1212881,GSNNVALGYDEGSIIVK/2
916.942304020504,2,680.302,1.1109921,DDGVFVQEVTQNSPAAR/2
740.893366009504,2,680.302,1.0639356,TILPAAAQDVYYR/2
817.9063443805039,2,680.302,1.0902803,TQMLDQEELLASTR/2
543.9289636362956,3,680.302,0.87823826,M[UNIMOD:35]GPLGLDHMASSIER/3
908.9412414025041,2,680.302,1.1610382,TFAVDETSVSGYIYHK/2
538.5973254262957,3,681.046,0.88073605,MGPLGLDHMASSIER/3
809.4112625390042,2,681.046,1.0828911,AVLVDLEPGTM[UNIMOD:35]DSVR/2
571.3207319882957,3,681.046,0.8776562,KLEPISNDDLLVVEK/3
686.3410776726291,3,681.046,0.9352434,VDINTPDVDVHGPDWHLK/3
649.6366142612957,3,681.046,0.8744567,YPIEHGIVTNWDDMEK/3
986.018346060504,2,681.789,1.2357814,LASTLVHLGEYQAAVDGAR/2
657.6813228626289,3,681.789,0.96562374,LASTLVHLGEYQAAVDGAR/3
498.2875855826289,3,681.789,0.7914664,LVEDHLAVQSLIR/3
746.9277401405038,2,681.789,1.0829315,LVEDHLAVQSLIR/2
606.2965864239624,3,681.789,0.94251406,TFAVDETSVSGYIYHK/3
536.3083210319624,3,681.789,0.8987227,HLPPAALHLIAYYK/3
914.911923501504,2,682.533,1.1501458,LLTEC[UNIMOD:4]PPMMDTEYTK/2
800.930676762504,2,682.533,1.1015236,NLLLLANSTEEQQK/2
758.0231969929623,3,682.533,0.99499893,NGSC[UNIMOD:4]GVSYIAQEPGNYEVSIK/3
571.3020061702958,3,682.533,0.8476196,NYPPWQHTTLSVLR/3
757.9192463945041,2,683.277,1.068089,TILEEEITPTIQK/2
451.92347870229565,3,683.277,0.8217525,VAVTVMDVAHLAK/3
856.4493710220042,2,683.277,1.1359792,NYPPWQHTTLSVLR/2
937.5171161890041,2,684.02,1.156983,LTEVPVEPVLTVHPESK/2
722.403043609004,2,684.02,1.075934,VVQMLGSLGGQINK/2
456.9418611172957,3,684.02,0.81883276,LPGLIDVHVHLR/3
684.909153442504,2,684.02,1.0544072,LPGLIDVHVHLR/2
882.9963509575041,2,684.02,1.1194247,KGVNLPGAAVDLPAVSEK/2
703.3264702610041,2,684.02,1.0330458,TFSYAGFEMQPK/2
973.030725123504,2,684.764,1.1728399,LHIIEVGTPPTGNQPFPK/2
889.4536586710042,2,684.764,1.1215272,LASTNSSVLGADLPSSMK/2
793.4130853510039,2,684.764,1.0764974,AMSTLVPQGGPVLC[UNIMOD:4]R/2
892.453993037004,2,684.764,1.191604,DVSSVELLMNNHQGIK/2
959.5308923140041,2,685.507,1.1778989,LHIIEVGQPAAGNQPFVK/2
851.4125137510041,2,686.251,1.0990872,VDIDTPDINIEGSEGK/2
783.412119803004,2,686.251,1.0735601,APDVDVNIAGPDAALK/2
742.408128997004,2,686.251,1.0854493,GLLPGC[UNIMOD:4]VYHVQLK/2
519.7427364259414,4,686.251,0.80936563,M[UNIMOD:35]DIDAPDVDVHGPDWHLK/4
511.0088987156915,4,686.994,0.8138609,VDINAPDVEVHGPDWHLK/4
974.461157763004,2,686.994,1.1698272,ESLQDTQPVGVLVDC[UNIMOD:4]C[UNIMOD:4]K/2
515.7440077684415,4,686.994,0.80963874,MDIDAPDVDVHGPDWHLK/4
676.337556110629,3,686.994,0.97043777,VDINAPDVDVHGPDWHLK/3
681.0094394652957,3,686.994,0.9545877,VDINAPDVEVHGPDWHLK/3
598.0036258522957,3,686.994,0.91467017,KLDAGNQLALIEELHK/3
505.25490261944145,4,686.994,0.8093395,VDINAPDVDVQGPDWHLK/4
711.3288377662957,3,687.738,0.95160055,FVINYDYPNSSEDYIHR/3
890.4339774860039,2,687.738,1.1099062,ETSELGGSDVSILDTTR/2
960.457067057004,2,687.738,1.1614015,FSHQGVQLIDFSPC[UNIMOD:4]ER/2
640.640470193629,3,688.481,0.8621053,FSHQGVQLIDFSPC[UNIMOD:4]ER/3
649.0229089046289,3,688.481,0.89106846,LHIIEVGTPPTGNQPFPK/3
462.220406700629,3,688.481,0.7680616,FYFHLGDAMQR/3
952.0045699345042,2,689.225,1.1824503,AQTLPTSVVTITSESSPGK/2
738.906473337504,2,689.225,1.0992339,LEGVEGVAHIIDPK/2
931.9492718115041,2,689.225,1.1453948,NITGTDDQVQQAMNSLK/2
733.398481197004,2,689.225,1.0512358,LESLSYQLSGLQK/2
942.4402169500039,2,689.225,1.1471448,IM[UNIMOD:35]YDLTSKPPGTTEWE/2
672.665561315629,3,689.225,0.9186,VWQLGSSSPNFTLEGHEK/3
770.9056160785041,2,689.968,1.059442,LGDVISIQPC[UNIMOD:4]PDVK/2
885.4732400950039,2,689.968,1.1823612,LQQQLTQAAQELAAEK/2
728.8497866225041,2,690.712,1.0631374,C[UNIMOD:4]YLTMTQALEAR/2
990.4511243840041,2,690.712,1.2437427,AFTMDC[UNIMOD:4]ITLEGDQVSHR/2
835.394892595004,2,690.712,1.083056,EHIMQMLQNPDWK/2
774.8734586375041,2,691.455,1.0780132,AC[UNIMOD:4]LDTAVENMPSLK/2
728.6955205529622,3,691.455,0.9409124,NFTEVHPDYGSHIQALLDK/3
796.8993765985041,2,691.455,1.0812396,AFLDALQNQAEASSK/2
517.6035737412957,3,691.455,0.82016355,ISNLLSDYGYHLR/3
507.6000521539624,3,691.455,0.83387274,IILWDHDLNPER/3
693.0176062332956,3,691.455,0.96564275,ISNTAISISDHTALAQFC[UNIMOD:4]K/3
751.358164340004,2,692.199,1.0474072,TTEMETIYDLGTK/2
771.4428886510041,2,692.199,1.10959,SLGEIPIVESEIKK/2
604.9786461619624,3,692.942,0.8644959,LGPNYLHIPVNC[UNIMOD:4]PYR/3
525.7562724389414,4,692.942,0.8322247,VDIDAPDVEVHDPDWHLK/4
996.9734667535041,2,692.942,1.1715868,WEAVDESELEAQAVTTSK/2
769.390853060004,2,692.942,1.0578711,FAIQDISVEETSAK/2
886.9536288635042,2,692.942,1.1236124,NLHVVFTMNPSSEGLK/2
756.8700878415041,2,692.942,1.0589906,QFAGYSEEVLDVR/2
758.6878199269623,3,692.942,0.9906288,NC[UNIMOD:4]GC[UNIMOD:4]LGASPNLEQLQEENLK/3
937.960162416504,2,693.686,1.1535164,IETVNESWNALATPSDK/2
700.6726044296289,3,693.686,0.9686828,VDIDAPDVEVHDPDWHLK/3
620.627218059629,3,693.686,0.89480615,QDWEHAANDVSFATIR/3
911.941249845504,2,694.429,1.1349612,GVIQVYDLGQDGQGMSR/2
732.872099223504,2,694.429,1.068793,ALEHFTDLYDIK/2
488.917158304629,3,694.429,0.8289651,ALEHFTDLYDIK/3
940.9968823065041,2,694.429,1.1698151,LPQFGISTPGSDLHVNAK/2
937.980040582504,2,694.429,1.154218,LITSVADVVNNDPM[UNIMOD:35]VGSK/2
505.3203380682957,3,694.429,0.88072574,KLPQVEHVLPLLK/3
856.4321949270042,2,695.173,1.0850512,EVIPVNVPEAQEEMK/2
541.0006450611916,4,695.173,0.8168354,QEVPSWLENMAYEHHYK/4
864.4735743800038,2,695.173,1.1364287,VASVSQNAIVSAAGNIAR/2
919.938707160504,2,695.173,1.139352,GVIQVYDLGQDGQGM[UNIMOD:35]SR/2
912.939092605504,2,695.173,1.1350272,ENVATTDTLESTTVGTSV/2
978.9923282235038,2,695.173,1.211206,TVTLGGDVFDPHGTLSGGAR/2
682.8657626135041,2,695.173,1.0296474,AFAMTNQILVEK/2
716.898982668504,2,695.916,1.0694139,DGLEVAVLPHNIR/2
787.914298385504,2,695.916,1.0698869,INDFVLSPGPQPYK/2
720.9984345926291,3,695.916,0.99726754,QEVPSWLENMAYEHHYK/3
729.4099983996289,3,695.916,0.9557109,LLHYLGHVMVNGPTTPIPVK/3
723.3833623940042,2,696.66,1.0766714,DNALLSAIEESRK/2
652.9973109712955,3,696.66,0.96188515,TVTLGGDVFDPHGTLSGGAR/3
922.4810650340039,2,696.66,1.1585357,NSSHAGAFVIVTEEAIAK/2
838.9116266635041,2,697.403,1.0908202,NDSVVAGGGAIEMELSK/2
842.930676715504,2,697.403,1.1396344,VYATILNAGTNTDGFK/2
787.3875905320042,2,697.403,1.0767955,LLTSYGFIQC[UNIMOD:4]SER/2
707.8957117205041,2,697.403,1.0645605,AYFHLLNQIAPK/2
734.9132441605041,2,697.403,1.0574805,LLEVVQPC[UNIMOD:4]LQAAK/2
836.4241729650041,2,697.403,1.0941657,TMYPAPVTSSVYLSR/2
865.3828989930042,2,698.147,1.113177,ETADTDTADQVMASFK/2
472.266233302629,3,698.147,0.80679566,AYFHLLNQIAPK/3
761.8765242505041,2,698.147,1.0618483,ELDMEPYTVAGVAK/2
765.374483117004,2,698.147,1.0491102,EQWLNNMQIPEK/2
737.0413564359623,3,698.147,1.0141728,GGADVSGGVSAPDISLGEGHLSVK/3
657.0369951626291,3,698.147,0.92549217,SKVDQIQEIVTGNPTVIK/3
877.4269125660043,2,698.147,1.1252404,TPQMPPTTPSSSFFTK/2
773.0826100546288,3,698.891,0.98549527,MPLATSTDHGHNLQTVQLLIK/3
557.629788490629,3,698.891,0.91559196,QLEAIDQLHLEYAK/3
555.2802136769624,3,698.891,0.8655476,ALQHMTDFAIQFNK/3
561.2907783669624,3,698.891,0.85999227,TEDTEHVIIPVC[UNIMOD:4]LR/3
906.4699690630041,2,698.891,1.1735249,DLWYLETEKPPPPAR/2
651.9815494769623,3,698.891,0.95065176,HGEPEEDIVGLQAFQER/3
910.392546848004,2,699.634,1.1195174,FVEGVC[UNIMOD:4]PFC[UNIMOD:4]GYEEAR/2
964.9604968295041,2,699.634,1.1599721,SLGYAYVNFQQPADAER/2
834.446159600004,2,699.634,1.1064527,EAQAVPATLPELEATK/2
714.6880371922956,3,699.634,1.0021887,ERVEAVNMAEGIIHDTETK/3
835.941044502504,2,699.634,1.1396357,QLEAIDQLHLEYAK/2
750.871773249504,2,699.634,1.0443327,IEGEMQVPDVDIR/2
598.2930704926289,3,699.634,0.9019742,ELAQQVQQVAAEYC[UNIMOD:4]R/3
744.9302828115041,2,699.634,1.042212,NQQPVLPAGLQVPK/2
594.6453326689623,3,699.634,0.8726255,FRQDLMNIAGTTLSSK/3
896.9359675055039,2,700.378,1.1145468,ELAQQVQQVAAEYC[UNIMOD:4]R/2
794.9151640455041,2,700.378,1.0994009,FQSGDFHVINGVLR/2
857.8438522755041,2,700.378,1.0711658,MGGMEGPFGGGMENMGR/2
984.531089264004,2,700.378,1.2026875,AAPEASSPPASPLQHLLPGK/2
530.2792015192957,3,700.378,0.86435896,FQSGDFHVINGVLR/3
852.3843874890041,2,701.121,1.0981721,C[UNIMOD:4]SNLC[UNIMOD:4]TEIVEYTSK/2
740.8807899095041,2,701.121,1.0673407,ARFEELNADLFR/2
569.9807097836291,3,701.121,0.886442,IDQLQEELLHTQLK/3
802.3819822060038,2,701.865,1.0751133,C[UNIMOD:4]LMDQATDPNILGR/2
697.9851431916289,3,701.865,0.9287606,HFIMQVVC[UNIMOD:4]EATQC[UNIMOD:4]PDTR/3
880.9645195685041,2,701.865,1.2244669,IFASIAPSIYGHEDIK/2
494.25628542862904,3,701.865,0.82022405,ARFEELNADLFR/3
431.2542162682956,3,701.865,0.78608316,LGLHQVLQDLR/3
544.9460660919623,3,701.865,0.8527738,LLHEMILVC[UNIMOD:4]DAYR/3
729.8879462665041,2,702.608,1.0526811,ELEELSLEAQGIK/2
587.6454385346291,3,702.608,0.9369893,IFASIAPSIYGHEDIK/3
507.75099009594146,4,703.352,0.8222517,VDIDAPDVDVHGPDWHLK/4
500.7522614404415,4,703.352,0.81581897,VDISAPDVDVHGPDWHLK/4
789.9279371365039,2,703.352,1.0879483,YSELTTVQQQLIR/2
683.0334736112958,3,703.352,0.9164206,VIRPLDQPSSFDATPYIK/3
515.0076273711916,4,703.352,0.82059395,VDINTPDVDVHGPDWHLK/4
791.351501766004,2,703.352,1.0924894,DMQPSMESDMALVK/2
507.5049861996915,4,703.352,0.8224993,VDINAPDVDVHGPDWHLK/4
927.431237848004,2,703.352,1.1534467,YEEELEINDFPQTAR/2
676.665561305629,3,704.095,0.9122404,VDIDAPDVDVHGPDWHLK/3
667.3339230982957,3,704.095,0.9408119,VDISAPDVDVHGPDWHLK/3
786.8552659035041,2,704.095,1.0767779,NC[UNIMOD:4]ETDTLINYMAK/2
863.9597685505041,2,704.095,1.1322656,IHTEPQLSAALEYVR/2
621.666790806629,3,704.095,0.9360686,DLKPENILLDEEGHIK/3
489.6207876046289,3,704.095,0.79733735,LYRPPPVLDALGR/3
876.3605780370041,2,704.839,1.1151516,C[UNIMOD:4]DYMDEVTYGELEK/2
951.495038121004,2,704.839,1.1606313,VNSININQGSITFAGGPGR/2
718.854437779504,2,704.839,1.0402626,ELILFSNSDNER/2
785.358695652004,2,704.839,1.0851939,EEQFNMLSSDLEK/2
807.3718030700041,2,705.582,1.0775168,EYLESLQC[UNIMOD:4]LESDK/2
981.9577280075041,2,706.326,1.1839236,NC[UNIMOD:4]ASPSSAGQLILPEC[UNIMOD:4]MK/2
704.342812554629,3,706.326,0.9937723,DLLLTSSYLSDSGSTGEHTK/3
825.9005390875041,2,706.326,1.0955524,EQQAAVTSSIMQAMR/2
560.2968093352957,3,706.326,0.88616335,DIHLDLPSNNNLVSK/3
818.4059802140042,2,706.326,1.0981101,QALETVNDYNPLMK/2
943.9165830795041,2,707.07,1.1532687,MNSDTVDYDDAC[UNIMOD:4]LIVR/2
839.9415757695041,2,707.07,1.1142741,DIHLDLPSNNNLVSK/2
621.3667870942955,3,707.07,0.8820907,TVLQRPLSLIQGPPGTGK/3
937.4969121110041,2,707.07,1.228689,SVQLAIEITTNSQEAAAK/2
856.470500459004,2,707.813,1.137913,LQAQLNELQAQLSQK/2
844.3819821700041,2,707.813,1.1028643,GC[UNIMOD:4]AFAQFMTQEAAQK/2
591.3524779516291,3,707.813,0.9321117,ILHLLTQEALSIHGVK/3
507.608436220629,3,707.813,0.8513188,LHSLLGDYYQAIK/3
741.3727977060041,2,707.813,1.0494035,AFYVNVLNEEQR/2
990.4520328420041,2,707.813,1.1792649,EEVAYDPEDETILEEAK/2
886.4301835960041,2,707.813,1.1124688,C[UNIMOD:4]IPALDSLTPANEDQK/2
981.4931181430042,2,708.557,1.1940385,GHVFEESQVAGTPMFVVK/2
905.9283310285042,2,708.557,1.2075185,DLDIIDNYDYSHTVK/2
602.2944113639624,3,708.557,0.89661574,IDVGFVYDEPGHAVMR/3
604.2879795079624,3,708.557,0.8916496,DLDIIDNYDYSHTVK/3
443.76617758044154,4,708.557,0.79542583,ILHLLTQEALSIHGVK/4
654.6645042509624,3,708.557,0.9296279,GHVFEESQVAGTPMFVVK/3
760.909016097504,2,708.557,1.0986469,LHSLLGDYYQAIK/2
886.5250786940042,2,708.557,1.2089536,ILHLLTQEALSIHGVK/2
957.930547734504,2,708.557,1.1582354,FYC[UNIMOD:4]VLSPEASEDDLNR/2
696.914101401504,2,709.3,1.0326616,TPNGVVLAPVQLGK/2
971.9914625965041,2,709.3,1.2306123,VTEGLTDVILYHQPDDK/2
793.8779128775041,2,709.3,1.0647986,IAGDYVSEEVWYR/2
756.922654741504,2,709.3,1.0817827,IQGLTVEQAEAVVR/2
721.3482322796291,3,709.3,0.9690727,GQSLGYAFAEFQEHEHALK/3
752.864282550504,2,709.3,1.0401918,NWVVTGADDMQIR/2
636.9625558552958,3,709.3,0.9063329,SLSGGASYVDFLC[UNIMOD:4]HMHK/3
648.3300672199624,3,710.044,0.8951428,VTEGLTDVILYHQPDDK/3
472.57222867496245,3,710.788,0.796876,SPVTTLLEC[UNIMOD:4]MHK/3
805.9523692905042,2,710.788,1.1436452,IAILTC[UNIMOD:4]PFEPPKPK/2
827.912149592504,2,711.531,1.0664352,VDIEAPDVSLEGPEGK/2
795.401229228004,2,711.531,1.0772936,QEQIINTMTQDLR/2
893.935633123504,2,711.531,1.1246476,DNPEATQQMNDLIIGK/2
799.881283679504,2,712.275,1.0847075,MEMINVSGYVAQEK/2
928.453993007004,2,712.275,1.1216351,VGEGPGVC[UNIMOD:4]WLAPEQTAGK/2
450.5627154222957,3,712.275,0.79405814,IEDTVFHVFDK/3
826.4305095390041,2,713.019,1.1124816,TFNTSTGGLLLPSDTK/2
814.928134025504,2,713.019,1.0708023,GAGIGGLGITVEGPSESK/2
887.4618180960038,2,713.019,1.1243929,ASMQPIQIAEGTGITTR/2
971.4598067090042,2,713.019,1.1557342,MQEVYNFNAINNSEIR/2
438.2034101199624,3,713.019,0.77780974,DYAFIHFDER/3
936.451450330004,2,713.762,1.1473202,FTSGAFLSPSVSVQEC[UNIMOD:4]R/2
537.6373383492958,3,713.762,0.8397757,IAILTC[UNIMOD:4]PFEPPKPK/3
897.9143663295041,2,713.762,1.1317655,AEDIPQMDDAFSQTVK/2
901.4569212690042,2,713.762,1.1375878,LLVDVDESTLSPEEQK/2
885.4206730950041,2,714.506,1.1027291,GENSWFSTQVDTVATK/2
738.401889462004,2,714.506,1.0782657,NGSFGVLVATNVAAR/2
798.3853821690041,2,714.506,1.0671976,GLQSFVQC[UNIMOD:4]QPFER/2
753.3794311270042,2,714.506,1.0564843,AIESMEQQLSELK/2
852.433583590004,2,715.249,1.1396325,LNIQPSEADYAVDIR/2
755.8804555465041,2,715.249,1.0734656,QAVDQISSGFFSPK/2
920.5018005420042,2,715.249,1.2271025,ILQDIASGSHPFSQVLK/2
771.8721076035042,2,715.249,1.0782592,ARFEELC[UNIMOD:4]SDLFR/2
906.4623410350041,2,715.992,1.1616696,IYGADDIELLPEAQHK/2
883.4192845390041,2,715.992,1.125679,DTAYPETNDAIPMISK/2
681.3775746509624,3,715.992,0.96301466,SPSELFAQHIVTIVHHVK/3
944.999425017504,2,715.992,1.2206049,NNEFIVIHNGIITNYK/2
511.28500010494156,4,715.992,0.83631015,SPSELFAQHIVTIVHHVK/4
856.392546875004,2,716.736,1.1290553,DPETLVGYSMVGC[UNIMOD:4]QR/2
914.9518061245041,2,716.736,1.1468921,ASNLENSTYDLYTIPK/2
939.4584181120041,2,716.736,1.1502045,DSLVQSC[UNIMOD:4]PGSLSLC[UNIMOD:4]AGVK/2
826.9136380735041,2,716.736,1.098902,ALTLPGSSENEYIMK/2
571.9822735782956,3,716.736,0.86016953,LLHDQVGVIQFGPYK/3
857.469772134004,2,716.736,1.1312159,LLHDQVGVIQFGPYK/2
514.9171638912958,3,716.736,0.8257801,ARFEELC[UNIMOD:4]SDLFR/3
432.92845266596237,3,716.736,0.7844496,TAGLVMTHLILK/3
980.4723911810038,2,716.736,1.1744087,AIQTVSC[UNIMOD:4]LLQGPC[UNIMOD:4]DAGNR/2
942.4425711000041,2,717.479,1.1871351,TEC[UNIMOD:4]NHYNNIMALYLK/2
628.6308062222957,3,718.223,0.86960083,TEC[UNIMOD:4]NHYNNIMALYLK/3
586.945782202629,3,718.223,0.9091508,IC[UNIMOD:4]DQWDALGSLTHSR/3
953.020023052504,2,718.223,1.1700445,VVSAGTYPVLIQGETSVGK/2
879.915035070504,2,718.223,1.1393019,IC[UNIMOD:4]DQWDALGSLTHSR/2
622.2860273406291,3,718.223,0.89040196,DSFSDPYAHIC[UNIMOD:4]FLHR/3
821.9204463925041,2,718.223,1.1189607,DHYIPNTLNPVFGR/2
759.971950702504,2,718.966,1.1039855,LLIHQSLAGGIIGVK/2
506.9837259572957,3,718.966,0.84768456,LLIHQSLAGGIIGVK/3
586.2970322219625,3,718.966,0.9258782,HFNALGGWGELQNSVK/3
728.6904351949623,3,719.71,0.9907528,EELGLIEQAYDNPHEALSR/3
533.9712630589623,3,719.71,0.8598814,VYALPEDLVEVKPK/3
721.8511667805041,2,719.71,1.0544107,VLYPNDNFFEGK/2
771.9223203665041,2,719.71,1.0663604,LVSIGAEEIVDGNVK/2
800.4532563550041,2,719.71,1.1461805,VYALPEDLVEVKPK/2
503.00700180419153,4,719.71,0.84380853,IADQMFFHSDYRPLIR/4
889.4777941350039,2,720.453,1.1522126,QLYHLGVVEAYSGLTK/2
593.3209549122956,3,720.453,0.9084969,QLYHLGVVEAYSGLTK/3
692.3435478599622,3,720.453,0.9270226,IHNLALNC[UNIMOD:4]C[UNIMOD:4]TQLADLYR/3
814.0679055549623,3,720.453,1.001929,VSGQGLHEGHTFEPAEFIIDTR/3
593.2897269522958,3,720.453,0.89146996,ILQLC[UNIMOD:4]MGNHELYMR/3
965.9914626115042,2,721.197,1.1807393,QAIPLDENEGIYVQDVK/2
818.3857760480039,2,721.197,1.1039342,DSEDMGVVVSLGTGNR/2
845.398686482004,2,721.197,1.0919864,ADFPAGIPEC[UNIMOD:4]GTDALR/2
856.9612569665042,2,721.197,1.0921013,LC[UNIMOD:4]PPGIPTPGSGLPPPR/2
897.4080970660041,2,721.197,1.1244531,NEAPEGNLGDFAEFQR/2
843.3774197310041,2,721.94,1.1304119,C[UNIMOD:4]YLFGGLANDSEDPK/2
423.22867928296233,3,721.94,0.7574021,ISMPDVDLHLK/3
735.403566546004,2,721.94,1.0726823,YLILGSAVGGGYTAK/2
798.8520033195041,2,721.94,1.0794258,MLC[UNIMOD:4]DTWC[UNIMOD:4]IEAAAR/2
593.309950009629,3,721.94,0.9139821,EANSIIITPGYGLC[UNIMOD:4]AAK/3
703.876661681504,2,721.94,1.0372951,VLQGDLVMNVYR/2
916.9548800555042,2,722.684,1.1294653,VVVAENFDEIVNNENK/2
580.9808211979624,3,722.684,0.8538691,LSFQHDPETSVLVLR/3
879.959631118504,2,722.684,1.1390908,VSVGAPDLSLEASEGSIK/2
787.873981594504,2,722.684,1.0636268,FTDELMEQGLTYK/2
574.3054162726289,3,722.684,0.8950868,AVGSVTVYYEVAGHLR/3
737.384516457004,2,722.684,1.0652541,ISMSEVDLNVAAPK/2
759.3474110820041,2,722.684,1.0501316,TSAC[UNIMOD:4]GLFSVC[UNIMOD:4]YPR/2
687.370877784004,2,722.684,1.0358193,VIASELGSMPELK/2
576.9737780759624,3,722.684,0.91487795,LFQFLQAEPHNSLGK/3
969.512562160004,2,723.427,1.3118843,DAGEGLLAVQITDPEGKPK/2
870.9675935635041,2,723.427,1.1434393,LSFQHDPETSVLVLR/2
840.9437840865041,2,723.427,1.1502368,LGGAVLSFSEATSSVQK/2
554.966512056629,3,723.427,0.8832007,LGAVYDVSHYNALLK/3
560.3102787492957,3,723.427,0.90654165,LVINTEEVFRPYAK/3
687.3229182022957,3,723.427,0.92670673,MDIDAPDVDVHGPDWHLK/3
824.3877874770039,2,723.427,1.1061798,NISMSVEGDYTYLR/2
732.432658364004,2,723.427,1.0705885,QLLGEHLTAILQK/2
694.885206576504,2,723.427,1.035698,TVELLSGVVDQTK/2
804.400894814004,2,724.171,1.08179,VLGTSVESIMATEDR/2
790.425561589004,2,724.171,1.0641026,QPAIISQLDPVNER/2
678.9779164679625,3,724.171,0.92304254,AFTHTAQYDEAISDYFR/3
646.6774669289623,3,724.171,0.9700978,DAGEGLLAVQITDPEGKPK/3
775.0581301379622,3,724.171,0.9811156,LVSDGQALPEMEIHLQTNAEK/3
739.8779128765041,2,724.914,1.0713305,ESLVVNYEDLAAR/2
896.3636519860041,2,724.914,1.1121005,DVFSGSDTDPDMAFC[UNIMOD:4]K/2
683.6918875599623,3,724.914,0.95438755,LLEAQIATGGIIDPEESHR/3
779.8894430705041,2,724.914,1.0566632,GNINIC[UNIMOD:4]LMGDPGVAK/2
776.395415537004,2,724.914,1.0741256,GAGPGC[UNIMOD:4]YLAGSLTLSK/2
819.4226844710039,2,725.659,1.083672,VGVEVPDVNIEGPEGK/2
970.5028631500041,2,725.659,1.2093356,QQQFNVQALVAVGDHASK/2
841.417599093004,2,726.402,1.0803391,VDVDVPDVNIEGPDAK/2
843.8988536395041,2,726.402,1.0909172,NIAFFSTNC[UNIMOD:4]VEGTAR/2
807.4408772930042,2,726.402,1.0802552,LLDAQLSTGGIVDPSK/2
516.6433693476291,3,726.402,0.84935695,IEPHTGLLLLSVQK/3
468.24063535662907,3,726.402,0.8002974,NSVSNFLHSLER/3
723.401555195004,2,727.146,1.0465837,QLLTLSSELSQAR/2
768.4068374420041,2,727.889,1.0660098,GTATFDGTAIANAVVK/2
427.7223470869415,4,727.889,0.79103875,SRPEFMLPVHFYGK/4
430.5799293389623,3,727.889,0.8213468,VFLHLADIYAK/3
739.8795982875041,2,728.633,1.0549817,QDLMNIAGTTLSSK/2
987.509299620004,2,728.633,1.1933213,LVQAAQMLQSDPYSVPAR/2
806.8527231835043,2,728.633,1.0617918,EEAC[UNIMOD:4]DC[UNIMOD:4]LFEVVNK/2
758.907627412504,2,728.633,1.0899892,EVLLFPAMKPEDK/2
678.398284195004,2,728.633,1.0431856,IVQLLAGVADQTK/2
506.27417709729565,3,728.633,0.8678019,EVLLFPAMKPEDK/3
790.4292583110041,2,728.633,1.1519933,IETMLGDVAVAVHPK/2
804.3830279960042,2,728.633,1.0747737,EADSVYGEWVPVEK/2
898.4539930220042,2,729.376,1.1341841,LNFSTPTSTNIVSVC[UNIMOD:4]R/2
918.391689577004,2,729.376,1.1336763,TMQFEPSTMVYDAC[UNIMOD:4]R/2
659.9903792982956,3,729.376,0.90722626,TAGYPNVNIHNFTTSWR/3
442.922466578629,3,729.376,0.81339186,VSIVNHLEFLR/3
921.9890573205041,2,729.376,1.2268643,QVVQGLLSETYLEAHR/2
904.490378576004,2,730.12,1.1589392,ANIVHLMLSSPEQIQK/2
731.8821409775039,2,730.12,1.0712559,SDIGEVILVGGM[UNIMOD:35]TR/2
866.3825135160041,2,730.12,1.1013937,SC[UNIMOD:4]QAMFQQINDSFR/2
443.5943499332957,3,730.12,0.80798507,RGLALALFGGEPK/3
477.90648776896234,3,730.12,0.80740374,TQDEC[UNIMOD:4]ILHFLR/3
987.957619760504,2,730.12,1.1918675,IEWLESHQDADIEDFK/2
950.9077925145041,2,730.863,1.1566575,LGIYDADGDGDFDVDDAK/2
658.9741719959624,3,730.863,0.8940649,IEWLESHQDADIEDFK/3
603.329344539629,3,730.863,0.87989783,ANIVHLMLSSPEQIQK/3
858.4174021770041,2,730.863,1.1146035,FWQTYSSAEEVLQK/2
880.902747484504,2,730.863,1.1281911,YILQLAQEYC[UNIMOD:4]GDC[UNIMOD:4]K/2
737.7135292666289,3,730.863,1.0151162,VGVTVAQTTMEPHLLEAC[UNIMOD:4]VR/3
780.4029062140041,2,730.863,1.0671393,IAELEEELVC[UNIMOD:4]VQK/2
594.3437595452957,3,730.863,0.893595,TELLQRPGIEDVAVLK/3
614.9951303692957,3,730.863,0.9493181,QVVQGLLSETYLEAHR/3
762.7303422416288,3,730.863,1.0002488,YTPVQQGPVGVNVTYGGDPIPK/3
893.452504638004,2,731.608,1.1452304,EEEAIQLDGLNASQIR/2
697.893169012504,2,731.608,1.0345414,AHQLWLSVEALK/2
657.0023963712957,3,731.608,0.92654324,WLSTSIPEAQWHSSLAR/3
897.427975258004,2,732.352,1.1383933,QLC[UNIMOD:4]DNAGFDATNILNK/2
699.352685013004,2,732.352,1.0424719,LGFATSSDVIEMK/2
571.614138370629,3,732.352,0.8758309,GAGAFGYFEVTHDITK/3
839.9088870185042,2,732.352,1.0978671,EIFEQPESVVNTMR/2
877.470166030004,2,732.352,1.2222482,GDVVLQSDHVIETLTK/2
795.8859348575041,2,732.352,1.065589,TEGSLEDWDIAVQK/2
580.9531091919624,3,732.352,0.90462244,MLDGLDPHPMLPNYK/3
510.50880025919156,4,732.352,0.817888,HEYGSPGILEFFHHQLK/4
982.9853229795041,2,733.095,1.1849878,AESLIGVYPEQGDC[UNIMOD:4]VISK/2
810.9110953535042,2,733.095,1.0972192,VGEATETALTC[UNIMOD:4]LVEK/2
790.4110656160042,2,733.095,1.0822409,C[UNIMOD:4]IYNLLQSSSPAVK/2
856.917569322504,2,733.095,1.1703327,GAGAFGYFEVTHDITK/2
723.6967556352956,3,733.095,0.9700545,VAYIPDEMAAQQNPLQQPR/3
585.3158695089622,3,733.095,0.8799696,GDVVLQSDHVIETLTK/3
754.3611556132956,3,733.095,0.9779299,LTATPTPLGGMTGFHMQTEDR/3
473.94174965696243,3,733.095,0.81433696,HFGLQILEHVVK/3
778.9212661185041,2,733.839,1.0823218,GDILVVATGQPEMVK/2
787.9354277565042,2,733.839,1.1080278,VDQSILTGESVSVIK/2
906.427640907004,2,733.839,1.1314635,NLFEDQNTLTSIC[UNIMOD:4]EK/2
860.9202203185041,2,733.839,1.1834317,ILALC[UNIMOD:4]MGNHELYMR/2
573.3055277436289,3,733.839,0.8846604,EPWLLPSQHNDIIR/3
859.4546533820039,2,733.839,1.1378632,EPWLLPSQHNDIIR/2
525.2645636209622,3,733.839,0.84109503,LSMWDRPDDLIGR/3
472.58915309696243,3,733.839,0.7797349,AVEDIHGLFSLSK/3
921.436854529004,2,733.839,1.124216,NLIDEDGNNQWPEGLK/2
834.400894799004,2,734.582,1.1287299,NVQAEEMVEFSSGLK/2
802.4216302440041,2,734.582,1.1336497,EMSSSTLNLVVAGAPK/2
795.437614726004,2,734.582,1.1142431,SNEILTAIIQGM[UNIMOD:35]RK/2
850.4034375280041,2,735.326,1.1083983,FSEYLLEC[UNIMOD:4]PSAEVR/2
563.3198978709624,3,735.326,0.9046634,YTIIIPENLKPQMK/3
884.443616897004,2,736.069,1.1363413,VYEEVLSVTPNDGFAK/2
756.3906561320041,2,736.069,1.0614473,IFQILYANEGESK/2
672.0287225796288,3,736.069,0.8875495,RPTELLSNPQFIVDGATR/3
787.8961055995042,2,736.813,1.0655187,TGTAYTFFTPNNIK/2
783.4032405200039,2,736.813,1.0687555,MGFTEVTPVTGASLR/2
915.9487404805038,2,736.813,1.1196483,LLENISPADVGGMEETR/2
511.9556130042957,3,736.813,0.8267914,VESLQEEIAFLKK/3
910.4483763400041,2,737.556,1.135707,FEVQGLQPNGEEMTLK/2
409.5595282432957,3,737.556,0.7497059,DGLAFNALIHR/3
609.9381874042957,3,737.556,0.8757455,TDC[UNIMOD:4]DIEDDRLAAMFR/3
760.376691422004,2,738.3,1.061814,FAMVAPDVQIEDGK/2
839.4803368010041,2,738.3,1.1151344,LLSPVVPQISAPQSNK/2
759.8935628915041,2,738.3,1.065902,VPSENVLGEVGSGFK/2
775.6987133792956,3,738.3,0.99225223,IDC[UNIMOD:4]DNLEQYFIQQGGGPDKK/3
964.4665690830041,2,738.3,1.1810544,TYVGPMTESLFPGYHTK/2
763.367043635004,2,739.043,1.0543419,EEASDYLELDTIK/2
816.4190875890042,2,739.043,1.0896419,AILVDLEPGTM[UNIMOD:35]DSVR/2
965.9471924785041,2,739.043,1.1836575,FNFLNPNDPYHAYYR/2
643.3134715442957,3,739.043,0.8882507,TYVGPMTESLFPGYHTK/3
805.9228516645039,2,739.787,1.0779172,VNVEAPDVNLEGLGGK/2
733.6907695192958,3,739.787,0.956976,DQFLDTLQAHGHDVNSFVR/3
691.0563897119623,3,739.787,0.93053913,IASQVAALDLGYKPGVEAIR/3
748.364115402004,2,740.53,1.062763,GLELIASENFC[UNIMOD:4]SR/2
966.9579541025041,2,740.53,1.1824775,FFQGSQEFLASASASAER/2
715.861731447504,2,740.53,1.0436783,AEVTLDGVWPTDK/2
702.3586361220041,2,741.274,1.0646678,GISDLAQHYLMR/2
715.867348207504,2,741.274,1.0450734,QIWQNLGLDDTK/2
571.627390506629,3,741.274,0.8874078,EAPC[UNIMOD:4]VLIYIPDGHTK/3
655.665672806629,3,741.274,0.93309736,RNENQLIIFADDTYPR/3
753.3475691516288,3,741.274,0.9736023,DGSC[UNIMOD:4]GVAYVVQEPGDYEVSVK/3
710.377548772004,2,741.274,1.0429808,QAQEYEALLNIK/2
856.937447526504,2,741.274,1.1263818,EAPC[UNIMOD:4]VLIYIPDGHTK/2
962.4826130790042,2,741.274,1.1724406,TIGTGLVTNTLAM[UNIMOD:35]TEEEK/2
468.5748495702957,3,742.017,0.78009003,GISDLAQHYLMR/3
743.8860722405041,2,742.017,1.0643272,GGSWVVIDSSINPR/2
915.4190959610041,2,742.761,1.1341779,AISEPNFSVAYANMC[UNIMOD:4]R/2
707.882466962504,2,742.761,1.0525049,VDGEIILHLYDK/2
741.6793188019623,3,742.761,0.9983154,SESQEEMLQVFNVETHTSK/3
763.930479764504,2,743.504,1.0856553,NVIVNGLVLASDGQK/2
904.9786895985039,2,743.504,1.1484458,ALPAVQQNNLDEDLIR/2
649.6392350932957,3,744.248,0.928484,FGAVWTGDNTAEWDHLK/3
560.985906574629,3,744.248,0.8874228,YRVPDVLVADPPIAR/3
973.9552144065041,2,744.248,1.213197,FGAVWTGDNTAEWDHLK/2
876.983775006504,2,744.992,1.1499641,LEILQQQLQVANEAR/2
844.4398230330041,2,744.992,1.1980844,IFSIIAEGEMHEAIK/2
563.2956408442957,3,744.992,0.9030001,IFSIIAEGEMHEAIK/3
991.9724125335041,2,745.735,1.1799959,VLNNM[UNIMOD:35]EIGTSLFDEEGAK/2
430.2409192579624,3,745.735,0.7914118,YGSVIQLLHMK/3
768.0535964329623,3,746.479,0.96478295,GAFIDQSQSLNIHIAEPNYGK/3
780.8572773105041,2,746.479,1.0664606,MYELSC[UNIMOD:4]YLPQEK/2
448.2662332979624,3,746.479,0.80687416,GFDILGIKPVQR/3
980.499789118004,2,746.479,1.1954765,VDINAPDVGVQGPDWHLK/2
826.412316817004,2,746.479,1.1120056,SQEQLAAELAEYTAK/2
771.913441068504,2,747.222,1.110478,DPIVMGVTVEAGQVK/2
928.9565654825041,2,747.222,1.1903251,VEAVNMAEGIIHDTETK/2
619.640135810629,3,747.222,0.9294775,VEAVNMAEGIIHDTETK/3
470.9224665912957,3,747.222,0.78402686,YGLIFHSTFIGR/3
952.934007263504,2,747.222,1.158253,SLDDDLDGVPLDATEDSK/2
681.393001816004,2,747.966,1.0478593,VPDVLVADPPIAR/2
871.4099710410042,2,747.966,1.1328624,ETTDTDTADQVIASFK/2
789.4015552040039,2,747.966,1.0876546,ALNLAYSSIYGSYR/2
859.459601375004,2,747.966,1.1202639,QNGTVVQYLPTLQEK/2
825.9114297195041,2,747.966,1.1205332,SSLEWNSC[UNIMOD:4]VVQTLK/2
884.4344116790041,2,747.966,1.1582527,C[UNIMOD:4]TLSANLVASGELMSSK/2
505.59765418596226,3,747.966,0.8384431,NHPGLLLMDTTFR/3
860.9670622535041,2,747.966,1.1597189,FTISDHPQPIDPLLK/2
746.9277401555041,2,748.71,1.0681254,AQLLQPTLEINPR/2
897.9563685055041,2,748.71,1.1455793,EFTVC[UNIMOD:4]SIGTANAVAGAVK/2
849.3697916270039,2,748.71,1.0944158,SAC[UNIMOD:4]DTVDTWLDDTAK/2
690.368633372629,3,748.71,0.96402055,VTEGLVDVILYHQPDDKK/3
990.5106506270042,2,748.71,1.1900882,TSGVVTSC[UNIMOD:4]TGVLPQLSM[UNIMOD:35]VK/2
726.3721605459623,3,748.71,0.99318814,KHEALMSDLSAYGSSIQALR/3
846.9563601305041,2,748.71,1.0939102,DVPPLSETEATPVPIK/2
812.9068672465041,2,749.453,1.1182563,VVSEDFLQDVSASTK/2
743.0499634039624,3,749.453,1.0032003,VSIVNHLEFLRDEELEER/3
910.441182493004,2,749.453,1.1537133,LPLMEC[UNIMOD:4]VQMTQDVQK/2
833.457196056004,2,750.196,1.135152,AFAHITGGGLLENIPR/2
660.338679770629,3,750.196,0.94507957,ISIEMHGTLEDQLSHLR/3
826.9175694045041,2,750.196,1.0914432,NYLLPAGYSLEEQR/2
841.4490366190041,2,750.196,1.1048539,QTQPTVNWVVPVADK/2
835.9483465685039,2,750.196,1.112849,RGDINLLMLGDPGTAK/2
934.442759635004,2,750.94,1.1555825,IMYDLTSKPPGTTEWE/2
726.009110733629,3,750.94,0.9586936,VFSWLQQEGHLSEEEMAR/3
555.9738895262957,3,750.94,0.87982285,AFAHITGGGLLENIPR/3
882.9599655125039,2,750.94,1.1370472,DTYLDTQVVGQTGVIR/2
470.2214398719415,4,750.94,0.78596723,VEQFARAFPMPGFDEH/4
915.465611965004,2,751.684,1.1440973,GVGIISEGNETVEDIAAR/2
816.3830280620041,2,751.684,1.0824944,FLQEFYQDDELGK/2
770.7360444789623,3,751.684,0.98262376,ADLLLSTQPGREEGSPLELER/3
801.8985108835042,2,751.684,1.0789315,LFSSVTFETVEESK/2
815.956163184504,2,752.427,1.0874987,YVVVTGITPTPLGEGK/2
401.90212644962895,3,752.427,0.73327816,IAVMELFRPK/3
958.004569973504,2,752.427,1.1741464,IDLPAENSNSETIIITGK/2
668.9758079552957,3,752.427,0.9672913,C[UNIMOD:4]C[UNIMOD:4]NHPYLFPVAAMEAPK/3
915.4682920040041,2,752.427,1.1544336,ANSFTVSSVAAPSWLHR/2
831.401229207004,2,753.171,1.0833279,IC[UNIMOD:4]DQWDNLGALTQK/2
746.8857379085039,2,753.171,1.045711,EDIYAVEIVGGATR/2
610.647953491629,3,753.171,0.8961639,ANSFTVSSVAAPSWLHR/3
755.3431829530041,2,753.915,1.0721459,DDFDFGTMGHVIR/2
857.9521404795041,2,753.915,1.131385,VQLDLAETDLSQGVAR/2
873.4206731490041,2,753.915,1.186869,DLEADIIGDTSGHFQK/2
832.906009999504,2,753.915,1.0957524,ITLETDEDMVTEIR/2
503.89788079096235,3,753.915,0.8453134,DDFDFGTMGHVIR/3
843.951746498504,2,753.915,1.0990248,VFLQGPAPVGTPSFNR/2
794.405980222004,2,754.658,1.0685778,AEINILLC[UNIMOD:4]GDPGTSK/2
797.3669924310041,2,754.658,1.0628822,WMDWNAPQVQYR/2
773.4172052300039,2,754.658,1.0733438,IGIIDGEYVVNPTR/2
851.4419399310041,2,754.658,1.1242278,TLSSVQNEVQEALQR/2
757.3964697690042,2,754.658,1.0666229,GVVDSEDLPLNISR/2
573.318779833629,3,755.401,0.93057156,AHLLADMAHISGLVAAK/3
731.8804555765041,2,755.401,1.0503983,FTQLDLEDVQVR/2
520.6228567922957,3,755.401,0.84603006,LFGHSSTSALSAILR/3
825.8767296315041,2,755.401,1.1007862,EMLTADNLDIDNMR/2
730.8831952185039,2,755.401,1.0594668,SDIDEIVLVGGSTR/2
427.90430710429564,3,755.401,0.76972795,DGVC[UNIMOD:4]VLGLHLAK/3
767.4297812730042,2,755.401,1.0838833,KVESLQEEIAFLK/2
859.474531517004,2,756.146,1.196972,AHLLADMAHISGLVAAK/2
565.9264934769624,3,756.146,0.82984036,GFGFVTFDDHDPVDK/3
511.9556130042958,3,756.146,0.8291653,KVESLQEEIAFLK/3
823.405457311004,2,756.146,1.0908507,AIAMSLGQDIPMDQR/2
955.0118636715042,2,756.146,1.2413125,EIEGEEIEIVLAKPPDK/2
430.2409039919415,4,756.146,0.74773514,AHLLADMAHISGLVAAK/4
715.007875670629,3,756.146,1.0059153,AVEYYFASDASAVIEHTNR/3
848.3861019820041,2,756.889,1.135854,GFGFVTFDDHDPVDK/2
843.869427492504,2,756.889,1.0861791,FAMEPEEFDSDTLR/2
765.864805486504,2,756.889,1.0611341,LANQAADYFGDAFK/2
637.0103346032957,3,756.889,0.9442953,EIEGEEIEIVLAKPPDK/3
717.3442705129623,3,756.889,0.9233547,MDSFDEDLARPSGLLAQER/3
849.398875080004,2,756.889,1.1202731,EAYPEEAYIADLDAK/2
902.4703629800041,2,756.889,1.1463435,SEDTTGPITGLALTSVNK/2
703.6757972719624,3,756.889,0.99016374,ELQSQISDTSVVLSMDNSR/3
756.4200822850041,2,756.889,1.0789435,HQVAYLGLLENVR/2
504.6158136789624,3,756.889,0.86087036,HQVAYLGLLENVR/3
743.8692221655042,2,756.889,1.0515547,FTELYVEELESK/2
656.314640040629,3,756.889,0.9197587,GTVGEPTYDAEFQHFLR/3
746.8537178555041,2,756.889,1.0592117,GFPPEAINNFC[UNIMOD:4]AR/2
767.8910202325039,2,757.632,1.0784757,TALLPSDSVFAEER/2
823.3971384350041,2,757.632,1.1122,GNWAHSGFPEIAFGR/2
976.526003931004,2,758.376,1.2022358,ALQAAIQQLAEAQPEATAK/2
976.9688156075041,2,758.376,1.1845014,SLPSVETLGC[UNIMOD:4]TSVIC[UNIMOD:4]SDK/2
993.4341744180042,2,758.376,1.1793572,DSAAFEDNEVQDEFLEK/2
856.4001749570041,2,758.376,1.1005133,TTQIPQWC[UNIMOD:4]VEYMR/2
919.9318392865041,2,758.376,1.1481004,C[UNIMOD:4]FLTYQSC[UNIMOD:4]QSLIYR/2
704.6726044422957,3,758.376,0.9977402,SGAWDESGVFIYTTSNHIK/3
858.4428970140041,2,758.376,1.1427442,NDMVELLGPRPFAEK/2
934.9786896025041,2,758.376,1.1696737,GTSYQSPHGIPIDLLDR/2
945.4313460610042,2,759.119,1.1595782,AMADPEVQQIMSDPAMR/2
847.9284683865042,2,759.119,1.0999653,NAVITVPAYFNDSQR/2
742.937773513504,2,759.119,1.056882,IQSIAPSLQVITSK/2
662.3457172959623,3,759.119,0.9033981,DKPNPQLIYDDEIPSLK/3
747.6771382092957,3,759.119,0.98776555,TC[UNIMOD:4]FYAEQGGQIYDEGYLVK/3
854.4347376530042,2,759.119,1.1126901,ALTVPELTQQM[UNIMOD:35]FDAK/2
686.8610032565041,2,759.119,1.0279008,VQYPDYYAIIK/2
887.467760721004,2,759.863,1.1479591,QFASQANVVGPWIQTK/2
933.4858161590041,2,759.863,1.1849434,QYEQQTYQVIPEVIK/2
892.9205059715041,2,759.863,1.1182692,EEEIEFLYNENTVR/2
776.8841607605041,2,759.863,1.0586959,ITDVIIGFQAC[UNIMOD:4]C[UNIMOD:4]R/2
787.872404368504,2,759.863,1.0815175,AMDPAVPNMMIDAAK/2
933.9381758235041,2,759.863,1.1878673,QNVAYEYLC[UNIMOD:4]HLEEAK/2
776.3804853210041,2,760.606,1.0558783,GQFSTDELVAEVEK/2
566.965171160629,3,760.606,0.8456812,LYDLNHNEIGELIR/3
755.4083259220041,2,761.35,1.0771774,LHNMIVDLDNVVK/2
622.9612093712957,3,761.35,0.93506616,QNVAYEYLC[UNIMOD:4]HLEEAK/3
708.3686389692956,3,761.35,0.9850996,TMIQSPSGVILQEAADVHAR/3
503.9413094369624,3,761.35,0.79937375,LHNMIVDLDNVVK/3
664.0165940782957,3,761.35,0.89622235,ASGDSARPVLLQVAESAYR/3
930.9540228115039,2,762.093,1.1486808,EVTDMNLNVINEGGIDK/2
881.9521404865038,2,762.093,1.1175771,YINENLIVNTDELGR/2
809.415628031004,2,762.093,1.0984752,LVFLAC[UNIMOD:4]C[UNIMOD:4]VAPTNPR/2
825.826282317504,2,762.093,1.0798326,MAC[UNIMOD:4]GAEFSMIMDC[UNIMOD:4]K/2
820.403437506004,2,762.093,1.096221,VDTILEFSQNMNTK/2
763.9010536415041,2,762.093,1.0492188,IEEIPLDQVDIDK/2
718.052756669629,3,762.093,1.004488,VEPFLPGHYEVLDLKPNGK/3
908.9849290305042,2,762.093,1.1851413,LQVIVC[UNIMOD:4]SATLHSFDVK/2
799.928468385504,2,762.836,1.1031969,GGVQVPAVDISSSLGGR/2
879.4312378200041,2,762.836,1.1255691,SATSSSPGSPLHSLETSL/2
823.4434199680039,2,763.58,1.0981917,VINEPTAAALAYGLDK/2
783.8985109535041,2,763.58,1.084658,LSQELEYLTEDVK/2
532.0269285181915,4,763.58,0.8482853,TLPLTGSTFHDQIAMLSHR/4
728.341597401004,2,763.58,1.0543188,AEWMIAAQTC[UNIMOD:4]FK/2
709.0334792019625,3,764.323,0.97926515,TLPLTGSTFHDQIAMLSHR/3
901.9400497755041,2,764.323,1.1423558,EIVEPELSIEVC[UNIMOD:4]EEK/2
859.9046589125041,2,764.323,1.1270678,FSLSGGYWNSVSDTAK/2
834.919974606504,2,765.067,1.0577681,VDVEVPDVSLEGPEGK/2
822.934904818504,2,765.067,1.1110823,APSVATVGSIC[UNIMOD:4]DLNLK/2
670.6631633702956,3,765.067,0.8818423,VHYENNSPFLTITSMTR/3
586.6199520489623,3,765.067,0.8918431,EANHDGDFGITLAELR/3
766.4457656850041,2,766.554,1.065033,VLALPEPSPAAPTLR/2
864.3992094090039,2,766.554,1.0912342,YFEIQFSPGGEPDGGK/2
784.8957712855041,2,766.554,1.0780942,YPNIELSYEVVDK/2
772.4107266999623,3,767.297,0.98307943,DGNVLLHEMQIQHPTASLIAK/3
804.906147409504,2,767.297,1.1005183,C[UNIMOD:4]QLEINFNTLQTK/2
774.900530679504,2,767.297,1.0767254,DASLMVTNDGATILK/2
586.6371659636291,3,767.297,0.9041615,GGQQALLQHWSEYIK/3
889.461286781004,2,768.042,1.1489352,EANSIIITPGYGLC[UNIMOD:4]AAK/2
991.5025287670042,2,768.042,1.1926885,TVTNAVVTVPAYFNDSQR/2
729.8829982535041,2,768.042,1.0515501,AWTQVLLGQAEDK/2
496.2732763999623,3,768.042,0.78946304,IAFTEWIEPPKR/3
661.3374446669624,3,768.042,0.9841598,TVTNAVVTVPAYFNDSQR/3
769.9304797945042,2,768.042,1.0904995,LLDAQLATGGIVDPR/2
942.5072798320041,2,768.786,1.2333835,GLQAQIASSGLTVEVDAPK/2
799.8901629745043,2,768.786,1.1314638,TYEAALETIQNMSK/2
883.453984670004,2,768.786,1.1285759,EQYGLGPYEAVTPLTK/2
954.944709381504,2,769.529,1.150313,AEDGSVIDYELIDQDAR/2
920.4654150120041,2,769.529,1.13114,WQLSVATEQPELEGPR/2
736.0586817902955,3,769.529,0.96550137,AIGGIILTASHNPGGPNGDFGIK/3
636.965565076629,3,769.529,0.91414183,AEDGSVIDYELIDQDAR/3
608.3151468266291,3,769.529,0.9233763,YPLAVRPFYTMPDPR/3
745.8673481745042,2,769.529,1.0446101,QSIINPDWNFEK/2
777.4214332910042,2,769.529,1.0582794,TLINAEDPPMVVVR/2
707.907961799504,2,770.272,1.0681946,VVVVQAISALC[UNIMOD:4]QK/2
700.4025122600041,2,770.272,1.0386775,VMQVLNADAIVVK/2
843.9219944425039,2,770.272,1.0991446,GSSSYSQLLAATC[UNIMOD:4]LTK/2
654.3130762059624,3,770.272,0.8890455,DATNVGDEGGFAPNILENK/3
456.606367021629,3,770.272,0.813676,LIHITIEPLYR/3
980.965976075504,2,771.016,1.160407,DATNVGDEGGFAPNILENK/2
812.8854119685041,2,771.016,1.0803274,AC[UNIMOD:4]LISLGYDVENDR/2
765.4032405710041,2,771.016,1.0747019,SPSAQLMEQVAQLK/2
874.8971306995041,2,771.759,1.0954692,TSAC[UNIMOD:4]FEPSLDYMVTK/2
864.4158250270041,2,771.759,1.1124018,YTQQGFGNLPIC[UNIMOD:4]MAK/2
754.8760013745041,2,771.759,1.0517931,TTMILLC[UNIMOD:4]EDGSLR/2
764.4042947890041,2,772.503,1.0787091,DLAEIGIAVGNNDVK/2
689.6897790679623,3,772.503,0.9014457,QLILVGDHC[UNIMOD:4]QLGPVVMC[UNIMOD:4]K/3
808.400174932004,2,772.503,1.166026,C[UNIMOD:4]MLDAALATLNTHGK/2
453.5480775139624,3,772.503,0.774785,DGKLDFEEFMK/3
761.430449972004,2,773.246,1.0827278,VEIAGPGFINVHLR/2
767.8494522635041,2,773.246,1.0581479,EYTAC[UNIMOD:4]ELMNIYK/2
507.956058803629,3,773.246,0.8756609,VEIAGPGFINVHLR/3
779.0728795179624,3,773.246,0.9781889,LGSPDYGNSALLSLPGYRPTTR/3
841.408719868004,2,773.991,1.1269958,FDEILEASDGIM[UNIMOD:35]VAR/2
616.6636036116289,3,773.991,0.8729271,HEIEGTGLPQAQLLWR/3
941.962705138504,2,773.991,1.1638845,LEQELFSGGNTGINFEK/2
765.9223203485041,2,773.991,1.0780221,AVDPSSVALVTLGSSK/2
951.9338102625044,2,773.991,1.1642165,LDPFESSDPFSSSSVSSK/2
877.488358798004,2,774.733,1.1320068,VDQIQEIVTGNPTVIK/2
792.9408475005041,2,774.733,1.0798016,AVFQANQENLPILK/2
886.4668950840041,2,775.477,1.1457895,LVYLVENPGGYVAYSK/2
519.635096720629,3,775.477,0.8658351,GHAVNLLDVPVPVAR/3
844.395809424004,2,776.22,1.0827705,MDVNVGDIDIEGPEGK/2
535.9593574942957,3,776.22,0.8374175,GGYVLHIGTIYGDLK/3
744.9008566805041,2,776.22,1.0501009,LAYINPDLALEEK/2
733.9037336655042,2,776.22,1.0703492,DILADVNHPFVVK/2
707.3577704250041,2,776.22,1.0411927,FQIMNEIVYEK/2
738.8870294055041,2,776.22,1.0492336,LGYWNQQMVPIK/2
761.388447806004,2,776.22,1.0576099,LAFYPNQDGDILR/2
778.949006847504,2,776.22,1.0742586,GHAVNLLDVPVPVAR/2
951.028182464504,2,776.964,1.1688739,LLPSAPQTLPDGPLASPAR/2
803.4353980080041,2,776.964,1.1335341,GGYVLHIGTIYGDLK/2
928.442759641004,2,776.964,1.1552022,AIEEGIPAFTC[UNIMOD:4]EEYVK/2
577.9494095956292,3,776.964,0.8881938,EESQIPVDEVFFHR/3
913.4757827060041,2,777.708,1.143273,TSVLAAANPIESQWNPK/2
778.3872561350041,2,777.708,1.0616666,FTTDDSIC[UNIMOD:4]VLGISK/2
740.379234148004,2,777.708,1.0521698,NPLMYLTGVQTDK/2
699.9959251996291,3,777.708,0.9394837,NYTEEEDRFLIC[UNIMOD:4]MLHK/3
447.9382281229623,3,777.708,0.8104195,LLLIQAFRPDR/3
830.451245018004,2,778.451,1.1016896,IINEPTAAAIAYGLDK/2
811.4196104840041,2,778.451,1.0835098,SVILEAFSSPSEEVK/2
553.969922167629,3,778.451,0.9043658,IINEPTAAAIAYGLDK/3
816.4174021580038,2,778.451,1.0781004,FDSEPSAVALELPTR/2
704.893366010504,2,778.451,1.0665344,EDTLLLIGHLER/2
470.2646694959623,3,778.451,0.82302153,EDTLLLIGHLER/3
768.9296140645041,2,779.195,1.0626161,DVTPPPETEVVLIK/2
508.7434307444415,4,779.195,0.8364306,SDFFELLSNHHLDSQSR/4
677.9888155036291,3,779.195,0.9444691,SDFFELLSNHHLDSQSR/3
561.3017832449623,3,779.195,0.91762036,TPVEEVPAAIAPFQGR/3
697.3577399429623,3,779.195,0.9885196,LATYGITVAELTGDHQLC[UNIMOD:4]K/3
941.4743941570041,2,779.938,1.168677,VTYC[UNIMOD:4]PTEPGNYIINIK/2
440.2541048079623,3,779.938,0.76688224,LDPHLVLDQLR/3
797.406314591004,2,779.938,1.0996444,LGIGQSQEMNTLFR/2
791.427769918004,2,780.682,1.0673132,GPQITGPSLEGDLGLK/2
841.449036634004,2,780.682,1.0978595,TPVEEVPAAIAPFQGR/2
857.9214631125041,2,780.682,1.1291468,C[UNIMOD:4]NLVPTDEITVYYK/2
674.0284996829623,3,780.682,0.9757117,ILATPPQEDAPSVDIANIR/3
652.3400206679623,3,780.682,0.92951494,SC[UNIMOD:4]PVVQSSQHLFLDLPK/3
978.006392768504,2,780.682,1.2732834,SC[UNIMOD:4]PVVQSSQHLFLDLPK/2
789.4032405410043,2,780.682,1.0660721,FGGGNPELLTQMVSK/2
856.446690931004,2,781.425,1.112594,VDIETPNLEGTLTGPR/2
931.397829246004,2,781.425,1.134969,YYDGWLIC[UNIMOD:4]EEPTC[UNIMOD:4]R/2
566.9581279639624,3,781.425,0.86881185,THVADFAPEVAWVTR/3
896.988191611504,2,781.425,1.1645135,YEAAGTLVTLSSAPTAIK/2
744.8806525625039,2,781.425,1.0510275,EIDLLLGQTDDTR/2
849.9335537125041,2,782.169,1.1211988,THVADFAPEVAWVTR/2
908.963039498504,2,782.169,1.1410637,VEDPTFLNQLQSGVNR/2
903.4388659030042,2,782.169,1.1481276,EYAQNIWNVEPSDLK/2
786.4068374930042,2,782.169,1.0746161,IQALGLGEDWNVEK/2
745.8584689475042,2,782.169,1.0488058,EIGFINYYGMQR/2
817.901396355504,2,782.169,1.0880413,ESAVGQMGWSGGLSLR/2
972.4907724820039,2,782.913,1.1738368,AALETDENLLLC[UNIMOD:4]APTGAGK/2
998.0527201835041,2,782.913,1.2319746,AGVAAPATQVAQVTLQSVQR/2
582.3162038919622,3,782.913,0.87243325,AEIIHHLADLLTDQR/3
696.3737243599622,3,782.913,0.98300266,NTLTNIAMRPGLEGYALPR/3
927.9996219545042,2,783.656,1.1434315,TVNELQNLSSAEVVVPR/2
685.686190928629,3,783.656,0.99424535,ALNQEQVIAVHIDNGFMR/3
791.3977612360042,2,783.656,1.1315978,FFC[UNIMOD:4]FQVLEHQVK/2
677.6908304999623,3,783.656,0.94389963,AEVIMNYHVGETVLSLQK/3
781.411399979004,2,783.656,1.0757332,TVHSLAC[UNIMOD:4]LLTQYR/2
527.9342663129624,3,783.656,0.85219014,FFC[UNIMOD:4]FQVLEHQVK/3
707.7051396539623,3,784.4,0.95880204,LAGANPAVITC[UNIMOD:4]DELLLGHEK/3
856.3958094420041,2,784.4,1.1103122,IDINMSGFNETDDLK/2
772.893759874504,2,784.4,1.0578198,GEVDVSLANVEGDLK/2
921.400234475004,2,784.4,1.1400596,FVC[UNIMOD:4]SPDEVMDTIDEGK/2
828.8786411725041,2,784.4,1.08393,AGFDSDYDQALADIR/2
542.9510848739624,3,784.4,0.86217386,SFPAAIEHTIQWAR/3
856.423315726004,2,784.4,1.1125308,VTAMQLYEC[UNIMOD:4]QLIDK/2
955.4969120930041,2,785.143,1.172854,VLAGETLSVNDPPDVLDR/2
915.447419227004,2,785.143,1.140255,NSDVLQSPLDSAARDEL/2
786.430646937004,2,785.143,1.0839372,VSHLLGINVTDFTR/2
632.2965920279624,3,785.143,0.8886196,EQQHVMEELFQSSFR/3
800.8930400505039,2,785.143,1.0824003,LC[UNIMOD:4]QIFSDLNATYR/2
524.6228567802956,3,785.143,0.8182377,VSHLLGINVTDFTR/3
834.9150266745041,2,785.143,1.0944612,FLGDEQDQITFVTR/2
543.9701450942957,3,785.143,0.90125465,YLQLAEELIRPER/3
813.8714388905041,2,785.887,1.0722421,YMTISDEWDIPEK/2
718.8878866455042,2,785.887,1.0641445,QFLFRPWDVTK/2
479.5943499192958,3,785.887,0.8326751,QFLFRPWDVTK/3
743.8986483205041,2,785.887,1.0455273,EVIQEWNLTNIK/2
641.6826637719623,3,785.887,0.95995355,NLAYDTLPVLIHGNGPTK/3
604.6429346909623,3,786.63,0.8735883,LDTHPAMVTVLEMGAAR/3
906.460763803004,2,786.63,1.1576768,LDTHPAMVTVLEMGAAR/2
947.9412498085042,2,786.63,1.1608965,EQQHVMEELFQSSFR/2
936.935830086504,2,787.374,1.1596012,YSSDVQEMILSSATADR/2
866.937978796504,2,787.374,1.1570567,AAALATVNAWAEQTGMK/2
767.3817130216289,3,787.374,0.9628545,APEVNLNAPDVDVHGPDWNLK/3
685.6729388212957,3,788.118,0.95733774,NPVWYQALTHGLNEEQR/3
579.3282209436289,3,788.118,0.9013676,TTIENIQLPHTLLSR/3
868.488693182004,2,788.118,1.1650455,TTIENIQLPHTLLSR/2
843.4752514560041,2,788.118,1.1094587,ITNLTQQLEQASIVK/2
827.9015849255042,2,788.118,1.1017588,YNEFSVSLLNEDPK/2
781.343902817004,2,788.86,1.0621902,GFGFVDFNSEEDAK/2
769.8657710165039,2,788.86,1.0709144,YHFNMGLLMGEAR/2
903.432923271004,2,789.604,1.1325227,MEVQEQEEDISSLIR/2
895.9495977945039,2,789.604,1.1261772,SYELPDGQVITIGNER/2
467.26746834429576,3,789.604,0.8123997,VTMLFLGLHNVR/3
848.425424143004,2,790.347,1.0675493,VDIDVPDVNIEGPEGK/2
442.25388188929577,3,790.347,0.7820243,EASIDILHSIVK/3
848.425424143004,2,790.347,1.0676155,VDIDVPDVNIEGPDAK/2
790.392872799004,2,790.347,1.0726535,SDMGVGVFTPTIEAR/2
478.5605403796291,3,791.091,0.8066318,ADWLSHYWMPK/3
960.4951379810041,2,791.091,1.1763086,EPQGIIAC[UNIMOD:4]C[UNIMOD:4]NPVPPLVR/2
881.4727087340041,2,791.835,1.1583877,VLAQNSGFDLQETLVK/2
926.4720483950041,2,791.835,1.175506,SLVEASSSGVSVLSLC[UNIMOD:4]EK/2
945.443813930004,2,792.578,1.1931539,DQVYPQYVIEYTEDK/2
537.9197398516291,3,792.578,0.85320127,AC[UNIMOD:4]WVLHYFC[UNIMOD:4]EVK/3
784.859385723504,2,792.578,1.0553869,DVDFEGTDEPIFGK/2
801.4138052240041,2,793.322,1.081167,AVLVDLEPGTMDSVR/2
545.955835895629,3,793.322,0.8600154,VFVHYTGWLLDGTK/3
856.4034375120041,2,793.322,1.0925181,LVAEDLSQDC[UNIMOD:4]FWTK/2
562.9978121799624,3,793.322,0.91235715,LEIYVVTAEGLRPVK/3
971.9606937965041,2,794.065,1.1765099,TSIDAYDNFDNISLAQR/2
843.993080036504,2,794.065,1.1903325,LEIYVVTAEGLRPVK/2
818.430115610004,2,794.065,1.1288502,VFVHYTGWLLDGTK/2
728.395741459004,2,794.065,1.0646404,GTVAYVGATLFATGK/2
918.9705301895041,2,794.809,1.1582063,SNDLAVLDASNQISVYK/2
521.9267829829624,3,794.809,0.83026904,ISFC[UNIMOD:4]LDIHNMSVK/3
422.9187221419624,3,795.552,0.77170634,SQLDIIIHSLK/3
787.414662544004,2,796.296,1.0769677,NIYVLQELDNPGAK/2
565.3260402769623,3,796.296,0.89843684,VLSGEFQIVNPHLLK/3
848.425424143004,2,796.296,1.1036242,VDVDIPDVNIEGPDAK/2
844.4543190350039,2,797.04,1.112959,IINEPTAAAIAYGLDR/2
714.9428588735041,2,797.04,1.0506737,IRVESLLVTAISK/2
476.96433140462904,3,797.04,0.8044986,IRVESLLVTAISK/3
788.9124839555041,2,797.04,1.0791274,VTSAVEALLSADSASR/2
758.9112327485041,2,797.783,1.0758996,SQNVMAAASIANIVK/2
530.2728362186291,3,797.783,0.8678115,AIIEEYLHLNDMK/3
794.9056160945041,2,797.783,1.1088855,AIIEEYLHLNDMK/2
512.9411980072956,3,797.783,0.84738725,GMLREDAVLEYLK/3
661.6824464819623,3,797.783,0.887681,IGRPSETGIIGIIDPEC[UNIMOD:4]R/3
563.3053048456289,3,797.783,0.913812,IINEPTAAAIAYGLDR/3
594.3353754919623,3,798.527,0.8757312,RTGAIVDVPVGEELLGR/3
867.4074284030039,2,799.271,1.1005499,ESEITDEDIDGILER/2
789.3731782729623,3,799.271,0.97803617,TVYGGGC[UNIMOD:4]SEMLMAHAVTQLANR/3
504.0346508791915,4,799.271,0.84441847,HLPTLDHPIIPADYVAIK/4
671.7104423499624,3,799.271,0.9355482,HLPTLDHPIIPADYVAIK/3
871.423215851004,2,799.271,1.1164122,NIFLQYASTEVDGER/2
427.90056264962897,3,800.014,0.7562591,ISMPDLDLHLK/3
870.9837749735038,2,800.014,1.1292211,LASIVEQVSVLQNQGR/2
935.4756453230041,2,800.014,1.1522037,TVELSIPADPANLDSEAK/2
930.9633362995041,2,800.014,1.2401361,C[UNIMOD:4]AVSEAAIILNSC[UNIMOD:4]VEPK/2
877.4616126850042,2,800.758,1.1250864,GPVFAPPYEPLPENVK/2
839.9492038645039,2,800.758,1.171533,SVTLGYLFSQGHLTR/2
900.4571585120041,2,800.758,1.144723,VMYTPM[UNIMOD:35]APGNYLISVK/2
834.9094099385042,2,801.501,1.0920547,EGAFSNFPISEETIK/2
761.9350338115041,2,801.501,1.1043515,DILVEVNHPFIVK/2
819.404925960004,2,801.501,1.1268882,AGSVELLGAMAYC[UNIMOD:4]APK/2
935.4274438910041,2,801.501,1.1914446,FDEVLVNHFC[UNIMOD:4]EEFGK/2
762.9590402415039,2,801.501,1.1035392,ILIVGGGVAGLASAGAAK/2
755.044043872629,3,802.245,1.0090162,GPAVGIDLGTTYSC[UNIMOD:4]VGVFQHGK/3
831.4044917540041,2,802.245,1.0988572,WLLLNDPEDTSSGSK/2
822.3378714710041,2,802.245,1.1073751,C[UNIMOD:4]C[UNIMOD:4]MLFVDDMAEPR/2
732.3598091152957,3,802.245,1.0021275,VVYGGGAAEISC[UNIMOD:4]ALAVSQEADK/3
623.9540547496291,3,802.245,0.8735424,FDEVLVNHFC[UNIMOD:4]EEFGK/3
719.0270473079622,3,802.245,0.95895153,AYTNFDAERDALNIETAIK/3
854.892714040504,2,802.988,1.1119409,NPDIFTEVANC[UNIMOD:4]C[UNIMOD:4]IR/2
921.9632364995041,2,802.988,1.1374903,NLETLQQELGIEGENR/2
818.9488694495041,2,803.732,1.074723,GVNLPGAAVDLPAVSEK/2
864.9388360925041,2,803.732,1.1159787,AGGFVVGYTSSGNPIFR/2
487.9243128662957,3,803.732,0.8174532,IFDEILVNAADNK/3
548.2617647266289,3,803.732,0.8558804,DPVQEAWAEDVDLR/3
821.889008856504,2,805.22,1.0815258,DPVQEAWAEDVDLR/2
651.0264305032956,3,805.22,0.93126637,LTHYDHVLIELTQAGLK/3
464.945159782629,3,805.22,0.80472845,LGIEGLSLHNVLK/3
976.036007521504,2,805.22,1.21403,LTHYDHVLIELTQAGLK/2
814.4034375030039,2,805.22,1.0993911,TTMVTSFTNEDLLR/2
584.2981502152957,3,805.964,0.88538855,TFSVWYVPEVTGTHK/3
983.9914626125039,2,805.964,1.230114,ETLVYLTHLDYVDTER/2
838.9175693035041,2,805.964,1.0967896,NEGNIFPNPEATFVK/2
875.943587089504,2,805.964,1.1507924,TFSVWYVPEVTGTHK/2
868.4466909190039,2,806.707,1.1361351,LGNTISSLFGGGTTPDAK/2
753.8770556105042,2,806.707,1.0557023,TVQSLEIDLDSMR/2
488.52164199419144,4,806.707,0.7969931,LTHYDHVLIELTQAGLK/4
831.4464940180039,2,807.45,1.121158,GIYQSLEGAVQAGQLK/2
910.4496275680042,2,807.45,1.1406604,EALELTDTGLLSGSEER/2
883.975418565504,2,807.45,1.1620344,APLNVQFNSPLPGDAVK/2
734.8683053065041,2,807.45,1.0596797,FYTLIPHDFGMK/2
966.9507602835042,2,808.194,1.1623145,IC[UNIMOD:4]YQEVSQC[UNIMOD:4]FGVLSSR/2
936.9907342645041,2,808.194,1.1608483,LPPGEYVVVPSTFEPNK/2
644.9695990112958,3,808.194,0.93083674,IC[UNIMOD:4]YQEVSQC[UNIMOD:4]FGVLSSR/3
791.9435871515041,2,808.937,1.0794808,ILAQVVGDVDTSLPR/2
490.2479623599624,3,808.937,0.8568901,FYTLIPHDFGMK/3
720.864905300504,2,808.937,1.0341539,EMMLVTSGAVAFGK/2
885.920308970504,2,809.681,1.1277685,APVPTGEVYFADSFDR/2
902.4548503110041,2,809.681,1.1331191,TLPGSDWTPNAQFITR/2
904.954880134504,2,809.681,1.14788,VQSGSESVIQEYVDLR/2
463.28177192762905,3,809.681,0.8012887,LLLDIPLQTPHK/3
467.2504717742957,3,810.424,0.7661485,KPGGFDISLFYR/3
681.352871845629,3,810.424,0.9736042,DLEGENIEIVFAKPPDQK/3
988.481065048004,2,810.424,1.1980443,AVTVYTNYPFPGETFNR/2
458.00716476319155,4,810.424,0.765982,IISVFVDALPHVPEHR/4
813.927937072504,2,811.168,1.0708241,GFQQISFVNSIATSK/2
837.4299866550041,2,811.168,1.0990504,TPMENIGLQDSLLSR/2
867.4226844860041,2,811.912,1.093028,IEFEGQPVDFVDPNK/2
831.4590700650041,2,811.912,1.1467683,IYLAIESANELAVQK/2
835.9208403365039,2,811.912,1.0721827,NGDGVVDIGELQEGLR/2
718.8713793445041,2,811.912,1.0403455,WMIQYNNLNLK/2
459.28551636629567,3,811.912,0.77054036,VNVHVLGVLLGQK/3
763.9199151235041,2,811.912,1.0636315,LLDTIGISQPQWR/2
700.3720694280041,2,811.912,1.039677,KPGGFDISLFYR/2
912.9599655125039,2,812.656,1.1464024,LYQEVEIASVDAFQGR/2
995.4198158440041,2,812.656,1.1725385,YGETANEC[UNIMOD:4]GEAFFFYGK/2
824.9109068205039,2,813.399,1.0852153,SVMDATQIAGLNC[UNIMOD:4]LR/2
886.9221913955041,2,813.399,1.145001,STLQTMESDIYTEVR/2
516.599940681629,3,813.399,0.8149626,TGEGFIDFIGQVHK/3
951.912354977504,2,813.399,1.1588837,LFDVC[UNIMOD:4]GSQDFESDLDR/2
907.4519732260042,2,814.143,1.1447847,AGTGENAPWVVEDELVK/2
899.425758555004,2,814.143,1.1774483,YIQPWESEFIDSQR/2
626.6900412642957,3,814.143,0.9490232,ALVSHNGSLINVGSLLQR/3
917.4727086860041,2,814.887,1.1265167,DGPNALTPPPTTPEWIK/2
790.3750060510041,2,814.887,1.0662193,FNYGFEYLGVQDK/2
713.3666497390041,2,814.887,1.0400234,YISPDQLADLYK/2
917.9501290885041,2,814.887,1.1254196,QTNLENLDQAFSVAER/2
678.3565048459623,3,814.887,0.9722571,FTASAGIQVVGDDLTVTNPK/3
975.4313460920042,2,814.887,1.1680386,FGDYQC[UNIMOD:4]NSAMGISQMLK/2
890.441605523004,2,815.63,1.1595916,GADFLVTEVENGGSLGSK/2
780.3814508690041,2,816.373,1.065224,ALDIAENEMPGLMR/2
894.9781582345041,2,816.373,1.1682014,VQGGALEDSQLVAGVAFK/2
728.922123434504,2,816.373,1.0694764,ILAQATSDLVNAIK/2
855.433249175004,2,816.373,1.0803224,VDIDVPDVNLEAPEGK/2
826.9539548095041,2,816.373,1.0809528,LNPADAPNPVVFVATK/2
569.979875595629,3,816.373,0.91309905,WVPLQIDMKPEVPR/3
824.8724931175041,2,817.117,1.0923486,FGYVDFESAEDLEK/2
961.9982333895041,2,817.117,1.2568407,VVC[UNIMOD:4]VYGGTGISEQIAELK/2
748.3862394160042,2,817.117,1.0708725,AAFALGGLGSGFASNR/2
798.3665206810042,2,817.117,1.064223,TEDSLMPEEEFLR/2
909.9927540595041,2,817.117,1.2636023,ILGSGISSSSVLHGMVFK/2
883.985983248504,2,817.117,1.1240742,VSVNGAVVLEEPVGELR/2
989.487895400004,2,817.117,1.2792315,TEPTEDSGISLEMAAVTVK/2
543.959357479629,3,817.86,0.88429195,HELLQPFNVLYEK/3
606.9975948619624,3,817.86,0.9264248,ILGSGISSSSVLHGMVFK/3
919.4863474280039,2,817.86,1.1499441,VQANLGAPDINIEGLDAK/2
596.9616495299624,3,817.86,0.8559567,WGEEHIPGSPFHVTVP/3
727.387916494004,2,817.86,1.072576,LDYLGVSYGLTPR/2
613.6509178159623,3,817.86,0.91740227,APPVDDAEVDELVLQTK/3
815.4353979860041,2,818.604,1.1078892,HELLQPFNVLYEK/2
871.4337805390039,2,818.604,1.0990459,ELDALDANDELTPLGR/2
776.4406802710039,2,818.604,1.0586174,VAAPDVVVPTLDTVR/2
741.6897068832958,3,818.604,0.94776416,QFVVFEGNHYFYSPYPTK/3
932.379833433004,2,819.347,1.1742303,GLC[UNIMOD:4]NFLMSDEEYDDR/2
677.863022957504,2,819.347,1.0583185,VVYSAFLMATPR/2
709.8749762565039,2,819.347,1.0355779,LHSFLGDDVFLR/2
935.4868787890039,2,820.091,1.1568695,ANLQIDQINTDLNLER/2
791.8821409745041,2,820.091,1.0727481,NPEQVDLYQFMAK/2
473.5857429932956,3,820.091,0.8047201,LHSFLGDDVFLR/3
907.9463351955039,2,820.091,1.1467983,ISPDAWQVC[UNIMOD:4]AEALAQR/2
868.3836676030039,2,820.834,1.1070054,FC[UNIMOD:4]MISATFC[UNIMOD:4]DSQLR/2
878.9631309775041,2,820.834,1.1351604,VTYTPM[UNIMOD:35]APGSYLISIK/2
839.4476480720041,2,821.578,1.111683,YLEGTSC[UNIMOD:4]IAGVLVPAK/2
829.4401573720043,2,821.578,1.0913849,QVQAEVPGSPIFVMR/2
837.9328850675041,2,822.321,1.1292806,LQLDSPEDAEFIVAK/2
776.869230564504,2,822.321,1.0578055,DYVIEDDVNMAIR/2
894.427966885004,2,823.066,1.1361184,VYEIQDIYENSWTK/2
488.59289756362904,3,823.066,0.81937003,RVDIIPGFEFDR/3
936.966016377504,2,823.066,1.1797448,AFIHWVSQPLMC[UNIMOD:4]EVR/2
938.488555770004,2,823.066,1.1856974,LYIGNLNESVTPADLEK/2
624.979769740629,3,823.066,0.88828146,AFIHWVSQPLMC[UNIMOD:4]EVR/3
831.877055535504,2,823.809,1.0671132,GFGFVC[UNIMOD:4]FSSPEEATK/2
955.4625379800041,2,823.809,1.1647351,EGPYSISVLYGDEEVPR/2
606.2727752019623,3,823.809,0.8843151,DGQWFTDWDAVPHSR/3
769.846475350504,2,823.809,1.0830232,DDEEADAIYAALDK/2
867.4531273880041,2,823.809,1.143494,LLSAMLVSEGDLTEQK/2
792.9219860155041,2,823.809,1.0882349,LSELLPEEVEAEVK/2
908.905524569504,2,823.809,1.1340026,DGQWFTDWDAVPHSR/2
983.4680172900041,2,824.553,1.184799,QSDDEVYAPGLDIESSLK/2
517.9558359169623,3,824.553,0.84038585,LHEQVLDLGLTWK/3
830.876532670504,2,825.296,1.0826702,AVQGMLDFDYVC[UNIMOD:4]SR/2
844.9645195285041,2,825.296,1.1186506,IEVGLVVGNSQVAFEK/2
536.9424779199625,3,825.296,0.8613672,DREALFNEFVAAAR/3
939.9536884755041,2,825.296,1.1741124,SEALSSVLDQEEAMEIK/2
831.924005809504,2,826.04,1.1017634,AMYLPDTLSPADQLK/2
754.852191873504,2,826.04,1.0548928,DMSPLSETEMALGK/2
786.884349319504,2,826.04,1.0709311,VGYYTIPSMDDLAK/2
687.8685023005041,2,826.04,1.0361655,ILMAIDSELVDR/2
854.9141693675039,2,826.783,1.1088504,VGWSTMQASLDLGTDK/2
796.419944868004,2,826.783,1.081074,SINDNIAIFTEVQK/2
915.4990608400042,2,826.783,1.2370999,ATAAFILANEHNVALFK/2
558.6367201396291,3,826.783,0.8655596,ERVDELTTDLEILK/3
884.9518061055043,2,827.527,1.123343,TVSLLDENNVSSYLSK/2
744.3598091366289,3,827.527,0.9369431,DLYANTVLSGGTTM[UNIMOD:35]YPGIADR/3
726.3869099139623,3,827.527,0.96853787,ELLLPNWQGSGSHGLTIAQR/3
774.922654781504,2,827.527,1.0766435,TGLIDYNQLALTAR/2
835.9066703005042,2,827.527,1.0916156,YNQPFFVTSLPDDK/2
610.6684660489624,3,827.527,0.9190562,ATAAFILANEHNVALFK/3
843.9259256815042,2,827.527,1.1027597,SPAISWVNNLEVDSR/2
855.397297892004,2,829.014,1.1091552,FMADIDLDPGC[UNIMOD:4]TLNK/2
774.3979582070041,2,829.014,1.0719354,WSSLAC[UNIMOD:4]NIALDAVK/2
785.0885295486287,3,829.014,0.99711543,ISGETIFVTAPHEATAGIIGVNR/3
895.931839227504,2,829.014,1.1383871,LLQAPFTDC[UNIMOD:4]GDGPMLR/2
637.0191644759624,3,829.014,0.9088743,FLLHQETLPEQLLAEK/3
916.433880364004,2,829.758,1.1303335,IAVYSC[UNIMOD:4]PFDGMITETK/2
439.22867928296233,3,829.758,0.7741621,ISMPDFDLHLK/3
532.6361089002957,3,829.758,0.8676768,RLDLVHTAALMLDK/3
551.2761006954414,4,829.758,0.8596579,NTHATTHNAYDLEVIDIFK/4
833.4585387350041,2,829.758,1.1263981,IVIPNEESVVIYYK/2
911.4075657880041,2,829.758,1.1358575,ASGGLPQFGDEYDFYR/2
442.5689244302957,3,829.758,0.7736877,IPMPDFDLHLK/3
998.9891168905042,2,830.501,1.1925062,ELTTEIDNNIEQISSYK/2
673.3205202842956,3,830.501,0.95104,TC[UNIMOD:4]FVDC[UNIMOD:4]LIEQTHPEIR/3
601.6130203512956,3,830.501,0.87145275,DEAGHFLWPGFGENAR/3
798.3652694410042,2,830.501,1.0969253,VFITDDFHDMMPK/2
458.2479623752957,3,830.501,0.80973125,VDHIIDIC[UNIMOD:4]FLK/3
666.6984252842957,3,830.501,0.96786904,HVQYLDFLHTVIKAEGK/3
914.919786047504,2,831.245,1.1273408,AVYSTNC[UNIMOD:4]PVWEEAFR/2
770.7301249349622,3,831.245,0.994748,QGNGPVLVC[UNIMOD:4]APSNIAVDQLTEK/3
419.22538062962894,3,831.245,0.76306975,WMALESILHR/3
958.9892542815039,2,832.732,1.1611066,EQGVTFPSGDIQEQLIR/2
554.9856836692958,3,832.732,0.87102544,IAPVHIDSEAISALVK/3
960.9887229505041,2,832.732,1.1692228,FFLQDPQSQELDVQVK/2
948.949074798504,2,832.732,1.1486676,GDGQFFAVSVVC[UNIMOD:4]PETGAR/2
720.389404934004,2,832.732,1.0432969,ALQQFLYVQMAK/2
532.5792717829625,3,833.475,0.84135514,VFITDDFHDMMPK/3
782.416870882004,2,833.475,1.1110963,EEYAVLISEAQAIK/2
893.959442597504,2,833.475,1.1747279,VIAALLQTMEDQGNQR/2
842.4059801930041,2,833.475,1.1268513,EIAEEYGGVMVSFPR/2
911.461818078004,2,834.219,1.1496412,RFDEILEASDGIMVAR/2
960.946394771504,2,834.219,1.1752676,ASLLTDEEDVDMALDQR/2
748.918329520504,2,834.219,1.0780662,MLNIHPSLLPSFK/2
947.4413794130041,2,834.219,1.1578479,ETEEMC[UNIMOD:4]VMLVSNLPNK/2
607.9769708742956,3,834.965,0.94357365,RFDEILEASDGIMVAR/3
929.9194517025041,2,834.965,1.1505742,TGYAFVDC[UNIMOD:4]PDESWALK/2
859.4414085400041,2,834.965,1.1236556,SATDADVVNSGWLVVGK/2
456.23454727244143,4,834.965,0.7561241,RFDEILEASDGIMVAR/4
870.9675935375041,2,834.965,1.1815023,GLEAALVYVENAHVAGK/2
893.4363232290042,2,834.965,1.1762486,SGQSALYDALFSSQSPK/2
857.9032703035041,2,835.709,1.09491,IDC[UNIMOD:4]FSEVPTSVFGEK/2
723.6671847352956,3,835.709,0.9642983,LLTETEDWLYEEGEDQAK/3
872.9340475145042,2,836.452,1.1183753,NLLPSNDPVVMEMASK/2
809.8728274835041,2,836.452,1.0757304,DQFGFINYEVGDSK/2
688.9110274365039,2,836.452,1.0413569,YILVTGGVISGIGK/2
887.9356331415041,2,837.196,1.1373267,SNQQLENDLNLMDIK/2
938.9623707875041,2,837.196,1.1652359,GDLETLQPGDDVEFTIK/2
755.7000542599623,3,837.196,0.9871816,DGLLENQTPEFFQDVC[UNIMOD:4]KPK/3
774.4105342420041,2,837.196,1.0755748,MTLVEEGFNPAVIK/2
801.3794311190042,2,837.939,1.0815599,C[UNIMOD:4]EFQDAYVLLSEK/2
518.2728362159623,3,837.939,0.789986,DDMIHQLPLLTEK/3
779.364638333004,2,837.939,1.0619148,AALEYLGSFDHYAT/2
813.4359293010041,2,837.939,1.1117641,QSLIDWNNPAIINK/2
879.9345704255041,2,837.939,1.127226,LWVPDEEVSPETMVK/2
534.588712901629,3,837.939,0.845863,C[UNIMOD:4]EFQDAYVLLSEK/3
735.0550487646289,3,837.939,0.95384175,NAALNTIVTVYNVHGDQVFK/3
768.8806525115042,2,838.683,1.0618812,NVISLTEDVDEFR/2
958.4516389460041,2,838.683,1.1638834,FYPLEIDYGQDEEAVK/2
909.9259257495041,2,838.683,1.1271805,YWGEIISQQYNFDR/2
892.439497100004,2,839.427,1.1377349,MAAQIIGNMYSLTDQK/2
743.8986482995041,2,839.427,1.0553582,EGPAVVGQFIQDVK/2
664.0058064829624,3,839.427,0.9476372,WQVVDTPGILDHPLEDR/3
840.4207729970041,2,839.427,1.1065098,VINQILTEMDGMSTK/2
818.9201120375039,2,839.427,1.0875871,LVPTGLDFGQEGFTR/2
733.0003923739623,3,839.427,0.96609956,IDC[UNIMOD:4]DNLEQYFIQQGGGPDK/3
865.9483465895041,2,840.17,1.1158876,LLGSTIPLC[UNIMOD:4]SAQWER/2
594.0003272089624,3,840.17,0.90818137,WTTLNSLQLHGLQLR/3
804.4124541630042,2,840.915,1.0632614,GFQEVVTPNIFNSR/2
855.9385017595041,2,840.915,1.1060938,SDQSYVISFVVPNQK/2
959.9468664965041,2,840.915,1.2421906,NFEATLGWLQEHAC[UNIMOD:4]SR/2
640.300336486629,3,840.915,0.8733586,NFEATLGWLQEHAC[UNIMOD:4]SR/3
976.0016333385041,2,841.659,1.2188731,GYIFLEYASPAHAVDAVK/2
651.0035143812958,3,841.659,0.9749913,GYIFLEYASPAHAVDAVK/3
633.6670802832956,3,842.403,0.89597315,YLILPVHSNIPMMDQK/3
837.422684504004,2,843.146,1.0883721,SLDIQVPNFPADETK/2
888.4259554410042,2,843.146,1.1078945,DDPVTNLNNAFEVAEK/2
875.9829092645039,2,843.146,1.1377438,VTLSFPSTLQTGTGTLK/2
900.4571585120041,2,843.146,1.1496911,VM[UNIMOD:35]YTPMAPGNYLISVK/2
742.0282823722956,3,843.146,0.9393252,GRPITMFIPSDVDNYDDIR/3
734.3831654080041,2,843.889,1.065058,GTQGVVTNFEIFR/2
949.025108411504,2,843.889,1.1687473,VLAFTAVGDGPPSPTIQVK/2
768.388644752004,2,843.889,1.0608199,EFINLQSALESER/2
581.974790245629,3,843.889,0.8779701,LIQQVAQEIWVC[UNIMOD:4]EK/3
872.4585471350041,2,844.633,1.1299561,LIQQVAQEIWVC[UNIMOD:4]EK/2
468.9297326252957,3,844.633,0.8025286,LQWDLGLGHLPR/3
602.977082354629,3,844.633,0.93924916,ELDELLNC[UNIMOD:4]LHPQGIR/3
644.3349352939623,3,845.377,0.88953155,GIEILTDMSRPVELSDR/3
936.5016631080041,2,845.377,1.1877462,TSSAETPTIPLGSAVEAIK/2
891.4078625990041,2,845.377,1.1167511,DC[UNIMOD:4]EEC[UNIMOD:4]IQLEPTFIK/2
807.958705891504,2,845.377,1.0910207,YVLVAGITPTPLGEGK/2
998.468351586004,2,845.377,1.1799207,ESGVGQTDWSGVEAGEFLK/2
518.6277192942956,3,846.12,0.8696497,IPLLYDAEIHLTR/3
709.7053625792956,3,846.12,0.93743914,LYPNMTAVLLHNTQLDQR/3
861.499060918004,2,846.12,1.175785,LVLSDLHLLTQSQVR/2
790.9301453985041,2,846.12,1.1161544,GIEFTTASTLSLVNK/2
921.434934618004,2,846.864,1.1498588,EEFAIMQTPAGELYDK/2
755.7159272392956,3,846.864,1.0159016,AAAIGIDLGTTYSC[UNIMOD:4]VGVFQHGK/3
486.93063333329565,3,846.864,0.8248095,DTLSIHYLMLPR/3
716.3276748332955,3,846.864,0.94655794,YAAC[UNIMOD:4]NAVGQMATDFAPGFQK/3
879.470303428004,2,846.864,1.1400181,QFGAQANVIGPWIQTK/2
863.3986865100042,2,846.864,1.1048079,YQEELNFDNPLGMR/2
936.9887229725041,2,846.864,1.1838967,IEESDQGPYAIILAPTR/2
780.900530712504,2,847.608,1.0776517,SPQISMSDIDLNLK/2
729.892311766504,2,847.608,1.0609499,DTLSIHYLMLPR/2
767.4115884870041,2,848.351,1.0577599,SPFSVAVSPSLDLSK/2
815.9182005215039,2,848.351,1.0819074,VAAAESMPLLLEC[UNIMOD:4]AR/2
859.8881515495041,2,848.351,1.120642,DTENAIENMVGPDWK/2
742.3875821460041,2,848.351,1.0809934,ELVLALYDYQEK/2
996.961324917504,2,849.095,1.1777822,MVSDINNAWGC[UNIMOD:4]LEQVEK/2
954.4851557640042,2,849.095,1.1619436,TIGTGLVTNTLAMTEEEK/2
783.4015551630039,2,849.095,1.0604457,LPIGDVATQYFADR/2
696.7006059589622,3,849.838,0.9566404,EAEAAIYHLQLFEELRR/3
762.4032321580041,2,849.838,1.0599983,LVSEFPYIEAEVK/2
818.4374177270041,2,849.838,1.1120636,NVHLAPGWLMQLEK/2
820.4034375550041,2,849.838,1.1024535,MDVAQSELDIYLSR/2
773.408325910004,2,850.582,1.0615295,LVIWGTDVNVAAC[UNIMOD:4]K/2
867.938175806504,2,850.582,1.1108098,TESAVSQMQSVIELGR/2
932.432726229004,2,850.582,1.2145295,DEPSVAAMVYPFTGDHK/2
924.903141328504,2,850.582,1.1275358,GEDEEMADPMEDVIIR/2
889.9152235795041,2,850.582,1.1200038,EPSLATWEATWSEGSK/2
794.7131283629624,3,850.582,1.0116295,LSIFDANESGFESYEALPQHK/3
632.6462333562956,3,850.582,0.8993014,GLMELHMVLPAPDTDEK/3
442.5748439589624,3,850.582,0.77725667,ATFYLNVLEQK/3
628.3211879284414,4,850.582,0.8677109,ETVLRGLMELHM[UNIMOD:35]VLPAPDTDEK/4
796.9268828305039,2,851.326,1.1071208,NEVDMQVLHLLGPK/2
522.7772735859414,4,851.326,0.83932745,EAEAAIYHLQLFEELRR/4
967.4771422050039,2,852.069,1.1714143,GVESQGMLLC[UNIMOD:4]ASIEGINR/2
808.4216302740042,2,852.069,1.0969388,AILVDLEPGTMDSVR/2
531.6203473759623,3,852.069,0.8602444,NEVDMQVLHLLGPK/3
539.2835123382957,3,852.069,0.8563465,AILVDLEPGTMDSVR/3
832.919254800504,2,852.069,1.110615,DLAYC[UNIMOD:4]VSQLPLTER/2
982.5131933120042,2,852.813,1.1861795,TSGVVTSC[UNIMOD:4]TGVLPQLSMVK/2
846.900204742504,2,852.813,1.1190813,QQEMMAALTDAIQDK/2
827.9270797745039,2,852.813,1.0943522,EEPVTADVINPMALR/2
645.3205202922956,3,852.813,0.935094,GVESQGMLLC[UNIMOD:4]ASIEGINR/3
976.471425654004,2,853.557,1.1763892,SSLSSAQADFNQLAELDR/2
753.9537579315041,2,853.557,1.1251093,TAVISIGNQLLHLK/2
689.3418669376289,3,853.557,0.9763376,VTTMDAELEFAIQPNTTGK/3
892.4321949830041,2,854.3,1.1246037,YGIVDYMIEQSGPPSK/2
942.999287591504,2,854.3,1.1836281,LSVEEAVAAGVVGGEIQEK/2
771.9587059205041,2,855.044,1.1166914,ITSEALLVTQQLVK/2
872.467426355004,2,855.787,1.1263245,DQSAVVVQGLPEGVAFK/2
913.4813994270039,2,855.787,1.1334409,APGEQTVPALNLQNAFR/2
514.9524258139623,3,855.787,0.81913084,LGFHLPLEVAYQR/3
718.047671311629,3,855.787,0.9368569,AAYPDLENPPLLVTPSQQAK/3
462.91280257796234,3,855.787,0.789744,IMHFPTWVDLK/3
771.9250004875041,2,855.787,1.0954157,LGFHLPLEVAYQR/2
410.55087641029564,3,855.787,0.7689958,ASLAHLLDMMK/3
738.7244227389623,3,855.787,1.0040376,NYLSVSLSEHHMATLASIIK/3
562.3065398932955,3,856.531,0.9030708,AAVEEGIVLGGGC[UNIMOD:4]ALLR/3
998.4826130390041,2,856.531,1.2016193,DMDEPSPVPNVEEVTLPK/2
644.0197217016289,3,856.531,0.93056244,ALLHVWAGGPWPQGATLR/3
755.9241431915041,2,856.531,1.1074545,TNIAMLTVLHEIR/2
842.9561716065039,2,857.275,1.1592033,AAVEEGIVLGGGC[UNIMOD:4]ALLR/2
804.4141396090042,2,857.275,1.0813754,YNVLGAETVLNQMR/2
819.4263813080041,2,857.275,1.0824802,MIVVLGEIGGTEEYK/2
922.397494839004,2,857.275,1.1335007,MFSEADAC[UNIMOD:4]ELWIDEK/2
798.9514121745041,2,857.275,1.0882816,SPISVPGGSALISNLGK/2
707.0233028492956,3,857.275,0.96982366,SLAYLTAATHGLDEEAESLK/3
844.928134034504,2,857.275,1.1165829,LQPFATEADVEEALR/2
507.27781013229577,3,857.275,0.83115226,KQPALDVLYDVMK/3
826.4093801990041,2,858.018,1.113171,AELNPWPEYIYTR/2
811.9034077345041,2,858.762,1.0737221,WLSC[UNIMOD:4]ETQLPVSFR/2
849.9385017835041,2,858.762,1.0988797,EIISFGSGYGGNSLLGK/2
765.7264919246289,3,858.762,1.006711,STVLTPMFVETQASQGTLQTR/3
672.340854816629,3,859.505,0.9682878,LDEIYVAGLVAHSDLDER/3
832.3925468530042,2,859.505,1.0859783,AGDMENAENILTVMR/2
761.927405774504,2,859.505,1.0633048,LLVVGITDPDPDIR/2
971.0018303175041,2,859.505,1.25347,VTEGLVDVILYHQPDDK/2
821.4294553330041,2,859.505,1.0998363,LC[UNIMOD:4]LTLGIPQATDPDK/2
964.4933151980041,2,859.505,1.2114078,ISIEMNGTLEDQLSHLK/2
882.4352689410041,2,860.249,1.1426092,SGC[UNIMOD:4]IVNNLAEFTVDPK/2
967.950957250504,2,860.249,1.18453,SPAESC[UNIMOD:4]DLLGDIQTC[UNIMOD:4]IR/2
537.0191034886915,4,860.249,0.84935296,DVHNIYGLYVHMATADGLR/4
802.4199448870041,2,860.249,1.0784351,DGTAGIPNLQLYDVK/2
961.4322034330041,2,860.249,1.1871516,QQYEQC[UNIMOD:4]MDLQLFYR/2
643.331302287629,3,860.249,0.9063281,ISIEMNGTLEDQLSHLK/3
715.6897124959623,3,860.249,0.99020773,DVHNIYGLYVHMATADGLR/3
642.996253942629,3,860.249,0.89370817,EQLAQAMFDHIPVGVGSK/3
971.9832519635042,2,860.992,1.17031,HTAMVSWGGVSIPNSPFR/2
648.3245934646292,3,860.992,0.88634795,HTAMVSWGGVSIPNSPFR/3
692.006712799629,3,860.992,0.99981505,APGQLEC[UNIMOD:4]ETAIAALNSC[UNIMOD:4]LR/3
983.025639760504,2,861.736,1.1984589,HNQLPLVIEFTEQTAPK/2
870.972541564504,2,861.736,1.126861,LLEGIGLENLDSPAATK/2
655.6861853292957,3,862.479,0.97432464,HNQLPLVIEFTEQTAPK/3
977.023628387504,2,862.479,1.1868238,TPASINATPANINLADLTR/2
874.3615435020041,2,862.479,1.100106,EDPTAVAC[UNIMOD:4]TFSC[UNIMOD:4]MMK/2
575.649182978629,3,862.479,0.83592457,ASVITQVFHVPLEER/3
753.887946249504,2,863.223,1.0726622,DVYAVLQLEAEEK/2
495.28177188962906,3,863.223,0.8694599,LSEVTFRPLFFK/3
907.3868303280042,2,863.966,1.1246578,DDDYAGFVFGYQSSSR/2
888.9560341995041,2,863.966,1.1239046,MSSSDTPLGTVALLQEK/2
821.433386576004,2,863.966,1.1272793,GANVIAGVWLEEAGQK/2
525.9679644189624,3,863.966,0.85670835,IFSFAHQTISALIK/3
788.0676826889621,3,863.966,1.0035318,ERDVYEELLTQAEIQGNINK/3
587.0085997659625,3,864.71,0.9085305,EPPLSLTIHLTSPVVR/3
734.8424845105042,2,864.71,1.0376549,C[UNIMOD:4]DENILWLDYK/2
808.8974566575041,2,865.454,1.0700606,SFYPEEVSSMVLTK/2
724.8795899225041,2,865.454,1.0509224,ELYLEDSPLELK/2
880.0092614155042,2,865.454,1.1757902,EPPLSLTIHLTSPVVR/2
777.8935629285039,2,865.454,1.0656661,VNFDDYTVNLGGLK/2
979.969149955504,2,865.454,1.1938975,AFMDIMSAQASSGSTSVLR/2
516.273059100629,3,865.454,0.841468,MTALAQDFAVGLGPR/3
862.410305425004,2,866.197,1.1213516,DTSFLGSDDIGNIDVR/2
846.419087594004,2,866.197,1.0989164,IVFNLC[UNIMOD:4]PLQTEDDK/2
778.892508662504,2,866.197,1.0798544,VVIGM[UNIMOD:35]DVAASEFFR/2
733.0515272246289,3,866.197,0.98610604,NLVEQHIQDIVVHYTFNK/3
485.2839525702957,3,866.197,0.8431461,EVTINQSLLAPLR/3
671.6824408719624,3,866.197,0.93213886,LLHYAGEVTYSVTGFLDK/3
947.9465237785041,2,866.941,1.1776954,IYADTFGDINYQEFAK/2
864.4805337990041,2,867.684,1.1191698,SVIEQGGIQTVDQLIK/2
593.3401265449623,3,868.428,0.9114128,EIRPALELLEPIEQK/3
763.897791025504,2,868.428,1.0557556,APNISMPDVDLNLK/2
786.4194135750041,2,868.428,1.091889,LYLVSDVLYNSSAK/2
796.925197400504,2,868.428,1.0798621,IFVNSNTDVAPFLR/2
556.6151505642957,3,868.428,0.88460875,ESC[UNIMOD:4]LEAYTGIVQGLK/3
834.4190876130041,2,869.172,1.1248327,ESC[UNIMOD:4]LEAYTGIVQGLK/2
814.4275729390042,2,869.172,1.1077317,FLGSGGFIGYAPNLSK/2
819.875044216504,2,869.172,1.0816667,DPFDTLATMTDQQR/2
481.589487456629,3,869.172,0.7761037,ENYVWNVLLHR/3
889.5065515840041,2,869.172,1.1569856,EIRPALELLEPIEQK/2
771.9173724195039,2,869.915,1.0584116,EQLWLANEGLITR/2
836.925728719504,2,869.915,1.1021382,NFINNPLAQADWAAK/2
884.4271095850041,2,869.915,1.1372482,LAALASDFSEDMLQEK/2
510.2767979759624,3,869.915,0.8620863,DPILFPSFIHSQK/3
764.9115587305041,2,870.658,1.1151311,DPILFPSFIHSQK/2
680.0124038322957,3,871.402,0.951223,IQEIIEQLDVTTSEYEK/3
927.0099896755041,2,871.402,1.1417643,TVNELQNLTAAEVVVPR/2
966.4907725360041,2,871.402,1.165646,EQLSAQELMESGLQIQK/2
857.3986864910041,2,872.146,1.082753,WTSQDSLLGMEFSGR/2
884.4823565730042,2,872.146,1.2019398,VLEQLIVAHFPMQSR/2
975.498066217004,2,872.889,1.1762471,LLAVAIGADC[UNIMOD:4]TYPELTDK/2
732.3756820932957,3,872.889,0.9570708,VGEQAQVVIIDMNDPSNPIR/3
605.6285197172956,3,872.889,0.8668197,DGGLQNMELHGMIMLR/3
541.9652825862955,3,872.889,0.88332754,GNENANGAPAITLLIR/3
757.7220696352956,3,872.889,1.008444,AGGPGLERAEAGVPAEFSIWTR/3
777.9190578045041,2,873.633,1.1159284,SLHDALC[UNIMOD:4]VLAQTVK/2
498.299714082629,3,873.633,0.81012803,AVAEQIPLLVQGVR/3
812.4442856460039,2,874.376,1.0791435,GNENANGAPAITLLIR/2
518.9484640252957,3,874.376,0.7959467,SLHDALC[UNIMOD:4]VLAQTVK/3
714.888280614504,2,874.376,1.0550268,DQIAQLEASLAAAK/2
429.4926188951915,4,874.376,0.78077376,LLILDEVHLLHEDR/4
780.927602727504,2,875.12,1.0808884,ELLLSAIDSVNATSK/2
491.9210142009624,3,875.12,0.8532853,EWTDGLFTHVLR/3
806.4013581500041,2,875.12,1.0674922,NYPATFWVNPQFK/2
874.4123167810039,2,875.12,1.118592,AAFFVTLDETEEGYR/2
926.465415016004,2,875.12,1.147439,LVSASYDGTAQVWDALR/2
446.57992930229574,3,875.12,0.7622642,KFTFGLDWVPK/3
747.395938490004,2,875.863,1.0617392,DTLQSELVGQLYK/2
737.3778830680042,2,875.863,1.0666677,EWTDGLFTHVLR/2
520.9328139652957,3,875.863,0.7995194,DITLFHAMDTLQR/3
780.8955827145041,2,875.863,1.0817318,DITLFHAMDTLQR/2
589.9906632042957,3,875.863,0.91319466,VLEQLIVAHFPMQSR/3
959.020023088504,2,876.607,1.1841357,GSYGDLGGPIITTQVTIPK/2
814.7543819396288,3,876.607,1.0254596,LLYMLAEALPVSHGAHFSGDVSK/3
876.4065115240039,2,876.607,1.1320311,NYMAFLDSQTATFSR/2
817.895779646504,2,877.35,1.0731558,ASEWVQQVSGLMDGK/2
709.3442705089624,3,877.35,0.9726111,NMDPLNDNIATLLHQSSDK/3
573.6699184446289,3,877.35,0.91261524,LLQVASPFLEPHLVR/3
637.3425300802955,3,877.35,0.95419174,EAIDSPVSFLALHNQIR/3
956.9841689095041,2,877.35,1.1759398,DLAQINDLQAQLEEANK/2
559.2923421549623,3,877.35,0.84707046,IEPVFHVMGFSVTGR/3
789.7571142619623,3,878.094,0.99885243,FENAFLSHVVSQHQALLGTIR/3
783.9461298255039,2,878.838,1.0947157,APVPASELLASGVLSR/2
969.479873479004,2,878.838,1.191479,ELC[UNIMOD:4]SLASDLSQPDLVYK/2
775.3802883740041,2,879.581,1.0623245,FLGDIEVWDQAEK/2
716.0040197589624,3,879.581,0.9786853,IVSWLEYESSFSNEEAQK/3
617.3425300822956,3,879.581,0.95655024,AGLGSGLSLSGLVHPELSR/3
980.9861801995044,2,879.581,1.221539,SVTTVQWENSFVSVYSK/2
748.4008268690042,2,879.581,1.0771244,IFLFDTQHFISK/2
590.661422951629,3,879.581,0.90924525,DVVEPLLRPQWYVR/3
761.9035963345041,2,880.324,1.0696841,SDVEINYSLIEIK/2
499.2696434016291,3,880.324,0.8180983,IFLFDTQHFISK/3
902.9756155645041,2,881.068,1.1540196,AAVPSGASTGIYEALELR/2
781.4222905860042,2,881.068,1.0617893,VLFASQEIPASPFR/2
825.919057792504,2,881.068,1.0877911,FILPEGASQGMTPFR/2
811.971813244504,2,881.811,1.158372,VVVQVLAEEPEAVLK/2
602.3195025319624,3,881.811,0.90841377,AAVPSGASTGIYEALELR/3
541.6503009852956,3,881.811,0.87211853,VVVQVLAEEPEAVLK/3
808.9318308225039,2,882.555,1.0871413,QMTDVLLTPATDALK/2
516.0048877451916,4,882.555,0.8072151,HYLDFINHYANLFHEK/4
833.411262553004,2,883.299,1.1079613,FDEILEASDGIMVAR/2
875.4488993090041,2,883.299,1.1380255,ELLSNVDEGIYQLEK/2
513.3082095682958,3,883.299,0.88238543,LVLIGSNHSLPFLK/3
808.4127510300041,2,884.042,1.0675298,IMGIPEEEQMGLLR/2
959.9300164225042,2,884.042,1.163716,GDPQVYEELFSYSC[UNIMOD:4]PK/2
555.9432671909623,3,884.042,0.8861848,FDEILEASDGIMVAR/3
643.015425606629,3,884.042,0.91313976,C[UNIMOD:4]RPDQLTGLSLLPLSEK/3
568.6259381522956,3,884.042,0.87262964,TQEQLALEMAELTAR/3
882.432006442004,2,884.042,1.1249297,IC[UNIMOD:4]IIWDLQSC[UNIMOD:4]QATR/2
981.462931908004,2,884.042,1.1717986,TQLEELEDELQATEDAK/2
848.4386689680039,2,884.042,1.109047,SPGLYFLTAGDQGTLR/2
852.435268995004,2,884.786,1.0997117,TQEQLALEMAELTAR/2
863.952140455504,2,884.786,1.0952222,DGSIDLVINLPNNNTK/2
872.4597983240039,2,884.786,1.1150284,EATGVLLSIDGEDGIVR/2
736.3589749692957,3,884.786,0.9541015,GMFLISAAPPEMYEVHTASR/3
737.4374093410041,2,884.786,1.0792919,VNYVVQEAIVVIK/2
742.9288942125041,2,885.529,1.0603191,VLVVGAGGIGC[UNIMOD:4]ELLK/2
856.9374475355041,2,886.273,1.1075147,GEIVIGGQNISMGYFK/2
874.9281340225041,2,887.016,1.1273344,VLQLTSWDEDAWASK/2
927.9563685965041,2,887.016,1.1476235,DPYTGQQISLFQAMQK/2
916.4880244170041,2,887.016,1.1560326,LESLSAATTFEPLEPVK/2
618.9733378866291,3,887.016,0.92633516,DPYTGQQISLFQAMQK/3
760.9030733745041,2,887.76,1.0700734,AGC[UNIMOD:4]AVTSLLASELTK/2
955.4642234580041,2,887.76,1.1790026,M[UNIMOD:35]QQQLDEYQELLDIK/2
683.009216574629,3,887.76,0.9178335,VDIDVPDVDVQGPDWHLK/3
880.4466909340041,2,887.76,1.1331486,QGFDLNVPGGEIDASLK/2
683.0081651659624,3,887.76,0.91556674,DVLDVYIEHRLMMEQR/3
682.6812113796291,3,887.76,0.92247534,VDIDVPDVNVQGPDWHLK/3
827.903270331504,2,887.76,1.0877622,SYESQIEVMAAEVAK/2
983.9749552185041,2,888.504,1.1767696,VLNNMEIGTSLFDEEGAK/2
891.9708645635039,2,888.504,1.2159581,DLDQASLAAVSQQLAPR/2
656.3190623012957,3,888.504,0.957416,VLNNMEIGTSLFDEEGAK/3
491.26612746362906,3,888.504,0.7925327,QGYNMLNLLIHR/3
531.9681873096291,3,888.504,0.87811184,NGLLHGHFTLPFLK/3
752.411922938004,2,889.247,1.0714324,LYDNLLEQNLIR/2
714.0002808849623,3,889.247,0.93486506,DPTVHDDVLELEMDELNR/3
689.4037894309622,3,889.247,0.930068,LTSADALRPSVVSITGPLIR/3
830.874847203504,2,889.247,1.0966659,NGEFFMSPNDFVTR/2
596.3122365212956,3,889.247,0.9099868,QVEELYHSLLELGEK/3
552.9449424739623,3,889.247,0.8506682,VSFYQLSHFLQC[UNIMOD:4]K/3
695.6859679999624,3,889.991,0.9843439,ELLNPVVEFVSHPSTTC[UNIMOD:4]R/3
794.3895454472955,3,889.991,1.0149381,QDYLMLATLDENEEVIDGGKK/3
748.3516307930041,2,890.734,1.0438178,C[UNIMOD:4]PLDPYFIMPDK/2
925.460960840004,2,890.734,1.1812335,ALC[UNIMOD:4]QITDSTMLQAIER/2
617.3097327156289,3,890.734,0.913438,ALC[UNIMOD:4]QITDSTMLQAIER/3
645.0107804379622,3,890.734,0.9733617,LNYYVGGEIVTIAHLDR/3
910.9182600645041,2,891.478,1.1330284,EVEGDDVPESIMLEMK/2
667.3560050949624,3,891.478,0.99451905,HGLQPALLVHWAEC[UNIMOD:4]LQK/3
720.3661744559623,3,891.478,0.97810227,ELQNTVSQLLESEGWNRR/3
614.6755092196289,3,891.478,0.9361993,TLGHNLLVSELYNQLK/3
639.3266627169622,3,891.478,0.93124,C[UNIMOD:4]DRVDQLTAQLADLAAR/3
921.509625596004,2,891.478,1.1931589,TLGHNLLVSELYNQLK/2
829.4325293590041,2,892.222,1.0947813,DIILGMEISAPSQQR/2
827.959768600504,2,892.222,1.1137882,LDLQQGQNLLQGLSK/2
835.951609136504,2,892.965,1.1049801,VADNLAIQLAAVTEDK/2
902.4638378380039,2,892.965,1.1359084,AINC[UNIMOD:4]ATSGVVGLVNC[UNIMOD:4]LR/2
741.3660629756291,3,892.965,0.99785465,VDGAEWGVDLPSVEAQLGSHR/3
871.9648539065042,2,892.965,1.1104174,INSAPQQIEVFPPFR/2
829.423215898004,2,892.965,1.0936768,ELDDISQEIAQLQR/2
802.8925086805041,2,892.965,1.0766219,SGGFQSMGLSYPVFK/2
997.0009730065041,2,893.709,1.2005401,LGVC[UNIMOD:4]FDVPTASVTEIQEK/2
782.8963026155039,2,893.709,1.070394,YTLNVLEDLGDGQK/2
742.8819440765039,2,893.709,1.0585959,ALQLLQMYYEGR/2
860.4202416850042,2,893.709,1.1100966,LMDGEEPLPMLPSYK/2
738.8826639055042,2,893.709,1.048669,DIINEEEVQFLK/2
601.9783173809623,3,893.709,0.93344575,AINC[UNIMOD:4]ATSGVVGLVNC[UNIMOD:4]LR/3
867.4514419610041,2,893.709,1.1736001,NQEIVIEISFETSPK/2
804.8899659705041,2,893.709,1.0683814,YNFPVEVEVPMER/2
731.9112244165041,2,894.452,1.0718353,IYVDDGLISLQVK/2
917.9779612845041,2,895.196,1.1756411,IIQQAGQVWFPDSAFK/2
848.4020489320042,2,895.196,1.1303799,MIDAGDALIYMEPEK/2
981.530754994004,2,895.939,1.225736,FIQLLSDQSDQSVLIQK/2
924.4910984370041,2,895.939,1.1541737,VLTLVSQIDVNNEFEK/2
654.6895954849623,3,895.939,0.9358448,FIQLLSDQSDQSVLIQK/3
879.4369459760042,2,896.683,1.1213831,LASEYLTPEEMVTFK/2
735.6930111326288,3,896.683,0.9691482,GPLLVQDVVFTDEM[UNIMOD:35]AHFDR/3
969.9956907365039,2,897.427,1.2049503,TLLQGSGC[UNIMOD:4]LAGIYLEDTK/2
575.3366049529624,3,897.427,0.92452955,VPSVSSSALVSSLHLLK/3
778.917569366504,2,897.427,1.0836898,QDVIITALDNVEAR/2
918.9467207055039,2,897.427,1.1539251,DSEEPFSSVEIQAALSK/2
734.3868621990042,2,897.427,1.0802937,DLGLAFEIPPHMK/2
881.9647165785041,2,898.171,1.126623,LLVLYSGEDDELLQR/2
546.3129661846289,3,898.171,0.86983746,LFPLIQAMHPTLAGK/3
800.4568616930039,2,898.171,1.1587498,NLTALGLNLVASGGTAK/2
683.6740568079623,3,898.171,0.95780444,VSVPSNLSYGEWLHGFEK/3
646.6346172329623,3,898.171,0.946537,C[UNIMOD:4]C[UNIMOD:4]LFPFGLHC[UNIMOD:4]TGMPIK/3
703.3822997650041,2,898.171,1.0448936,VESLQEEIAFLK/2
911.9343819045041,2,898.171,1.1275867,RLLQSPC[UNIMOD:4]PFC[UNIMOD:4]DSPVF/2
981.0043729735042,2,898.914,1.20808,IISAASEGGANVFTVSYFK/2
751.4166738650041,2,898.914,1.0493729,SPFTVGVAAPLDLSK/2
527.2837287619415,4,898.914,0.84057385,HVFWGSGSHTLPALLENLK/4
770.940316187504,2,898.914,1.083467,FIQPNIGELPTALK/2
939.467623338004,2,898.914,1.1463329,EFLPEGQDIGAFVAEQK/2
567.6249260012956,3,898.914,0.8675355,NHQNLLDSLEQYVK/3
702.7092128602957,3,899.658,0.97569287,HVFWGSGSHTLPALLENLK/3
869.4456367100041,2,899.658,1.1350462,EQSTC[UNIMOD:4]NFQAIVISLK/2
626.6475077142957,3,899.658,0.9309355,EFLPEGQDIGAFVAEQK/3
813.4590700460041,2,900.401,1.0896963,ALIPLALEGTDVGQTK/2
883.9262225065041,2,900.401,1.1384704,VLSEC[UNIMOD:4]SPLMNDIFNK/2
454.57992934762905,3,900.401,0.784711,YRPLFDYFLK/3
956.5014745720039,2,901.145,1.2691264,IIEVVDAIMTTAQSHQR/2
763.415096718004,2,901.145,1.0593816,MSQVPAPVPLMSLR/2
713.4159540250039,2,901.145,1.0571114,ALLLVPASVNC[UNIMOD:4]LR/2
796.9195806765041,2,901.145,1.0685217,VTPNEGLTVSFPFGK/2
947.4743940980042,2,901.145,1.1578628,C[UNIMOD:4]SPTVAFVEFPSSPQLK/2
723.7110591879622,3,901.888,0.9375799,LHDINAQLVEDQGFLDTLK/3
762.7083324442957,3,901.888,1.025779,VEDMAELTC[UNIMOD:4]LNEASVLHNLK/3
784.9013879425041,2,902.632,1.0670625,ENGAFTVLVDNYVK/2
751.440483358004,2,902.632,1.0683687,VNYVVQEAIVVIR/2
557.2769434149415,4,902.632,0.8511629,LSYLEEAVMHLDHSDPITR/4
789.4077049149623,3,902.632,1.0273317,EAIVTSEELGQDLEHVEVLQK/3
742.7001657309623,3,902.632,0.9979728,LSYLEEAVMHLDHSDPITR/3
848.9201120115042,2,903.376,1.10603,NSSYFVEWIPNNVK/2
569.6610885979624,3,903.376,0.86544025,IAPVHIDTESISALIK/3
566.2825001632958,3,903.376,0.88843113,NSSYFVEWIPNNVK/3
953.9664019625042,2,903.376,1.1870255,IAQDLEM[UNIMOD:35]YGVNYFSIK/2
501.2960810609623,3,903.376,0.822879,VNYVVQEAIVVIR/3
516.9138596192957,3,903.376,0.8907109,EWYGWHFPELGK/3
814.4037634560041,2,904.12,1.0712079,VEGFPTIYFAPSGDK/2
864.4679577370039,2,904.12,1.1361119,NALLQLTDSQIADVAR/2
828.429978224004,2,904.12,1.1776334,FYEGVVELSLTAAEK/2
900.464026404004,2,904.863,1.1327503,SLEEGEGPIAVIMTPTR/2
960.039081519504,2,905.607,1.2014475,ISSIQSIVPALEIANAHR/2
927.961985262504,2,905.607,1.145796,C[UNIMOD:4]FNTLTNSFQPSLLGR/2
499.2645580262957,3,905.607,0.7870876,VSDILHSIFSSYK/3
748.3931988060041,2,905.607,1.0739231,VSDILHSIFSSYK/2
709.419353994004,2,905.607,1.0777591,WLPLGLGLNHLGK/2
768.7155984969622,3,905.607,0.98790646,AVTDSINQLITMC[UNIMOD:4]TQQAPGQK/3
473.2819948182957,3,905.607,0.8471477,WLPLGLGLNHLGK/3
640.3618131686289,3,906.35,0.9616057,ISSIQSIVPALEIANAHR/3
781.896105598504,2,906.35,1.0632435,ETIIAFAWEPNGSK/2
614.0144134329624,3,907.094,0.93748665,ILDVASLEVLNEVNRR/3
668.0102287522956,3,907.837,0.95140207,IPEISIQDMTAQVTSPSGK/3
877.4721773850041,2,908.581,1.1220819,EEEVTGPVIAPLFPQK/2
928.4609523700042,2,908.581,1.180286,EVMVLNATESFVYEPK/2
848.4115968500041,2,908.581,1.1046939,DVTNFTVGGFAPMSPR/2
930.9163860775041,2,909.324,1.1451945,MEGNAEESTLFC[UNIMOD:4]FAVR/2
956.0511262485041,2,909.324,1.2426296,VLQALGSEPIQYAVPVVK/2
796.4331896560041,2,909.324,1.0683616,WFTLSSGQGQVLLR/2
432.60636699896236,3,909.324,0.7902597,LAAVALINAAIQK/3
569.9582394682957,3,909.324,0.8989487,AQLADSFHLQQFFR/3
733.379532411629,3,909.324,0.9514041,AVDDLNLHSYSNLPIWVNK/3
894.469643146004,2,909.324,1.154417,QTDVLQQLSIQMANAK/2
895.949597785504,2,910.068,1.1520755,NDLGVGYLLIGDNDNAK/2
794.375537341004,2,910.068,1.069422,QDTFSGTGFFPLDR/2
886.0142093955042,2,910.068,1.1455443,LNSVLEVEKSLVLAEK/2
862.4166822950041,2,910.068,1.1526749,GELGC[UNIMOD:4]FLSHYNIWK/2
785.9072016635041,2,910.812,1.0686855,DDGTGQLLLPLSDAR/2
973.9727384945041,2,910.812,1.1805425,YVLEPEISFTSDNSFAK/2
699.7124000712956,3,911.556,1.0057133,LALVTGGEIASTFDHPELVK/3
892.459701197004,2,912.299,1.1529335,VMYTPMAPGNYLISVK/2
960.4475190690041,2,912.299,1.1725094,FLQMC[UNIMOD:4]NDDPDVLPDLK/2
797.369003823004,2,912.299,1.0632598,WYQMGAYQPFFR/2
857.9558372345041,2,912.299,1.1342115,IMLNTPEDVQALVSGK/2
732.4039009420042,2,912.299,1.0839181,LQLNYLGNYIPR/2
953.9570884645043,2,912.299,1.1753867,YYLQDGDLDVVFASSSK/2
830.4529304560041,2,912.299,1.1203978,QLLSNELLLTQMEK/2
904.433446173004,2,912.299,1.1440892,QLDDEEVSEFALDGLK/2
768.370886183004,2,912.299,1.0632511,NC[UNIMOD:4]PLIDNIC[UNIMOD:4]AFAK/2
762.8938972725041,2,912.299,1.0668619,VGNLGLATSFFNER/2
590.3367164112956,3,913.043,0.8885261,ALESPERPFLAILGGAK/3
695.0129610599624,3,913.043,0.9763583,HVINFDLPSDIEEYVHR/3
740.898982686504,2,913.043,1.0791897,NPGFEIIHGLLDR/2
804.866156553504,2,913.043,1.0769777,IGDEYFTFITDC[UNIMOD:4]K/2
494.268413946629,3,913.043,0.8091957,NPGFEIIHGLLDR/3
885.0014363835039,2,913.043,1.1462797,ALESPERPFLAILGGAK/2
773.7143634472956,3,913.043,1.0082451,DALLSALSIQNYHLEC[UNIMOD:4]NETK/3
521.5115399116916,4,913.043,0.85028654,HVINFDLPSDIEEYVHR/4
585.6853456119624,3,913.787,0.9576273,DPLPPLDPQAIKPILK/3
812.4568617170039,2,914.53,1.0932858,LAGTQPLEVLEAVQR/2
541.9736666336289,3,914.53,0.8433964,LAGTQPLEVLEAVQR/3
831.933553793504,2,915.273,1.1011506,VWQLQDLSFQTAAR/2
794.3590794326291,3,915.273,1.012056,EEIPEEELAEDVEEIDHAER/3
939.927611099504,2,915.273,1.1471181,FFQPTEMASQDFFQR/2
939.9276111035042,2,915.273,1.142643,FFQPTEM[UNIMOD:35]AAQDFFQR/2
784.9301453985041,2,916.017,1.1009113,DLANIAEVEVSIPAK/2
586.6429291289622,3,916.017,0.91908073,LMNETTAVALAYGIYK/3
756.9428588405042,2,916.017,1.06349,GQVPPLVTTNFLVK/2
904.9827123555041,2,916.761,1.1463224,HSQFIGYPITLYLEK/2
879.460755460004,2,916.761,1.149608,LMNETTAVALAYGIYK/2
796.9301453805041,2,916.761,1.0808457,GITGVDLFGTTDAVVK/2
514.9557244652957,3,916.761,0.86858696,LLDAVDTYIPVPAR/3
933.4709942110043,2,916.761,1.1942157,TMQALEIELQSQLSM[UNIMOD:35]K/2
603.6575670592957,3,917.504,0.93184394,HSQFIGYPITLYLEK/3
771.9299484645042,2,917.504,1.0628228,LLDAVDTYIPVPAR/2
767.921789050504,2,918.248,1.0676814,LLAESVTEVEIFGK/2
689.375963196004,2,918.248,1.0461831,EALQLMATYLPK/2
668.6402528809623,3,918.991,0.93166274,SNMDNMFESYINNLRR/3
886.971821664504,2,918.991,1.1496221,VPLQGFAALEGMNGIQK/2
888.469969014004,2,918.991,1.1248999,TSGVPSGFNFTAPPVLGK/2
692.6728939236291,3,918.991,0.967006,LAFSC[UNIMOD:4]IWEMNHNAEILK/3
807.7458864879623,3,918.991,1.0137533,TPPQLEALQELHPYMEGAQLR/3
963.4781880130039,2,919.735,1.1796746,WVTTASLLDYDTVAGADK/2
758.8695565315041,2,919.735,1.0712786,EYQDAFLFNELK/2
978.990408333504,2,920.478,1.1919417,DAATIMQPYFTSNGLVTK/2
580.9942906092957,3,920.478,0.87393254,LFLFHTSLPIAEAPGK/3
662.6766327869624,3,920.478,0.90215737,EMLFEGGPRPWILEPSK/3
870.9877976805041,2,920.478,1.1401242,LFLFHTSLPIAEAPGK/2
938.4585471090041,2,920.478,1.1988646,FFSTLYENC[UNIMOD:4]FHILGK/2
765.731577304629,3,921.222,1.0111927,LGEINVIGEPFLNVNC[UNIMOD:4]EHIK/3
732.4021141466288,3,921.222,0.9911928,LGAASLGAEDPETQVVLINAVK/3
902.9650508865041,2,921.222,1.1376851,QEIFQEQLAAVPEFR/2
809.8602514175041,2,921.222,1.0698373,DGWQVEEADDWLR/2
947.4667661430041,2,921.965,1.1802247,MQQQLDEYQELLDIK/2
941.980897910504,2,921.965,1.1748649,EQNIVFNAETYSNLIK/2
908.9522403235039,2,921.965,1.1445874,LMNDMTAVALNYGIYK/2
721.377351790004,2,921.965,1.0548561,YGLFPANYVELR/2
587.8253321414414,4,921.965,0.8702072,ISQMPVILTPLHFDRDPLQK/4
932.4036428780041,2,923.452,1.1460792,SNM[UNIMOD:35]DNMFESYINNLR/2
764.9277401565041,2,923.452,1.0631093,DPVQLNLLYVQAR/2
782.905616091504,2,924.196,1.0874717,AYVEANQMLGDLIK/2
876.943784117504,2,924.196,1.1440724,SQVVFSAEELIYPDR/2
819.4428886710041,2,924.196,1.1193244,EPVYLSGYGVELAIK/2
932.4036428780041,2,924.196,1.1457776,SNMDNM[UNIMOD:35]FESYINNLR/2
580.9795412639623,3,924.196,0.90644795,VTYTPMAPGSYLISIK/3
870.9656736625041,2,924.939,1.1361588,VTYTPMAPGSYLISIK/2
688.3265512492957,3,924.939,0.9591,NFLYDIAGC[UNIMOD:4]SGTFTVQNR/3
775.9486725505039,2,925.683,1.1411191,ALIAGGGAPEIELALR/2
990.0113407555041,2,925.683,1.1953934,TLTTMAPYLSTEDVPLAR/2
601.9869187262957,3,925.683,0.9312692,YVIWSADMSHVALLAK/3
997.9856572785042,2,926.427,1.1862828,AFC[UNIMOD:4]EPGNVENNGVLSFIK/2
668.3437651732957,3,926.427,0.87585497,YHQC[UNIMOD:4]ATIQLDFQLPIR/3
695.0456020706291,3,927.17,0.956556,HKPAFTEEDVLNIFPVVK/3
739.0281709266288,3,927.914,0.95769423,DLYANTVLSGGTTMYPGIADR/3
677.664398458629,3,927.914,0.98306286,C[UNIMOD:4]EYPAAC[UNIMOD:4]NALETLLIHR/3
858.9361560345039,2,927.914,1.1326566,QDLEAEVSQLTGEVAK/2
920.4359888780041,2,927.914,1.1833684,EDFPLIETEDEAYLR/2
825.9240057635042,2,928.657,1.1117337,C[UNIMOD:4]DFTGTLIVVPDVSK/2
745.3656171802955,3,928.657,0.9998682,SSTAISSIAADGEFLHELEEK/3
860.4076656320041,2,928.657,1.1176493,MNSSC[UNIMOD:4]ADILLFASYK/2
652.6960273416289,3,929.401,0.8914918,LIHFSGVALGEAC[UNIMOD:4]TIVLR/3
825.9405131175041,2,929.401,1.1043432,VSEYVPEIVNFVQK/2
550.9627675672957,3,929.401,0.86527467,VSEYVPEIVNFVQK/3
834.453787735004,2,929.401,1.1602191,AVVYVSDIQELYIR/2
978.5404027790039,2,929.401,1.2072041,LIHFSGVALGEAC[UNIMOD:4]TIVLR/2
962.4597983080041,2,930.144,1.1800046,SFITTDVNPYYDSFVR/2
908.908660914504,2,930.144,1.1330343,VTDEC[UNIMOD:4]IQIMGGMGFMK/2
664.3421956972958,3,930.888,0.91647667,FVDHVFDEQVIDSLTVK/3
429.49261890419143,4,930.888,0.7789846,LIILDEIHLLHDDR/4
816.8483980065042,2,930.888,1.0921917,MQYSMEYFQFMK/2
758.9221233955041,2,931.631,1.0734245,EAFAIVSVPVSEIR/2
954.4263896930042,2,931.631,1.1859199,C[UNIMOD:4]PFVPQMGDEVYYFR/2
727.3855185029623,3,932.375,0.9676537,SVLLLAYKPMEGNFEEIAR/3
746.403043615004,2,933.118,1.0597631,VLFLLGADGGC[UNIMOD:4]ITR/2
589.6589135486289,3,933.118,0.908942,ISQMPVILTPLHFDR/3
864.4316636700042,2,933.862,1.1248765,NLPIYSEEIVEMYK/2
764.9238088585041,2,933.862,1.0736145,LLTGELLPTDGMIR/2
728.3866870339622,3,933.862,0.9672744,EPELQQYVPQLQNNTILR/3
787.7741052806291,3,934.606,1.0155684,TLAYLLPAIVHINHQPYLER/3
904.9618394935039,2,934.606,1.1488687,EIGLLSEEVELYGETK/2
523.6338167812958,3,934.606,0.84539264,IPPPVIMVQNVSFK/3
529.2755684969624,3,934.606,0.8573279,HWPTFISDIVGASR/3
695.017383330629,3,934.606,0.971241,GQTQVLC[UNIMOD:4]TVTFDSLESGIK/3
840.441211661004,2,935.349,1.1127372,YLNTNPVGGLLEYAR/2
810.3956041470041,2,935.349,1.1175855,DLLIAYYDVDYEK/2
947.953825828504,2,935.349,1.1755512,GPAFNMASPESDFGINLK/2
784.9470869385042,2,935.349,1.1001577,IPPPVIMVQNVSFK/2
928.9836375425041,2,935.349,1.165545,LSVDEAVDVGLVNEELR/2
931.4995921590039,2,935.349,1.1596538,DAVITVPVFFNQAERR/2
598.3437595472957,3,936.093,0.87137973,LSEIPLTLHSVSELVR/3
845.4383345830041,2,936.836,1.1130283,SEQLEELFSQVGPVK/2
814.6962039396291,3,936.836,1.0125766,YEEYDNAIITMMNHPTDAWK/3
780.4007732752956,3,936.836,0.99919206,IDQLEGDHQLIQEALIFDNK/3
882.9061474245041,2,936.836,1.1163945,YANMWLEYYNLER/2
540.2609306172957,3,936.836,0.8621131,C[UNIMOD:4]ELYHWVDLLDR/3
799.9536205095042,2,937.58,1.1049085,VGIQLPEVELSVSTK/2
827.4277699160041,2,938.324,1.0903722,DPYTGQSVSLFQALK/2
912.5149079140037,2,938.324,1.1690158,QLLVEAIDVPAGTATLGR/2
842.9508808895041,2,938.324,1.1358082,FIAYQFTDTPLQIK/2
764.6893837009624,3,938.324,1.0003041,DNTC[UNIMOD:4]VVEFQFMLPTSHPNR/3
684.3837882460041,2,938.324,1.0357975,TLQTISLLGYMK/2
800.0893188256291,3,938.324,0.9976289,VLLIESLATMEPDSRPELQEK/3
819.4049259320042,2,939.067,1.087594,SQPDMAIMAVNSFVK/2
717.3821111990039,2,939.067,1.0440447,QFILVMNALDNR/2
632.2920134199624,3,939.067,0.89816993,DVLIEFYAPWC[UNIMOD:4]GHC[UNIMOD:4]K/3
926.0147407385041,2,939.811,1.2104081,LLPVLLSTAQEADPEVR/2
841.477794130004,2,939.811,1.1076695,LNALLEPGGVLTISER/2
667.6994374332958,3,939.811,0.93726623,MLVTFDEELRPLPVSVR/3
848.414859491004,2,939.811,1.1025915,EENLADWYSQVITK/2
884.4674263610041,2,940.554,1.1259878,GLPLVDDGGWNTVPISK/2
792.4194135370041,2,940.554,1.0701405,ELDSITPEVLPGWK/2
752.8818066285041,2,940.554,1.054856,TLNDELEIIEGMK/2
786.927602739504,2,940.554,1.0772583,IEEVLSGVLDTELR/2
812.9488694795039,2,941.298,1.0961789,TGAIVDVPVGEELLGR/2
972.4620150160041,2,941.298,1.2646399,DSDPVMAGIGEEIAHFQK/2
446.91542345462904,3,941.298,0.76767886,LSWHLWEVLR/3
648.6437688329623,3,941.298,0.955049,DSDPVMAGIGEEIAHFQK/3
840.925591345504,2,942.041,1.1035575,ETDDTLVLSFVGQTR/2
988.484001701004,2,942.041,1.1775287,DDVAQTDLLQIDPNFGSK/2
866.4422742730042,2,942.041,1.1074632,NNSELLNNLGNFINR/2
590.3173274799623,3,942.785,0.96086705,AC[UNIMOD:4]ANPAAGSVILLENLR/3
855.3936010800041,2,942.785,1.1057091,DDPSAMDFVTSAANLR/2
884.9723529865039,2,943.528,1.1392184,AC[UNIMOD:4]ANPAAGSVILLENLR/2
826.4381376550041,2,943.528,1.1081543,AAQAPSSFQLLYDLK/2
540.9460660759623,3,943.528,0.86975294,ETGLMYSIMVHALR/3
556.6158136549624,3,943.528,0.84642994,NQHFEVPFIAFYR/3
680.717374019629,3,943.528,0.9696649,VLVTVIQGAVEYPDPIAQK/3
722.0322441462957,3,944.272,0.94838166,GFFDPNTHENLTYVQLLR/3
851.9121496075041,2,944.272,1.1577668,EAWEEEQEVAELLK/2
519.9472289609624,3,944.272,0.8310886,SPQTPELVEALAFR/3
886.929819465504,2,945.015,1.1269058,DPYSGSTISLFQAMQK/2
869.438334590004,2,945.759,1.1257254,ATSIDPNTYITWIDK/2
981.0007845035041,2,945.759,1.187324,MLSAVSQQVQC[UNIMOD:4]IQEALR/2
903.977823904504,2,945.759,1.1506885,QLLDETSAITLTSTWK/2
728.7301193436289,3,945.759,0.94089496,GKPEIVGSNLDTLVSIGLDEK/3
518.2818833319624,3,945.759,0.83032453,GFVHPDPLWIPFK/3
760.4186936490041,2,946.502,1.0661643,FGANAILGVSLAVC[UNIMOD:4]K/2
507.2815545882957,3,946.502,0.85323393,FGANAILGVSLAVC[UNIMOD:4]K/3
828.392015555004,2,946.502,1.1143986,IFAMDENLSSIMER/2
782.9144953645041,2,946.502,1.1084466,ELLQSFDSALQSVK/2
718.3382395486291,3,947.246,0.98884445,GQC[UNIMOD:4]DLELINVC[UNIMOD:4]NENSLFK/3
774.9716163485041,2,947.246,1.0973707,TLQSLLTPQPPLLK/2
882.4495304210043,2,947.246,1.1303874,SILVPNEELSMVMSSK/2
667.3447107469623,3,947.989,0.93078226,DLSSHQLNEFLAQTLQR/3
961.474788091004,2,947.989,1.2035154,MQLSAELQSDTEEILSK/2
830.4750545400041,2,948.733,1.1180371,YTQQIIQGIQQLVK/2
791.9108983975041,2,949.477,1.0670748,NFTTEQVTAMLLSK/2
490.5757502469624,3,949.477,0.80067796,ESGC[UNIMOD:4]SFVLALMQK/3
954.984791660504,2,950.22,1.190516,SDMYILNESLTDPAIVK/2
866.4420397520039,2,950.22,1.1409498,ALESDMAPVLIMATNR/2
937.486347459004,2,950.22,1.156926,GEELLSPLNLEQAAYAR/2
954.476276487004,2,950.22,1.1910361,EELGTVNGMTITMVGDLK/2
827.8897690435042,2,950.22,1.0853294,YFVTFPYPYMNGR/2
728.7319060662957,3,950.963,0.98008215,VFHLPTTTFIGGQESALPLR/3
577.9637853236289,3,950.963,0.90490896,ALESDMAPVLIMATNR/3
590.9577543472957,3,951.707,0.854958,AAVMHDILDMMPEGIK/3
955.4674859400039,2,951.707,1.1847812,EFLLSLDDSVDETEAVK/2
658.3737187599623,3,951.707,0.9403298,EHLLQGLLPDVQVPTSVK/3
731.407311019629,3,952.45,0.9359646,IPGLLSPHPLLQLSYTATDR/3
860.925060017504,2,952.45,1.1080552,VELTITPDFQWDEK/2
694.033367777629,3,952.45,0.9309606,NLNLNDESQHGLLMQLLK/3
561.9456651369624,3,952.45,0.86748475,AANSLEAFIFETQDK/3
794.442365725004,2,953.194,1.0947793,VAC[UNIMOD:4]ITEQVLTLVNK/2
912.4623410510042,2,953.194,1.1585468,ENYLEENLLYAPSLR/2
842.4148594720041,2,953.194,1.149562,AANSLEAFIFETQDK/2
735.9375765675039,2,953.937,1.0565966,YQQAGLPLIVLAGK/2
754.881944009504,2,953.937,1.0548184,AAMIWIVGEYAER/2
939.9563685415042,2,953.937,1.1741186,NPLFC[UNIMOD:4]GAENTSLWELK/2
529.9640026389624,3,953.937,0.83368754,VAC[UNIMOD:4]ITEQVLTLVNK/3
796.883303471504,2,953.937,1.0605478,VQQAC[UNIMOD:4]EMVMDILR/2
838.958902889504,2,954.681,1.1751835,YEILQSVDDAAIVIK/2
902.9284308545041,2,954.681,1.1699159,LLMSEDYFTQAMEVK/2
940.9780208545042,2,955.425,1.1805352,EASDIILTDDNFTSIVK/2
745.8904889565041,2,955.425,1.0626247,DGIQLSEYLPEVK/2
980.473733828004,2,955.425,1.1770475,C[UNIMOD:4]VEDPETGLC[UNIMOD:4]LLPLTDK/2
807.9078243965041,2,956.168,1.0759826,AFYPEEISSMVLTK/2
873.428301214004,2,956.168,1.1253313,SAFSNLFGGEPLSYTR/2
938.9882998485043,2,956.912,1.20421,AGKPVIC[UNIMOD:4]ATQMLESMIK/2
645.3425300702957,3,956.912,0.9038617,DNHLLGTFDLTGIPPAPR/3
798.439960470004,2,956.912,1.1150986,ALQLLHC[UNIMOD:4]FPLDIR/2
626.3279587212959,3,957.655,0.90577096,AGKPVIC[UNIMOD:4]ATQMLESMIK/3
952.528015277004,2,957.655,1.2107614,GHVDILAPTVQELAALEK/2
768.9025420345041,2,957.655,1.0571563,TFAPEEISAMVLTK/2
921.985126061504,2,957.655,1.1498826,VC[UNIMOD:4]NDEQLLLELQQIK/2
861.459070044004,2,957.655,1.0940957,VESLESLYFTPIPAR/2
635.3544356736289,3,957.655,0.9432366,GHVDILAPTVQELAALEK/3
771.7275490292956,3,958.399,0.99564475,EQELQQTLQQEQSVLDQLR/3
614.9925095299624,3,958.399,0.92624784,VC[UNIMOD:4]NDEQLLLELQQIK/3
739.7073868499624,3,958.399,0.95745206,GDC[UNIMOD:4]TVLKPTLMAAVPEIMDR/3
532.6290658022957,3,958.399,0.8749574,ALQLLHC[UNIMOD:4]FPLDIR/3
685.9921141649623,3,958.399,0.9373435,STNGDTFLGGEDFDQALLR/3
967.510156872004,2,958.399,1.227674,DNHLLGTFDLTGIPPAPR/2
966.496715180004,2,959.142,1.232642,EAEAAIYHLQLFEELR/2
650.669082941629,3,959.142,0.9438828,LQQELDDLLVDLDHQR/3
857.954151840504,2,959.142,1.1183726,VQSDGQIVLVDDWIK/2
809.451579395004,2,959.142,1.0831412,LLELQSIGTNNFLR/2
677.390459178004,2,959.142,1.0438292,VPEILQLSDALR/2
853.9648539125039,2,959.142,1.1215541,LLGPNASPDGLIPWTR/2
680.6883210816292,3,959.142,0.9888591,VVSQYSSLLSPMSVNAVMK/3
860.4674263920041,2,959.142,1.1305801,SGGVNQYVVQEVLSIK/2
772.4236416350041,2,959.887,1.0795522,EPEVLSTMAIIVNK/2
644.666902275629,3,959.887,0.9239455,EAEAAIYHLQLFEELR/3
515.284853245629,3,959.887,0.842513,EPEVLSTMAIIVNK/3
853.945992445504,2,959.887,1.1266596,DGTIDFTPGSELLITK/2
990.033464811504,2,959.887,1.2145679,YGGTFQNVSVQLPITLNK/2
863.388121778004,2,960.63,1.1058822,VWLWTAC[UNIMOD:4]DFADGER/2
736.3981468300041,2,960.63,1.0533224,QIEILELEDLEK/2
961.9694759645041,2,960.63,1.1691086,FLQDC[UNIMOD:4]QELSLWINEK/2
595.3115138382956,3,961.374,0.864871,LRPLYDIPYMFEAR/3
693.7088785219622,3,961.374,0.91675216,GIDIHGVPYVINVTLPDEK/3
815.4459626530041,2,961.374,1.0923638,LGTPVLQALGDGDFVK/2
762.9352308125041,2,962.861,1.0687222,GDINILLIGDPSVAK/2
921.478188030004,2,962.861,1.1432178,SEGALELADVSNELPGLK/2
553.9699221509624,3,962.861,0.8507156,ALTVPELTQQVFDAK/3
834.4158249990041,2,962.861,1.0980324,MVSAVLNGMLDQSFR/2
872.435988829004,2,962.861,1.1373818,EEVGEEAIVELVENGK/2
742.3985925726289,3,962.861,0.95573705,EELSALVAPAFAHTSQVLVDK/3
612.9949074599624,3,962.861,0.8833839,SLVEIIEHGLVDEQQK/3
649.3681280129623,3,962.861,0.92585456,VYFLPITPHYVTQVIR/3
830.4512449930041,2,963.604,1.1164107,ALTVPELTQQVFDAK/2
772.4219562080041,2,963.604,1.0795896,VFGAPEVLENLEVK/2
772.912386883504,2,963.604,1.0732161,ENVIMSQILPC[UNIMOD:4]IK/2
758.7435943582955,3,963.604,0.9742656,MGLVDQLVEPLGPGLKPPEER/3
561.3066513496291,3,963.604,0.8808084,NTIEMQAITALAHLR/3
817.7264919312956,3,963.604,0.9863244,NFIGDYIGMEEHPELQQFVGK/3
567.6381780986289,3,963.604,0.8721998,QAAC[UNIMOD:4]TIVEALATIPSR/3
889.9774299755042,2,964.348,1.1365259,HSQFIGYPITLFVEK/2
675.696972960629,3,964.348,0.9881093,HVQLVLGQLIDENYLDR/3
519.959357501629,3,964.348,0.79984236,SYHLSELVQQILK/3
796.9195807275041,2,964.348,1.1209276,LVIDQIDNGFFSPK/2
551.649183024629,3,964.348,0.8656838,SLEQNIQLPAALLSR/3
941.964390529504,2,964.348,1.18337,DQGSFTEVVSISNLGMAK/2
908.014740741504,2,965.091,1.1592774,TVGALQVLGTEAQSSLLK/2
593.654045472629,3,965.091,0.9225425,HSQFIGYPITLFVEK/3
778.4292583980039,2,965.091,1.0587438,LTDQLPLIIVC[UNIMOD:4]DR/2
827.4188905720041,2,965.091,1.1066676,VNAMTFTFDNVLPGK/2
695.8755990785041,2,965.091,1.0402799,LVYLYLMNYAK/2
931.930153788504,2,965.835,1.1463158,FFQPTEMAAQDFFQR/2
571.2897213269624,3,965.835,0.89858127,AHMGMFTELAILYSK/3
540.9500278232957,3,966.579,0.8144232,LHFFMPGFAPLTSR/3
818.7177791396289,3,966.579,1.0221274,LSSC[UNIMOD:4]DSFTSTINELNHC[UNIMOD:4]LSLR/3
864.9547830375041,2,966.579,1.1388891,C[UNIMOD:4]ITDPQTGLC[UNIMOD:4]LLPLK/2
973.5074768150041,2,966.579,1.18703,LQVELDNVTGLLSQSDSK/2
755.7159272499622,3,966.579,1.0171219,DSNSLAYYNMANGAVIHLALK/3
810.9214035015041,2,967.322,1.0978832,LHFFMPGFAPLTSR/2
787.7741052679625,3,967.322,1.0151001,TLSYLLPAIVHINHQPFLER/3
942.476510999004,2,968.066,1.2796001,NEEDAAELVALAQAVNAR/2
881.9283309725042,2,968.066,1.120903,DDPLTNLNTAFDVAEK/2
628.6534328216289,3,968.066,0.96253026,NEEDAAELVALAQAVNAR/3
689.6460609279625,3,968.81,0.9402818,DDDSNFHMDFIVAASNLR/3
985.0433012205041,2,968.81,1.1886503,IGPYQPNVPVGIDYVIPK/2
983.4994548340039,2,968.81,1.1909157,LYIVFEGEEGQDAGGLLR/2
657.6897068912957,3,968.81,0.9805352,AIEPPPLDAVIEAEHTLR/3
680.3893688279624,3,968.81,0.9722335,EGDIIPPLTGATPPLIGHLK/3
591.0823980676915,4,968.81,0.8843479,TLSYLLPAIVHINHQPFLER/4
701.0451618726289,3,968.81,0.99493504,KGEPVSAEDLGVSGALTVLMK/3
822.389078922004,2,968.81,1.1059953,FMNPFNMPNLYQK/2
939.9989532765039,2,969.553,1.2118783,TVQLTSSELESTLETLK/2
969.971881213504,2,969.553,1.177857,MVEDLISVGEEESFNLK/2
784.3948841780042,2,971.04,1.0833644,AFDSGIIPMEFVNK/2
892.9463267615042,2,971.04,1.1428996,FSNTGEDWYVLVGVAK/2
718.3948481459623,3,971.04,0.92848784,KLELDILPLQEANAELSEK/3
710.7001657382956,3,971.04,0.99429077,VIESTQDLGNDLAGVMALQR/3
806.404294820004,2,971.04,1.0807725,GLLTYTSWEDALSR/2
838.953954854504,2,971.04,1.1097624,VIVSDVQESFIWVR/2
945.9689446475041,2,971.783,1.1898617,IAQDLEMYGVNYFSIK/2
900.4517763100039,2,971.783,1.1474553,AYLPVNESFGFTADLR/2
974.4779911160041,2,971.783,1.190343,YEDAYQYQNIFGPLVK/2
704.3398033492957,3,971.783,0.9620805,SDIYVC[UNIMOD:4]MISFAHNVAAQGK/3
931.4718514300039,2,972.527,1.1802083,ALEFGEPVLLVGDTGC[UNIMOD:4]GK/2
986.0147407275041,2,973.271,1.2079568,QHFPATPLLDYALEVEK/2
903.9910686815041,2,974.014,1.1601791,NAQLAQYNFILVVGEK/2
564.627279047629,3,974.014,0.84302896,ALTVPELTQQMFDAK/3
685.700494510629,3,974.014,0.965036,LEGVLAEVAQHYQDTLIR/3
657.6789193072957,3,974.014,0.9048227,QHFPATPLLDYALEVEK/3
997.0518545255038,2,974.758,1.2080371,EGDTIIVPGVEGPIVTQIR/2
846.4372803380041,2,974.758,1.1226807,ALTVPELTQQMFDAK/2
908.4800024540041,2,974.758,1.1436527,LAQDPFPLYPGEVLEK/2
836.9670622535042,2,974.758,1.1218803,IFQNLNGALDEVVLK/2
837.4590700460042,2,974.758,1.1189089,IFQNLDGALDEVVLK/2
827.9072016125042,2,974.758,1.1022003,DFTATFGPLDSLNTR/2
803.4459626560041,2,975.501,1.1041024,LAATNALLNSLEFTK/2
890.4541816150041,2,975.501,1.1473374,EASSASQFEELEIVLK/2
658.3468408912956,3,976.244,0.95982265,KIEDLGAAMEEALILDNK/3
968.462734928004,2,976.244,1.1609542,EADESLNFEEQILEAAK/2
889.473862849004,2,976.988,1.1470729,ELYAGMPTIQITALEK/2
456.93811666662896,3,976.988,0.811029,EGGFLLLHTLLR/3
875.441939934004,2,976.988,1.1193202,DTGNFVIGQILSDQSR/2
789.937250606504,2,976.988,1.1177729,YAIQLITAASLVC[UNIMOD:4]R/2
521.6119577452957,3,976.988,0.80631274,FHVDISLTDFIQK/3
943.5094881910039,2,976.988,1.1896939,EVENLILENTQLLETK/2
781.9142983845041,2,976.988,1.0943317,FHVDISLTDFIQK/2
688.6931891636291,3,976.988,0.99328685,DMAGLLKPTAC[UNIMOD:4]TMLVSSLR/3
487.63643768396224,3,976.988,0.79755425,IHGALLILNELVR/3
866.4436169290041,2,977.732,1.1231717,DFADILVQPTLEENK/2
938.480927696004,2,978.475,1.1704016,DTILQTVDLVSQETGEK/2
876.9312080765039,2,979.219,1.1087186,DAFQNAYLELGGLGER/2
517.9569595349624,3,979.219,0.8385987,ALLADAQLMLDHLK/3
779.9003337205041,2,979.219,1.066086,NTLEWC[UNIMOD:4]LPVIDAK/2
979.489284029004,2,979.962,1.1986502,DTLVQGLNEAGDDLEAVAK/2
586.3226301492956,3,979.962,0.85720915,GFHQVPFAPIVFIER/3
985.0230970865041,2,979.962,1.199505,IAPLEEGTLPFNLAEAQR/2
770.384850863004,2,979.962,1.0639019,EC[UNIMOD:4]GNYPGFLTILR/2
789.403240541004,2,979.962,1.0798138,QAMTSIWNALVTDK/2
813.4431953389621,3,979.962,1.0003561,FGAILAQGILDAGGHNVTISLQSR/3
479.57121654796236,3,979.962,0.7810133,DIINMLFYHDR/3
751.9017223225039,2,979.962,1.0637282,NAGLAFIELVNEGR/2
542.653934031629,3,980.706,0.8656277,RESPEVLLTLDILK/3
878.980306990504,2,980.706,1.1314878,GFHQVPFAPIVFIER/2
877.9444152845041,2,980.706,1.1215672,LYTVC[UNIMOD:4]DVALC[UNIMOD:4]VINSK/2
829.945992442504,2,980.706,1.1182857,DVTVLSVAEEQDLLK/2
925.4735368960042,2,981.449,1.1747453,TMQALEIELQSQLSMK/2
816.864145205504,2,981.449,1.0721966,SDYDMVDYLNELR/2
669.992620933629,3,981.449,0.9446953,AIMTYVSSFYHAFSGAQK/3
907.9532945185041,2,981.449,1.1491718,FLEGTSC[UNIMOD:4]IAGVFVDATK/2
786.9263514995041,2,982.192,1.0624712,MNLPGEVTFLPLNK/2
964.4741971740041,2,982.192,1.2174062,DIPFSAIYFPC[UNIMOD:4]YAHVK/2
617.3181167529625,3,982.192,0.9011503,TMQALEIELQSQLSMK/3
758.8877492325041,2,982.192,1.0466936,ELPAWVSFPDVEK/2
964.4741971740041,2,982.192,1.2161374,DIPFSAIYFPVYAHC[UNIMOD:4]K/2
904.459266978004,2,982.936,1.144261,LFVGNLPADITEDEFK/2
966.9742269905041,2,982.936,1.1927383,IAQDLEMYGVNYFEIK/2
970.0360075335041,2,982.936,1.1979866,IAPLAEGALPYNLAELQR/2
751.861731478504,2,982.936,1.0660292,DSTEYFIVFEPR/2
871.943981117504,2,982.936,1.1230567,EQDDLLVLLADQDQK/2
814.943064246504,2,983.68,1.0890008,SVLDAAQIVGLNC[UNIMOD:4]LR/2
967.540925669004,2,983.68,1.2124807,VPAGNWVLIEGVDQPIVK/2
764.920112043504,2,984.423,1.0744616,NDGAAILAAVSSIAQK/2
923.4417054090042,2,984.423,1.1665794,MYVPMTEDIYNAISAK/2
645.363042601629,3,984.423,0.9428457,VPAGNWVLIEGVDQPIVK/3
821.451579359004,2,984.423,1.1018244,LAFLNVQAAEEALPR/2
709.879924230504,2,984.423,1.0534501,VFLALVEEVEDR/2
995.029010608504,2,984.423,1.1943854,VQSSEMGTSVLIMQPILR/2
835.399840593004,2,985.167,1.0969125,FEILSVESLC[UNIMOD:4]EGMR/2
615.9635624282957,3,985.167,0.89475065,MYVPMTEDIYNAISAK/3
829.9122869605042,2,985.167,1.093477,GGDINFVFTGFSVNGK/2
556.9749016899623,3,985.91,0.8442808,SPLVMDVLNIQGVQR/3
586.3221843432957,3,985.91,0.89712423,VSYFPTVPGVYIVSTK/3
720.405586316004,2,985.91,1.0545726,HIGTSAIMDLLLR/2
878.9796382815041,2,986.654,1.1472225,VSYFPTVPGVYIVSTK/2
896.9429268245041,2,986.654,1.1309642,LEAELGNMQGLVEDFK/2
962.9696729215041,2,986.654,1.1794741,LSEEASQALIEAYVDMR/2
943.9027557975041,2,986.654,1.1497295,DNPNLLFNMC[UNIMOD:4]GFEC[UNIMOD:4]R/2
834.958714301504,2,986.654,1.0833393,SPLVMDVLNIQGVQR/2
480.606149699629,3,986.654,0.81969213,HIGTSAIMDLLLR/3
642.3155407699624,3,986.654,0.9357742,LSEEASQALIEAYVDMR/3
932.933613297504,2,987.398,1.1732146,ETGWASFSEFTSSLSTK/2
684.0541032236291,3,987.398,0.9668412,QLGPQVQQIILVSPMGVSR/3
690.0514157956289,3,988.141,0.9925953,ILTATVDNANILLQIDNAR/3
929.472708705004,2,988.141,1.189332,AYSEALAAFGNGALFVEK/2
958.0121980925039,2,988.141,1.1985488,YGDLLPADGILIQGNDLK/2
527.9547788796291,3,988.141,0.84266967,GLMYPYIFHVLTK/3
757.427238602004,2,988.885,1.0785793,GEVLGDVLQLETLK/2
825.484890866004,2,989.628,1.1484113,LFVEALGQIGPAPPLK/2
926.4521702760039,2,989.628,1.163661,EDIDAAIETYNLLSER/2
815.9512152365041,2,989.628,1.1168699,LAALADQWQFLVQK/2
483.28043099829557,3,989.628,0.80401,RSFLLDLLNATGK/3
784.4563304070039,2,990.372,1.1122391,TIAIIAEGIPEALTR/2
974.985854291504,2,990.372,1.1898504,GILAVLDEAC[UNIMOD:4]SSAGTITDR/2
523.3066457602955,3,990.372,0.8774851,TIAIIAEGIPEALTR/3
510.6169316629624,3,990.372,0.83630043,HGFLEEFITPIVK/3
794.9508809075039,2,991.115,1.098567,VLLLSSPGLEELYR/2
994.504205779004,2,991.859,1.2055708,LSPEPWTPETGLVTDAFK/2
830.9416756595041,2,991.859,1.1252184,AVQTLQMELQQIMK/2
802.7543819636289,3,991.859,1.0127125,LSSIIDC[UNIMOD:4]TGTASYHGFLPVLVR/3
807.929948430504,2,991.859,1.0811974,FPEVIINFPDPAQK/2
795.4138052390042,2,991.859,1.0905572,TVAEVQETLAEMIR/2
797.874838841504,2,992.602,1.0671072,GYAFIEFASFEDAK/2
810.9025420535042,2,992.602,1.0810516,ISATSIFFESMPYK/2
844.4378116390039,2,993.346,1.1093782,SGAAQGLAEVMAGLGVEK/2
970.0178148075042,2,994.089,1.1849517,LLQQVSQIYQSIEFSR/2
963.9996219635042,2,994.089,1.1837981,VTIDPENNLISIWNNGK/2
737.420902023004,2,994.833,1.0621015,TIEC[UNIMOD:4]ISLIGLAVGK/2
781.4311277696288,3,994.833,1.0235009,VTTGSVPVSMATVIIHIPQYTK/3
985.969475920504,2,996.32,1.1798719,FFGGYVPEMVLTPDDQR/2
862.9192547555042,2,996.32,1.1195523,AC[UNIMOD:4]YALENFVENLGPK/2
818.9161807255042,2,996.32,1.1300561,SDPGLLTNTMDVFVK/2
787.404097833004,2,996.32,1.0735799,VGDQVWLFIDEPR/2
948.531089294004,2,996.32,1.1647931,INISQVIAVVGQQNVEGK/2
774.0580130769622,3,997.064,1.0020204,GEPETFLPLDYLEVKPTDEK/3
730.423967636004,2,997.064,1.0548992,IISLDLPVAEVYK/2
838.925197438504,2,997.807,1.0936047,YSNFVSFPLYLNGR/2
561.6551690819623,3,997.807,0.8610866,VLQEALC[UNIMOD:4]VISGVPGLK/3
772.4093801790041,2,997.807,1.0791758,EWTLEAGALVLADR/2
831.9748872645041,2,997.807,1.1013508,VPTLAVPAISLPDDVR/2
621.980709725629,3,997.807,0.8889472,KIPNPDFFEDLEPFR/3
948.450781692004,2,997.807,1.1660215,EALIEIDYGDLC[UNIMOD:4]EDLK/2
914.435988848004,2,998.551,1.1314946,EEYNGVIEEFLATGEK/2
789.8774897795041,2,998.551,1.087765,MNTLQAIWMMDPK/2
771.700054276629,3,998.551,0.9695424,VDLNSNGFIC[UNIMOD:4]DYELHELFK/3
841.979115389504,2,998.551,1.1491524,VLQEALC[UNIMOD:4]VISGVPGLK/2
878.4800024720041,2,999.294,1.1435786,DLYLIPLSAQDPVPSK/2
614.9843427539623,3,999.294,0.9092793,TDELGLASSWHWISLK/3
609.9597513876289,3,999.294,0.89399654,EEYNGVIEEFLATGEK/3
687.357517041629,3,1000.038,0.9583795,LGGTIDDC[UNIMOD:4]ELVEGLVLTQK/3
872.948869450504,2,1000.038,1.161672,GVAFVGGFSYADVLGSAK/2
952.0178147465041,2,1000.038,1.176593,SISVNQWGSQLGLSVLSK/2
930.4834704210041,2,1000.038,1.1718314,AELGTDLLSQLSLEDQK/2
735.4234447030041,2,1000.038,1.0567772,LSDGIGVMLPQVLK/2
745.4178756709624,3,1000.038,1.0101112,TNILNSEQVIVEVLPNQPVK/3
745.377025821004,2,1000.038,1.0502009,QMNPFIEDILNR/2
771.4217592800042,2,1000.782,1.0761923,IWYGTGLTFVSGLK/2
893.4965181990041,2,1000.782,1.1406113,NNGVLFENQLLQIGVK/2
886.4698317120041,2,1000.782,1.1457369,QQEVEAITLELEELK/2
773.4370473089621,3,1000.782,0.9809918,EVTLALLSLPETHLVTQQPTK/3
512.2876521299623,3,1000.782,0.8002617,GLVPPMHLADILMK/3
839.4063145680041,2,1001.525,1.0813917,NNDLC[UNIMOD:4]YWVPELVR/2
652.9588113886291,3,1001.525,0.89906967,HPWDDISYVLPEHMSM/3
942.9963510585042,2,1001.525,1.1723604,LAQEGIYTLYPFINSR/2
748.4457657180042,2,1001.525,1.075571,LAQVSPELLLASVR/2
897.4388658780042,2,1001.525,1.1476392,AVEVAWETLQEEFSR/2
828.9154608765041,2,1001.525,1.0768508,LLENMPMPWEQIR/2
579.3608619989624,3,1001.525,0.8822062,ILISLRPQELVDVIK/3
978.9345788495042,2,1001.525,1.1747167,HPWDDISYVLPEHMSM/2
767.9278399615041,2,1001.525,1.119238,GLVPPMHLADILMK/2
899.9647165265039,2,1002.268,1.1534799,LFIGGLSFETTEESLR/2
681.4055778810041,2,1002.268,1.0403583,VFSATLGLVDIVK/2
721.0599112719623,3,1002.268,0.98636276,DLLFGSIVAVDEPTRPIYR/3
628.9999928612957,3,1002.268,0.9268892,LAQEGIYTLYPFINSR/3
768.8975940945041,2,1003.012,1.0817194,WAIAQLNYADMLK/2
590.3073740412956,3,1003.012,0.8481524,GLGTDEDTIIDIITHR/3
828.4018894960041,2,1003.012,1.0803232,VDNAYWLWTFQGR/2
842.4674263910042,2,1003.012,1.1308247,ILDVASLEVLNEVNR/2
920.969998855504,2,1003.756,1.177483,VLSDVDAFIAYVGTDQK/2
777.4234447040042,2,1004.499,1.0741664,LYSPSQIGAFVLMK/2
769.8961056435041,2,1004.499,1.0725137,LAGFLDLTEQEFR/2
894.4048260810041,2,1004.499,1.1142633,GWEWEGEWIVDPER/2
872.444051117004,2,1005.243,1.1315728,VNEMIIGGGM[UNIMOD:35]AFTFLK/2
531.0326395256915,4,1005.243,0.7985804,QQDVIYELIQTELHHVR/4
920.9832437015041,2,1005.243,1.175039,QQQWLLYLSNSGYLK/2
778.3601840930041,2,1005.243,1.0574719,MFVLDEADEMLSR/2
731.929417202504,2,1005.243,1.0565928,LYLQELITITQK/2
653.9921141549622,3,1005.243,0.957377,DTNGENIAESLVAEGLATR/3
826.430509551004,2,1005.987,1.0984204,TSQTVATFLDELAQK/2
737.029734752629,3,1005.987,1.0052193,QWIQISDAVYHMVYEQAK/3
932.4432909470039,2,1006.73,1.144431,NDALEMVEETTWQGLK/2
796.3710747320041,2,1006.73,1.0832057,MFFDALYDEDVVK/2
758.377548687004,2,1006.73,1.075453,EVAFFNNFLTDAK/2
871.435791912004,2,1006.73,1.124035,QSEDLGSQFTEIFIK/2
481.60491464129564,3,1006.73,0.79654497,LPDIFEAQIAGLR/3
940.4407482620039,2,1006.73,1.1469997,NDALEM[UNIMOD:35]VEETTWQGLK/2
920.957856973504,2,1006.73,1.1794788,ALFATETFAMGINMPAR/2
778.9321568415041,2,1007.474,1.0558451,LDQLIYIPLPDEK/2
795.9481412175041,2,1007.474,1.106204,GQQELLYVVPFVAK/2
760.4275729320038,2,1008.217,1.0701514,VLAFLSSVAGDALTR/2
671.991057153629,3,1008.217,0.93752,YYGGAEVVDEIELLC[UNIMOD:4]QR/3
834.4355949300041,2,1008.217,1.1091192,DAVLYFSESLVPTAR/2
982.0339961415038,2,1008.217,1.2536892,NPELSTQLIDIIHTAAAR/2
507.28747411029553,3,1008.217,0.8584242,VLAFLSSVAGDALTR/3
793.924863055504,2,1008.217,1.0933509,IPVENILGEVGDGFK/2
761.963791298504,2,1008.961,1.0761421,VLLATLSIPITPER/2
899.0094584315041,2,1008.961,1.1652334,NVQALEIELQSQLALK/2
850.374680034004,2,1008.961,1.1158209,AWMWLASDFSDGDAK/2
902.4961838150041,2,1008.961,1.1339138,TAVDSGIPLLTNFQVTK/2
979.9945365805042,2,1009.705,1.1932442,GHYTEGAELVDSVLDVVR/2
915.979509262504,2,1009.705,1.161326,MSINAEEVVVGDLVEVK/2
653.6654498759625,3,1010.448,0.97941995,GHYTEGAELVDSVLDVVR/3
929.0402271805038,2,1010.448,1.1624205,ILDSFAAAPVPTTTLVLK/2
459.59060547529566,3,1010.448,0.82774967,ADVFHAYLSLLK/3
773.4209020050041,2,1010.448,1.0703936,FGLEGC[UNIMOD:4]EVLIPALK/2
769.7183252112956,3,1010.448,0.9944607,GFFDPNTHENLTYLQLLER/3
692.3519318886289,3,1010.448,0.9538307,TIQQC[UNIMOD:4]C[UNIMOD:4]ENILLNAAWLK/3
886.4321949790042,2,1011.192,1.1281325,DPYTEQTISLFQAMK/2
924.4061855630041,2,1011.935,1.1370943,SNMDNMFESYINNLR/2
616.6065491976291,3,1011.935,0.8967411,SNMDNMFESYINNLR/3
781.894528442504,2,1011.935,1.0813433,NPFLSLAAC[UNIMOD:4]VMPSR/2
715.3830540016289,3,1013.422,0.9644608,GIDVQQVSLVINYDLPTNR/3
784.953954893504,2,1013.422,1.1218183,LASQANIAQVLAELK/2
920.519993259004,2,1013.422,1.1561787,GLPLGSAVSSPVLFSPVGR/2
946.982386366504,2,1013.422,1.1703587,LVSWYTLMEGQEPIAR/2
730.361372922629,3,1014.166,0.9855812,GPLLVQDVVFTDEMAHFDR/3
903.9960166575041,2,1014.166,1.1549879,GLDIPEVDLVIQSSPPK/2
612.9709399059624,3,1014.166,0.9349453,DRPMEESLLLFEAMR/3
602.9997699272957,3,1014.166,0.9018357,GLDIPEVDLVIQSSPPK/3
849.932885053504,2,1014.166,1.1204844,EGYVLTAVEGTIGDFK/2
966.4944692640041,2,1014.909,1.1771812,TIEEC[UNIMOD:4]EVILMVGLPGSGK/2
937.4718514430041,2,1014.909,1.1816859,M[UNIMOD:35]SATFIGNSTAIQELFK/2
950.504737161004,2,1014.909,1.1821394,AVEGLLDATSGADADLLLR/2
984.4927838310041,2,1015.653,1.1978674,IMEFTTTLLNTSPEGWK/2
742.4457657180039,2,1015.653,1.0860543,QIALAVLSTELAVR/2
909.4875015690042,2,1015.653,1.1588086,TLQGLEIELQSQLSMK/2
590.9784232439624,3,1015.653,0.9218396,EMDLVGLGLHPLFSSR/3
443.286857313629,3,1015.653,0.7751255,RPLILQLIFSK/3
928.989254269504,2,1015.653,1.1614107,SVQNDSQAIAEVLNQLK/2
696.3655954570041,2,1015.653,1.0364319,QPALDVLYDVMK/2
811.3850838902957,3,1015.653,0.989095,FIEC[UNIMOD:4]YIAEQNMVSIAVGC[UNIMOD:4]ATR/3
869.9359590695041,2,1016.396,1.1108419,EFNEEGALSVLQQFK/2
881.954151844504,2,1016.396,1.1547139,QGLLPLTFADPADYNK/2
595.2854700929623,3,1016.396,0.8951296,GDLSTALEVAIDC[UNIMOD:4]YEK/3
982.000056162504,2,1017.14,1.2133214,GC[UNIMOD:4]FAVPMVHSTFLIDLR/2
716.3829425512957,3,1017.14,0.9800037,YLEVVLNTLQQASQAQVDK/3
732.984808796629,3,1017.14,0.9747836,AMEFVFGTTFVC[UNIMOD:4]DNMDNAK/3
734.934699496504,2,1017.884,1.0884491,EVDILISTALIPGK/2
655.002462930629,3,1017.884,0.89864975,GC[UNIMOD:4]FAVPMVHSTFLIDLR/3
583.341690365629,3,1017.884,0.88898516,GLAPVQAYLHIPDIIK/3
770.895051347504,2,1018.628,1.0935286,VVIGMDVAASEFFR/2
726.6883266742956,3,1018.628,1.0012935,GIGMGNIGPAGMGMEGIGFGINK/3
771.9279370725039,2,1018.628,1.08626,GVDEVTIVNILTNR/2
929.472382758004,2,1019.371,1.1287591,GEETPVIVGSALC[UNIMOD:4]ALEGR/2
514.9543835372956,3,1019.371,0.8262178,GVDEVTIVNILTNR/3
945.485816076004,2,1019.371,1.182398,GVIFGQTSSTFTFADLAK/2
950.011478128504,2,1020.115,1.1774566,LFVSDGVPGC[UNIMOD:4]LPVLAAAGR/2
961.4754568020039,2,1020.115,1.1827809,EDQFQLSLLAAMGNTQR/2
619.9840139942957,3,1020.115,0.9464623,GEETPVIVGSALC[UNIMOD:4]ALEGR/3
912.509291175004,2,1020.858,1.1599467,TTEPGVTGLLLAVEGPAAK/2
961.020160465504,2,1021.602,1.1806527,LGAVFNQVAFPLQYTPR/2
809.429455291004,2,1021.602,1.1187601,VAGSVTELIQAAEAMK/2
781.7027416599623,3,1021.602,1.0143946,FFGEFTGFVDMC[UNIMOD:4]VQHIPSPK/3
725.8775189285041,2,1022.345,1.0602638,GVPLVYEAFNWR/2
755.9512152335042,2,1023.089,1.087548,NVIVLQTVLQEVR/2
796.4275729650042,2,1023.089,1.104541,IGSFGPQEDLLFLR/2
738.3655954420041,2,1023.089,1.0524387,GFYEGIMLVDGFK/2
889.4354659720041,2,1023.833,1.1236124,GLGTDEDSLIEIIC[UNIMOD:4]SR/2
970.019500140504,2,1023.833,1.190328,LPDMLNAEIVLGNVQNAK/2
821.932696492504,2,1023.833,1.0899879,DNC[UNIMOD:4]PLVANLVTASLR/2
835.9265485075041,2,1023.833,1.1100153,LLTFYNLADC[UNIMOD:4]IAEK/2
593.2927361369624,3,1023.833,0.86721283,GLGTDEDSLIEIIC[UNIMOD:4]SR/3
960.4818932230041,2,1023.833,1.1826319,ELVQVQTLMDNMTLER/2
647.015425582629,3,1023.833,0.9705648,LPDMLNAEIVLGNVQNAK/3
935.465080637004,2,1024.576,1.164953,ESDTGLAPPALWDLAADK/2
601.3271638729624,3,1024.576,0.8930232,NFSEIHPGMLLIGFVK/3
872.9776269545041,2,1025.32,1.1501591,GVLLEIEDLQVNQFK/2
873.469634699004,2,1025.32,1.1533027,VVDFIDEGVNIGLEVK/2
678.6741682762957,3,1025.32,0.9695229,YNFLPEALDFVGVHQER/3
756.3880278859624,3,1026.063,0.99431634,GVSFYEVPPHLFAVADTVYR/3
947.9825833405039,2,1026.807,1.1641523,IGLSVSEVIEGYEIAC[UNIMOD:4]R/2
970.473871197004,2,1026.807,1.1789745,VSPDMAIFITMNPGYAGR/2
918.464026404004,2,1026.807,1.1544325,TWTLELSPELASMTTR/2
865.4451053780042,2,1026.807,1.148076,YGAATANYMEVVSLLK/2
779.3970925960041,2,1026.807,1.0774186,VLYLLELYC[UNIMOD:4]EDK/2
632.3241477159622,3,1027.55,0.9013401,IGLSVSEVIEGYEIAC[UNIMOD:4]R/3
956.980563580504,2,1029.037,1.186387,LGGSLADSYLDEGFLLDK/2
889.985983336504,2,1029.037,1.1331962,TLQLLNDLSIGYSSVR/2
809.4697721450041,2,1029.781,1.099324,LALLLSQFVGSQSVR/2
814.9394589135042,2,1029.781,1.0861491,FGDPEC[UNIMOD:4]QVILPLLK/2
830.903930661504,2,1029.781,1.0928367,EVWFFGLQYQDTK/2
458.9187221059624,3,1029.781,0.7728444,VHLEDVFQLFK/3
891.9441184865041,2,1030.525,1.1271712,WGTDEAQFIYILGNR/2
703.863851079504,2,1030.525,1.0565102,MLLC[UNIMOD:4]EAVAAVMAK/2
805.934176574504,2,1031.268,1.1113445,YFLVGAGAIGC[UNIMOD:4]ELLK/2
973.9820520405042,2,1031.268,1.194635,IAQDLEMYGINYFEIK/2
456.9330312886289,3,1032.011,0.7796765,LDNLVAILDINR/3
596.3658359312957,3,1032.011,0.90950894,YQPFKPLSIGGIIILK/3
783.4081885690041,2,1032.011,1.0822653,TSSMEISSILQELK/2
817.9430558575041,2,1032.755,1.098092,LFADAVQELLPQYK/2
707.9188524985041,2,1034.242,1.0799735,IVILPDYLEIAR/2
914.9888603365041,2,1034.986,1.1462576,ALLLAQWAWQEGSVTR/2
741.7256578126289,3,1034.986,0.9667672,ELGGLGMLSMGHVLIPQSDLR/3
790.445765686004,2,1034.986,1.067731,ASVVTLPVYLNFTR/2
854.9306767265041,2,1035.729,1.138248,EFNEDGALAVLQQFK/2
744.3928959819623,3,1036.472,0.95124924,NIHVC[UNIMOD:4]LGGLFVPEAYITATR/3
939.0225657885039,2,1036.472,1.1856929,LTSIIFAEDITTGQVLR/2
633.3282265149624,3,1036.472,0.93069464,TSLIQWLAAATGNHC[UNIMOD:4]VR/3
853.9371131835042,2,1036.472,1.1221833,ALDELMDGDIIVFQK/2
841.942729856504,2,1036.472,1.0961466,DMEALNVLPPDVLTR/2
740.3552305126291,3,1036.472,1.0019574,LGVENC[UNIMOD:4]YFPMFVSQSALEK/3
939.9903999315042,2,1036.472,1.1755699,EYVLPSFEVIVEPTEK/2
822.468717904004,2,1037.216,1.1039882,GVLMAGLYPNLIQVR/2
759.3976238740041,2,1037.959,1.0740346,NILEESLC[UNIMOD:4]ELVAK/2
853.449036634004,2,1037.959,1.0965008,DAVITVPVFFNQAER/2
787.452733470004,2,1037.959,1.0816245,LLLLDTVTMQVTAR/2
872.444051117004,2,1038.703,1.1322424,VNEM[UNIMOD:35]IIGGGMAFTFLK/2
824.428104312004,2,1038.703,1.1152676,QVGYEDQWLQLLR/2
896.944846748504,2,1039.447,1.127547,GDADQASNILASFGLSAR/2
863.977961305504,2,1039.447,1.1423019,QLLQANPILEAFGNAK/2
841.481490882004,2,1039.447,1.108634,VTMINAIPVASLDPIK/2
598.2989899879623,3,1039.447,0.88405657,GDADQASNILASFGLSAR/3
821.983669436504,2,1040.19,1.0960559,IVFVPGC[UNIMOD:4]SIPLTIVK/2
911.9825833155039,2,1040.19,1.155783,TGIVDISILTTGMSATSR/2
619.0156429139623,3,1040.19,0.884929,LLTSLFQDLQVEALHK/3
743.429781258004,2,1040.19,1.1069294,LDLSVTEAVVAGIAK/2
495.9556129942957,3,1040.19,0.8331493,LDLSVTEAVVAGIAK/3
690.3635479819623,3,1040.934,0.94612515,EDVHISTSQVAEIVATLEK/3
842.9254942085041,2,1040.934,1.1033906,YFDTVPVAAAMC[UNIMOD:4]VLK/2
801.910178515504,2,1040.934,1.0644119,DLGVFIPAPMAQGMR/2
761.421620143629,3,1040.934,0.9893638,IASSIVAQTAGIPTLPWSGSGLR/3
562.286088294629,3,1040.934,0.9198552,YFDTVPVAAAMC[UNIMOD:4]VLK/3
560.9859065899624,3,1040.934,0.88835496,DILLVNDHLLNFVR/3
944.0147407755042,2,1043.165,1.169927,ITISPLQELTLYNPER/2
876.9398528055041,2,1044.652,1.139682,VGEVTYVELLMDAEGK/2
678.389591734629,3,1044.652,0.93735373,IAQPGDHVSVTGIFLPILR/3
843.962076741504,2,1044.652,1.1168154,LIMAMQTLIPIDEAK/2
927.949066427504,2,1044.652,1.1519886,TPEEVIEYSAVFWER/2
778.4368864230041,2,1045.395,1.0697795,LAVVDPLFGMQPIR/2
845.935959088504,2,1045.395,1.1183856,DGENYVVLLDSTLPR/2
885.967259222504,2,1045.395,1.1604849,DLLDTVLPHLYNETK/2
885.369899931004,2,1046.138,1.1078125,DMGEDLEC[UNIMOD:4]LC[UNIMOD:4]QIMR/2
590.9805983039623,3,1046.138,0.89979935,DLLDTVLPHLYNETK/3
842.433052243004,2,1046.138,1.1098518,TQGFLALFSGDTGEIK/2
519.2936831042957,3,1046.138,0.8464645,LAVVDPLFGMQPIR/3
564.2930648812957,3,1046.138,0.85897624,DGENYVVLLDSTLPR/3
818.464489784004,2,1046.882,1.0884606,AGEQLAPFLPQLVPR/2
962.4946066570039,2,1046.882,1.1722692,LAM[UNIMOD:35]QEFMILPVGAANFR/2
641.9988299269622,3,1046.882,0.9670168,LAM[UNIMOD:35]QEFMILPVGAANFR/3
957.478856775004,2,1046.882,1.2497928,YLQDLLAWVEENQHR/2
641.9988299269625,3,1046.882,0.9663638,LAMQEFM[UNIMOD:35]ILPVGAANFR/3
856.472511751004,2,1046.882,1.1287909,QVVNQVWEAADVLIK/2
550.6371659629623,3,1048.369,0.901694,HDADGQATLLNLLLR/3
825.452110711004,2,1048.369,1.121731,HDADGQATLLNLLLR/2
904.9374475575041,2,1048.369,1.1474065,YC[UNIMOD:4]YLQNEVFGLFQK/2
761.429781310004,2,1049.856,1.10143,TLAESALQLLYTAK/2
712.7209011882956,3,1049.856,1.0106591,VVIEAC[UNIMOD:4]DELGIILAHTNLR/3
812.9452641645041,2,1050.6,1.0903081,LDDIFEPVLIPEPK/2
933.9854519395041,2,1050.6,1.1536764,VGDGVYLPPEAFTFNIK/2
736.0633213896289,3,1050.6,0.9482653,TSGTLISFIYPAQNPELLNK/3
904.9900144705041,2,1051.344,1.2407954,AIIASNIMYIVGQYPR/2
603.6624351359624,3,1051.344,0.8865725,AIIASNIMYIVGQYPR/3
788.7492909802955,3,1051.344,0.993563,LLSSAFDEVYPALPSDVQTAIK/3
943.0049042885039,2,1052.831,1.1736327,DIGEGNLSTAAAAALAAAAVK/2
580.9940733199624,3,1052.831,0.87392306,ALPGMGTTIDVILINGR/3
948.4729056460039,2,1053.574,1.1596259,EGETYFDVVAVVDPVTR/2
870.9874717465041,2,1053.574,1.1509328,ALPGMGTTIDVILINGR/2
951.521875627004,2,1053.574,1.2062393,LDLSVTEAVVAGIAKAC[UNIMOD:4]GK/2
967.025108408504,2,1054.318,1.2172725,AAVATFLQSVQVPEFTPK/2
606.656337543629,3,1054.318,0.9354276,AVPVWDVLASGYVSGAAR/3
893.9796467265039,2,1054.318,1.1415434,LGMPQFLSPEAQSLLR/2
645.0191644279623,3,1054.318,0.9263379,AAVATFLQSVQVPEFTPK/3
853.9334163805041,2,1055.061,1.1237787,QNDQVSFASLVEELK/2
959.5193329560041,2,1055.805,1.1890872,TC[UNIMOD:4]ATVTIGGINIAEALVSK/2
919.4757827700039,2,1055.805,1.1586633,TYDLPGNFLTQALTQR/2
883.461286802004,2,1055.805,1.1202807,TQYSSAMLESLLPGIR/2
589.309950023629,3,1055.805,0.8945976,TQYSSAMLESLLPGIR/3
926.9832436095041,2,1056.548,1.1776631,FVEFFGPGVAQLSIADR/2
777.3926759040041,2,1056.548,1.0761898,EMGLSLQWLYSAR/2
720.7089899682956,3,1056.548,0.9352992,SFKPDFGAESIYGGFLLGVR/3
768.7266033769623,3,1056.548,1.0005366,TVSEWISQMATLPQASNLATR/3
731.4192166050042,2,1057.292,1.071821,GNLEVLLFTIQSK/2
816.4250302780042,2,1057.292,1.1161412,QYVYGVLFSLAESR/2
681.0152026719624,3,1057.292,0.99108404,EVLPLAFLGMHEIADEEK/3
827.4370833580041,2,1058.036,1.0929542,NFLVFQGAVESIAMK/2
775.442168769004,2,1058.036,1.0719502,VPGLPTPIENMILR/2
795.424695880004,2,1058.78,1.1004286,IAPSFAVESIEDALK/2
700.7524186436289,3,1058.78,0.95449966,LVNQQLLADPLVPPQLTIK/3
531.6556093079624,3,1058.78,0.86582595,LLGQFTLIGIPPAPR/3
796.9797757285041,2,1059.523,1.0944427,LLGQFTLIGIPPAPR/2
555.2982617069624,3,1059.523,0.8563877,LLNNAFEELVAFQR/3
729.0389529106291,3,1059.523,0.952571,DFSHDDTLDVPTQVELLIK/3
858.435594911004,2,1060.267,1.1107153,LTEVSISSDAFFPFR/2
925.4569212540041,2,1061.011,1.1991335,VDLTLDWLTETSEEAK/2
913.504540211004,2,1061.754,1.1546289,ENDAVTIQVLNQLIQK/2
832.4437543270042,2,1061.754,1.0995326,LLNNAFEELVAFQR/2
930.9798436765041,2,1062.498,1.1640943,ALQEWILETDGVSLMR/2
780.953423581504,2,1062.498,1.1347656,DIVISVGIYNLVQK/2
696.3891515186289,3,1062.498,0.9643199,VLVLLSGGVDSTVC[UNIMOD:4]TALLNR/3
748.730565185629,3,1062.498,0.9647133,HLEVQILADQYGNAISLFGR/3
949.925788265504,2,1063.241,1.1465396,LNFEAAWDEVGDEFEK/2
764.379234160004,2,1063.241,1.0626807,DVDFMYVELIQR/2
921.495129597004,2,1063.985,1.1778789,WLLLC[UNIMOD:4]NPGLADTIVEK/2
701.7029590279623,3,1064.729,0.9770587,AAPC[UNIMOD:4]IYWLPLTDSQIVQK/3
898.468580488004,2,1065.472,1.157747,GQELIYAGMPITEVFK/2
725.7388377519624,3,1065.472,1.0022917,KFESEILEAISQNSVVIIR/3
765.421433333004,2,1065.472,1.0693084,AC[UNIMOD:4]GDVLVTAELILR/2
702.3686333926289,3,1066.215,0.984461,FLEVQYLTGGLIEPDTPGR/3
603.8404051859414,4,1066.215,0.8788187,QWLDLHLHQEIPTSLLILSR/4
706.0019112849623,3,1066.959,0.95655596,LC[UNIMOD:4]YGLNMDFVDPAQITMK/3
653.3407433736289,3,1067.703,0.9612313,QLEESVDALSEELVQLR/3
914.4836077890039,2,1068.447,1.1532344,ALTLQDLDNIWAAQAGK/2
814.890823283504,2,1069.19,1.0751117,QEFEFWYPVDLR/2
913.495986869004,2,1069.934,1.1610774,YGLVFAGGASGLQIFPTK/2
963.0331304805039,2,1069.934,1.1856045,TLDQISDADNIPGLLVLK/2
864.4554731220042,2,1069.934,1.1244988,SELALSALGGC[UNIMOD:4]VFYLK/2
909.9706300455041,2,1069.934,1.1652397,IDMVPELLSSNLC[UNIMOD:4]SLK/2
468.2514839332957,3,1070.677,0.8034414,DTGIFLDLMHLK/3
929.4743941280042,2,1071.421,1.171005,MSATFIGNSTAIQELFK/2
769.892174368504,2,1071.421,1.0613337,DMLEAGILDTYLGK/2
482.5975427576289,3,1071.421,0.7976615,SNEILTAIIQGMR/3
705.931959860504,2,1071.421,1.0511178,LLSLISIALPENK/2
492.3107855399623,3,1072.165,0.84568876,HLGVILPAVMLALK/3
816.4355949470039,2,1072.908,1.0942305,FDLLVDANDVILER/2
908.501800572004,2,1073.652,1.174427,AFLQGGQEATDIALLLR/2
747.7148036372956,3,1073.652,0.99572706,GIPVELWAHYVEELNSTQR/3
606.0036258702957,3,1073.652,0.9053631,AFLQGGQEATDIALLLR/3
806.878544064504,2,1074.395,1.0735245,VLDILEDYC[UNIMOD:4]MWR/2
789.1160852379622,3,1074.395,0.97956866,KPLVIIAEDVDGEALSTLVLNR/3
849.455807466004,2,1075.139,1.1176282,ALVENC[UNIMOD:4]LVPDLWIR/2
683.6590901672956,3,1075.883,0.9496583,SMEAEMIQLQEELAAAER/3
972.4861504390041,2,1076.626,1.19156,WFGFLEAQQAFQSVGTK/2
962.4946066570042,2,1076.626,1.1597835,LAMQEFM[UNIMOD:35]ILPVGAANFR/2
746.4188822570039,2,1076.626,1.0546178,ETIEILFSEGLIK/2
975.0060584235041,2,1076.626,1.2010899,FSLALEC[UNIMOD:4]GNIEIALEAAK/2
943.4900441960041,2,1077.37,1.172257,M[UNIMOD:35]AVTFIGNSTAIQELFK/2
830.451245011004,2,1078.114,1.1604449,ATSFLLALEPELEAR/2
855.9587059035041,2,1078.114,1.1302851,FQFLYDVQVPIVDK/2
698.4050189046288,3,1078.857,0.92018235,VYSPHVLNLTLIDLPGITK/3
982.9311789225039,2,1078.857,1.1782953,AAFEC[UNIMOD:4]MYTLLDSC[UNIMOD:4]LDR/2
785.1039567259622,3,1078.857,0.99295694,SLLVIPNTLAVNAAQDSTDLVAK/3
986.5361746940039,2,1081.088,1.294824,IAALQAFADQLIAAGHYAK/2
741.0357264219624,3,1081.088,0.96194476,MQAQAMLEGSPQLNMVGLFR/3
949.4701660280041,2,1081.088,1.1639278,EYEIPSNLTPADVFFR/2
658.0265419516289,3,1081.832,0.96374625,IAALQAFADQLIAAGHYAK/3
739.899802446504,2,1081.832,1.0620472,FLQLESLQELMK/2
778.9576516275041,2,1082.575,1.129087,GVMLAVDAVIAELKK/2
697.918321189504,2,1082.575,1.0368118,TAPLLLSYYLIK/2
990.469643032004,2,1082.575,1.1678737,FSAPVVPSSFNFGGPAPGMN/2
519.6408599072957,3,1083.319,0.8569012,GVMLAVDAVIAELKK/3
789.7590720439622,3,1083.319,1.0127796,NQILNLTTDNANILLQIDNAR/3
959.494272309004,2,1084.062,1.1807474,VDYIMQLPVPMDAALNK/2
805.403429141004,2,1084.062,1.0748098,DLYEDELVPLFEK/2
507.64348078396233,3,1084.062,0.8609156,AVPLALALISVSNPR/3
971.043832583504,2,1084.806,1.19685,LYQGINQLPNVIQALEK/2
842.427435571004,2,1085.55,1.1170055,FLGLLYELEENTDK/2
743.4180985836289,3,1085.55,0.96204275,HDHAVSLLTAASPTIALLLER/3
760.961582942504,2,1086.293,1.1273358,AVPLALALISVSNPR/2
806.9270714125041,2,1087.037,1.1205516,ESYVETELIFALAK/2
550.9848495272958,3,1087.037,0.8909761,SPLVAAMQHFLPVLK/3
538.2871397639624,3,1087.037,0.84060144,ESYVETELIFALAK/3
859.4483679410041,2,1087.78,1.1138641,ALFEEVPELLTEAEK/2
774.445234390004,2,1087.78,1.0916046,FQEFSNIVIPLIK/2
982.4734369980042,2,1087.78,1.1720121,FAGGDYTTTIEAFISASGR/2
825.9736360575041,2,1088.524,1.1677973,SPLVAAMQHFLPVLK/2
987.016623067504,2,1088.524,1.2041643,GEPVSAEDLGVSGALTVLMK/2
955.458606733004,2,1088.524,1.1760143,DLELEMGDDYILDLQK/2
628.3421957452956,3,1090.011,0.90813506,ILAIGLINEALDEGDAQK/3
942.009655384504,2,1090.011,1.1564196,ILAIGLINEALDEGDAQK/2
704.0018447322958,3,1090.011,0.9531409,YNLEELYQAVENLC[UNIMOD:4]SHK/3
750.668865603629,3,1090.011,0.9972631,DGC[UNIMOD:4]LYEVAYQAEAGWFSQR/3
952.0303908275039,2,1090.755,1.193616,SNLAYDIVQLPTGLTGIK/2
486.26466947596236,3,1090.755,0.80017406,DALSDLALHFLNK/3
635.0226860406289,3,1090.755,0.90907156,SNLAYDIVQLPTGLTGIK/3
708.3807674932958,3,1090.755,0.9868711,VQHQDALQISDVVMASLLR/3
637.0383361019623,3,1091.499,0.96491635,IIIEELSLVAASPTLSPR/3
955.053865919504,2,1092.242,1.2109654,IIIEELSLVAASPTLSPR/2
743.9532265975042,2,1092.986,1.0700783,VISGVLQLGNIVFK/2
743.921789068504,2,1092.986,1.0723765,VEITPESILSALSK/2
788.3789807519623,3,1093.73,1.0290481,EVIYDMLNALAAYHAPEEADK/3
765.924331775504,2,1094.473,1.0738345,SIFGDALLIEPLDK/2
927.4752514610042,2,1094.473,1.1966377,DFQQALYELSYHVIK/2
955.0012989495041,2,1095.217,1.1840528,SLVASLAEPDFVVTDFAK/2
976.5329633060041,2,1095.96,1.2147087,TYLTITDTQLVNSLLEK/2
930.996350990504,2,1095.96,1.1704605,VTWLVSWTENIQGSIK/2
780.9666683205039,2,1095.96,1.0748055,GALINVPPPFLGLPR/2
757.8998024135041,2,1096.704,1.0638362,FQSISTEFLALMK/2
754.0533735102955,3,1096.704,0.978536,SINPDEAVAYGAAVQAAILSGDK/3
841.9956227245041,2,1097.447,1.1084054,VNALLPTETFIPVIR/2
852.442897065004,2,1097.447,1.1050534,EIELPSGQLMGLFNR/2
946.984071747504,2,1097.447,1.1849308,SMMGGGLAEIPGLSINFAK/2
528.3102787706289,3,1098.191,0.867884,QVLLSAAEAAEVILR/3
560.000611073629,3,1098.191,0.8665245,FLTLPPVLHLQLMR/3
919.987668736504,2,1098.191,1.1583825,C[UNIMOD:4]YILSTADNVLTLSLR/2
762.3999696170041,2,1098.191,1.0620624,GYDAPLC[UNIMOD:4]NLLLFK/2
705.0599112632955,3,1098.191,1.0109684,IFPAALQLVASGTVQLGENGK/3
791.9617799225039,2,1098.934,1.0907283,QVLLSAAEAAEVILR/2
593.977254753629,3,1099.678,0.8752967,EFQQYLPVVMGPLMK/3
987.992428101504,2,1100.422,1.1853907,AVEC[UNIMOD:4]C[UNIMOD:4]PTSVELWLALAR/2
590.334095572629,3,1101.165,0.90246576,LEDVALQILLAC[UNIMOD:4]PVSK/3
728.0959624349624,3,1101.165,0.9465884,TLAGLPLLVAYKEDEIPVLK/3
703.7231877079622,3,1101.165,0.9613897,EDLQPVQIQSLETLGVLAR/3
884.9975051255041,2,1101.908,1.1500231,LEDVALQILLAC[UNIMOD:4]PVSK/2
890.4622438970041,2,1101.908,1.1351755,EFQQYLPVVMGPLMK/2
747.904887815504,2,1101.908,1.048822,TFC[UNIMOD:4]QLILDPIFK/2
786.7252568789622,3,1101.908,0.99572843,GTELWLGVDALGLNIYEHDDK/3
742.047671303629,3,1101.908,0.9464282,VSIEPNFHSLYSNFLDTLK/3
890.4856191470042,2,1102.652,1.1370574,IFSFLLNTLQENVNK/2
719.7198890372957,3,1102.652,0.97065115,AHQANQLYPFAISLIESVR/3
684.0128496269623,3,1103.396,0.91366833,TTQVPQFILDDFIQNDR/3
965.006778344504,2,1104.883,1.1726089,LLQTDDEEEAGLLELLK/2
904.9738330385042,2,1104.883,1.141284,IVAQVWPFLGQYMEK/2
854.4318010980039,2,1105.626,1.1153215,LQYFMEQFYGIIR/2
872.490567139004,2,1105.626,1.1351187,TVEELLETGLIQVATK/2
851.963465325504,2,1106.37,1.1466085,DAAAFLLSC[UNIMOD:4]QIPGLVK/2
906.978158255504,2,1107.113,1.1359824,DPNNSLTLWVIDQGLK/2
711.0284603912955,3,1107.113,0.9918596,MLLDPMGGIVMTNDGNAILR/3
766.0595825022956,3,1107.857,0.9812268,GAGSYTIMVLFADQATPTSPIR/3
562.9702565319623,3,1108.601,0.8565838,FDLLWLIQDRPDR/3
803.7049223346289,3,1108.601,1.0157225,QWGLC[UNIMOD:4]IFDDVIEHC[UNIMOD:4]SPASFK/3
682.6735051649624,3,1109.344,0.94936985,ADAVQDSEMVELVELEIR/3
971.5249496980041,2,1110.088,1.170027,LNIISNLDC[UNIMOD:4]VNEVIGIR/2
790.4163395690041,2,1110.088,1.0860473,EELEALFLPYDLK/2
834.453787685004,2,1110.831,1.1015298,LGFAGLVQEISFGTTK/2
871.942729844504,2,1110.831,1.1240314,GMVFSINLGFSDLTNK/2
578.0453182521914,4,1111.575,0.8201186,QGQYSPMAIEEQVAVIYAGVR/4
809.4010238170041,2,1113.062,1.0890086,EVWFFGLQYVDSK/2
644.3204032432957,3,1113.806,0.88407177,HLM[UNIMOD:35]LPDFDLLEDIESK/3
816.903793299504,2,1114.549,1.0663646,ESPESEGPIYEGLIL/2
680.3955778339624,3,1114.549,0.9639552,LMQITSLHSLNAFLLPIK/3
942.004707317504,2,1115.293,1.2446743,DLPVTEAVFSALVTGHAR/2
688.6880316349625,3,1116.036,0.96408033,VFQTEAELQEVISDLQSK/3
600.0192759362957,3,1116.036,0.9266193,LSLSNAISTALPLTQLR/3
717.3769115649624,3,1116.78,1.0002626,VANAESLNAIGVLIYMDQTK/3
899.525275671004,2,1116.78,1.1443433,LSLSNAISTALPLTQLR/2
877.4414085920039,2,1116.78,1.1160432,DINQEVYNFLATAGAK/2
902.4800024380041,2,1117.523,1.1428337,NEFIPTNFEILPLEK/2
731.9294171365041,2,1117.523,1.0946397,IDISAVVAYTIAVK/2
771.456133457004,2,1118.267,1.067072,VSLLNEQFLPLIR/2
952.522398634004,2,1119.011,1.2021896,LLLQGEADQSLLTFIDK/2
719.0608119646289,3,1119.011,0.9972304,LSVLDLVVALAPC[UNIMOD:4]ADEAAISK/3
969.004372972504,2,1119.754,1.1792806,FALGIFAINEAVESGDVGK/2
924.486150479004,2,1119.754,1.1531346,VGGYILGEFGNLIAGDPR/2
985.9618478595041,2,1119.754,1.1907556,EGTYDGSWALADVMSQLK/2
900.019294806504,2,1119.754,1.1548231,LLLEAQAATGFLLDPVK/2
727.6784790979623,3,1120.498,0.9812223,MSNYDTDLFVPYFEAIQK/3
903.940187180504,2,1121.241,1.1454489,ALYDTFSAFGNILSC[UNIMOD:4]K/2
773.447974047004,2,1121.241,1.0957382,GIPLDFSSSLGIIVK/2
713.0257729872957,3,1121.241,1.0001322,VSC[UNIMOD:4]LDTC[UNIMOD:4]GDLLVTLQSLSR/3
602.9625502759624,3,1121.241,0.9133018,ALYDTFSAFGNILSC[UNIMOD:4]K/3
930.0104154975041,2,1121.985,1.1561058,LFEMVLGPAAYNVPLPK/2
829.959237200504,2,1122.728,1.0958611,AAVENLPTFLVELSR/2
928.9985677275038,2,1122.728,1.1562845,MSQVAPSLSALIGEAVGAR/2
813.934896444504,2,1122.728,1.1381137,TIEYLEEVAITFAK/2
443.2588558289624,3,1122.728,0.76973456,SLDFLIELLHK/3
553.6419169559623,3,1122.728,0.83353907,AAVENLPTFLVELSR/3
864.446593802004,2,1123.471,1.1373315,VNEMIIGGGMAFTFLK/2
595.6595247799623,3,1123.471,0.91321844,NEILDEVISLSQVTPK/3
496.0452842696914,4,1123.471,0.8265151,GRAQLGVQAFADALLIIPK/4
681.0343743139623,3,1124.215,0.9522569,LPVVIGGLLDVDC[UNIMOD:4]SEDVIK/3
493.02428316369156,4,1124.215,0.8348108,QEIIEQLLSNIFHKEK/4
965.5358403120039,2,1124.96,1.2185348,EPLFGISTGNLITGLAAGAK/2
785.9512152395041,2,1124.96,1.0767425,ISLPLPNFSSLNLR/2
644.0263190302956,3,1124.96,0.93425137,EPLFGISTGNLITGLAAGAK/3
892.985648936504,2,1124.96,1.1503047,NEILDEVISLSQVTPK/2
868.4199448470042,2,1125.703,1.1071132,IPNPDFFEDLEPFR/2
578.2957523032957,3,1125.703,0.88341665,YHDMPDVIDFLVLR/3
915.4842389650041,2,1127.191,1.1520388,MVGGIAQIIAAQEEMLR/2
716.3490215139624,3,1127.191,0.9799856,AIGTEPDSDVLSEIMHSFAK/3
822.4428970350041,2,1127.191,1.1131612,GGGNQVSLLNVVMDLK/2
610.6585847989624,3,1127.191,0.89547306,MVGGIAQIIAAQEEMLR/3
926.501800551004,2,1127.934,1.1679269,LFDIFSQQVATVIQSR/2
713.3698684302955,3,1127.934,0.97966665,DEGWLAEHMLILGITSPAGK/3
736.425653044004,2,1127.934,1.0538759,ISLPVILMDETLK/2
819.4561333910041,2,1128.678,1.1161265,AFAISGPFNVQFLVK/2
618.0036258562956,3,1128.678,0.9047115,LFDIFSQQVATVIQSR/3
876.953097592504,2,1129.422,1.1361686,ALLQMVQQFGVDFEK/2
881.972344630504,2,1129.422,1.1537805,YGALALQEIFDGIQPK/2
531.9944020436291,3,1129.422,0.8481745,ASGLVPNVVVLVATVR/3
895.977104037504,2,1129.422,1.1502457,LGMPQFLSTEAQSLLR/2
841.455996045004,2,1130.165,1.1125642,DPPDPYVSLLLLPDK/2
581.325822989629,3,1130.165,0.89891213,QIVLTGILEQVVNC[UNIMOD:4]R/3
796.943390239504,2,1130.165,1.0888526,SQLLQYVYNLVPR/2
871.485096251004,2,1130.165,1.1574141,QIVLTGILEQVVNC[UNIMOD:4]R/2
968.4997891630039,2,1131.652,1.1897032,DQLGGWFQSSLLTSVAAR/2
550.9978121952956,3,1132.396,0.856406,SALSGHLETVILGLLK/3
810.4125456530041,2,1132.396,1.0953919,FVPYYDLFMPSLK/2
912.9692790035041,2,1132.396,1.156038,LNLFYLANDVIQNC[UNIMOD:4]K/2
825.993080059504,2,1133.139,1.1357015,SALSGHLETVILGLLK/2
819.7410183892956,3,1133.139,0.98966366,TEDPDLPAFYFDPLINPISHR/3
935.4925868810042,2,1133.883,1.1762521,MAVTFIGNSTAIQELFK/2
939.9748872875042,2,1133.883,1.1809256,YSQFINFPIYVWSSK/2
954.9365902305042,2,1134.627,1.181576,FAQFFLC[UNIMOD:4]PLFDESC[UNIMOD:4]K/2
897.499060919004,2,1134.627,1.1576067,IGGTAIQLNVFQYLTR/2
623.9974834096291,3,1134.627,0.9225767,MAVTFIGNSTAIQELFK/3
613.5466880601915,4,1134.627,0.8642931,EHFGTFFEC[UNIMOD:4]LQESLLDLHTK/4
946.4827505030039,2,1136.114,1.167907,QMQLENVSVALEFLDR/2
715.7194431912957,3,1136.114,0.9924286,EPPTDVTPTFLTTGVLSTLR/3
880.9195806955041,2,1136.858,1.1136799,GTYFPTWEGLFWEK/2
631.324259157629,3,1136.858,0.92899823,QMQLENVSVALEFLDR/3
714.3737187959623,3,1137.601,1.000215,SPYLYPLYGLGELPQGFAR/3
758.0776305482956,3,1137.601,1.0280064,LEDLASLVYLNESSVLHTLR/3
597.5667777686915,4,1137.601,0.8547569,ELPQLVASVIESESEILHHEK/4
796.4199448692957,3,1138.344,1.0113337,ELPQLVASVIESESEILHHEK/3
996.5139132210039,2,1138.344,1.2409868,ELLELEALSMAVESTGTAK/2
578.7943919124414,4,1139.088,0.83708256,VEGTEPTTAFNLFVGNLNFNK/4
781.375958941629,3,1139.088,1.0135376,VESVFETLVEDSAEEESTLTK/3
784.9761703815041,2,1139.832,1.0652649,FPVAPLIPYPLITK/2
884.4403543670039,2,1140.575,1.1375029,AC[UNIMOD:4]LIFFDEIDAIGGAR/2
947.4400199840043,2,1141.318,1.1705029,EDC[UNIMOD:4]FFYSLVFDPVQK/2
881.4456367190039,2,1142.062,1.136654,TMLELINQLDGFDPR/2
811.4454313220041,2,1142.062,1.0862024,TGLFTPDLAFEAIVK/2
540.662540995629,3,1142.062,0.8285595,ITPENLPQILLQLK/3
810.4901732600041,2,1142.806,1.0893283,ITPENLPQILLQLK/2
907.5247443740038,2,1142.806,1.1786953,VLDILLEQYPALITGR/2
759.450516736004,2,1143.549,1.0837705,LTSFIGAIAIGDLVK/2
755.4661668000041,2,1143.549,1.0950024,SILLSVPLLVVDNK/2
563.6613114986291,3,1144.293,0.8836706,AIGPHDVLATLLNNLK/3
868.466895076004,2,1144.293,1.1251086,EFSITDVVPYPISLR/2
506.63610331296235,3,1144.293,0.86264986,LTSFIGAIAIGDLVK/3
673.6980909452958,3,1145.78,0.93865293,EVQALIAEGIALVWESYK/3
956.5173131720039,2,1145.78,1.2041141,VLPLEALVTDAGEVTEAGK/2
449.2674627569624,3,1145.78,0.8012569,FVTDLLLHFIK/3
689.7163674846289,3,1146.524,0.9744704,AQHQQALSSLELLNVLFR/3
672.365111844629,3,1146.524,0.9458254,GLIEIISNAAEYENIPIR/3
998.0309221215041,2,1148.014,1.2220366,ESWLLPGSNDLLLEVGPR/2
985.551490391004,2,1148.014,1.2164845,AIAIPVDLDSQVNNLFLK/2
893.9307765605041,2,1148.014,1.1322545,EEFMPWVSQYLVMK/2
665.6897069032957,3,1148.014,0.94181913,ESWLLPGSNDLLLEVGPR/3
746.423247669004,2,1148.757,1.0655725,MFGIPVVVAVNAFK/2
819.915126528504,2,1148.757,1.1259416,FMQDASDVMQLLLK/2
656.5888872501914,4,1148.757,0.8840887,YDLLVSNAIQFLASVC[UNIMOD:4]ERPHYK/4
889.500934881004,2,1149.501,1.1622964,LPEDPLLSGLLDSPALK/2
818.9343735325041,2,1149.501,1.0929404,LSDFNDITNMLLLK/2
761.419216585004,2,1149.501,1.0809003,DAVVYPILVEFTR/2
849.9798352805041,2,1150.988,1.1209369,GELEVLLEAAIDLSVK/2
679.356393429629,3,1150.988,0.9296448,GILSGTSDLLLTFDEAEVR/3
585.3271638929623,3,1151.731,0.8792409,LLIPVAEGMNEIWLR/3
877.487107606004,2,1152.475,1.131461,LLIPVAEGMNEIWLR/2
951.9435580075042,2,1152.475,1.1614118,EYEISMLNQMSWLMK/2
777.934896461504,2,1152.475,1.0992483,SLEELPVDIILASVG/2
691.7174854712957,3,1153.219,0.91894376,FLSHSLVELLNQISPTFK/3
819.431998032004,2,1153.219,1.1863074,SAELAAALLSIYMER/2
858.9669248885041,2,1153.962,1.1200361,ILDDDTIITTLENLK/2
783.3620955942957,3,1153.962,1.0177253,DASIVGFFDDSFSEAHSEFLK/3
654.3325373159623,3,1153.962,0.966865,QMAEIAVNAVLTVADMER/3
981.516258924004,2,1153.962,1.1963801,ETETVFVPVIQAGMEALK/2
683.0405167466291,3,1154.706,0.9505662,FESEILEAISQNSVVIIR/3
533.3222958282956,3,1154.706,0.8610698,LSDLVNTAILIALNK/3
799.479805509004,2,1154.706,1.0897092,LSDLVNTAILIALNK/2
922.001633369504,2,1155.449,1.1733233,DIILQSNPLLEAFGNAK/2
837.969270627504,2,1155.449,1.1151989,FQILNDEIITILDK/2
781.9506839055041,2,1155.449,1.127872,VIQQLEGAFALVFK/2
521.6362147592957,3,1155.449,0.83616894,VIQQLEGAFALVFK/3
740.7230762702957,3,1156.193,1.005655,ALLELQLEPEELYQTFQR/3
975.556575754004,2,1156.193,1.2132452,ILIIGGSIANFTNVAATFK/2
692.6993259789623,3,1156.936,0.9399232,AVAFFLESIAMHDIIAAEK/3
537.9699221849623,3,1156.936,0.85579246,DQVDIAVQELLQLK/3
806.451245044004,2,1157.68,1.131282,DQVDIAVQELLQLK/2
634.675509205629,3,1157.68,0.92559093,TSPDAFVQLALQLAHYK/3
988.0123062375039,2,1157.68,1.2159357,MM[UNIMOD:35]AIAPNVTVMVGELVGAR/2
988.0123062375039,2,1157.68,1.2159357,M[UNIMOD:35]MAIAPNVTVMVGELVGAR/2
954.4971493420041,2,1158.424,1.1787027,LAMQEFMILPVGAANFR/2
636.6671917169624,3,1158.424,0.96477824,LAMQEFMILPVGAANFR/3
948.498726523004,2,1158.424,1.195467,DYGVFIQFPSGLSGLAPK/2
775.3524316649623,3,1158.424,0.9861239,GETDEEYLWC[UNIMOD:4]IEQTLYFK/3
979.0142178095041,2,1158.424,1.2019558,GLLTIPMDNTEVAQWLR/2
995.511704898004,2,1159.911,1.2465591,NLDLAVLELMQSSVDNTK/2
715.376688675629,3,1159.911,1.0051192,MITSAAGIISLLDEDEPQLK/3
664.0102287542957,3,1159.911,0.97173566,NLDLAVLELMQSSVDNTK/3
735.7062632559623,3,1160.655,0.98641056,FLVMASEDALC[UNIMOD:4]TVLHLTER/3
651.3544357042956,3,1160.655,0.95041907,SSPQFGVTLLTYELLQR/3
788.0606395669621,3,1160.655,1.0171214,GSELWLGVDALGLNIYEQNDR/3
617.965960395629,3,1161.398,0.8708865,MLDLLEDFLEHEGYK/3
673.6668629719624,3,1161.398,0.928403,NMVDYHLIMDMIPAISR/3
994.558458170004,2,1162.141,1.235122,IGC[UNIMOD:4]LLSGGLDSSLVAATLLK/2
578.6043685502956,3,1162.141,0.83808875,MDPMNIWDDIITNR/3
867.402914592004,2,1162.885,1.1096381,MDPMNIWDDIITNR/2
663.3747309356289,3,1162.885,0.96965533,IGC[UNIMOD:4]LLSGGLDSSLVAATLLK/3
751.3812672422956,3,1162.885,1.005676,SQDAEVGDGTTSVTLLAAEFLK/3
670.3468408892957,3,1162.885,0.9667271,EGTIGDMAILGITESFQVK/3
954.963662263504,2,1162.885,1.1773949,SMFFFLAQTEQGDIFK/2
741.0389529259622,3,1163.629,0.99180084,DAGIEPGPDTYLALLNAYAEK/3
743.916841088504,2,1164.372,1.0614635,VDPLFTELLNGIR/2
979.032410592504,2,1164.372,1.2099158,QLQVVPLFGDMQIELAR/2
867.9748872795042,2,1165.859,1.1259549,LTSLVPFVDAFQLER/2
915.9745613395041,2,1167.347,1.1496296,GIDQC[UNIMOD:4]IPLFVEAALER/2
768.4107267059622,3,1167.347,1.0132217,LNNLQAVFTDLSSMDLIRPR/3
610.9854663819624,3,1168.09,0.8945555,GIDQC[UNIMOD:4]IPLFVEAALER/3
616.0133564069623,3,1168.834,0.91583204,YAGLQGLMSVLAEIRPK/3
931.5102483920041,2,1168.834,1.1720467,QMGDLLPPTIYIPYLK/2
515.2885977202956,3,1169.577,0.8502146,EIC[UNIMOD:4]AVLAAVTEVIR/3
772.429258347004,2,1169.577,1.1137092,EIC[UNIMOD:4]AVLAAVTEVIR/2
751.3790922129621,3,1170.321,1.0032445,DGPLNMILDDGGDLTNLIHTK/3
959.9793207805039,2,1170.321,1.1875864,WLNDLLC[UNIMOD:4]LDC[UNIMOD:4]LNITR/2
601.6546623126291,3,1170.321,0.8737613,NSLISSLEEEVSILNR/3
756.7107304229621,3,1171.064,1.0059737,DGPLNM[UNIMOD:35]ILDDGGDLTNLIHTK/3
641.638572036629,3,1171.808,0.90203834,SSLLDDLLTESEDMAQR/3
961.954219821504,2,1171.808,1.1588523,SSLLDDLLTESEDMAQR/2
725.028237470629,3,1171.808,0.9594606,TLTSC[UNIMOD:4]FLSC[UNIMOD:4]VVC[UNIMOD:4]VEGIVTK/3
552.2877939134414,4,1171.808,0.8562017,VYGGRM[UNIMOD:35]AESMLAILC[UNIMOD:4]HILR/4
553.2910678569623,3,1171.808,0.8649266,MAESMLAILC[UNIMOD:4]HILR/3
989.020023091504,2,1172.551,1.199784,GTDLWLGVDALGLNIYEK/2
662.669082897629,3,1172.551,0.90404236,GLAEDIENEVVQITWNR/3
940.4774597610041,2,1172.551,1.1543268,FEFPEQLPLDEFLQK/2
685.0369951746289,3,1173.295,0.9992693,EIADLGEALATAVIPQWQK/3
679.3504739122956,3,1173.295,0.9595577,AVITSLLDQIPEM[UNIMOD:35]FADTR/3
796.4745231600041,2,1174.038,1.0815909,DLLVGPGVELLLTPR/2
771.919383815504,2,1174.782,1.0706656,GAYIYNALIEFIR/2
539.9542720869623,3,1174.782,0.8525247,LNLVEAFVEDAELR/3
809.427769897004,2,1175.525,1.093509,LNLVEAFVEDAELR/2
715.7245285712957,3,1175.525,0.98876774,AVWLPGSQTELAIVTADFVK/3
714.9101701195041,2,1176.269,1.0753287,GVMLAVDAVIAELK/2
476.94253890196234,3,1176.269,0.8325158,GVMLAVDAVIAELK/3
789.3826137716288,3,1177.012,1.027659,EQMDNAVYTFETLLHQELGK/3
728.759461745629,3,1177.012,0.9960956,LNGQVLVFTLPLTDQVSVIK/3
913.9638592345041,2,1177.756,1.1654773,EAMTDIITLFGLSSNSK/2
609.6449983119624,3,1177.756,0.9127064,EAMTDIITLFGLSSNSK/3
792.7651639302958,3,1177.756,1.0272753,EALEALVPVTIEVEVPFDLHR/3
881.995485345504,2,1178.5,1.1284933,VAIIEELVVGYETSLK/2
765.0872496312955,3,1178.5,0.9847842,GQVSEMAVLLIDPEPQIAALAK/3
691.0563897259623,3,1178.5,0.9891103,ALNAGYILNGLTVSIPGLER/3
754.4081002359623,3,1179.988,0.9894455,LVVSSLEALESC[UNIMOD:4]FAVGPIIEK/3
635.329344527629,3,1180.731,0.9212373,MDADGFLPITLIASFHR/3
597.6297884772957,3,1180.731,0.8964386,QDAVDYLTWTFLYR/3
742.9054107245041,2,1180.731,1.0500804,SFVEFILEPLYK/2
895.9410444825041,2,1180.731,1.1560674,QDAVDYLTWTFLYR/2
880.9536288875041,2,1181.475,1.1332461,AASNC[UNIMOD:4]GIVESILNWVK/2
930.5004119610039,2,1182.218,1.1653916,MALELLTQEFGIPIER/2
706.437212408004,2,1182.218,1.0706713,LAAVQLLQFLAPK/2
842.4800024530041,2,1182.962,1.1147424,EAVVNTQELLDLLVK/2
733.7037931639624,3,1182.962,0.97004414,YHEQLSTQSLIELFESFK/3
620.6693667962955,3,1182.962,0.90723425,MALELLTQEFGIPIER/3
862.9463267785042,2,1183.706,1.1170164,SEAANGNLDFVLSFLK/2
786.955108978504,2,1183.706,1.1065103,SALASVIM[UNIMOD:35]GLSPILGK/2
979.9909312835041,2,1184.449,1.1881719,FYFVGDEDLLEIIGNSK/2
653.663046344629,3,1185.193,0.91767055,FYFVGDEDLLEIIGNSK/3
667.0334736106289,3,1185.193,0.92956376,GVPQIEVTFEIDVNGILR/3
992.9777351575041,2,1185.193,1.1938988,HNIMDFAMPYFIQVMK/2
662.3209155939624,3,1185.936,0.9591355,HNIMDFAMPYFIQVMK/3
881.9194517255041,2,1185.936,1.1275342,DLEEALEMGVDWSLR/2
962.4796764770041,2,1189.654,1.2014974,QAAPC[UNIMOD:4]VLFFDELDSIAK/2
861.8532461195041,2,1189.654,1.0934969,FAWAIDMADEDYEF/2
816.936916261504,2,1189.654,1.1179496,DPLALC[UNIMOD:4]LLLQAYDK/2
708.412284932629,3,1190.398,1.0014361,GIFEALRPLETLPVEGLIR/3
950.519993277004,2,1190.398,1.2000234,GPFLVSAPLSTIINWER/2
641.988876473629,3,1190.398,0.9317464,QAAPC[UNIMOD:4]VLFFDELDSIAK/3
742.7290623282956,3,1190.398,1.0240874,GYTLLSEGIDEMVGIIYKPK/3
703.3626024136289,3,1190.398,0.9779523,LVQLDSAISMELWQEAFK/3
706.342201276629,3,1191.884,0.9666477,MNLASSFVNGFVNAAFGQDK/3
702.010523817629,3,1193.371,0.9701836,AC[UNIMOD:4]DTLLMC[UNIMOD:4]IVTVMNHGLR/3
717.7004945006289,3,1193.371,0.9316122,FDLGQDVIDFTGHALALYR/3
683.6906076166289,3,1193.371,0.9538731,LALESIC[UNIMOD:4]LLLGESTTDWK/3
952.9727469105042,2,1193.371,1.1844746,EGASNLVIDLIMNASSDR/2
707.342162027629,3,1194.115,0.9674061,AC[UNIMOD:4]DTLLM[UNIMOD:35]C[UNIMOD:4]IVTVMNHGLR/3
726.3792036432956,3,1194.858,1.0084306,GLVSTLQSATEQMAATVAGSVR/3
752.7171566776291,3,1194.858,0.9984839,AVANETGAFFFLINGPEIMSK/3
709.3698684482956,3,1197.09,0.94670486,ETLISWLQAQMLNPQPEK/3
709.7024522359624,3,1197.833,1.0096222,ALINADELASDVAGAEALLDR/3
812.1111113002954,3,1199.32,1.0264207,DDQVTVIGAGVTLHEALAAAELLK/3
566.9684697972956,3,1199.32,0.88417506,DPEAEAALELALSITR/3
587.3057008654415,4,1199.32,0.8529176,DC[UNIMOD:4]EAKDLQEFIPLINQITAK/4
690.0139676042958,3,1200.063,0.970584,FPEADPYEIIESFNVVAK/3
690.3613729626289,3,1200.063,0.9585182,C[UNIMOD:4]DAIVDLIHDIQIVSTTR/3
753.3972067622957,3,1200.063,0.983148,MVLVDLPGVINTVTSGMAPDTK/3
583.965059683629,3,1200.807,0.88909686,QDDPFELFIAATNIR/3
980.0148489225039,2,1201.551,1.2097845,MMAIAPNVTVMVGELVGAR/2
928.4597011600041,2,1201.551,1.1776929,MYVFGGWVPLVMDDVK/2
875.4439512920039,2,1201.551,1.1248528,QDDPFELFIAATNIR/2
768.0339789716289,3,1201.551,1.0022072,NIFESFVDYVAVEQLDGDNK/3
840.9224201965042,2,1201.551,1.1012933,MLPVDEFLPVMFDK/2
783.028170892629,3,1201.551,0.99983156,VASNPYTWFTM[UNIMOD:35]EALEETWR/3
780.0606395502955,3,1201.551,1.033988,EVAAFAQFGSDLDAATQQLLSR/3
653.6789914372956,3,1202.295,0.9594134,MMAIAPNVTVMVGELVGAR/3
630.6838932549623,3,1203.038,0.9253777,VPLLLEEQGVVDYFLR/3
917.955837303504,2,1203.038,1.1639671,YSLQYYMGLAEELVR/2
945.522201649004,2,1203.038,1.1866803,VPLLLEEQGVVDYFLR/2
735.0594710812956,3,1203.038,0.9969767,C[UNIMOD:4]QDVSAGSLQELALLTGIISK/3
701.3790865956289,3,1203.782,1.002806,LVLEQVVTSIASVADTAEEK/3
567.299602637629,3,1203.782,0.8458539,FDFVHDLVLYLYR/3
745.0548258692958,3,1203.782,0.9641631,DTVTISGPQAPVFEFVEQLR/3
803.381836436004,2,1203.782,1.0762643,DMTLEGDDLILEIE/2
756.7338638276291,3,1204.525,1.0243843,SLSALGNVISALAEGSTYVPYR/3
774.3946308252957,3,1204.525,1.0121001,YAPTEAQLNAVDALIDSMSLAK/3
951.5238870450041,2,1205.269,1.2267637,FGAQNEEMLPSILVLLK/2
959.5213443600042,2,1205.269,1.2201525,FGAQNEEM[UNIMOD:35]LPSILVLLK/2
880.021837529504,2,1206.012,1.1578041,GALQYLVPILTQTLTK/2
587.0169838419623,3,1206.012,0.88067144,GALQYLVPILTQTLTK/3
960.0354761505041,2,1206.012,1.2211182,FVTAIWNLLVTTGQEVK/2
720.4277120899623,3,1206.012,1.0040252,LGQAELVVIDEAAAIPLPLVK/3
609.3449946256288,3,1206.755,0.96388525,MADAIILAIAGGQELLAR/3
913.5138537050038,2,1206.755,1.2066087,MADAIILAIAGGQELLAR/2
640.3594095892958,3,1206.755,0.94322,FVTAIWNLLVTTGQEVK/3
999.4980662420039,2,1207.499,1.2333645,DYIYAVTPLLEDALMDR/2
694.0126267162956,3,1207.499,0.9523184,FFPEDVSEELIQEITQR/3
957.4693087320039,2,1207.499,1.1929339,FQDTAEALAAFTALMEGK/2
793.9265484885041,2,1207.499,1.1375579,DILC[UNIMOD:4]GAADEVLAVLK/2
666.6678029836289,3,1207.499,0.94270366,DYIYAVTPLLEDALMDR/3
873.989148762504,2,1207.499,1.1487337,EFITALIPEVILC[UNIMOD:4]TK/2
582.9951913306289,3,1207.499,0.9054686,EFITALIPEVILC[UNIMOD:4]TK/3
529.6201244812956,3,1207.499,0.8260594,DILC[UNIMOD:4]GAADEVLAVLK/3
791.397140251629,3,1208.242,1.0200285,FLVLDEADGLLSQGYSDFINR/3
906.001102038504,2,1208.986,1.201925,NAPAIIFIDELDAIAPK/2
912.420447030004,2,1208.986,1.1659367,LDLMDAGTDAMDVLMGR/2
884.522004686004,2,1209.73,1.189571,AQLGVQAFADALLIIPK/2
908.009124017504,2,1209.73,1.1730722,EVGDGTTSVVIIAAELLK/2
815.4420313710041,2,1209.73,1.0809366,EDVLTLLLPVMGDSK/2
604.336493514629,3,1209.73,0.9292245,NAPAIIFIDELDAIAPK/3
692.3360588946292,3,1209.73,0.9639489,GSC[UNIMOD:4]VTQVGLLESVYEMFR/3
650.995130344629,3,1209.73,0.91936666,DALEFWLQAGVDGFQVR/3
605.6751748339623,3,1209.73,0.9366535,EVGDGTTSVVIIAAELLK/3
716.7101136082956,3,1209.73,0.96602666,YMLLPNQVWDSIIQQATK/3
735.3755650602957,3,1210.474,0.995505,STAISLFYELSENDLNFIK/3
840.4316636320041,2,1210.474,1.1289773,ADMVIEAVFEDLSLK/2
729.9154525225041,2,1210.474,1.0797436,TEC[UNIMOD:4]ALLGLLLDLK/2
720.3837881940041,2,1210.474,1.0620512,FINMFAVLDELK/2
709.406109227004,2,1210.474,1.0673814,DINTDFLLVVLR/2
892.9391329385041,2,1211.217,1.1461937,YVDFPITDVLQMMGR/2
903.9540144245041,2,1211.961,1.1767572,EDLATFIEELEAVEAK/2
930.4534616970041,2,1211.961,1.157779,FGVEQDVDMVFASFIR/2
581.6492495499624,3,1211.961,0.88065636,VHNLITDFLALMPMK/3
823.9516091695039,2,1211.961,1.1123705,DLVSSLTSGLLTIGDR/2
751.4365521110041,2,1211.961,1.0787454,MSLLQLVEILQSK/2
754.9050847415042,2,1211.961,1.0710276,STAPLLDVFSSMLK/2
620.6380666202957,3,1212.704,0.90547657,FGVEQDVDMVFASFIR/3
913.5065515690042,2,1212.704,1.189422,LVLPSLLAALEEESWR/2
675.0103402472956,3,1212.704,0.9359725,NMAEQIIQEIYSQIQSK/3
973.0191658405039,2,1212.704,1.202248,VDNMIIQSISLLDQLDK/2
990.503348517004,2,1213.448,1.2332838,VPSTEAEALASSLMGLFEK/2
998.500805832004,2,1213.448,1.2342802,VPSTEAEALASSLM[UNIMOD:35]GLFEK/2
869.974355988504,2,1213.448,1.1452643,QLAAFLEGFYEIIPK/2
995.0382158445041,2,1213.448,1.2163616,GLDIPLLDNVINYSFPAK/2
747.3389622182957,3,1213.448,0.98763853,DDEEMNTWIQAISSAISSDK/3
660.6713245002957,3,1214.192,0.97680163,VPSTEAEALASSLMGLFEK/3
731.3921445870042,2,1214.192,1.0685469,TPLFDQIIDMLR/2
890.4512450000042,2,1214.192,1.1414225,DLYNWLEVEFNPLK/2
959.9995248825041,2,1214.192,1.2185464,LMWLFGC[UNIMOD:4]PLLLDDVAR/2
813.474000264004,2,1214.192,1.1364471,NSLIQMTILNLLPR/2
870.9716163195042,2,1214.935,1.1409394,FLNWIPLGYIFETK/2
946.984071789504,2,1214.935,1.2140214,ETC[UNIMOD:4]LITFLLAGIEC[UNIMOD:4]PR/2
974.010809444504,2,1215.679,1.2171757,AFMTADLPNELIELLEK/2
680.0053606962956,3,1215.679,0.93938625,FYPEDVAEELIQDITQK/3
926.5038118850041,2,1215.679,1.1926801,LWISNGGLADIFTVFAK/2
814.966530940504,2,1216.422,1.1209499,LGLIEWLENTVTLK/2
716.7557172849624,3,1217.166,1.0092394,VLLVSPELQAAVEEILPSLK/3
473.7641662014414,4,1217.166,0.77026194,DSQRDLVEAVAHILGIR/4
940.032402182504,2,1217.91,1.2003607,TGAFSIPVIQIVYETLK/2
945.0004417385039,2,1217.91,1.2053139,VDTMIVQAISLLDDLDK/2
957.5767798800041,2,1217.91,1.2373425,AFAVVASALGIPSLLPFLK/2
638.7202787422957,3,1217.91,0.95821744,AFAVVASALGIPSLLPFLK/3
710.3830090886289,3,1218.653,0.9825196,ALM[UNIMOD:35]LQGVDLLADAVAVTMGPK/3
736.0824929929622,3,1219.397,0.9754786,VHAELADVLTEAVVDSILAIK/3
695.0634328472956,3,1219.397,1.005529,VLISNLLDLLTEVGVSGQGR/3
936.974226979504,2,1220.884,1.2009828,DSSLFDIFTLSC[UNIMOD:4]NLLK/2
593.7045172599624,3,1220.884,0.9223525,LPILPTLLTTLEVSLR/3
717.3757879769622,3,1221.627,0.9881746,ETYEVLLSFIQAALGDQPR/3
617.3205812569623,3,1221.627,0.94116443,MVVDAVM[UNIMOD:35]MLDDLLQLK/3
749.4035721596289,3,1222.371,1.0302461,IQFNDLQSLLC[UNIMOD:4]ATLQNVLR/3
731.7628718932956,3,1227.576,1.0202447,GDTLLQALDLLPLLIQTVEK/3
