mz,charge,rt_s,mobility,sequence
582.59435411,3,106.994,0.84848676,DSRPSQAAGDNQGDEAK/3
501.5793167,3,115.917,0.84259667,AQHEDQVEQYKK/3
446.90525265,3,118.148,0.85371807,EESGKPGAHVTVK/3
432.90547559,3,126.327,0.83619147,ERPSQPEGLRK/3
432.91056096,3,130.788,0.84307502,SVPLGHTHHLAK/3
408.55080982,3,133.762,0.83519144,HADIVTTTTHK/3
545.62514886,3,136.737,0.84690731,VHGPGIQSGTTNKPNK/3
409.47068076,4,136.737,0.70965696,VHGPGIQSGTTNKPNK/4
433.22509675,3,137.481,0.84096445,LGIHEDSTNRR/3
562.28864819,3,138.224,0.85853204,TVQGSGHQEHINIHK/3
518.57456569,3,140.455,0.83702988,HHYEQQQEDLAR/3
525.89123158,3,140.455,0.84568668,AEASSGDHPTDTEMK/3
618.289265,3,144.172,0.86710722,DSVAQGTTNVHSSEHAGR/3
463.23566145,3,144.916,0.84541959,AQQELEEQTRR/3
470.90061311,3,145.659,0.84172181,YHTINGHNAEVR/3
560.27629678,3,145.659,0.85660417,RQPQEEVVHEDQGK/3
442.565119,3,147.89,0.83416568,RDHALLEEQSK/3
458.88099569,3,148.633,0.83583309,AQHEDQVEQYK/3
530.92548694,3,153.838,0.85014102,HLQTGENHTSVDPR/3
458.58099195,3,156.812,0.84126399,AHVQEVAQHNLK/3
401.88244805,3,158.299,0.8422878,LAGESESNLRK/3
412.23493312,3,159.043,0.8343919,VAPAPARPSGPSK/3
483.24778995,3,159.043,0.8479124,ILQHSHGIEEER/3
429.57869985,3,159.043,0.8405888,HLLVHAPEDKK/3
457.55422553,3,159.787,0.83916109,KNHEEEMNALR/3
453.53835256,3,160.53,0.84559695,QVDGDNSHVEMK/3
705.67819519,3,160.53,0.86374265,LTQTSGETTHTDKEPVGEGK/3
671.647118,3,160.53,0.85266976,LQQQQRPEDAEDGAEGGGK/3
524.91342502,3,162.019,0.8482302,RMEELHNQEMQK/3
400.87881503,3,162.762,0.83864652,LSSVVTQHDSK/3
803.8869975,2,163.506,1.20926174,QQSAQSQVSTTAENK/2
494.88669787,3,164.25,0.8538786,EETVNDPEEAGHR/3
448.90547559,3,164.25,0.82900524,HHIETGGGQLPAK/3
503.57115555,3,164.993,0.85996712,EWSQHINGASHSR/3
433.88244802,3,164.993,0.84287631,KPEDWDERPK/3
436.88960262,3,167.967,0.84898675,NKYEDEINKR/3
493.2513115,3,168.711,0.83741315,IHNAENIQPGEQK/3
464.24063536,3,173.172,0.846004,THLSLSHNPEQK/3
439.54253725,3,173.172,0.84522247,YAHQSGFHVDR/3
456.90413468,3,175.404,0.84787003,NNRPSEGPLQTR/3
735.99625252,3,175.404,0.86697076,SDAEEDGGTVSQEEEDRKPK/3
434.21794218,3,177.635,0.8473901,RLPDAHSDYAR/3
547.59737029,3,179.866,0.85884567,RKEDEVEEWQHR/3
410.94984684,4,180.609,0.71873669,RKEDEVEEWQHR/4
441.89698013,3,181.353,0.85382724,QAVEQQIQSHR/3
477.90732188,3,182.096,0.84580852,LEVQATDREENK/3
782.33647173,2,182.096,1.20759077,AQAVSEEEEEEEGK/2
481.5513152,3,182.839,0.85583571,DGETPDPEDPSRK/3
410.8823366,3,182.839,0.84178205,LEVQAEEERK/3
434.54002785,3,185.07,0.83388711,HTNYTMEHIR/3
413.94984685,4,185.814,0.71309295,TPHYGSQTPLHDGSR/4
417.20951325,3,188.044,0.85253552,RREEEMMIR/3
496.57434278,3,189.531,0.84557339,RQLEEAEEEAQR/3
783.86573071,2,189.531,1.21901822,AEGSSTASSGSQLAEGK/2
452.53404176,3,190.274,0.85224449,DAQHYGGWEHR/3
455.53236648,3,190.274,0.8462521,EDGSGDRGDGPFR/3
498.56864614,3,191.019,0.84900742,THNDIIHNENMR/3
435.22621475,3,192.506,0.85116701,LVDQSGPPHEPK/3
472.87972133,3,193.993,0.84092189,MEELHNQEMQK/3
483.93180181,3,194.737,0.84696674,RQEALPLHQETK/3
433.55774151,3,196.224,0.84375028,VKDDIESLHDK/3
561.28501518,3,196.968,0.85850954,AIQGGTSHHLGQNFSK/3
471.22861829,3,197.711,0.84180714,AFHNEAQVNPER/3
413.88244804,3,197.711,0.84447224,ELVSDANQHVK/3
593.98311327,3,198.455,0.85210154,RDPALNSGVSQKPDPAK/3
406.93758216,4,199.199,0.71110813,EHHFGSSGMTLHER/4
533.91676855,3,199.942,0.8554061,DSSGQHVDVSPTSQR/3
813.37372293,2,199.942,1.21283963,TQASSSFQDSSQPAGK/2
425.55818734,3,199.942,0.85069596,DQVLHEHIQR/3
471.89196127,3,200.686,0.84391762,VPENTMHAMQQK/3
585.27992979,3,202.916,0.85576986,KHEAFESDLAAHQDR/3
439.21176646,4,203.659,0.71817675,KHEAFESDLAAHQDR/4
407.89105498,3,203.659,0.82178081,HHVLGTITTDK/3
414.85590453,3,207.377,0.83471883,NHEEEMNALR/3
484.54768218,3,207.377,0.8554524,FEDEDSDDVPRK/3
467.25287533,3,207.377,0.84041693,ILHQHLGAPEER/3
441.87406401,3,208.12,0.83910275,RDHVFEDSYR/3
583.59932805,3,210.351,0.85781844,REEEEQQEGGFASPR/3
451.85909172,3,211.095,0.84526408,TFTEMDSHEEK/3
498.58294973,3,211.838,0.85751195,SQYEQLAEQNRK/3
600.62391939,3,212.582,0.8591709,WATHGEPSPVNSHPQR/3
492.59155665,3,212.582,0.85249993,GSEHQAIVQHLEK/3
411.87562782,3,214.069,0.84498868,IQVWHEEHR/3
753.67640846,3,214.813,0.86278336,TDAPQPDVKEEEEEKEEEK/3
912.43450877,2,215.556,1.21856444,QNQTTSAVSTPASSETSK/2
491.60117574,3,218.53,0.84264869,RKPDTIEVQQMK/3
736.89812538,2,218.53,1.20538343,RKPDTIEVQQMK/2
741.85021805,2,220.761,1.23165446,DLAEVGEGGGHSQAR/2
447.87758554,3,221.505,0.85443328,ASNGDAWVEAHGK/3
435.24208773,3,222.248,0.842573,ALEHSALAINHK/3
608.26791274,3,222.992,0.86606675,YFDGSGGNNHAVEHYR/3
456.57267449,3,223.735,0.84443183,VAERPQHMLMR/3
416.55455429,3,224.479,0.84177825,VSVHVIEGDHR/3
689.35206221,2,224.479,1.21802548,TTTAAAVASTGPSSR/2
463.89458217,3,225.223,0.84144979,QAHLTNQYMQR/3
417.22643767,3,225.966,0.84975077,ALTHIDHSLSR/3
498.90877982,3,225.966,0.85453874,MFGGPGTASRPSSSR/3
635.98154946,3,225.966,0.85485834,GVGRDKYEPAAVSEQGDK/3
498.23532708,3,226.71,0.83888362,KYEEIDNAPEER/3
519.57557781,3,226.71,0.86050872,EESSGTPAHQMNLR/3
510.58669415,3,226.71,0.85117625,HGVDVEVQGPHEAR/3
487.89832659,3,227.453,0.85537588,HLEMNPHFGSHR/3
443.55421993,3,227.453,0.84040678,RFDTEEEFKK/3
497.59893412,3,228.197,0.86356459,GNTSGSHIVNHLVR/3
434.21794217,3,228.94,0.84740417,DREEALHQFR/3
530.933871,3,229.683,0.86006437,LEQIDGHIAEHNSK/3
427.56170888,3,229.683,0.8375465,DPNDVRPIQAR/3
488.91626319,3,230.427,0.85003973,LDPHNHVLYSNR/3
551.94829161,3,230.427,0.8571028,AQELGHSQSALASAQR/3
581.60793501,3,230.427,0.84784093,ITPAHDQNDYEVGQR/3
510.90369445,3,231.171,0.844452,AAHSEGNTTAGLDMR/3
465.91615173,3,231.914,0.85890269,QSVENDIHGLRK/3
907.4373858,2,231.914,1.23536099,EAAGTTAAAGTGGATEQPPR/2
412.90307203,3,235.632,0.83325402,VSQEHPVVLTK/3
479.57579515,3,237.862,0.84901894,QDAQSLHGDIPQK/3
519.286579,3,239.35,0.86303955,AIEALHGHELRPGR/3
971.49418091,2,239.35,1.22330991,VMQQQQQTTQQQLPQK/2
647.9985461,3,240.093,0.85385643,VMQQQQQTTQQQLPQK/3
403.23130014,3,241.581,0.83520473,RLEIEHSVPK/3
454.56886346,3,242.324,0.84034454,RPNPDILDHER/3
477.92828023,3,242.324,0.84350899,LHNTIVEINNHK/3
484.57193921,3,244.554,0.84442736,YKPESEELTAER/3
445.21760781,3,246.041,0.85754428,ETAENYLGHTAK/3
626.9854054,3,246.785,0.85915312,LLETTDRPDGHQNNLR/3
579.27378737,3,247.529,0.85661379,RPAEDMEEEQAFKR/3
709.8597201,2,247.529,1.21416866,QSSVTQVTEQSPK/2
433.89457656,3,248.273,0.83051902,HRPELIEYDK/3
460.21001302,3,248.273,0.85446208,EMEAELEDERK/3
521.5984883,3,249.016,0.85049482,VSLEPHQGPGTPESK/3
456.56864054,3,249.016,0.84727975,TQNDVLHAENVK/3
558.27607389,3,250.503,0.8418443,RDIQENDEEAVQVK/3
424.21179975,3,251.246,0.84088081,TAIHEVMEQGR/3
409.88753344,3,253.477,0.83178092,HRPELIDYGK/3
572.62017494,3,253.477,0.8562398,NQQITHANNTVSNFK/3
841.91321222,2,253.477,1.22379248,GLTTTGNSSLNSTSNTK/2
416.52280835,3,254.221,0.84285955,GEIDAHEDSFK/3
439.89105497,3,254.221,0.83251105,FHHTFSTEIAK/3
442.23711381,3,254.221,0.85223289,SQLLGSAHEVQR/3
905.43230046,2,254.221,1.23144709,SSQTSGTNEQSSAIVSAR/2
435.19978267,3,256.452,0.85221435,VTWDGHSGSMAR/3
525.92979217,3,256.452,0.84638211,IEQVDKEDEITEK/3
424.19967125,3,256.452,0.84875373,AQDSSLHMPER/3
542.58160878,3,257.195,0.85519115,HEAFESDLAAHQDR/3
628.63934657,3,258.682,0.87146997,LNFSHGTHEYHAETIK/3
471.73132904,4,258.682,0.73410238,LNFSHGTHEYHAETIK/4
553.62844753,3,258.682,0.84708262,VVDRDSEEAEIIRK/3
942.45538162,2,258.682,1.24993595,LNFSHGTHEYHAETIK/2
488.24437981,3,260.17,0.86057857,ITSVAWSPHHDGR/3
496.91102144,3,261.656,0.84785344,VKPEEMMDERPK/3
479.23447855,4,262.4,0.71764918,ETKPEPMEEDLPENKK/4
638.64354591,3,263.145,0.85551572,ETKPEPMEEDLPENKK/3
612.61838821,3,263.888,0.84821,HSLNSSSASTTEPDFQK/3
525.91353087,3,264.632,0.84588781,HLAEHSPYYEAMK/3
436.24197629,3,264.632,0.85110538,LLENPTINHQK/3
405.53152674,3,266.119,0.83788366,ASIHEAWTDGK/3
790.41994483,2,266.119,1.2249462,EATNPPVIQEEKPK/2
788.88867446,2,266.119,1.21428501,EVDATSPAPSTSSTVK/2
425.21894874,3,268.349,0.83225456,LYHNEVEIEK/3
504.90234795,3,269.093,0.84995276,DTHDQLSEPSEVR/3
408.21785754,4,269.093,0.72193676,LSEIHHLHPEYVR/4
494.26707303,3,269.837,0.85964222,QTAQQIVSHVQNK/3
404.84863852,3,272.067,0.8287102,MDYEDDRLR/3
536.92196538,3,272.811,0.86017393,HQAFEAELHANADR/3
792.89683395,2,272.811,1.21600475,LDQELQQPQTQEK/2
709.67445075,3,273.554,0.87151292,ILEQEEEEEQAGKPGEPSK/3
519.6024557,3,273.554,0.85547291,HQALQAEIAGHEPR/3
732.84863246,2,274.298,1.20679225,EHDPVGQMVNNPK/2
571.27221794,3,274.298,0.86143173,NEEPSEEEIDAPKPK/3
575.28809095,3,274.298,0.85138795,LIQSHPESAEDLQEK/3
856.40468868,2,275.041,1.23129543,NEEPSEEEIDAPKPK/2
499.25265804,3,275.785,0.84979764,MQHNLEQQIQAR/3
681.34898823,2,276.528,1.20406686,EVATNSELVQSGK/2
533.24292744,3,277.272,0.86788941,YGEAGEGPGWGGAHPR/3
494.58294971,3,277.272,0.85008658,QQALTVSTDPEHR/3
741.37078633,2,277.272,1.21113444,QQALTVSTDPEHR/2
444.24572073,3,278.015,0.84831254,VTAIHIDPATHR/3
539.25970111,3,278.759,0.86497628,TGTITTFEHAHNMR/3
774.38101667,2,279.502,1.21635222,ELRDEEQTAESIK/2
516.58976993,3,280.246,0.84802958,ELRDEEQTAESIK/3
422.22258174,3,280.246,0.84661465,ISSDLDGHPVPK/3
706.8455585,2,280.989,1.20160495,SRAEAESMYQIK/2
484.94381883,3,281.733,0.85545578,VGQAVDVVGQAGKPK/3
483.93554627,3,283.964,0.85405254,GDAHLRPTSLVQR/3
563.27266374,3,284.707,0.84668805,GTVRPANDFNPDADAK/3
435.91397109,3,284.707,0.84386479,RQPEAVHLLDK/3
875.44755657,2,284.707,1.22714261,SPAGPAATPAQAQAASTPR/2
537.98111224,4,285.451,0.7314865,EEEEPMDTSSVTHTEHYK/4
716.97239084,3,285.451,0.871646,EEEEPMDTSSVTHTEHYK/3
470.91604028,3,286.194,0.8499056,LAQGHTTVDELAR/3
716.32532455,2,286.194,1.23032603,GMWSEGNGSHTIR/2
475.24913085,3,286.938,0.85070745,SLAPSIHGHDYVK/3
468.21158243,3,289.17,0.85291163,TANDMIHAENMR/3
778.38917602,2,289.913,1.21912076,AAVGQESPGGLEAGNAK/2
790.35648729,2,289.913,1.20748278,RPAEDMEEEQAFK/2
483.23006189,4,289.913,0.72910087,VHLENMGSHDIVDGNHR/4
758.85496909,2,292.144,1.21318449,QEYDESGPSIVHR/2
506.23907155,3,292.144,0.851954,QEYDESGPSIVHR/3
645.97294254,3,292.144,0.85965775,AYLQEEERENSEVSPR/3
515.93046088,3,292.887,0.85492097,HALLEADVAAHQDR/3
461.58065761,3,292.887,0.84415687,AQTAHIVLEDGTK/3
559.24840675,3,295.118,0.85620707,ATAGDTHLGGEDFDNR/3
564.58004496,3,295.118,0.85569221,STAGDTHLGGEDFDNR/3
846.3664292,2,295.862,1.22267847,STAGDTHLGGEDFDNR/2
476.94052022,3,296.605,0.85244581,IIAHAQLLEQHR/3
479.22817251,3,299.58,0.85781085,YELISETGGSHDK/3
578.28490374,3,299.58,0.85858277,KPGQSFQEQVEHYR/3
470.91274161,3,299.58,0.85895396,SGNALFHASTLHR/3
838.36897189,2,300.324,1.22309437,ATAGDTHLGGEDFDNR/2
561.94985539,3,300.324,0.86684829,ETNPHHPPAWIASAR/3
588.60430198,3,301.067,0.86041265,YDEELEGERPHSFR/3
612.93800939,3,301.81,0.86274323,DGQVINETSQHHDDLE/3
918.90337585,2,301.81,1.23563593,DGQVINETSQHHDDLE/2
573.29161249,3,302.554,0.85829895,NTVSQSISGDPEIDKK/3
455.91509468,3,302.554,0.84222118,LRAEPDHMVLGK/3
464.56489609,3,303.298,0.83150331,TNHIYVSSDDIK/3
494.91978476,3,304.041,0.85353922,QADNPHVALYQAR/3
547.96176102,3,304.785,0.85311953,LRENVFQEHQTLK/3
447.57121651,3,304.785,0.84953187,VSMSPVLHTQNK/3
423.21783073,3,305.528,0.85689263,QSVENDIHGLR/3
622.33403457,3,305.528,0.86913154,RPELLTHSTTEVTQPR/3
479.25991845,3,305.528,0.86019818,VQQAELHTGSLPR/3
403.56551432,3,307.015,0.8350083,HKPLLIDMNK/3
867.89291099,2,307.759,1.20693238,SHMMDVQGSTQDSAIK/2
740.39373007,2,308.502,1.21756997,AGGAAVVITEPEHTK/2
493.93157887,3,308.502,0.85336258,AGGAAVVITEPEHTK/3
460.92090274,3,309.99,0.85116644,KLDEAVAEAHLGK/3
778.87061911,2,310.733,1.21900514,DHVVSDFSEHGSLK/2
519.58283823,3,311.477,0.851141,DHVVSDFSEHGSLK/3
496.60368513,3,311.477,0.86334382,VDEAVAVLQAHHAK/3
537.26539773,3,312.221,0.86194488,AVEVQGPSLESGDHGK/3
516.92660497,3,313.708,0.84369948,HRDYETATLSDIK/3
617.96589938,3,313.708,0.86315214,FSTVAGESGSADTVRDPR/3
877.3792022,2,313.708,1.23794248,GFDTSSSSSNSAASSSFK/2
446.58099199,3,314.451,0.8593257,TLNQQLTNHIR/3
446.23845471,3,315.938,0.84815665,QLPHFTSEHIK/3
716.03442479,3,316.682,0.86758754,QEQQEGPVGPAPSRPALQEK/3
405.88753344,3,316.682,0.84392023,LVVDSHVQYR/3
797.37319164,2,317.425,1.21568085,QAEETYENIPGQSK/2
534.27898421,3,318.169,0.85045111,SIGTANRPMGAGEALR/3
794.37914268,2,319.656,1.21559245,HQAFEAELSANQSR/2
411.5412573,3,320.399,0.84556749,VADMALHYANK/3
436.89798667,3,321.143,0.83238255,IRYESLTDPSK/3
832.88412046,2,321.143,1.22316606,SGALQIESSEESDQGK/2
631.94762847,3,321.886,0.86620022,NKEDQYDHLDAADMTK/3
506.24237019,3,322.63,0.85899321,IDESSLTGESDHVK/3
758.85991706,2,322.63,1.22724133,IDESSLTGESDHVK/2
419.22291608,3,323.374,0.84207341,SVHFPGQAVGTR/3
738.35269342,2,324.118,1.22136605,LESGMQNMSIHTK/2
492.57088777,3,324.118,0.85517083,LESGMQNMSIHTK/3
639.97316545,3,324.862,0.86275574,ATQQQHDFTLTQTADGR/3
722.86192841,2,325.605,1.20926393,SPPPELTDTATSTK/2
792.38663338,2,326.349,1.21902107,EQLQSVTTNSGYTR/2
909.9232456,2,327.092,1.22828575,LYGSAGPPPTGEEDTAEK/2
816.39158134,2,330.066,1.2183648,AQEPESGLSEETQVK/2
635.66941725,3,330.81,0.87397404,TLQAGLSSNHVSHGEVLR/3
464.86534562,3,331.554,0.85734042,WGDYDSHDIER/3
919.38213883,2,333.785,1.20581693,TAENATSGETLEENEAGD/2
414.56271543,3,335.272,0.84500546,LTEVLTDSHVK/3
517.99937372,4,336.759,0.73263688,IMQNTDPHSQEYVEHLK/4
690.33007281,3,336.759,0.87026786,IMQNTDPHSQEYVEHLK/3
778.38917607,2,339.734,1.21773998,QLSAQSYGVTSSTAR/2
740.82722833,2,341.221,1.21427681,LESIDGNEEESMK/2
561.90598095,3,341.964,0.86786425,DDSFFGETSHNYHK/3
545.26914223,3,342.708,0.85788753,HQLLEADISAHEDR/3
893.41050236,2,344.938,1.2294879,DEAQNEGPATESEAPLK/2
509.5804403,3,344.938,0.85637943,IPGEETDTIQHMR/3
434.23141162,3,346.425,0.84004595,YHIIHADIYR/3
642.66952868,3,346.425,0.86831107,RPLHSAQAVDVASASNFR/3
478.57837109,3,346.425,0.84064626,LSNRPAFMPSEGK/3
651.3325822,3,346.425,0.87624953,GIEQAVQSHAVAEEEARK/3
540.96164962,3,348.656,0.8610516,LIQDQQEQIQHLK/3
463.88971408,3,349.4,0.85435111,NFYQEHPDLAR/3
446.90899717,3,352.374,0.85115905,RTLEGELHDLR/3
493.94153235,3,352.374,0.86094615,AVMLLHTHTITSR/3
750.86245976,2,353.118,1.20782699,DQTPDENDQVIVK/2
679.86173148,2,354.605,1.20847532,LLATEQEDAAVAK/2
475.59300902,3,356.092,0.83983881,RHEQFIPIAADK/3
758.85430036,2,358.323,1.20885877,EELVPAEETEQDK/2
490.58541424,3,359.066,0.86278388,VMSQEIQEQLHK/3
861.3747396,2,361.297,1.21860082,TETVEEPMEEEEAAK/2
779.40631454,2,362.784,1.20771196,RPISADSAIMNPASK/2
623.28083048,3,363.527,0.86334052,KFEEFQTDMAAHEER/3
512.94756331,3,365.758,0.86538072,VVEVLAGHGHLYSR/3
780.32844979,2,365.758,1.21013083,NEIDNYEEDYQK/2
890.41779608,2,365.758,1.22933308,VATLNSEEESDPPTYK/2
597.28456938,3,365.758,0.85289358,KEPVDEDLYPEHYR/3
451.56170888,3,365.758,0.84064918,TPLHNDNSWIR/3
768.91770674,2,365.758,1.23238211,VVEVLAGHGHLYSR/2
784.88881188,2,367.988,1.21228863,QAVTNPNNTFYATK/2
598.92548698,3,367.988,0.87534883,DWQSYYYHHPQDR/3
850.43973159,2,368.732,1.22427859,QEAATLAANNTQLQAR/2
835.88084948,2,369.475,1.20994411,EQGPYETYEGSPVSK/2
588.26550921,3,370.219,0.85608761,FAQHGTFEYEYSQR/3
881.89462559,2,370.219,1.22210274,FAQHGTFEYEYSQR/2
534.92682786,3,372.449,0.85862348,YNEQHVPGSPFTAR/3
801.88660355,2,373.193,1.22506881,YNEQHVPGSPFTAR/2
490.21727905,3,373.937,0.85437923,NFGEDMDDERLK/3
734.82228034,2,373.937,1.22106244,NFGEDMDDERLK/2
559.98093267,3,374.68,0.85484096,LQQSHPLSATQIQVK/3
824.92572874,2,376.911,1.20824753,HVGNQQYNVTYVVK/2
767.89663692,2,378.399,1.21680073,SPDLAPTPAPQSTPR/2
579.59474943,3,378.399,0.85873888,NPGNQAAYEHFETMK/3
548.96913848,3,378.399,0.86331418,NEHRPASALVNPLAR/3
881.94451238,2,378.399,1.22076567,QNQTTAISTPASSEISK/2
948.96650739,2,378.399,1.23928664,SAATSGAGSTTSGVVSGSLGSR/2
743.84901804,2,379.143,1.20674765,ALQPLEEGEDEEK/2
571.62492597,3,379.886,0.85592773,HLSPYATLTVGDSSHK/3
432.24114211,3,380.629,0.84861385,AVMHFLVNHVK/3
565.28831386,3,381.373,0.86262351,LESEHPDQAQAILSR/3
509.94745187,3,382.117,0.85459879,VVSQYHELVVQAR/3
764.41753958,2,382.117,1.21631961,VVSQYHELVVQAR/2
592.28954891,3,382.86,0.8605496,LIQNNHYAMEDVATR/3
734.8768586,2,384.347,1.193577,HLVESTNEMAPLK/2
584.94952108,3,385.091,0.86840697,FTQDTQPHYIYSPR/3
846.4077627,2,385.091,1.22792055,VQGSDSDEEVVVATTR/2
737.38081972,2,385.091,1.21120559,SQQLSALQEENVK/2
584.95896774,3,386.577,0.87197752,NSNLVGAAHEELQQSR/3
876.93481338,2,387.321,1.2471982,NSNLVGAAHEELQQSR/2
566.97729959,3,387.321,0.86147956,TGVELGKPTHFTVNAK/3
691.02374864,3,387.321,0.86110711,NQAAIQGRPPYAASAEEVAK/3
781.38322498,2,387.321,1.21467704,ATQPETTEEVTDLK/2
795.386299,2,388.064,1.21435692,NTVSQSISGDPEIDK/2
543.62162736,3,388.808,0.87215402,RDAESIHQYLLQR/3
796.367052,2,388.808,1.23082929,EDINAIEMEEDKR/2
461.25511692,3,388.808,0.84688951,VIMVTGDHPITAK/3
691.37903715,2,389.551,1.20995308,VIMVTGDHPITAK/2
826.93375072,2,390.295,1.22281419,VTAQGPGLEPSGNIANK/2
758.37821744,2,391.039,1.21300686,IWHHTFYNELR/2
505.92123711,3,391.039,0.8512847,IWHHTFYNELR/3
698.40135815,2,391.782,1.21086277,LSHANSAVVLSAVK/2
680.66751907,3,394.756,0.86956317,AEVVETTQVYTEEETRR/3
723.37279768,2,396.987,1.19720521,HQSFVLVGETGSGK/2
842.38970737,2,396.987,1.24340104,YTLFSASSEGQNHSR/2
482.56998706,3,399.218,0.86588478,MQGSLEAHVNGFR/3
886.36346344,2,399.961,1.231663,MGGGGAMNMGDPYGSGGQK/2
586.93012655,3,401.448,0.86713258,STAYEDYYYHPPPR/3
713.3795685,2,401.448,1.21107674,QIATLHAQVADMK/2
445.23482172,3,402.192,0.84629851,LYHDIAQQAFK/3
739.9017223,2,402.935,1.23730549,VDEAVAVLQAHQAK/2
570.30077669,3,402.935,0.87078112,NAIHTFVQSGSHLAAR/3
731.37194039,2,402.935,1.22254053,GVAINMVTEEDKR/2
740.39934682,2,403.679,1.22036494,SLQEEHVAVAQLR/2
879.89155159,2,403.679,1.23401895,STAYEDYYYHPPPR/2
493.60357369,3,404.423,0.8649616,VDEAVAVLQAHQAK/3
530.56820032,3,404.423,0.86280861,FDENGLPTHDMEGK/3
672.31663387,2,405.91,1.19710553,HEAMITDLEER/2
437.90340637,3,406.653,0.83557575,HRFEVNPVWK/3
430.56054039,3,407.397,0.85098608,KYDEVLHMVR/3
611.30770834,3,408.884,0.8672771,IWDPTPSHTPAGAATPGR/3
852.38831871,2,409.628,1.227802,GNAMVEEGHFAAEDVK/2
494.25628543,3,410.371,0.85556109,IHEEFSEHALLR/3
832.89174853,2,411.115,1.23271463,VEYTLGEESEAPGQR/2
560.30519335,3,411.858,0.85212483,LERPPETPTVDPTVK/3
890.9028445,2,412.602,1.23135055,TDYNASVSVPDSSGPER/2
837.41572512,2,412.602,1.2275652,NSQFAGGPLGNPNTTAK/2
791.374877,2,412.602,1.22543643,ASVLDTSMSAGSGSPSK/2
758.88573793,2,414.089,1.22855807,LLEGEDAHLTQYK/2
635.63767132,3,414.089,0.86424451,SLLEGQEDHYNNLSASK/3
506.25958411,3,414.832,0.85817811,LLEGEDAHLTQYK/3
577.93952833,3,414.832,0.86386914,IMIMTDQDQDGSHIK/3
452.23097138,3,414.832,0.85607772,IMGNLGAADIDHK/3
540.58647126,3,416.32,0.85631684,QFQDAGHFDAENIK/3
785.38250511,2,416.32,1.20958987,DHQTITIQEMPEK/2
471.88334873,3,417.063,0.84359638,YDGKWEVEEMK/3
458.2384547,3,418.55,0.85071991,YGGPNHIVGSPFK/3
887.38409904,2,419.294,1.23289231,GNAGQSNYGFANSAMER/2
619.30770836,3,419.294,0.86755063,SLYHSVEWRPAEEPR/3
725.86226279,2,420.781,1.19847941,EPVPQPLPSDDTR/2
734.37553733,2,421.525,1.2237426,ATSTATSGFAGAIGQK/2
433.56657137,3,421.525,0.85337476,QFESLPATHIR/3
711.87042224,2,421.525,1.22583721,EQLQLLEEQHR/2
474.91604032,3,423.012,0.8611963,EQLQLLEEQHR/3
831.42067316,2,424.499,1.23388517,EAATQAQQTLGSTIDK/2
564.644432,3,424.499,0.85828518,LREQLQLLEEQHR/3
883.89435078,2,425.987,1.23076652,TEQEEDEELLTESSK/2
535.95427211,3,425.987,0.85500626,LIQEQHPEEELIK/3
570.6530389,3,425.987,0.86854637,APQAPLHSVVQQLHGK/3
438.55807588,3,426.731,0.85774379,QADFEAHNILR/3
452.24706167,3,427.474,0.84506767,IWHYTGSILHK/3
691.36972371,2,427.474,1.19385202,HEVLLISAEQDK/2
640.65717729,3,428.217,0.87217127,FSALQQAVPTESTDNRR/3
640.65343282,3,428.217,0.8690357,TGTIVVEGHELHDEDIR/3
597.63923514,3,428.217,0.85289737,YTLETRPNQEGIDVR/3
630.00602936,3,428.217,0.87531948,VTVAGGVHISGLHTESAPR/3
737.39901249,2,428.962,1.20894742,EQQIVIQSSGGLSK/2
615.63901222,3,428.962,0.86379944,LSLEGDHSTPPSAYGSVK/3
595.61984059,3,429.705,0.86768315,DVDIIDHHDNTYTVK/3
436.92598814,3,429.705,0.8462777,LIAHAGSLTNLAK/3
779.88900886,2,429.705,1.22802044,VLGTSPEAIDSAENR/2
461.98107828,4,429.705,0.73048287,LSLEGDHSTPPSAYGSVK/4
854.40027208,2,430.448,1.23055939,LSDGQGFTQDDIQAGR/2
922.95488009,2,430.448,1.23521183,LSLEGDHSTPPSAYGSVK/2
753.34304556,2,431.935,1.20813919,TEEMPNDSVLENK/2
884.41284812,2,431.935,1.22443271,VVHSYEELEENYTR/2
854.36196659,2,432.679,1.24383991,EGEDMIAEEHFGSEK/2
783.4051605,2,432.679,1.24585071,SLEAQVAHADQQLR/2
501.93532336,3,433.422,0.85810556,GISHVIVDEIHER/3
752.39934681,2,433.422,1.22337213,GISHVIVDEIHER/2
534.93851058,3,433.422,0.85358062,VVQLHEYSEELEK/3
468.25410479,3,433.422,0.85262929,KDPQGLGLHFYK/3
751.88722629,2,434.166,1.2247115,FVPAEMGTHTVSVK/2
749.40462919,2,434.91,1.2120096,QTLQSEQPLQVAR/2
790.85737437,2,434.91,1.21659964,QDLFEPSSANTEDK/2
798.37606867,2,436.397,1.22429795,QVTQSYWDTNPTR/2
663.66058738,3,436.397,0.87381641,GGAAVDPDSGLEHSAHVLEK/3
497.99725965,4,436.397,0.7356001,GGAAVDPDSGLEHSAHVLEK/4
841.89501948,2,437.14,1.24377059,ASSSSASSAGALESSLDR/2
928.40604813,2,437.14,1.22170098,NAEVTGTMSQDTEVDMK/2
542.63342146,3,437.883,0.8522289,TPVIDADKPVSSQLR/3
801.88392348,2,437.883,1.22522417,SDVLQPGAEVTTDDR/2
471.88971407,3,437.883,0.86013387,WGDEHIPGSPYR/3
731.35206227,2,438.627,1.21824867,SSHYDELLAAEAR/2
523.91375377,3,439.37,0.85653825,FHWEQDQIAHMK/3
417.89457657,3,439.37,0.85455624,LEDLEVIQHR/3
788.93830481,2,439.37,1.21353972,IQHAVQLATEPLEK/2
539.24516908,3,440.114,0.85032979,MQQHFEFEYQTK/3
684.33576942,3,441.601,0.86955574,IVSSSDVGHDEYSTQSLVK/3
726.81964057,2,441.601,1.20355693,YVQSGMMMSQYK/2
489.94040875,3,442.344,0.85690592,RVDPVYIHLAER/3
543.60687798,3,442.344,0.85840793,LADMHSTEISLQQR/3
828.89482252,2,442.344,1.22833172,TSPNEGLSGNPADLER/2
755.84407003,2,443.088,1.24182488,FNLTYVSHDGDDK/2
596.96473093,3,443.088,0.85413501,TSIHEAMEQQSISISK/3
894.94345816,2,443.088,1.22350966,TSIHEAMEQQSISISK/2
504.23180551,3,443.832,0.86670149,FNLTYVSHDGDDK/3
787.37064893,2,443.832,1.22549209,ELAETIAADDGTDPR/2
795.38629898,2,445.319,1.22567205,GNDTPLALESTNTEK/2
553.97741111,3,445.319,0.85936794,LHISQLQHENSILK/3
536.61185187,3,446.063,0.84917452,NPNTSEPQHLLVMK/3
804.41413958,2,446.063,1.2152168,NPNTSEPQHLLVMK/2
777.87897549,2,446.806,1.22849672,QSSATSSFGGLGGGSVR/2
828.90739857,2,447.55,1.241889,EALLSSAVDHGSDEVK/2
547.61788285,3,447.55,0.86040554,FLSNGHVTIPGQQDK/3
770.89630256,2,449.037,1.22958865,EEVVLLTHGDSVDK/2
821.90888704,2,449.037,1.22455447,MATQASTLYSNNITK/2
516.61955814,3,449.037,0.85274556,GHLLYVALSPGQHR/3
820.92318605,2,449.037,1.23135757,FLSNGHVTIPGQQDK/2
639.31123552,3,449.037,0.88625777,DLVHLSHNMLHGDGTNR/3
870.44414819,2,450.524,1.22075147,NTNSVPETAPAAIPETK/2
821.42575849,2,451.267,1.21418413,QVVAVTGDGTNDGPALK/2
877.93140499,2,451.267,1.2325737,SSSVGSSSSYPISPAVSR/2
530.29462865,3,452.011,0.85300309,VPTTEKPTVTVNFR/3
782.3679093,2,454.242,1.22175414,TGQGDYPLNNELDK/2
457.56987,3,454.242,0.84576521,FEDHEGLPTVVK/3
862.43411487,2,454.242,1.21299216,HLLVSNVGGDGEEIER/2
560.30893785,3,454.986,0.85790603,AELRDDPIISTHLAK/3
802.93576212,2,455.729,1.21338901,TKPYIQVDIGGGQTK/2
812.91123275,2,455.729,1.23360192,YAPTEVGLHEMHIK/2
542.27658066,3,455.729,0.86390017,YAPTEVGLHEMHIK/3
406.95925461,4,456.473,0.72921806,YAPTEVGLHEMHIK/4
613.62710661,3,457.217,0.86413797,SFAGAVSPQEEEEFRR/3
611.94896939,3,457.217,0.85937132,AQAVLEEDHYGMEDVK/3
888.92852795,2,457.217,1.23122143,TAGPLESSETEEASQLK/2
851.40925115,2,457.96,1.22937815,SGQGDALASGPVETGPMK/2
400.51717829,3,457.96,0.84163117,MPDMHVNMPK/3
893.89924761,2,458.704,1.22953958,QMQSSFTSSEQELER/2
791.89505977,2,458.704,1.23294637,MMLSGGAPLSPQTHR/2
541.25976767,3,460.191,0.8482548,MHAPPINMESVHMK/3
402.23979565,3,460.191,0.84222599,ILHLLGQEGPK/3
765.82617407,2,462.421,1.20925212,AVYMMPTEGDDSSK/2
736.86936795,2,462.421,1.2182969,VLAMSGDPNYLHR/2
440.56780641,3,463.909,0.84500434,SGGMERPFVLAR/3
795.80035325,2,464.652,1.21221517,TFMDMDQDSEDEK/2
776.9019193,2,466.139,1.22507886,EQGVEEHETLLLR/2
735.86087422,2,466.139,1.2240533,LMLSTSEYSQSPK/2
882.43157218,2,466.883,1.2321342,VANPSGNLTETYVQDR/2
681.96785715,3,466.883,0.86998176,AADEEAFEDNSEEYIRR/3
692.37193203,2,467.626,1.21296677,VIEEQLEPAVEK/2
832.41231675,2,467.626,1.22145231,AAAFEEQENETVVVK/2
458.58563156,3,467.626,0.85235795,TQILAASYELHK/3
791.33724028,2,468.37,1.23534479,DFTVSAMHGDMDQK/2
729.8571774,2,468.37,1.22017159,VNEISVEVDSDPR/2
590.6647216,3,469.857,0.85944325,YPTQSGKPPLLVSAPSK/3
826.37266869,2,470.601,1.2319666,FESLEPEMNNQASR/2
837.43391791,2,470.601,1.23797938,GITINAAHVEYSTAAR/2
714.8882806,2,470.601,1.22230087,AVIGIGIEEEDRK/2
629.00703595,3,470.601,0.8715811,LASALAPSIYEHEDIKK/3
794.87484726,2,472.088,1.23238684,YAPSEAGLHEMDIR/2
881.89689348,2,472.088,1.22911839,IDEAESLNDEELEEK/2
627.97450634,3,472.831,0.88081661,LSSWDQAETPGHTPSLR/3
634.95986842,3,473.575,0.8743339,IMLFTNEDNPHGNDSAK/3
431.88731052,3,473.575,0.85121686,YSDFVVHEIGK/3
825.88435765,2,474.318,1.20738341,THMVVANTMEDFQK/2
780.87864117,2,474.318,1.22658884,ALQEGEGDLSISADR/2
715.3802884,2,474.318,1.21111432,VQQQEDEITVLK/2
530.95812798,3,475.062,0.86190663,VGSLDNVGHLPAGGAVK/3
795.93355374,2,475.062,1.23254137,VGSLDNVGHLPAGGAVK/2
460.56293835,3,475.062,0.85318413,YGGPYHIGGSPFK/3
432.918945,3,475.062,0.84680907,RFDVLAPHLTK/3
771.39392706,2,475.806,1.21171899,REVDDLGPEVGDIK/2
491.93180181,3,475.806,0.85186679,RHIEIFTDLSSR/3
663.31783285,3,475.806,0.86420089,GKEDEGEEAASPMLQIQR/3
580.28580446,3,476.549,0.87333507,YGISSMIQSQEKPDR/3
793.43084387,2,478.036,1.22445987,TTTLSGTAPAAGVVPSR/2
586.97221423,3,478.036,0.86279403,QAGPASVPLRTEEEFK/3
690.37514347,2,478.036,1.20741238,YLHENLPIPQR/2
461.74798482,4,478.036,0.73982452,FIIQSEKPPHYLESR/4
877.37358554,2,478.036,1.22948021,DPESETDNDSQEIFK/2
735.40155514,2,478.78,1.22484916,LNLEHIATSSAVSK/2
578.63454507,3,479.524,0.86578673,MLTGPVYSQSTALTHK/3
707.8698909,2,479.524,1.21128032,AEHDQLLLNYAK/2
472.24901942,3,479.524,0.84648114,AEHDQLLLNYAK/3
490.60346225,3,479.524,0.85517165,LNLEHIATSSAVSK/3
867.44817938,2,479.524,1.23670807,MLTGPVYSQSTALTHK/2
765.83179081,2,480.267,1.2157959,MLTAQDMSYDEAR/2
782.36229257,2,481.011,1.22190768,FGVEQPEGDEDLTK/2
741.40717186,2,481.755,1.21697629,SQIHDIVLVGGSTR/2
822.38864478,2,481.755,1.22068447,NYLHYSLYDQAEK/2
968.46634023,2,481.755,1.24354165,GSSGVGLTAAVTTDQETGER/2
729.00413682,3,483.242,0.8842607,LESEMEDAYHEHQANLLR/3
761.92245777,2,483.242,1.2187958,HTGYVIELQHVVK/2
781.42229058,2,483.242,1.19914936,HPAPPPSNYEILVK/2
508.284064,3,483.985,0.85104227,HTGYVIELQHVVK/3
825.91704639,2,483.985,1.23032557,SNMGHPEPASGLAALAK/2
893.88868291,2,484.729,1.22900136,YDDYPENGVVQMNSR/2
907.48073066,2,485.473,1.22430998,VVVDPVVTEQPSTSSAAK/2
433.91883356,3,485.473,0.85134657,VTVLFAGQHISK/3
455.9490157,3,486.216,0.84684409,QTGIVLNRPVLR/3
560.32106636,3,486.96,0.86411538,LLELGPKPEVAQQTR/3
517.24756703,3,486.96,0.86610908,LGYFSVDPDSHQGK/3
775.36771232,2,486.96,1.23822976,LGYFSVDPDSHQGK/2
747.86480551,2,486.96,1.22312237,YLGLYNDPNSNPK/2
764.34083726,2,488.447,1.21606872,QMFLTQTDTGDDR/2
779.40832588,2,489.934,1.22957717,FVPQEMGVHTVSVK/2
725.31937348,2,489.934,1.23862007,EDFSDMVAEHAAK/2
614.6391237,3,489.934,0.86142678,IVYGHLDDPASQEIER/3
785.8966369,2,490.678,1.22577254,GSEVGFHGAAPDISVK/2
765.88593489,2,491.422,1.23017637,IAQLEEQLDNETK/2
509.26126494,3,495.14,0.86999842,LAQANGWGVMVSHR/3
807.41572521,2,495.14,1.22681627,EDGLAQQQTQLNLR/2
808.8993766,2,495.14,1.21832778,QPAENVNQYLTDPK/2
763.38825917,2,495.14,1.23988852,LAQANGWGVMVSHR/2
745.91429838,2,495.14,1.22072218,EIVVIHQDPEALK/2
744.87940131,2,495.883,1.20255858,THNTLYAPEMLAK/2
760.38355934,2,497.371,1.22492486,ELSTTLNADEAVTR/2
696.99088468,3,497.371,0.87360895,NPSTVEAFDLAQSNSEHSR/3
733.38028839,2,498.114,1.22121896,VITEYLNAQESAK/2
841.37795102,2,498.858,1.23484571,SWVNQMESQTGEASK/2
660.67768985,3,498.858,0.86996902,RELQELVQYPVEHPDK/3
662.31794428,3,498.858,0.87673478,IPEINSSDMSAHVTSPSGR/3
403.8923959,3,498.858,0.8410746,LPVHTEISWK/3
759.8677421,2,499.602,1.22611193,ETENDDLTNVIQK/2
829.91027563,2,499.602,1.23266405,WITEEQPNSATNLR/2
581.2812707,3,500.345,0.87846152,DTSFEQHVLWHTGGK/3
465.89195569,3,500.345,0.84152495,LMHVAYEEFEK/3
428.58719535,3,500.345,0.8510406,VTVLFAGQHIAK/3
477.24841761,4,501.089,0.75072471,RGAEVHLVPWNHDFTK/4
635.99546466,3,501.089,0.88274482,RGAEVHLVPWNHDFTK/3
500.25980702,3,501.832,0.86547348,QADLYISEGLHPR/3
773.38643641,2,502.576,1.22274787,AQAEAQQPTFDALR/2
775.85939414,2,504.063,1.22363567,SMSDVSAEDVQNLR/2
485.58065761,3,504.063,0.84730864,LEHDVNIQFPDK/3
478.92599372,3,504.806,0.86884479,AGNNMLLVGVHGPR/3
421.22403409,3,504.806,0.8469508,LVNHFVEEFK/3
572.96164955,3,505.55,0.86500497,VSQPIEGHAASFAQFK/3
858.93883609,2,505.55,1.23839935,VSQPIEGHAASFAQFK/2
806.37847398,2,505.55,1.22845463,EISEASENIYSDVR/2
717.88535235,2,505.55,1.23754648,AGNNMLLVGVHGPR/2
417.90670507,3,505.55,0.85339533,GSGNLEAIHIIK/3
590.31358301,3,506.295,0.8589539,VAIHEAMEQQTISIAK/3
566.62878189,3,507.038,0.86865838,RGEAHLAVNDFELAR/3
762.36751535,2,507.038,1.20580432,HLFGQPNSAYDFK/2
884.96673629,2,507.038,1.23057485,VAIHEAMEQQTISIAK/2
797.40194907,2,507.782,1.23047197,TASESISNLSEAGSIK/2
536.28138219,3,510.013,0.86812308,QQNELAELHANLAR/3
776.40991148,2,510.756,1.20884345,LLHVAVSDVNDDVR/2
758.38316538,2,512.243,1.23191181,FADQHVPGSPFSVK/2
464.55305704,3,512.243,0.85134475,LETHMTPEMFR/3
505.92453574,3,512.987,0.86168498,FADQHVPGSPFSVK/3
716.05650673,3,514.474,0.86731527,AHVIVMAATNRPNSIDPALR/3
755.38844781,2,514.474,1.21156739,NNAYLAQSPQLYK/2
667.33370585,3,514.474,0.88183249,LQQVLQMESHIQSTSDR/3
728.89336598,2,514.474,1.21405746,GIHPTIISESFQK/2
742.41700823,2,515.218,1.21221966,QIGVEHVVVYVNK/2
495.28043098,3,515.218,0.8489647,QIGVEHVVVYVNK/3
789.89155152,2,515.961,1.22071938,QGFNVVVESGAGEASK/2
773.89270563,2,515.961,1.22321074,KAEEIANEMIEAAK/2
447.90543068,3,515.961,0.8476491,ASMHPVTAMLVGK/3
560.63738886,3,517.448,0.86402657,HIANYISGIQTIGHR/3
613.319614,3,518.192,0.86871632,YSHLQPGDHLTDITLK/3
775.85578883,2,518.936,1.21740194,YYTSASGDEMVSLK/2
717.86480548,2,519.68,1.21358442,ANLPQSFQVDTSK/2
400.24001852,3,519.68,0.85134048,AVFPSIVGRPR/3
473.93074476,3,520.423,0.8635216,DQVVILHHMLSK/3
527.61413841,3,520.423,0.87190532,LLEEQLQHEISNK/3
917.88105481,2,521.167,1.2352586,YDAFGEDSSSAMGVENR/2
678.98652896,3,521.167,0.87777689,HSSNPPLESHVGWVMDSR/3
701.85664614,2,521.911,1.21490541,QLLDDEEQLTAK/2
882.43157218,2,521.911,1.24035011,FSALQQAVPTESTDNR/2
917.449242,2,522.654,1.2379677,GDQENVHPDVMLVQPR/2
611.96858682,3,523.398,0.867606,GDQENVHPDVMLVQPR/3
448.25276388,3,523.398,0.85431971,LSVEADINGLRR/3
733.40971455,2,525.628,1.21978414,AQIHDLVLVGGSTR/2
690.34220134,3,525.628,0.8724139,LGQSDPAPLQHQMDIYQK/3
859.42321584,2,525.628,1.22602342,SLHQAIEGDTSGDFLK/2
932.48855573,2,525.628,1.22740207,SLIGVEYKPVSATGAEDK/2
967.52273285,2,526.372,1.2399894,AEPAAPPAAPSTPAPPPAVPK/2
687.65796654,3,527.115,0.87372842,VLAVNQENEHLMEDYEK/3
693.36391841,2,527.859,1.2250638,MAPALSGANLTSPR/2
462.57971201,3,529.346,0.85051876,IDAMHGVVGPYVK/3
693.36592978,2,529.346,1.21412822,IDAMHGVVGPYVK/2
582.62878188,3,530.09,0.87905855,FDVHDVTLHADAIHR/3
746.37722275,2,530.833,1.21957175,TALINSTGEEVAMR/2
542.933871,3,530.833,0.86724771,GPSLNPVLDYDHGSR/3
737.3940645,2,530.833,1.22438399,TQVGLIQYANNPR/2
437.22340552,4,530.833,0.74219641,FDVHDVTLHADAIHR/4
757.39320717,2,531.577,1.21853495,NLLHVTDTGVGMTR/2
813.89716826,2,531.577,1.23772081,GPSLNPVLDYDHGSR/2
762.91703802,2,532.32,1.2177308,IPQLAPPASDSTVTK/2
748.34521608,3,532.32,0.88239385,DQVTAQEIFQDNHEDGPTAK/3
832.88286922,2,533.064,1.23027638,MDATANDVPSPYEVR/2
814.88118381,2,534.551,1.21586923,NQWVNLNEPEEEK/2
403.22755566,3,535.294,0.84726548,VTAPDVDLHLK/3
438.90659361,3,535.294,0.85036608,LFNEHIEALTK/3
839.40756574,2,536.782,1.22559724,NQLTSNPENTVFDAK/2
815.92338305,2,536.782,1.23983547,TLQEVTQLSQEAQR/2
412.54623122,3,537.525,0.84810696,MVNHFIAEFK/3
853.37559691,2,537.525,1.2302543,GYDFESETDTETIAK/2
518.92929236,3,538.268,0.86962451,ENEMLVTVAHFHK/3
777.89030031,2,538.268,1.24130635,ENEMLVTVAHFHK/2
580.93739254,3,539.012,0.86422831,GYGFVHFETQEAAER/3
938.93654995,2,539.756,1.23157415,TEPEEVSIEDSAQSDLK/2
541.25969553,3,539.756,0.85969229,WWEEERYPEGIK/3
899.97201863,2,539.756,1.23042282,TAIHEVMEQQTISIAK/2
744.35427057,2,540.5,1.21598368,TTPSYVAFTDTER/2
772.37299464,2,540.5,1.23427947,DDILNGSHPVSFDK/2
870.90245058,2,540.5,1.23373129,GYGFVHFETQEAAER/2
408.56293838,3,541.243,0.85582517,IDESIHLQLR/3
904.9548801,2,541.987,1.22362896,SQVFSTAADGQTQVEIK/2
906.46594636,2,541.987,1.24122146,TLQEQLENGPNTQLAR/2
569.62470306,3,542.73,0.86473701,LPETNLFETEETRK/3
844.92487145,2,544.218,1.24596685,LQELPDAVPHGEMPR/2
415.54717683,3,544.218,0.85197001,VESHFDLELR/3
539.6020099,3,545.707,0.85335831,LTHDVELNLDYER/3
431.92235513,3,546.451,0.85293474,LAILGIHNEVSK/3
808.89937662,2,546.451,1.21814684,LTHDVELNLDYER/2
486.24041246,3,547.194,0.85299802,TPELNLDQFHDK/3
752.37722274,2,547.194,1.21303455,TVLVNADGEEVAMR/2
579.65248163,3,547.194,0.86206311,VVSISSEHLEPITPTK/3
648.01950444,3,547.938,0.86446923,IHQHILPQGQGMLSGIGR/3
728.85698045,2,548.681,1.21882645,TPELNLDQFHDK/2
770.92212335,2,548.681,1.22331166,VVVVVPNEEDWKK/2
560.95460642,3,549.425,0.85945459,HWPFQVINDGDKPK/3
773.41225724,2,549.425,1.22742176,AALLNQHYQVNFK/2
536.2340527,3,550.169,0.86538763,MTGSEFDFEEMKR/3
515.93884494,3,550.169,0.87534318,LGVTNTIISHYDGR/3
679.69697292,3,550.169,0.86943954,VIHLSNLPHSGYSDSAVLK/3
515.94393031,3,550.169,0.86017214,AALLNQHYQVNFK/3
580.9757358,3,550.912,0.85538417,VSHVSTGGGASLELLEGK/3
870.95996547,2,551.656,1.22743211,VSHVSTGGGASLELLEGK/2
765.88299819,2,551.656,1.23077136,FADEHVPGSPFTVK/2
907.42288985,2,551.656,1.23548288,NVSGISFTENMGSSQQK/2
831.38696768,2,552.4,1.23005028,SVFPEQANNNEWAR/2
629.99591958,3,552.4,0.86425004,EGMQLISEKPETEAVVK/3
742.34063192,2,553.143,1.20112589,ATFYGEQVDYYK/2
951.47818801,2,553.143,1.22813307,TITYQAVPSEVPNEEPK/2
789.90412764,2,553.143,1.22966719,IAYQLAVEAESEQK/2
552.28646756,3,553.886,0.8721045,GIFLHLSNQHEFGR/3
510.92442428,3,554.63,0.86062536,FADEHVPGSPFTVK/3
643.64979981,3,554.63,0.87980646,TALAEAELEYNPEHVSR/3
944.39759196,2,555.374,1.23987216,AADEEAFEDNSEEYIR/2
636.9986519,3,555.374,0.86277873,LISVEPRPEQPEPDFR/3
811.37626563,2,556.117,1.25269036,SLEDALSSDTSGHFR/2
754.40938023,2,557.605,1.22688184,TYNASITLQQQLK/2
797.39138439,2,557.605,1.22823083,INQLSEENGDLSFK/2
464.90419564,3,557.605,0.84927694,VIGMHYFSPVDK/3
404.23627408,3,559.092,0.85981162,LATTILQHWK/3
655.99614249,3,559.092,0.86131227,IKPHLMSQELPEDWDK/3
686.36399381,3,559.092,0.88687644,LASQGDSISSQLGPIHPPPR/3
684.00072111,3,559.092,0.87618806,AQVEEFLAQHGSEYQSVK/3
940.96218222,2,559.092,1.23294702,FNQAQSGNIQSTVMLDK/2
852.90582139,2,559.836,1.22426478,QPMNAASGAAMSLAGAEK/2
558.28624463,3,560.579,0.86033205,GFVEPDHYVVVGAQR/3
836.92572871,2,560.579,1.22527558,GFVEPDHYVVVGAQR/2
773.92539437,2,560.579,1.22381089,GVAIGQTSLTASVTNK/2
665.3603608,3,560.579,0.87025442,LAEIGAPIQGNREELVER/3
767.40462916,2,561.323,1.22804285,AINQQTGAFVEISR/2
699.39861853,2,562.066,1.19575186,TPHVLVLGSGVYR/2
414.5715453,3,562.066,0.85883033,LILEVHQFSR/3
554.27875573,3,562.81,0.86114115,IFYPETTDIYDRK/3
739.88847755,2,563.554,1.22560081,ETLLNSATTSLNSK/2
707.8698909,2,563.554,1.22471839,YGVIILDEAHER/2
472.24901942,3,563.554,0.8593106,YGVIILDEAHER/3
878.95416028,2,563.554,1.24061041,LAQQQAALLMQQEER/2
780.92064337,2,563.554,1.24066422,LGSSGLGSASSIQAAVR/2
758.41192287,2,563.554,1.23418614,FAIGSQVSEHSIIK/2
505.9437074,3,563.554,0.86280527,FAIGSQVSEHSIIK/3
826.91195265,2,564.297,1.22232844,LFYHIVDSDEVSTK/2
545.60223278,3,565.04,0.87087686,LGDVYVNDAFGTAHR/3
472.58076905,3,565.04,0.86737116,IVLDNSVFSEHR/3
571.63331002,3,565.04,0.86927822,LAASIAPEIYGHEDVK/3
817.89971093,2,565.784,1.24132613,LGDVYVNDAFGTAHR/2
804.92265475,2,565.784,1.22688572,ASYVAPLTAQPATYR/2
767.92044639,2,566.527,1.22807818,NAAHALPTTLGALER/2
772.88118388,2,566.527,1.22732523,ELQELQDSLNAER/2
689.38551112,2,567.271,1.22625115,ANPQVGVAFPHIK/2
760.86701383,2,568.015,1.21214096,ELVYPPDYNPEGK/2
867.46468676,2,568.015,1.2346304,YGLIYHASLVGQTSPK/2
448.23493315,3,568.758,0.86300556,YGGELVPHFPAR/3
832.87556716,2,569.502,1.22480559,GEFTYYEIQDNTGK/2
498.59641912,3,570.245,0.86608633,QGTTPPIWHLTDK/3
750.85390645,2,570.989,1.23000701,LYAVFTDYEHDK/2
500.90502979,3,571.732,0.86114393,LYAVFTDYEHDK/3
792.90446194,2,571.732,1.22873021,VSANSVYGFTGAQVGK/2
964.42985764,2,572.476,1.23644415,MMDYLQGSGETPQTDVR/2
594.98808722,3,572.476,0.87362851,HLEINPDHPIVETLR/3
891.9784926,2,572.476,1.24658126,HLEINPDHPIVETLR/2
730.91463275,2,572.476,1.2287807,ILDAVVAQEPLHR/2
625.96724034,3,572.476,0.86130377,WLHGLESQIQSDDYGK/3
752.02476079,3,572.476,0.87818833,MLWGSDPYPHAEPQQATTPK/3
487.61218065,3,572.476,0.86327893,ILDAVVAQEPLHR/3
585.98070973,3,572.476,0.86323882,TAASGIPYHSEVPVSLK/3
878.46742636,2,572.476,1.23356405,TAASGIPYHSEVPVSLK/2
815.9072016,2,573.22,1.23102627,FNISNGGPAPEAITDK/2
504.60368518,3,573.22,0.86451688,HTLGHLLSLDSYR/3
861.41505644,2,573.22,1.24821831,LLDPEDISVDHPDEK/2
668.99843461,3,574.707,0.87060609,EDAPIGPHLQSMPSEQIR/3
766.91631811,2,574.707,1.2249911,MHGGGPTVTAGLPLPK/2
514.24415691,3,574.707,0.86281201,ASDAFHFFQSGQAK/3
536.9583509,3,575.45,0.86532428,NAHSTAIAGLTFLHR/3
622.63912364,3,575.45,0.86423622,SPDGAHLTWEPPSVTSGK/3
937.9810353,2,575.45,1.25340578,LYQYPNFAGPHAALANK/2
864.94940076,2,575.45,1.22616142,ANELPQPPVPEPANAGK/2
696.35080827,3,576.194,0.87025952,YGMNPHQTPAQLYTLQPK/3
678.98914981,3,576.937,0.88578056,GNFGGSFAGSFGGAGGHAPGVAR/3
443.87675142,3,576.937,0.84961642,TWHAWMDNIR/3
932.42015024,2,577.681,1.22612404,NYMSNPSYNYEIVNR/2
546.97758909,3,577.681,0.87004068,MMLTHLVVRPGLGSK/3
781.8614055,2,577.681,1.21308576,EEMHLEDSANFIK/2
620.64773062,3,577.681,0.86761657,LYGAQFHPEVGLTENGK/3
827.41955927,2,577.681,1.22950742,HWPFMVVNDAGRPK/2
677.88246693,2,578.424,1.21570697,LVPGGGATEIELAK/2
551.94879833,3,579.168,0.85848641,HWPFMVVNDAGRPK/3
423.87434788,3,579.911,0.8508819,LTSMHFYGWK/3
586.30871495,3,580.655,0.86960213,LASALAPSIYEHEDIK/3
878.95943419,2,580.655,1.24389895,LASALAPSIYEHEDIK/2
827.39633235,2,581.398,1.23366494,IAEFTTNLTEEEEK/2
489.26852542,3,581.398,0.87102076,YQDIIHSIHLAR/3
570.93387098,3,581.398,0.87382201,GFFDPNTHENLTYR/3
855.89716824,2,581.398,1.24563826,GFFDPNTHENLTYR/2
833.39105843,2,582.142,1.24005622,IDSANMNDDITTSLR/2
989.47631404,2,582.142,1.2241847,HPVTGQFLYQDSNWASK/2
772.90499329,2,582.885,1.22728184,NNVNVASLTQSEIR/2
659.98663485,3,582.885,0.85430817,HPVTGQFLYQDSNWASK/3
568.60938736,3,584.372,0.87503452,SDSFENPVLQQHFR/3
577.59122788,3,584.372,0.87238284,MYSTDDGVQFHAFGR/3
771.70463286,3,584.372,0.88322918,SAGQGEVLVYVEDPAGHQEEAK/3
852.41044281,2,585.115,1.24695862,SDSFENPVLQQHFR/2
506.93325417,3,585.115,0.85101518,HYQFASGAFLHIK/3
592.98786431,3,585.115,0.86617257,AGVVGPELHEQLLSAEK/3
407.91156755,3,585.86,0.84472312,TPLHEIALSIK/3
825.40122913,2,586.603,1.22325273,NQVAMNPTNTVFDAK/2
666.98278453,3,586.603,0.88220745,MVSDINNGWQHLEQAEK/3
944.46835167,2,586.603,1.24051351,EIEELQSQAQALSQEGK/2
724.87431593,2,586.603,1.20797164,QNLAMTGEVSLTGK/2
775.39646972,2,587.346,1.22353654,AFEVSENGNLVVSGK/2
862.92612268,2,588.09,1.23944028,EEIQSSISGVTAAYNR/2
729.40155516,2,588.834,1.22313742,AQQVSQGLDVLTAK/2
464.89581162,3,588.834,0.85768531,QQMQDFFLAHK/3
635.30262298,3,588.834,0.87306608,ENNVDAVHPGYGFLSER/3
439.92235514,3,589.577,0.85931566,LDLIHESILHK/3
734.04633036,3,589.577,0.88374049,LVSNHSLHETSSVFVDSLTK/3
785.89663691,2,589.577,1.21922781,SSHSTWPVDVSQIK/2
661.99502449,3,589.577,0.87482984,MHTTFEHDIQALGTQVR/3
494.2620486,3,589.577,0.86041878,TEMENEFVLIKK/3
714.36841603,3,591.065,0.86574446,MAKPEEVLVVENDQGEVVR/3
707.8860723,2,591.808,1.22424797,QLQALSSELAQAR/2
892.95161756,2,591.808,1.22637612,QEQIQAMPLADSQAVR/2
744.37414875,2,592.551,1.21297433,EQVLEPMLNGTEK/2
438.22313985,4,593.295,0.74040327,GAEVHLVPWNHDFTK/4
583.96176098,3,594.039,0.8726082,GAEVHLVPWNHDFTK/3
912.46234101,2,594.039,1.24809164,ELQELVQYPVEHPDK/2
875.43900324,2,594.039,1.24876959,GAEVHLVPWNHDFTK/2
608.64398616,3,594.039,0.87423344,ELQELVQYPVEHPDK/3
720.8926461,2,594.783,1.21427172,ILHGLGFTPAMQR/2
762.89389729,2,595.526,1.24137697,LQALDTGWNELHK/2
772.41994492,2,595.526,1.21753693,QLLLESQSQLDAAK/2
937.94196968,2,598.5,1.2414584,NASTFEDVTQVSSAYQK/2
807.92030901,2,598.5,1.22211554,EPNSSAQIDIVISNK/2
780.37976542,2,598.5,1.21569012,QMSSFVQNGSTFVK/2
894.45706704,2,599.244,1.23657202,AIGVLTSGGDAQGMNAAVR/2
791.90158496,2,599.244,1.23256056,IGYSSPLTLSDQSSK/2
959.95868237,2,599.244,1.24066767,SVGDNSSDLSNVAVIDGNR/2
692.02497808,3,599.987,0.87064277,QVEPLDPPAGSAPGEHVFVK/3
820.44375431,2,599.987,1.2361763,FLSDPQVHTVLVER/2
547.29826169,3,600.731,0.86669979,FLSDPQVHTVLVER/3
784.39680411,2,600.731,1.24049497,VFSSTLQNWQTTR/2
707.89864835,2,600.731,1.20885555,QVLALQSQLADTK/2
752.6577941,3,601.475,0.87525794,HNDDEQYAWESSAGGSFTVR/3
751.90172229,2,601.475,1.2283251,VNQPASFAVSLNGAK/2
564.74516469,4,601.475,0.74159636,HNDDEQYAWESSAGGSFTVR/4
769.37702583,2,601.475,1.24137744,DYIAYAHSTIMPR/2
714.90085667,2,602.218,1.2187798,IIITVVEEQEQK/2
759.86491371,2,602.218,1.21751383,AGEVINQPMMMAAR/2
505.29982556,3,602.218,0.85633776,QQGVLALRPYLQK/3
946.98363753,2,603.705,1.23850985,ADSGPTQPPLSLSPAPETK/2
625.33923143,3,604.449,0.876567,REPWLLPSQHNDIIR/3
539.59166808,3,604.449,0.86453316,WANFHLENSGWQK/3
843.43391793,2,605.193,1.2499835,TSILAAANPISGHYDR/2
942.92695079,2,605.936,1.23105747,MQEVVANLQYDDGSGMK/2
872.93035079,2,605.936,1.23778235,LLQQLAMTGSEEGDPR/2
711.35099969,2,605.936,1.21526299,SLYYYIQQDTK/2
718.40443224,2,606.68,1.21926086,LNHLVDSLQQLR/2
866.91542056,2,606.68,1.24695903,ASLGSLEGEAEAEASSPK/2
645.67427972,3,606.68,0.87655409,RGAPPSSNIEDFHGLLPK/3
726.92466612,2,607.424,1.21859305,VQAQVIQETIVPK/2
431.91905646,3,607.424,0.85164231,AVGHPFVIQLGR/3
732.88828059,2,607.424,1.22520975,ALADVEVTYTVQR/2
466.8931242,3,608.167,0.86231733,ISDEDWDIIHR/3
688.65568001,3,608.167,0.86161326,MHSPQTSAMLFTVDNEAGK/3
716.33817297,3,608.911,0.89096242,SADESGQALLAAGHYASDEVR/3
509.91945038,3,608.911,0.86781186,SLTNDWEDHLAVK/3
741.34136016,2,608.911,1.22400674,EDDLNSFNATDLK/2
764.37553733,2,609.654,1.24297946,SLTNDWEDHLAVK/2
810.4174022,2,609.654,1.21871293,QTGEGVGPQEYTLLK/2
918.97053017,2,610.398,1.23114903,SQIFSTASDNQPTVTIK/2
991.50747676,2,610.398,1.23774604,ELEEVSPETPVVPATTQR/2
944.48922443,2,611.141,1.23068343,VTHAVVTVPAYFNDAQR/2
917.394321,2,611.141,1.22393081,NPDDITNEEYGEFYK/2
579.58149735,3,612.63,0.87544115,QSANDFFSYYDSHR/3
706.69820793,3,613.373,0.86826809,RGHVFEESQVAGTPMFVVK/3
478.9402973,3,613.373,0.86130498,LLVGNDDVHIIAR/3
485.26478094,3,613.373,0.86671606,INLNLIYDHNPK/3
629.99524177,3,614.117,0.8610925,VTHAVVTVPAYFNDAQR/3
486.60262812,3,614.117,0.85947511,LMITHIVNQNFK/3
924.9761469,2,614.86,1.24774353,VFSDEVQQQAQLSTIR/2
518.52311029,4,614.86,0.74555044,VTEGLTDVILYHQPDDKK/4
794.93067673,2,615.604,1.22958231,KSDIDEIVLVGGSTR/2
518.58429063,3,615.604,0.86963179,EAYPGDVFYLHSR/3
493.60491463,3,615.604,0.86747982,VIQYLAYVASSHK/3
452.58585444,3,615.604,0.8694631,WIGLDLSNGKPR/3
777.37279771,2,616.347,1.23514916,EAYPGDVFYLHSR/2
788.39666673,2,617.091,1.23155727,ILGADTSVDLEETGR/2
587.28921453,3,617.091,0.87502125,MLDAEDIVGTARPDEK/3
437.92257805,3,617.091,0.86077284,AGNAIHAILLYR/3
488.94890427,3,617.091,0.86537835,YQILPLHSQIPR/3
489.60865907,3,617.091,0.84936571,ERPPFIPEGVVAR/3
688.38758209,2,617.834,1.20946059,VVLLTGETSTDLK/2
829.92846837,2,618.578,1.22498742,NQVALNPQNTVFDAK/2
889.44996192,2,618.578,1.23622073,SQNIVTDSSSLSAEAIR/2
959.49744344,2,618.578,1.24202597,TLTGTAALTVQSQEDNLR/2
744.85358048,2,618.578,1.21963115,DTVDPVQDEMLAR/2
412.8839004,3,618.578,0.85359854,APFDLFENRK/3
684.0324671,3,618.578,0.8896036,LLQALAQYQNHLQEQPR/3
804.33575188,2,619.321,1.23588407,DMDLWEQQEEER/2
906.47852236,2,619.321,1.22953595,QGAIVAVTGDGVNDSPALK/2
646.35320623,3,619.321,0.86991314,ALPAVQQNNLDEDLIRK/3
732.91971818,2,619.321,1.23353923,YQILPLHSQIPR/2
811.88084946,2,619.321,1.23398659,GSNEEDTDTPLFIGK/2
957.96818446,2,620.065,1.24344517,IEELDQENEAALENGIK/2
671.70071739,3,620.065,0.88246371,LLEAQIATGGVIDPVHSHR/3
821.39306975,2,620.065,1.23263587,LDADMPEVAVEGPNGK/2
561.30178325,3,621.553,0.86591006,TSEVPYAGINIGPVHK/3
682.89283466,2,621.553,1.21771185,LLGHEVEDVIIK/2
679.02029363,3,622.299,0.87505672,SVVLMSHLGRPDGVPMPDK/3
581.96266171,3,622.299,0.86553534,LAGGYENVPTVDIHMK/3
491.9439303,3,622.299,0.86274634,TQRPADVIFATVR/3
841.44903664,2,622.299,1.23568428,TSEVPYAGINIGPVHK/2
760.90138795,2,622.299,1.21269848,QQEPVTSTSLVFGK/2
760.93081414,2,623.043,1.22428489,HSSLITPLQAVAQR/2
711.86850228,2,623.043,1.21470821,EKFEEMIQQIK/2
507.62296825,3,623.043,0.8564336,HSSLITPLQAVAQR/3
805.37996244,2,623.786,1.22434045,TEMQDNTYPEILR/2
613.33040158,3,623.786,0.87862883,EQTLSPTITSGLHNIAR/3
741.89917963,2,623.786,1.21603976,EPLLVTNGADNALR/2
919.49196413,2,623.786,1.25253896,EQTLSPTITSGLHNIAR/2
924.40214605,2,625.274,1.22572533,NPDDITQEEYGEFYK/2
814.88051513,2,625.274,1.23221674,EEYITSALESTEEK/2
947.50708287,2,625.274,1.23116175,GHVTQDAPIPGSPLYTIK/2
440.93811666,3,626.017,0.8537453,LIAHAGSLLNLAK/3
838.88613185,2,626.761,1.22789651,SDGGYTYDTSDLAAIK/2
458.59071693,3,626.761,0.86084669,LYSLALHPNAFK/3
722.92279213,2,626.761,1.22230282,QIGNVAALPGIVHR/2
482.28428691,3,627.504,0.85861337,QIGNVAALPGIVHR/3
538.95946888,3,627.504,0.86041194,LPVPAAAPTPWETHK/3
687.38243716,2,627.504,1.2310667,LYSLALHPNAFK/2
762.87177327,2,628.248,1.22567816,NVEGQDMLYQSLK/2
694.66428699,3,628.248,0.87421847,REDESYGYVLPNHMMLK/3
769.41139997,2,628.248,1.21298768,EQLHLVMQGDVIR/2
755.87483884,2,628.991,1.22131653,LPSSPVYEDAASFK/2
433.53152675,3,629.735,0.86025095,DYAFVHFEDR/3
909.465612,2,629.735,1.24258016,SLETENSALQLQVTER/2
845.37487701,2,630.478,1.23141392,AFVSMVYSEEGAEDR/2
745.72911282,3,630.478,0.88143063,TQQAAQANITLQEQIEAIHK/3
802.3928728,2,631.222,1.22224811,SPFEVQVGPEAGMQK/2
754.89250868,2,631.222,1.20874053,RTEMENEFVLIK/2
817.39646977,2,631.222,1.22810008,AYDYLVQNTSFANK/2
556.95281971,3,631.222,0.87132752,ETNLDSLPLVDTHSK/3
813.85156073,2,631.222,1.21452638,EFTPYDYSQSDFK/2
834.92559134,2,631.965,1.24341251,ETNLDSLPLVDTHSK/2
834.38663335,2,631.965,1.23463787,WVVIGDENYGEGSSR/2
583.62492598,3,631.965,0.87722229,IVFSGNLFQHQEDSK/3
887.93394766,2,631.965,1.23046912,GEIGDATPFNDAVNVQK/2
413.90296061,3,631.965,0.85994105,TLDELGIHLTK/3
913.96217381,2,633.452,1.2271251,YAALVVEPTSDGNYVTK/2
825.89088282,2,633.452,1.23328951,TEEIAEEEETVFPK/2
815.89663693,2,634.196,1.2330515,FNALFAQGNYSEAAK/2
689.89370034,2,634.196,1.21900693,GQPLGPAGVQVSLR/2
443.2504718,3,634.196,0.8546832,LSTDHIPILYR/3
694.38758209,2,634.196,1.2149701,ELLVTETQEVVK/2
942.96491343,2,635.683,1.22736089,SVPTSTVFYPSDGVATEK/2
821.9177663,2,635.683,1.22630821,EGVQGPLNVSLSEEGK/2
444.56406197,3,636.426,0.8661984,LALDMEIHAYR/3
543.64213987,3,636.426,0.87367544,VVEIAPAAHLDPQLR/3
860.4492336,2,637.17,1.23388455,SSTGPEPPAPTPLLAER/2
922.43906281,2,637.17,1.24293757,TAESQTPTPSATSFFSGK/2
877.96779055,2,637.17,1.23664206,TEPTAQQNLALQLAEK/2
685.64606096,3,637.17,0.87085469,DMSGHYQNALYLGDVSER/3
747.72184675,3,637.17,0.87712433,EVVVYLDDNQKPPVGEGLNR/3
574.28445792,3,637.17,0.87242494,VDIDTPDIDIHGPEGK/3
896.41284811,2,637.914,1.23858167,YYEAADTVTQFDNVR/2
567.95667563,3,637.914,0.87090093,LGLLDNHSSEFNVTR/3
945.48549013,2,637.914,1.23852452,QMASQAPAVNTLTESTLK/2
783.89356292,2,638.658,1.22722675,ITPSYVAFTPEGER/2
794.90954734,2,639.401,1.24969453,FLGVAEQLHNEGFK/2
530.27545705,3,639.401,0.87285694,FLGVAEQLHNEGFK/3
846.41539083,2,640.145,1.23776649,ELAQQVQQVADDYGK/2
551.96880412,3,640.145,0.88209262,VTAEVVLAHLGGGSTSR/3
883.42816382,2,640.145,1.23164086,SEGGEDYTGATVIEPLK/2
879.43324921,2,640.145,1.22567787,VITDVYYVDGTEVER/2
927.93054768,2,640.145,1.23450055,NSGPLGTEMNTGFSSEVK/2
834.40977408,2,640.888,1.22973639,VDIEGPDVNIEGPEGK/2
767.86226283,2,640.888,1.2262438,GYAYTFITEDQAR/2
827.44956795,2,640.888,1.25885925,VTAEVVLAHLGGGSTSR/2
908.94091543,2,640.888,1.2550273,MLDAEDIVNTARPDEK/2
764.41753963,2,641.632,1.24152861,YQEALHLGSQLLR/2
509.94745191,3,641.632,0.86935342,YQEALHLGSQLLR/3
606.29636911,3,641.632,0.87652837,MLDAEDIVNTARPDEK/3
721.332142,3,641.632,0.88790836,NAQAIEDMVGYAQETQHEK/3
456.58697804,3,641.632,0.86420374,SALNEVHLVVMR/3
783.40356651,2,642.375,1.22141117,VEYHFLSPYVSPK/2
948.00470732,2,642.375,1.25599368,NVAYDTLPIVVHGNGPTK/2
522.60480316,3,643.119,0.85620518,VEYHFLSPYVSPK/3
540.2959752,3,643.119,0.86799543,LQMEAPHIIVGTPGR/3
865.96217382,2,643.119,1.23003081,LSLPQNETVADTTLTK/2
809.94032457,2,643.862,1.23687469,LQMEAPHIIVGTPGR/2
646.64991126,3,643.862,0.8819344,VELAQLQEEWNEHNAK/3
812.38778742,2,643.862,1.23103176,GLVVDMDGFEEERK/2
977.53584028,2,644.606,1.2385044,VAPEEHPVLLTEAPLNPK/2
816.39920944,2,645.349,1.2334609,WLQDLQEENESLK/2
854.38970733,2,646.093,1.24584211,GSLGGGFSSGGFSGGSFSR/2
773.41889057,2,646.093,1.21481588,AMGVVVATGVNTEIGK/2
558.93012657,3,648.324,0.86694334,DYSHYYTTIQDLR/3
837.89155162,2,648.324,1.23634212,DYSHYYTTIQDLR/2
418.55679592,3,648.324,0.8534494,ISMPDVDLHVK/3
828.39920942,2,649.067,1.23199979,YDGQVAVFGSDLQEK/2
872.96303952,2,649.067,1.24035649,SNASLTNNQNLIQSLK/2
834.92232877,2,649.067,1.24218721,DPLLLSGTHVMEGSGR/2
706.6569544,3,649.067,0.87721394,FVINYDYPNSSEDYVHR/3
718.0234143,3,649.067,0.87545234,GAYSVGPLHSDLEYTVTSQK/3
617.96019716,3,649.811,0.87097966,RGFGFVTFDDHDPVDK/3
741.70111131,3,649.811,0.87669718,LPLQLDDAVRPEAEGEEEGR/3
652.02631901,3,649.811,0.86625235,VAPEEHPVLLTEAPLNPK/3
646.998429,3,651.298,0.87394205,LPYDVTPEQALAHEEVK/3
789.90974435,2,652.042,1.23455519,ASSSAGTDPQLLLYR/2
855.88887151,2,652.042,1.22910065,EDVQDYSEDLQEIK/2
787.4037719,2,652.785,1.22890643,DSAIQQQVANLQMK/2
643.68618532,3,652.785,0.86240377,LTHVDSPLEAPAGPLGQVK/3
789.94612986,2,652.785,1.22418577,TQTPPLGQTPQLGLK/2
653.99015642,3,652.785,0.88589268,LVGSQEELASWGHEYVR/3
841.88253487,2,653.529,1.23597221,DENSVELTMAEGPYK/2
698.85404387,2,653.529,1.20542828,IHVFYIDYGNR/2
510.61917887,3,654.273,0.8515993,ILMDKPEMNVVLK/3
654.99004493,3,655.016,0.87774698,VDVSAPDVEAHGPEWNLK/3
980.50834247,2,655.016,1.24407032,QGVQVQVSTSNISSLEGAR/2
551.25595666,3,655.76,0.87860992,SSFDEMLPGTHFQR/3
681.32052027,3,655.76,0.87884058,FGQMLGSNMTEFHSQISK/3
556.947346,3,655.76,0.88391822,DQMSHLFNVAHTLR/3
417.96232862,4,655.76,0.7454355,DQMSHLFNVAHTLR/4
428.5834509,3,656.504,0.85181002,IIFSEHLPLSK/3
793.4097145,2,657.247,1.23339986,AAYNPGQAVPWNAVK/2
787.42027922,2,657.247,1.23842816,AIWAALQTQTSNAAK/2
621.31961397,3,657.247,0.86835353,TFAYTNHTVLPEALER/3
802.93014545,2,657.247,1.2245502,LIEQEEYLNVQVK/2
850.39580941,2,657.991,1.23221918,MDAEVPDVNIEGPDAK/2
565.6494059,3,657.991,0.88603624,DEIGHILHHVNIGLK/3
940.91130075,2,658.735,1.24142905,SAYDSTMETMNYAQIR/2
947.44161398,2,658.735,1.24808881,EQMAQQLAEETQGFQR/2
761.34251426,2,660.222,1.22560493,SAYEFSETESMLK/2
926.4683516,2,660.222,1.24806262,VALVNDSLSDVTSTTSSR/2
928.95488016,2,660.222,1.24265726,ALEYTIYNQELNETR/2
528.2948516,3,660.222,0.8699821,LGELQGNHFTVVLR/3
960.46326627,2,660.965,1.24740077,TELEDTLDSTAAQQELR/2
500.2961925,3,660.965,0.86024025,SPAPPLLHVAALGQK/3
433.25907874,3,661.709,0.85236005,IYSHSLLPVLR/3
872.43272627,2,661.709,1.23195954,NEEIVMPEEQTGLVR/2
960.50727984,2,662.453,1.23873848,LSGSNPYTTVTPQIINSK/2
804.89683389,2,662.453,1.23733343,FASEIAGVDDLGTTGR/2
663.34605163,3,662.453,0.87683522,FTAQGLPDLNHSQVYAVK/3
854.90159332,2,663.197,1.23743958,TQETPSAQMEGFLNR/2
886.96049686,2,663.197,1.24285716,NLQEQTVQLQSELSR/2
851.45451598,2,663.197,1.23890704,LTNLQENLSEVSQVK/2
607.65734969,3,663.197,0.87780319,MVNPTTVLESPHSLPAK/3
429.21415281,3,663.94,0.85584452,ISMPDVDLHMK/3
798.4355949,2,663.94,1.21941005,ENGPVVETVQVPLSK/2
483.2683025,3,663.94,0.85194735,LIVAYVDDLDRR/3
757.9066703,2,664.684,1.23006414,LVSIGAEEIVDGNAK/2
800.90686726,2,664.684,1.22592869,DQLDETVNVEPLTK/2
622.99887482,3,665.427,0.88001521,IGDLQAFQGHGAGNLAGLK/3
833.94358717,2,665.427,1.22942452,TLFQPQTGAYQTLAK/2
435.92235514,3,665.427,0.8488809,ISHLPLVEELR/3
554.9567871,3,666.171,0.88691151,LSTDDLNSLIAHAHR/3
739.36051847,2,666.171,1.22488605,MLGQMTDQVADLR/2
778.9175694,2,666.171,1.23446635,LQEAGILSAEELQR/2
846.45177636,2,666.914,1.23355566,VEPYSLTAQQSSLIR/2
609.99854046,3,667.658,0.8671886,VLGTPVETIELTEDRR/3
611.65158658,3,667.658,0.87784786,QNLLSQSHAYQQFLR/3
820.90869004,2,667.658,1.21562412,HVIPMNPNTDDLFK/2
824.34578524,2,667.658,1.22621877,DQNESLDEEMFYK/2
810.89683388,2,667.658,1.23781279,NGNLPEFGDAISTASK/2
857.90495572,2,667.658,1.21960455,SSEPVVTMSVEYQMK/2
630.30011361,3,667.658,0.86899576,SGMSHEEDQLIPNLYR/3
812.38610205,2,668.402,1.22625355,QAWATDDVAQIYDK/2
688.99926876,3,669.145,0.86563697,RAEDGSVIDYELIDQDAR/3
705.37480909,2,669.145,1.22226059,TYTIANQFPLNK/2
745.87959825,2,669.145,1.22441903,ADIGVAMGIAGSDVSK/2
854.91743195,2,669.889,1.23070242,LLDPEDVDVPQPDEK/2
985.015469,2,669.889,1.26215774,DAGEGLLAVQITDQEGKPK/2
657.01273816,3,669.889,0.8826183,DAGEGLLAVQITDQEGKPK/3
592.34398246,3,670.632,0.8699526,RPLILQLVHVSQEDK/3
495.92475865,3,670.632,0.86741792,NVNVQNFHISWK/3
707.36254147,3,670.632,0.87874325,QEQHEAQAQVAELELQLR/3
743.38349975,2,671.376,1.24034468,NVNVQNFHISWK/2
790.91800352,2,672.119,1.21698099,VHLMNPMVPGLTGSK/2
556.25210073,3,672.863,0.86704982,TWTDFEHMETIEK/3
540.60832472,3,673.606,0.87044799,FYQGFLFSEKPEK/3
849.92525697,2,673.606,1.22701308,IDVTAPDVSIEEPEGK/2
888.92291128,2,673.606,1.23537151,EIESEIDSEEELINK/2
740.86192848,2,673.606,1.22515898,EYELLSDELNQK/2
896.93236214,2,674.35,1.22891572,MAPYQGPDAVPGALDYK/2
914.94685808,2,674.35,1.23519603,GANAVGYTNYPDNVVFK/2
810.40884885,2,675.093,1.24512701,FYQGFLFSEKPEK/2
417.87674581,3,675.093,0.86441688,FDASFFGVHPK/3
786.38369676,2,675.837,1.22755942,QFAYQNSWGLTTR/2
851.93394773,2,675.837,1.2413973,ESADGLQGETQLLVSR/2
831.89818494,2,675.837,1.23161991,SEDAEVLDATPSGIMK/2
739.41734262,2,675.837,1.23062163,LPNNHIGISFIPR/2
881.93394775,2,676.581,1.23803972,SEDPDQQYLILNTAR/2
820.90432456,2,676.581,1.23234902,VDIDAPDVSIEGPDAK/2
856.41793344,2,676.581,1.23868523,FTLSGGNWNTVSETAK/2
734.85473456,2,677.324,1.21028275,NLLTVTSSDEMMK/2
613.97428345,3,677.324,0.87113503,HSQAVEELAEQLEQTK/3
809.89069427,2,678.068,1.24284669,EAMVQAEEAAAEITR/2
746.88573793,2,678.068,1.23158718,ELSDPAGAIIYTSR/2
544.29440579,3,678.068,0.86959893,LISVETDIVVDHYK/3
859.90634433,2,678.068,1.23143364,AMWPDGQQDITEVTK/2
833.40194908,2,678.068,1.23048448,FQIQDISVETEDNK/2
701.89303159,2,678.068,1.21267301,ATAVLVIASTDVDK/2
766.86701386,2,678.811,1.22205537,IFYPETTDIYDR/2
613.6130204,3,678.811,0.86321882,HQYYNQEWTLWDR/3
493.2806539,3,678.811,0.86389247,LPNNHIGISFIPR/3
687.01162016,3,678.811,0.87923712,AQAEAQQPTFDALRDELR/3
919.91589236,2,678.811,1.23188687,HQYYNQEWTLWDR/2
632.60034018,3,678.811,0.8734065,GESDDFHMDFDSAVAPR/3
817.90634438,2,679.559,1.22862959,TQMLDQEELLASTR/2
938.9785522,2,679.559,1.23879585,EQLDSSNSTIAILQTEK/2
547.60200988,3,679.559,0.85516245,SHPLDPIDTVDFER/3
926.42140144,2,679.559,1.24308944,ESQLFDPSDLQDTSNR/2
820.89937658,2,679.559,1.22108278,SHPLDPIDTVDFER/2
542.63850688,3,679.559,0.86815176,QVLIASHLPSYELR/3
868.44669094,2,680.302,1.23239097,GSNNVALGYDEGSIIVK/2
740.89336601,2,680.302,1.21799768,TILPAAAQDVYYR/2
631.33392311,3,680.302,0.8766987,LVTSIGDVVNHDPVVGDR/3
538.59732543,3,681.046,0.87187636,MGPLGLDHMASSIER/3
649.63661426,3,681.046,0.86431393,YPIEHGIVTNWDDMEK/3
571.32073199,3,681.046,0.84460916,KLEPISNDDLLVVEK/3
657.68132286,3,681.789,0.87745009,LASTLVHLGEYQAAVDGAR/3
498.28758558,3,681.789,0.864327,LVEDHLAVQSLIR/3
986.01834606,2,681.789,1.25387031,LASTLVHLGEYQAAVDGAR/2
523.59743126,3,681.789,0.85823523,TFTDHVMLFTQTK/3
606.29658642,3,681.789,0.87218815,TFAVDETSVSGYIYHK/3
757.91924639,2,682.533,1.2270942,TILEEEITPTIQK/2
800.93067676,2,682.533,1.23377435,NLLLLANSTEEQQK/2
640.98143803,3,682.533,0.88054516,AGTQIENIDEDFRDGLK/3
895.96452796,2,682.533,1.24036411,MVPVSVQQSLAAYNQR/2
856.44937102,2,682.533,1.24693146,NYPPWQHTTLSVLR/2
456.94186112,3,683.277,0.86321647,LPGLIDVHVHLR/3
625.34716961,3,683.277,0.87315568,LTEVPVEPVLTVHPESK/3
451.9234787,3,683.277,0.86422707,VAVTVMDVAHLAK/3
889.45365867,2,684.02,1.23961238,LASTNSSVLGADLPSSMK/2
722.40304361,2,684.02,1.22314412,VVQMLGSLGGQINK/2
937.51711619,2,684.02,1.24820653,LTEVPVEPVLTVHPESK/2
973.03072512,2,684.764,1.2389687,LHIIEVGTPPTGNQPFPK/2
892.45399304,2,684.764,1.26211447,DVSSVELLMNNHQGIK/2
604.99490745,3,685.507,0.87283261,LEAAIAEAEERGELALK/3
783.4121198,2,685.507,1.22597281,APDVDVNIAGPDAALK/2
959.53089231,2,685.507,1.22784174,LHIIEVGQPAAGNQPFVK/2
851.41251375,2,686.251,1.23255821,VDIDTPDINIEGSEGK/2
598.00362585,3,686.994,0.86879571,KLDAGNQLALIEELHK/3
681.00943947,3,686.994,0.88369644,VDINAPDVEVHGPDWHLK/3
511.00889872,4,686.994,0.74968953,VDINAPDVEVHGPDWHLK/4
676.33755611,3,686.994,0.8828878,VDINAPDVDVHGPDWHLK/3
515.00762737,4,686.994,0.74952375,VDINTPDVDVHGPDWHLK/4
890.43397749,2,686.994,1.23742287,ETSELGGSDVSILDTTR/2
711.32883777,3,687.738,0.87842702,FVINYDYPNSSEDYIHR/3
462.2204067,3,687.738,0.86240171,FYFHLGDAMQR/3
649.0229089,3,688.481,0.86495737,LHIIEVGTPPTGNQPFPK/3
451.9139711,3,688.481,0.86632236,TILQHLSEAWR/3
952.00456993,2,689.225,1.24086905,AQTLPTSVVTITSESSPGK/2
738.90647334,2,689.225,1.24619952,LEGVEGVAHIIDPK/2
672.66556132,3,689.968,0.87936797,VWQLGSSSPNFTLEGHEK/3
557.26568722,3,689.968,0.85346684,EHIMQMLQNPDWK/3
885.4732401,2,689.968,1.24995992,LQQQLTQAAQELAAEK/2
835.3948926,2,690.712,1.21959335,EHIMQMLQNPDWK/2
507.60005215,3,690.712,0.8678767,IILWDHDLNPER/3
796.8993766,2,691.455,1.24266997,AFLDALQNQAEASSK/2
584.61380963,3,691.455,0.86617705,TEDSLMPEEEFLRR/3
517.60357374,3,691.455,0.87462456,ISNLLSDYGYHLR/3
728.69552055,3,691.455,0.88884033,NFTEVHPDYGSHIQALLDK/3
525.75627244,4,692.942,0.74873912,VDIDAPDVEVHDPDWHLK/4
769.39085306,2,693.686,1.23528004,FAIQDISVEETSAK/2
937.96016242,2,693.686,1.24597702,IETVNESWNALATPSDK/2
700.67260443,3,693.686,0.88247536,VDIDAPDVEVHDPDWHLK/3
911.94124985,2,694.429,1.23945863,GVIQVYDLGQDGQGMSR/2
488.9171583,3,694.429,0.85472565,ALEHFTDLYDIK/3
856.43219493,2,695.173,1.21542805,EVIPVNVPEAQEEMK/2
732.87209922,2,695.173,1.22272051,ALEHFTDLYDIK/2
541.00064506,4,695.173,0.74684456,QEVPSWLENMAYEHHYK/4
787.91429839,2,695.173,1.23003245,INDFVLSPGPQPYK/2
716.89898267,2,695.173,1.24293805,DGLEVAVLPHNIR/2
842.93067672,2,696.66,1.23698137,VYATILNAGTNTDGFK/2
838.91162666,2,696.66,1.22834895,NDSVVAGGGAIEMELSK/2
652.99731097,3,696.66,0.88438191,TVTLGGDVFDPHGTLSGGAR/3
865.38289899,2,697.403,1.2415712,ETADTDTADQVMASFK/2
765.37448312,2,697.403,1.21772375,EQWLNNMQIPEK/2
723.38336239,2,697.403,1.24865,DNALLSAIEESRK/2
761.87652425,2,697.403,1.22118232,ELDMEPYTVAGVAK/2
657.03699516,3,698.147,0.86657872,SKVDQIQEIVTGNPTVIK/3
495.62805365,3,698.147,0.86955708,GILIGIQQSFRPR/3
555.28021368,3,698.891,0.86055411,ALQHMTDFAIQFNK/3
651.98154948,3,698.891,0.86778529,HGEPEEDIVGLQAFQER/3
557.62978849,3,698.891,0.86809886,QLEAIDQLHLEYAK/3
773.08261005,3,698.891,0.88885437,MPLATSTDHGHNLQTVQLLIK/3
756.92265474,2,699.634,1.23288276,IQGLTVEQAEAVVR/2
714.68803719,3,699.634,0.87437512,ERVEAVNMAEGIIHDTETK/3
834.4461596,2,699.634,1.23089362,EAQAVPATLPELEATK/2
594.64533267,3,699.634,0.85984688,FRQDLMNIAGTTLSSK/3
530.27920152,3,700.378,0.8712114,FQSGDFHVINGVLR/3
857.84385228,2,700.378,1.24069866,MGGMEGPFGGGMENMGR/2
794.91516405,2,700.378,1.24288975,FQSGDFHVINGVLR/2
964.96049683,2,701.121,1.23952654,SLGYAYVNFQQPADAER/2
740.88078991,2,701.121,1.22059884,ARFEELNADLFR/2
569.98070978,3,701.121,0.87800337,IDQLQEELLHTQLK/3
494.25628543,3,701.865,0.85260423,ARFEELNADLFR/3
880.96451957,2,701.865,1.25127714,IFASIAPSIYGHEDIK/2
431.25421627,3,701.865,0.86249757,LGLHQVLQDLR/3
863.95976855,2,701.865,1.23592908,IHTEPQLSAALEYVR/2
587.64543853,3,702.608,0.8755289,IFASIAPSIYGHEDIK/3
729.88794627,2,702.608,1.22966061,ELEELSLEAQGIK/2
500.75226144,4,703.352,0.74893184,VDISAPDVDVHGPDWHLK/4
507.7509901,4,703.352,0.74951506,VDIDAPDVDVHGPDWHLK/4
683.03347361,3,703.352,0.86265457,VIRPLDQPSSFDATPYIK/3
789.92793714,2,703.352,1.24127064,YSELTTVQQQLIR/2
676.66556131,3,703.352,0.88341703,VDIDAPDVDVHGPDWHLK/3
507.5049862,4,703.352,0.74917385,VDINAPDVDVHGPDWHLK/4
791.35150177,2,703.352,1.21930665,DMQPSMESDMALVK/2
621.66679081,3,704.095,0.87689237,DLKPENILLDEEGHIK/3
667.3339231,3,704.095,0.88242102,VDISAPDVDVHGPDWHLK/3
927.43123785,2,704.095,1.24498906,YEEELEINDFPQTAR/2
785.35869565,2,704.839,1.22510266,EEQFNMLSSDLEK/2
704.34281255,3,706.326,0.88733073,DLLLTSSYLSDSGSTGEHTK/3
489.6207876,3,706.326,0.8580751,LYRPPPVLDALGR/3
621.36678709,3,707.07,0.86691447,TVLQRPLSLIQGPPGTGK/3
560.29680934,3,707.07,0.86184962,DIHLDLPSNNNLVSK/3
593.64057603,3,707.07,0.87648746,GAPPSSNIEDFHGLLPK/3
818.40598021,2,707.07,1.21634873,QALETVNDYNPLMK/2
825.90053909,2,707.07,1.23977549,EQQAAVTSSIMQAMR/2
937.49691211,2,707.07,1.24830867,SVQLAIEITTNSQEAAAK/2
654.66450425,3,707.813,0.85546226,GHVFEESQVAGTPMFVVK/3
591.35247795,3,707.813,0.87507292,ILHLLTQEALSIHGVK/3
856.47050046,2,707.813,1.24334149,LQAQLNELQAQLSQK/2
602.29441136,3,707.813,0.87614043,IDVGFVYDEPGHAVMR/3
507.60843622,3,707.813,0.85181029,LHSLLGDYYQAIK/3
604.28797951,3,708.557,0.87893783,DLDIIDNYDYSHTVK/3
981.49311814,2,708.557,1.22600587,GHVFEESQVAGTPMFVVK/2
905.92833103,2,708.557,1.25409444,DLDIIDNYDYSHTVK/2
822.44883978,2,708.557,1.24618541,ALYYLQIHPQELR/2
443.76617758,4,708.557,0.74265099,ILHLLTQEALSIHGVK/4
891.49906095,2,708.557,1.24440169,IIPLYSTLPPQQQQR/2
760.9090161,2,708.557,1.22080543,LHSLLGDYYQAIK/2
696.9141014,2,709.3,1.20801688,TPNGVVLAPVQLGK/2
648.33006722,3,709.3,0.88264689,VTEGLTDVILYHQPDDK/3
793.87791288,2,709.3,1.23349825,IAGDYVSEEVWYR/2
971.9914626,2,709.3,1.26205833,VTEGLTDVILYHQPDDK/2
721.34823228,3,709.3,0.89025622,GQSLGYAFAEFQEHEHALK/3
893.93563312,2,710.044,1.23251246,DNPEATQQMNDLIIGK/2
795.40122923,2,710.788,1.22891731,QEQIINTMTQDLR/2
438.20341012,3,712.275,0.86388186,DYAFIHFDER/3
827.91214959,2,712.275,1.2314374,VDIEAPDVSLEGPEGK/2
799.88128368,2,712.275,1.22443051,MEMINVSGYVAQEK/2
826.43050954,2,713.019,1.23294108,TFNTSTGGLLLPSDTK/2
814.92813403,2,713.019,1.23841644,GAGIGGLGITVEGPSESK/2
887.4618181,2,713.019,1.2391437,ASMQPIQIAEGTGITTR/2
971.45980671,2,713.019,1.23672197,MQEVYNFNAINNSEIR/2
901.45692127,2,713.762,1.23815202,LLVDVDESTLSPEEQK/2
897.91436633,2,713.762,1.237785,AEDIPQMDDAFSQTVK/2
822.42503018,2,713.762,1.23550985,AAPGPGPSTFSFVPPSK/2
885.4206731,2,714.506,1.23993539,GENSWFSTQVDTVATK/2
738.40188946,2,714.506,1.23376675,NGSFGVLVATNVAAR/2
852.43358359,2,715.249,1.22982914,LNIQPSEADYAVDIR/2
511.2850001,4,715.249,0.74752396,SPSELFAQHIVTIVHHVK/4
906.46234104,2,715.992,1.24837858,IYGADDIELLPEAQHK/2
681.37757465,3,715.992,0.88550121,SPSELFAQHIVTIVHHVK/3
682.00183912,3,715.992,0.87544735,FYPLEIDYGQDEEAVKK/3
571.98227358,3,716.736,0.86033538,LLHDQVGVIQFGPYK/3
604.64398618,3,716.736,0.87402876,IYGADDIELLPEAQHK/3
883.41928454,2,716.736,1.22703305,DTAYPETNDAIPMISK/2
914.95180612,2,716.736,1.24014095,ASNLENSTYDLYTIPK/2
826.91363807,2,717.479,1.22239556,ALTLPGSSENEYIMK/2
765.40324058,2,717.479,1.21841614,QIMENAEINNIIK/2
857.46977213,2,717.479,1.23089368,LLHDQVGVIQFGPYK/2
953.02002305,2,717.479,1.23833537,VVSAGTYPVLIQGETSVGK/2
506.98372596,3,718.966,0.86200553,LLIHQSLAGGIIGVK/3
759.9719507,2,718.966,1.23257884,LLIHQSLAGGIIGVK/2
586.29703222,3,718.966,0.86189942,HFNALGGWGELQNSVK/3
721.85116678,2,718.966,1.22131285,VLYPNDNFFEGK/2
593.32095491,3,719.71,0.85851337,QLYHLGVVEAYSGLTK/3
533.97126306,3,719.71,0.86612094,VYALPEDLVEVKPK/3
814.06790555,3,719.71,0.88964762,VSGQGLHEGHTFEPAEFIIDTR/3
771.92232037,2,719.71,1.23109681,LVSIGAEEIVDGNVK/2
800.45325636,2,719.71,1.23682042,VYALPEDLVEVKPK/2
728.69043519,3,720.453,0.89153425,EELGLIEQAYDNPHEALSR/3
889.47779414,2,720.453,1.2284029,QLYHLGVVEAYSGLTK/2
703.87666168,2,721.197,1.22209176,VLQGDLVMNVYR/2
965.99146261,2,721.197,1.22682962,QAIPLDENEGIYVQDVK/2
423.22867928,3,721.94,0.85752951,ISMPDVDLHLK/3
576.97377808,3,721.94,0.8806776,LFQFLQAEPHNSLGK/3
580.9808212,3,722.684,0.8661596,LSFQHDPETSVLVLR/3
787.87398159,2,722.684,1.23118337,FTDELMEQGLTYK/2
687.37087778,2,722.684,1.21609336,VIASELGSMPELK/2
840.94378409,2,722.684,1.24769564,LGGAVLSFSEATSSVQK/2
737.38451646,2,722.684,1.22880352,ISMSEVDLNVAAPK/2
879.95963112,2,722.684,1.2404453,VSVGAPDLSLEASEGSIK/2
687.3229182,3,722.684,0.88483313,MDIDAPDVDVHGPDWHLK/3
590.99138587,3,722.684,0.86217322,NDPKLSEDSVSVLVLR/3
735.40356655,2,722.684,1.22555134,YLILGSAVGGGYTAK/2
916.95488006,2,723.427,1.23888779,VVVAENFDEIVNNENK/2
554.96651206,3,723.427,0.86981619,LGAVYDVSHYNALLK/3
870.96759356,2,723.427,1.23542532,LSFQHDPETSVLVLR/2
646.67746693,3,723.427,0.88229619,DAGEGLLAVQITDPEGKPK/3
560.31027875,3,723.427,0.87245919,LVINTEEVFRPYAK/3
804.40089481,2,724.171,1.2441969,VLGTSVESIMATEDR/2
790.42556159,2,724.171,1.21860696,QPAIISQLDPVNER/2
969.51256216,2,724.171,1.26076336,DAGEGLLAVQITDPEGKPK/2
678.97791647,3,724.171,0.8733704,AFTHTAQYDEAISDYFR/3
824.38778748,2,724.171,1.22775663,NISMSVEGDYTYLR/2
739.87791288,2,724.914,1.22422511,ESLVVNYEDLAAR/2
683.69188756,3,724.914,0.88285607,LLEAQIATGGIIDPEESHR/3
516.64336935,3,724.914,0.85734587,IEPHTGLLLLSVQK/3
819.42268447,2,725.659,1.23000511,VGVEVPDVNIEGPEGK/2
841.41759909,2,726.402,1.23391468,VDVDVPDVNIEGPDAK/2
569.96070396,3,727.146,0.86746864,SRPEFMLPVHFYGK/3
807.44087729,2,727.889,1.23644078,LLDAQLSTGGIVDPSK/2
768.40683744,2,727.889,1.23245724,GTATFDGTAIANAVVK/2
430.57992934,3,727.889,0.8516153,VFLHLADIYAK/3
527.2885977,3,728.633,0.87353366,IETMLGDVAVAVHPK/3
678.3982842,2,728.633,1.22325839,IVQLLAGVADQTK/2
659.9903793,3,728.633,0.88243311,TAGYPNVNIHNFTTSWR/3
758.90762741,2,728.633,1.23520107,EVLLFPAMKPEDK/2
790.42925831,2,728.633,1.24826284,IETMLGDVAVAVHPK/2
506.2741771,3,728.633,0.86560158,EVLLFPAMKPEDK/3
442.92246658,3,728.633,0.86278348,VSIVNHLEFLR/3
987.50929962,2,729.376,1.24635527,LVQAAQMLQSDPYSVPAR/2
739.87959829,2,729.376,1.22991292,QDLMNIAGTTLSSK/2
804.383028,2,729.376,1.22542975,EADSVYGEWVPVEK/2
987.95761976,2,730.12,1.25498021,IEWLESHQDADIEDFK/2
658.974172,3,730.863,0.8747267,IEWLESHQDADIEDFK/3
603.32934454,3,730.863,0.86777907,ANIVHLMLSSPEQIQK/3
893.45250464,2,730.863,1.23791803,EEEAIQLDGLNASQIR/2
950.90779251,2,730.863,1.23690908,LGIYDADGDGDFDVDDAK/2
614.99513037,3,730.863,0.87578008,QVVQGLLSETYLEAHR/3
904.49037858,2,730.863,1.24053618,ANIVHLMLSSPEQIQK/2
858.41740218,2,730.863,1.23673952,FWQTYSSAEEVLQK/2
657.00239637,3,731.608,0.88895172,WLSTSIPEAQWHSSLAR/3
697.89316901,2,731.608,1.21187369,AHQLWLSVEALK/2
571.61413837,3,732.352,0.87701801,GAGAFGYFEVTHDITK/3
839.90888702,2,732.352,1.23619029,EIFEQPESVVNTMR/2
723.69675564,3,732.352,0.87678469,VAYIPDEMAAQQNPLQQPR/3
856.91756932,2,732.352,1.25471723,GAGAFGYFEVTHDITK/2
795.88593486,2,732.352,1.23205752,TEGSLEDWDIAVQK/2
525.26456362,3,733.095,0.86310956,LSMWDRPDDLIGR/3
472.5891531,3,733.095,0.86652608,AVEDIHGLFSLSK/3
585.31586951,3,733.095,0.86976536,GDVVLQSDHVIETLTK/3
817.43285528,2,733.095,1.23288616,IYPLPDDPSVPAPPR/2
787.93542776,2,733.839,1.22807823,VDQSILTGESVSVIK/2
778.92126612,2,733.839,1.21878954,GDILVVATGQPEMVK/2
921.43685453,2,733.839,1.24114374,NLIDEDGNNQWPEGLK/2
834.4008948,2,734.582,1.23622012,NVQAEEMVEFSSGLK/2
573.30552774,3,734.582,0.87288509,EPWLLPSQHNDIIR/3
802.42163024,2,734.582,1.24203672,EMSSSTLNLVVAGAPK/2
859.45465338,2,734.582,1.24223184,EPWLLPSQHNDIIR/2
884.4436169,2,735.326,1.23374753,VYEEVLSVTPNDGFAK/2
756.39065613,2,735.326,1.2266766,IFQILYANEGESK/2
580.95310919,3,735.326,0.87249455,MLDGLDPHPMLPNYK/3
672.02872258,3,736.069,0.87116182,RPTELLSNPQFIVDGATR/3
556.94247791,3,736.069,0.88146582,EAADWVSGHFPSPIR/3
500.59664202,3,736.069,0.87022956,NVNIQNFHISWK/3
787.8961056,2,736.813,1.23115406,TGTAYTFFTPNNIK/2
783.40324052,2,736.813,1.23481017,MGFTEVTPVTGASLR/2
409.55952824,3,736.813,0.86847224,DGLAFNALIHR/3
915.94874048,2,736.813,1.2423057,LLENISPADVGGMEETR/2
910.44837634,2,737.556,1.2341688,FEVQGLQPNGEEMTLK/2
715.88923771,2,737.556,1.22489816,MVIITGPPEAQFK/2
839.4803368,2,738.3,1.23277685,LLSPVVPQISAPQSNK/2
759.89356289,2,738.3,1.23670993,VPSENVLGEVGSGFK/2
763.36704364,2,739.043,1.22269613,EEASDYLELDTIK/2
760.37669142,2,739.043,1.22037321,FAMVAPDVQIEDGK/2
710.37754877,2,739.787,1.22247859,QAQEYEALLNIK/2
805.92285166,2,739.787,1.23201324,VNVEAPDVNLEGLGGK/2
733.69076952,3,739.787,0.89640493,DQFLDTLQAHGHDVNSFVR/3
655.66567281,3,739.787,0.87351242,RNENQLIIFADDTYPR/3
596.63806661,3,739.787,0.85851173,TPISEHAVFNVDLMSK/3
691.05638971,3,740.53,0.88748794,IASQVAALDLGYKPGVEAIR/3
715.86734821,2,742.017,1.21743596,QIWQNLGLDDTK/2
743.88607224,2,742.017,1.23457928,GGSWVVIDSSINPR/2
468.57484957,3,742.017,0.87566587,GISDLAQHYLMR/3
568.96651763,3,742.017,0.88260979,AVGMASDIPGLHLPGGGR/3
763.93047976,2,743.504,1.22675166,NVIVNGLVLASDGQK/2
649.63923509,3,743.504,0.87876408,FGAVWTGDNTAEWDHLK/3
904.9786896,2,743.504,1.23330497,ALPAVQQNNLDEDLIR/2
820.4073688,2,743.504,1.22933115,EPEPNFQLLDNPAR/2
973.95521441,2,744.248,1.2563273,FGAVWTGDNTAEWDHLK/2
560.98590657,3,744.992,0.85948965,YRVPDVLVADPPIAR/3
876.98377501,2,744.992,1.24576919,LEILQQQLQVANEAR/2
563.29564084,3,744.992,0.8741952,IFSIIAEGEMHEAIK/3
840.97522163,2,745.735,1.22951317,YRVPDVLVADPPIAR/2
768.05359643,3,745.735,0.88478252,GAFIDQSQSLNIHIAEPNYGK/3
826.41231682,2,746.479,1.24788101,SQEQLAAELAEYTAK/2
448.2662333,3,746.479,0.86566872,GFDILGIKPVQR/3
619.64013581,3,747.222,0.8818479,VEAVNMAEGIIHDTETK/3
470.92246659,3,747.222,0.86586528,YGLIFHSTFIGR/3
771.91344107,2,747.222,1.21486437,DPIVMGVTVEAGQVK/2
505.59765419,3,747.222,0.85661032,NHPGLLLMDTTFR/3
952.93400726,2,747.222,1.24039316,SLDDDLDGVPLDATEDSK/2
871.40997104,2,747.966,1.24505989,ETTDTDTADQVIASFK/2
895.94959779,2,747.966,1.23821616,SYELPDGQVITIGNER/2
681.39300182,2,747.966,1.2194553,VPDVLVADPPIAR/2
750.88828057,2,747.966,1.23219433,ISAPNVDFNLEGPK/2
597.30044234,3,747.966,0.8686216,SEHDVLFQVTQFPSR/3
789.4015552,2,747.966,1.23698334,ALNLAYSSIYGSYR/2
746.92774016,2,748.71,1.23126892,AQLLQPTLEINPR/2
859.45960138,2,748.71,1.22642679,QNGTVVQYLPTLQEK/2
812.90686725,2,749.453,1.24339531,VVSEDFLQDVSASTK/2
743.0499634,3,749.453,0.8868775,VSIVNHLEFLRDEELEER/3
690.36863337,3,749.453,0.89036328,VTEGLVDVILYHQPDDKK/3
555.97388953,3,750.196,0.86872091,AFAHITGGGLLENIPR/3
660.33867977,3,750.196,0.88522964,ISIEMHGTLEDQLSHLR/3
841.44903662,2,750.196,1.22619576,QTQPTVNWVVPVADK/2
816.38302806,2,750.94,1.22976612,FLQEFYQDDELGK/2
934.44275964,2,750.94,1.23888812,IMYDLTSKPPGTTEWE/2
770.73604448,3,750.94,0.88023318,ADLLLSTQPGREEGSPLELER/3
882.95996551,2,750.94,1.23865948,DTYLDTQVVGQTGVIR/2
833.45719606,2,750.94,1.24040457,AFAHITGGGLLENIPR/2
470.22143987,4,750.94,0.73713502,VEQFARAFPMPGFDEH/4
843.94612989,2,750.94,1.23911876,ITSQIFIGPTYYQR/2
608.6752863,3,750.94,0.86948346,EVIDLLKPDQVEGIQK/3
726.00911073,3,751.684,0.88890232,VFSWLQQEGHLSEEEMAR/3
401.90212645,3,751.684,0.85769709,IAVMELFRPK/3
915.46561197,2,751.684,1.24461096,GVGIISEGNETVEDIAAR/2
801.89851088,2,751.684,1.23234466,LFSSVTFETVEESK/2
815.95616318,2,752.427,1.22504186,YVVVTGITPTPLGEGK/2
746.88573791,2,752.427,1.22894789,EDIYAVEIVGGATR/2
780.92265476,2,753.171,1.23390705,LTAQVEQLEVFQR/2
755.34318295,2,753.915,1.25123427,DDFDFGTMGHVIR/2
832.90601,2,753.915,1.23535555,ITLETDEDMVTEIR/2
637.0103346,3,753.915,0.88106001,EIEGEEIEIVLAKPPDK/3
586.0012223,3,753.915,0.8646952,IEDYGLKPVPGDLVLK/3
851.44193993,2,753.915,1.25345134,TLSSVQNEVQEALQR/2
610.64795349,3,753.915,0.87873562,ANSFTVSSVAAPSWLHR/3
503.89788079,3,753.915,0.87841047,DDFDFGTMGHVIR/3
873.42067315,2,754.658,1.2642691,DLEADIIGDTSGHFQK/2
797.36699243,2,754.658,1.23513472,WMDWNAPQVQYR/2
857.95214048,2,754.658,1.24391044,VQLDLAETDLSQGVAR/2
773.41720523,2,754.658,1.23345627,IGIIDGEYVVNPTR/2
704.3298499,3,754.658,0.86705292,NRPLSDEELDAMFPEGYK/3
731.88045558,2,754.658,1.22668868,FTQLDLEDVQVR/2
801.38111649,2,754.658,1.21920747,QTMLFSATMTDEVK/2
573.31877983,3,755.401,0.87459974,AHLLADMAHISGLVAAK/3
825.87672963,2,755.401,1.2252173,EMLTADNLDIDNMR/2
767.42978127,2,755.401,1.22204301,KVESLQEEIAFLK/2
520.62285679,3,755.401,0.87151154,LFGHSSTSALSAILR/3
511.955613,3,756.146,0.85197266,KVESLQEEIAFLK/3
717.34427051,3,756.146,0.87574975,MDSFDEDLARPSGLLAQER/3
823.40545731,2,756.146,1.23126146,AIAMSLGQDIPMDQR/2
859.47453152,2,756.146,1.25454678,AHLLADMAHISGLVAAK/2
638.98412546,3,756.146,0.88332782,SLNSASYLYEVMERPR/3
549.26718445,3,756.146,0.87098124,GNWAHSGFPEIAFGR/3
730.88319522,2,756.889,1.23649607,SDIDEIVLVGGSTR/2
848.38610198,2,756.889,1.24934081,GFGFVTFDDHDPVDK/2
843.86942749,2,756.889,1.23524042,FAMEPEEFDSDTLR/2
565.92649348,3,756.889,0.87268904,GFGFVTFDDHDPVDK/3
765.86480549,2,756.889,1.2413268,LANQAADYFGDAFK/2
504.61581368,3,756.889,0.85809613,HQVAYLGLLENVR/3
756.42008229,2,756.889,1.2250732,HQVAYLGLLENVR/2
623.65488522,3,757.632,0.87767988,GTSYQSPHGIPIDLLDR/3
511.6276078,3,757.632,0.85713649,AVHEDIVAVELLPK/3
858.44289701,2,757.632,1.2553483,NDMVELLGPRPFAEK/2
656.31464004,3,757.632,0.88369753,GTVGEPTYDAEFQHFLR/3
715.00787567,3,757.632,0.89253614,AVEYYFASDASAVIEHTNR/3
606.36427207,3,757.632,0.86197346,TTPLKPSPLPVIPDTIK/3
849.39887508,2,757.632,1.22753294,EAYPEEAYIADLDAK/2
976.52600393,2,758.376,1.25795007,ALQAAIQQLAEAQPEATAK/2
704.67260444,3,758.376,0.88331978,SGAWDESGVFIYTTSNHIK/3
993.43417442,2,758.376,1.2435448,DSAAFEDNEVQDEFLEK/2
945.43134606,2,759.119,1.24010285,AMADPEVQQIMSDPAMR/2
847.92846839,2,759.119,1.23719624,NAVITVPAYFNDSQR/2
662.3457173,3,759.119,0.86618416,DKPNPQLIYDDEIPSLK/3
761.88214093,2,759.119,1.22652332,ADVGFAMGIAGTDVAK/2
742.93777351,2,759.119,1.22919204,IQSIAPSLQVITSK/2
887.46776072,2,759.863,1.23087782,QFASQANVVGPWIQTK/2
933.48581616,2,759.863,1.22918463,QYEQQTYQVIPEVIK/2
892.92050597,2,759.863,1.24175907,EEEIEFLYNENTVR/2
787.87240437,2,759.863,1.22486075,AMDPAVPNMMIDAAK/2
566.96517116,3,759.863,0.87552293,LYDLNHNEIGELIR/3
776.38048532,2,760.606,1.2313229,GQFSTDELVAEVEK/2
718.05275667,3,760.606,0.88168447,VEPFLPGHYEVLDLKPNGK/3
708.36863897,3,760.606,0.88500999,TMIQSPSGVILQEAADVHAR/3
503.94130944,3,761.35,0.85225729,LHNMIVDLDNVVK/3
755.40832592,2,761.35,1.22028518,LHNMIVDLDNVVK/2
664.01659408,3,761.35,0.8751705,ASGDSARPVLLQVAESAYR/3
794.40429482,2,761.35,1.23069992,DIPNENELQFQIK/2
820.40343751,2,762.093,1.24313208,VDTILEFSQNMNTK/2
930.95402281,2,762.093,1.23163968,EVTDMNLNVINEGGIDK/2
763.90105364,2,762.093,1.21949254,IEEIPLDQVDIDK/2
729.66014719,3,762.093,0.87856552,EMEENFAVEAANYQDTIGR/3
799.92846839,2,762.093,1.24051319,GGVQVPAVDISSSLGGR/2
881.95214049,2,762.836,1.24120669,YINENLIVNTDELGR/2
823.44341997,2,763.58,1.23937562,VINEPTAAALAYGLDK/2
783.89851095,2,763.58,1.24069463,LSQELEYLTEDVK/2
859.90465891,2,763.58,1.24311029,FSLSGGYWNSVSDTAK/2
532.02692852,4,763.58,0.75062509,TLPLTGSTFHDQIAMLSHR/4
709.0334792,3,763.58,0.8847471,TLPLTGSTFHDQIAMLSHR/3
670.66316337,3,764.323,0.87218983,VHYENNSPFLTITSMTR/3
835.89904224,2,764.323,1.2424119,YSGPEDDAAISLAFSK/2
834.91997461,2,765.067,1.23265724,VDVEVPDVSLEGPEGK/2
586.61995205,3,765.067,0.87320308,EANHDGDFGITLAELR/3
530.26070771,3,765.81,0.87323804,SYSPYDMLESIRK/3
864.39920941,2,766.554,1.24409937,YFEIQFSPGGEPDGGK/2
766.44576569,2,766.554,1.23275071,VLALPEPSPAAPTLR/2
772.4107267,3,767.297,0.88933249,DGNVLLHEMQIQHPTASLIAK/3
774.90053068,2,767.297,1.22670882,DASLMVTNDGATILK/2
745.86734817,2,767.297,1.22068161,QSIINPDWNFEK/2
586.63716596,3,767.297,0.88474363,GGQQALLQHWSEYIK/3
991.50252877,2,768.042,1.24419444,TVTNAVVTVPAYFNDSQR/2
661.33744467,3,768.042,0.87216284,TVTNAVVTVPAYFNDSQR/3
729.88299825,2,768.042,1.23045985,AWTQVLLGQAEDK/2
755.41720525,2,768.042,1.25720007,GELTTLIHQLQEK/2
942.50727983,2,768.786,1.24849409,GLQAQIASSGLTVEVDAPK/2
954.94470938,2,768.786,1.24226026,AEDGSVIDYELIDQDAR/2
777.42143329,2,768.786,1.22811801,TLINAEDPPMVVVR/2
769.93047979,2,768.786,1.24008836,LLDAQLATGGIVDPR/2
799.89016297,2,768.786,1.23941281,TYEAALETIQNMSK/2
496.2732764,3,768.786,0.8762046,IAFTEWIEPPKR/3
920.46541501,2,769.529,1.2454831,WQLSVATEQPELEGPR/2
636.96556508,3,769.529,0.86930771,AEDGSVIDYELIDQDAR/3
608.31514683,3,769.529,0.86435702,YPLAVRPFYTMPDPR/3
736.05868179,3,769.529,0.88934987,AIGGIILTASHNPGGPNGDFGIK/3
700.40251226,2,770.272,1.21284598,VMQVLNADAIVVK/2
456.60636702,3,770.272,0.85298942,LIHITIEPLYR/3
980.96597608,2,771.016,1.24727039,DATNVGDEGGFAPNILENK/2
654.31307621,3,771.016,0.87135784,DATNVGDEGGFAPNILENK/3
765.40324057,2,771.016,1.23721408,SPSAQLMEQVAQLK/2
764.40429479,2,771.759,1.23985503,DLAEIGIAVGNNDVK/2
765.92232035,2,773.246,1.23404589,AVDPSSVALVTLGSSK/2
761.43044997,2,773.246,1.24167797,VEIAGPGFINVHLR/2
877.4883588,2,773.991,1.24039912,VDQIQEIVTGNPTVIK/2
616.66360361,3,773.991,0.86659329,HEIEGTGLPQAQLLWR/3
941.96270514,2,773.991,1.24287294,LEQELFSGGNTGINFEK/2
507.9560588,3,773.991,0.87182825,VEIAGPGFINVHLR/3
792.9408475,2,774.733,1.23085496,AVFQANQENLPILK/2
886.46689508,2,775.477,1.23430202,LVYLVENPGGYVAYSK/2
629.62140442,3,775.477,0.87193436,HFHPLFEYFDYESR/3
535.95935749,3,776.22,0.86651216,GGYVLHIGTIYGDLK/3
844.39580942,2,776.22,1.23312894,MDVNVGDIDIEGPEGK/2
733.90373367,2,776.22,1.24510758,DILADVNHPFVVK/2
519.63509672,3,776.22,0.85730488,GHAVNLLDVPVPVAR/3
778.94900685,2,776.22,1.22378699,GHAVNLLDVPVPVAR/2
913.47578271,2,776.964,1.24729938,TSVLAAANPIESQWNPK/2
803.43539801,2,776.964,1.23911152,GGYVLHIGTIYGDLK/2
951.02818246,2,776.964,1.247136,LLPSAPQTLPDGPLASPAR/2
587.29295902,3,776.964,0.88987294,SLQSLEASLHAMESTR/3
761.38844781,2,776.964,1.22782107,LAFYPNQDGDILR/2
545.55966717,4,776.964,0.75046058,QEAVSMIPPLLLNVRPHHK/4
553.96992217,3,777.708,0.86526382,IINEPTAAAIAYGLDK/3
744.90085668,2,777.708,1.22912876,LAYINPDLALEEK/2
740.37923415,2,777.708,1.21378272,NPLMYLTGVQTDK/2
811.41961048,2,778.451,1.23730348,SVILEAFSSPSEEVK/2
830.45124502,2,778.451,1.2409547,IINEPTAAAIAYGLDK/2
577.9494096,3,778.451,0.87797834,EESQIPVDEVFFHR/3
470.2646695,3,778.451,0.87764039,EDTLLLIGHLER/3
447.93822812,3,778.451,0.86459425,LLLIQAFRPDR/3
677.9888155,3,779.195,0.89850344,SDFFELLSNHHLDSQSR/3
440.25410481,3,779.195,0.85580164,LDPHLVLDQLR/3
768.92961406,2,779.195,1.22442049,DVTPPPETEVVLIK/2
530.28054246,3,779.195,0.87091914,QPLWNHLLNYYK/3
841.44903663,2,779.938,1.23212149,TPVEEVPAAIAPFQGR/2
789.40324054,2,779.938,1.24791329,FGGGNPELLTQMVSK/2
797.40631459,2,779.938,1.24514411,LGIGQSQEMNTLFR/2
674.02849968,3,780.682,0.87204768,ILATPPQEDAPSVDIANIR/3
791.42776992,2,780.682,1.23505567,GPQITGPSLEGDLGLK/2
744.88065256,2,780.682,1.23378024,EIDLLLGQTDDTR/2
896.98819161,2,781.425,1.24594571,YEAAGTLVTLSSAPTAIK/2
622.3257115,3,781.425,0.86171128,TKPSPSQFMPLVVDYR/3
856.44669093,2,781.425,1.25047629,VDIETPNLEGTLTGPR/2
566.95812796,3,782.169,0.86072887,THVADFAPEVAWVTR/3
908.9630395,2,782.169,1.25194803,VEDPTFLNQLQSGVNR/2
849.93355371,2,782.169,1.2297588,THVADFAPEVAWVTR/2
903.4388659,2,782.169,1.2359745,EYAQNIWNVEPSDLK/2
786.40683749,2,782.169,1.22732755,IQALGLGEDWNVEK/2
835.89016294,2,782.169,1.23686574,FETPGIMQFTNEEK/2
817.90139636,2,782.169,1.24294506,ESAVGQMGWSGGLSLR/2
696.37372436,3,782.169,0.87581044,NTLTNIAMRPGLEGYALPR/3
665.70423894,3,782.913,0.88084066,AGVAAPATQVAQVTLQSVQR/3
582.31620389,3,782.913,0.88220615,AEIIHHLADLLTDQR/3
641.68266377,3,782.913,0.8853932,NLAYDTLPVLIHGNGPTK/3
745.85846895,2,782.913,1.2269226,EIGFINYYGMQR/2
685.68619093,3,783.656,0.88799717,ALNQEQVIAVHIDNGFMR/3
543.97014509,3,783.656,0.8737098,YLQLAEELIRPER/3
772.89375987,2,783.656,1.23607287,GEVDVSLANVEGDLK/2
835.40703445,2,783.656,1.23827864,LQSVEYVVFDEADR/2
998.05272018,2,783.656,1.25936854,AGVAAPATQVAQVTLQSVQR/2
632.29659203,3,784.4,0.87872768,EQQHVMEELFQSSFR/3
743.89864832,2,784.4,1.2240874,EVIQEWNLTNIK/2
828.87864117,2,784.4,1.24491721,AGFDSDYDQALADIR/2
927.99962195,2,784.4,1.24778677,TVNELQNLSSAEVVVPR/2
825.95669454,2,784.4,1.22654461,LQPLSPVPSDIEISR/2
955.49691209,2,785.143,1.24601116,VLAGETLSVNDPPDVLDR/2
524.62285678,3,785.143,0.86197908,VSHLLGINVTDFTR/3
786.43064694,2,785.143,1.23119552,VSHLLGINVTDFTR/2
915.44741923,2,785.143,1.24615272,NSDVLQSPLDSAARDEL/2
529.9437074,3,785.143,0.87499403,ETQFAQIFEPLHK/3
542.95108487,3,785.143,0.88175376,SFPAAIEHTIQWAR/3
813.87143889,2,785.887,1.22920731,YMTISDEWDIPEK/2
479.59434992,3,785.887,0.86026841,QFLFRPWDVTK/3
718.88788665,2,785.887,1.23081567,QFLFRPWDVTK/2
813.42830124,2,785.887,1.2279648,DQISVLPNEQDLVR/2
604.64293469,3,786.63,0.87275363,LDTHPAMVTVLEMGAAR/3
856.39580944,2,786.63,1.23526097,IDINMSGFNETDDLK/2
936.93583009,2,787.374,1.25470142,YSSDVQEMILSSATADR/2
775.897791,2,787.374,1.23724802,FDMAENVVIVASQK/2
579.32822094,3,788.118,0.88089013,TTIENIQLPHTLLSR/3
868.48869318,2,788.118,1.2558684,TTIENIQLPHTLLSR/2
827.90158493,2,788.118,1.23881936,YNEFSVSLLNEDPK/2
769.86577102,2,788.118,1.22460945,YHFNMGLLMGEAR/2
903.43292327,2,788.86,1.25361031,MEVQEQEEDISSLIR/2
781.34390282,2,788.86,1.23403103,GFGFVDFNSEEDAK/2
685.67293882,3,788.86,0.88559591,NPVWYQALTHGLNEEQR/3
843.47525146,2,788.86,1.24707621,ITNLTQQLEQASIVK/2
848.42542414,2,789.604,1.23804187,VDIDVPDVNIEGPDAK/2
848.42542414,2,789.604,1.23697721,VDIDVPDVNIEGPEGK/2
467.26746834,3,789.604,0.87122195,VTMLFLGLHNVR/3
442.25388189,3,790.347,0.87136775,EASIDILHSIVK/3
881.47270873,2,791.091,1.24108545,VLAQNSGFDLQETLVK/2
478.56054038,3,791.091,0.87077874,ADWLSHYWMPK/3
697.34957319,3,791.091,0.88451729,AIQTLGYFPVGDGDFPHQK/3
562.99781218,3,791.835,0.87164173,LEIYVVTAEGLRPVK/3
545.9558359,3,793.322,0.86450743,VFVHYTGWLLDGTK/3
539.28351234,3,793.322,0.86592972,AILVDLEPGTMDSVR/3
801.41380522,2,794.065,1.22939101,AVLVDLEPGTMDSVR/2
818.43011561,2,794.809,1.2358979,VFVHYTGWLLDGTK/2
422.91872214,3,795.552,0.87066111,SQLDIIIHSLK/3
601.67232202,3,795.552,0.87435305,QGILGAQPQLIFQPHR/3
407.98971206,4,795.552,0.74338138,FSKSQLDIIIHSLK/4
660.67903073,3,795.552,0.86636369,FSPFPVQDRPESSLVFK/3
787.41466254,2,796.296,1.23893345,NIYVLQELDNPGAK/2
844.45431904,2,797.04,1.24780296,IINEPTAAAIAYGLDR/2
788.91248396,2,797.04,1.25180055,VTSAVEALLSADSASR/2
794.90561609,2,797.04,1.24422019,AIIEEYLHLNDMK/2
476.9643314,3,797.04,0.84601417,IRVESLLVTAISK/3
849.93288503,2,797.04,1.23482454,LWSPDEEVSPEVLAK/2
714.94285887,2,797.04,1.21613323,IRVESLLVTAISK/2
758.91123275,2,797.783,1.23756505,SQNVMAAASIANIVK/2
563.30530485,3,797.783,0.87254012,IINEPTAAAIAYGLDR/3
512.94119801,3,797.783,0.85869857,GMLREDAVLEYLK/3
565.32604028,3,797.783,0.87709827,VLSGEFQIVNPHLLK/3
530.27283622,3,797.783,0.87015591,AIIEEYLHLNDMK/3
784.3826341,2,797.783,1.23736385,EWYGYHFPELVK/2
729.34359268,3,797.783,0.89219903,QGAGGVEGAEWWATQAFHQR/3
594.33537549,3,798.527,0.86684426,RTGAIVDVPVGEELLGR/3
504.03465088,4,798.527,0.74806728,HLPTLDHPIIPADYVAIK/4
847.48542218,2,798.527,1.25232213,VLSGEFQIVNPHLLK/2
557.30799226,3,798.527,0.87750081,LFPLIQTMHSNLAGK/3
671.71044235,3,799.271,0.8749054,HLPTLDHPIIPADYVAIK/3
867.4074284,2,799.271,1.24260757,ESEITDEDIDGILER/2
871.42321585,2,799.271,1.23878438,NIFLQYASTEVDGER/2
935.47564532,2,799.271,1.23751546,TVELSIPADPANLDSEAK/2
849.93288505,2,799.271,1.2420789,DPGVITYDLPTPPGEK/2
870.98377497,2,800.014,1.2515593,LASIVEQVSVLQNQGR/2
916.95982813,2,800.014,1.24734997,LQEELSQAESTIDELK/2
427.90056265,3,800.014,0.86289274,ISMPDLDLHLK/3
839.94920386,2,800.758,1.26327003,SVTLGYLFSQGHLTR/2
834.90940994,2,801.501,1.23655876,EGAFSNFPISEETIK/2
877.46161269,2,801.501,1.22651017,GPVFAPPYEPLPENVK/2
831.40449175,2,801.501,1.24331679,WLLLNDPEDTSSGSK/2
835.40409783,2,801.501,1.24982301,EVWYFGLHYVDNK/2
762.95904024,2,801.501,1.23619822,ILIVGGGVAGLASAGAAK/2
761.93503381,2,802.245,1.24216117,DILVEVNHPFIVK/2
818.94886945,2,802.988,1.23400418,GVNLPGAAVDLPAVSEK/2
719.02704731,3,803.732,0.87517167,AYTNFDAERDALNIETAIK/3
548.26176473,3,804.476,0.86514608,DPVQEAWAEDVDLR/3
864.93883609,2,804.476,1.24305471,AGGFVVGYTSSGNPIFR/2
474.28188338,3,804.476,0.85977973,YAPLHLVPLIER/3
821.88900886,2,805.22,1.23582135,DPVQEAWAEDVDLR/2
464.94515978,3,805.22,0.86692825,LGIEGLSLHNVLK/3
651.0264305,3,805.22,0.88051738,LTHYDHVLIELTQAGLK/3
814.4034375,2,805.22,1.22812834,TTMVTSFTNEDLLR/2
875.94358709,2,805.964,1.25139114,TFSVWYVPEVTGTHK/2
584.29815022,3,805.964,0.87742257,TFSVWYVPEVTGTHK/3
656.33006723,3,805.964,0.87956367,ETLVYLTHLDYVDTER/3
838.9175693,2,805.964,1.2414963,NEGNIFPNPEATFVK/2
488.52164199,4,805.964,0.74656177,LTHYDHVLIELTQAGLK/4
753.87705561,2,806.707,1.23228842,TVQSLEIDLDSMR/2
868.44669092,2,806.707,1.25439086,LGNTISSLFGGGTTPDAK/2
883.97541857,2,807.45,1.23039272,APLNVQFNSPLPGDAVK/2
831.44649402,2,807.45,1.24538168,GIYQSLEGAVQAGQLK/2
910.44962757,2,807.45,1.24418289,EALELTDTGLLSGSEER/2
720.8649053,2,807.45,1.21480001,EMMLVTSGAVAFGK/2
791.94358715,2,808.937,1.24302403,ILAQVVGDVDTSLPR/2
490.24796236,3,808.937,0.86945451,FYTLIPHDFGMK/3
885.92030897,2,809.681,1.231772,APVPTGEVYFADSFDR/2
463.28177193,3,809.681,0.87279744,LLLDIPLQTPHK/3
718.87137934,2,810.424,1.22157222,WMIQYNNLNLK/2
902.45485031,2,810.424,1.2420127,TLPGSDWTPNAQFITR/2
904.95488013,2,810.424,1.24781644,VQSGSESVIQEYVDLR/2
681.35287185,3,810.424,0.88785622,DLEGENIEIVFAKPPDQK/3
837.42998666,2,811.168,1.22914032,TPMENIGLQDSLLSR/2
467.25047177,3,811.168,0.85572442,KPGGFDISLFYR/3
942.47290569,2,811.168,1.24145146,SSTPPGESYFGVSSLQLK/2
867.42268449,2,811.912,1.23576062,IEFEGQPVDFVDPNK/2
813.92793707,2,811.912,1.24147839,GFQQISFVNSIATSK/2
917.47270869,2,811.912,1.24575418,DGPNALTPPPTTPEWIK/2
835.92084034,2,811.912,1.24523995,NGDGVVDIGELQEGLR/2
831.45907007,2,811.912,1.23493252,IYLAIESANELAVQK/2
936.99073426,2,812.656,1.23192772,LPPGEYVVVPSTFEPNK/2
886.9221914,2,813.399,1.24652341,STLQTMESDIYTEVR/2
713.36664974,2,814.143,1.23408048,YISPDQLADLYK/2
626.69004126,3,814.143,0.87832822,ALVSHNGSLINVGSLLQR/3
907.45197323,2,814.143,1.24424561,AGTGENAPWVVEDELVK/2
899.42575856,2,814.143,1.2429064,YIQPWESEFIDSQR/2
790.37500605,2,814.143,1.23125159,FNYGFEYLGVQDK/2
678.35650485,3,814.887,0.87408666,FTASAGIQVVGDDLTVTNPK/3
890.44160552,2,815.63,1.25196077,GADFLVTEVENGGSLGSK/2
883.98598325,2,815.63,1.24230959,VSVNGAVVLEEPVGELR/2
728.92212343,2,815.63,1.23819883,ILAQATSDLVNAIK/2
917.95012909,2,815.63,1.24591317,QTNLENLDQAFSVAER/2
596.98786431,3,815.63,0.86523834,VQGGALEDSQLVAGVAFK/3
780.38145087,2,816.373,1.23860604,ALDIAENEMPGLMR/2
855.43324918,2,816.373,1.23479025,VDIDVPDVNLEAPEGK/2
569.9798756,3,816.373,0.87501674,WVPLQIDMKPEVPR/3
824.87249312,2,817.117,1.23483789,FGYVDFESAEDLEK/2
909.99275406,2,817.117,1.26021557,ILGSGISSSSVLHGMVFK/2
894.97815823,2,817.117,1.24202668,VQGGALEDSQLVAGVAFK/2
798.36652068,2,817.117,1.23509202,TEDSLMPEEEFLR/2
989.4878954,2,817.117,1.24787048,TEPTEDSGISLEMAAVTVK/2
748.38623942,2,817.117,1.24394283,AAFALGGLGSGFASNR/2
543.95935748,3,817.86,0.8505587,HELLQPFNVLYEK/3
919.48634743,2,817.86,1.2389123,VQANLGAPDINIEGLDAK/2
606.99759486,3,817.86,0.882742,ILGSGISSSSVLHGMVFK/3
727.38791649,2,817.86,1.24103755,LDYLGVSYGLTPR/2
815.43539799,2,818.604,1.21766923,HELLQPFNVLYEK/2
871.43378054,2,818.604,1.24457099,ELDALDANDELTPLGR/2
826.95395481,2,818.604,1.23565315,LNPADAPNPVVFVATK/2
776.44068027,2,819.347,1.22993718,VAAPDVVVPTLDTVR/2
596.96164953,3,819.347,0.87240295,WGEEHIPGSPFHVTVP/3
791.88214097,2,819.347,1.22045801,NPEQVDLYQFMAK/2
473.58574299,3,819.347,0.84958693,LHSFLGDDVFLR/3
935.48687879,2,820.091,1.24081378,ANLQIDQINTDLNLER/2
837.93288507,2,821.578,1.23574214,LQLDSPEDAEFIVAK/2
829.44015737,2,822.321,1.23305308,QVQAEVPGSPIFVMR/2
776.86923056,2,822.321,1.22898324,DYVIEDDVNMAIR/2
797.94358715,2,822.321,1.23428272,IPSIVSSPLNSPLDR/2
488.59289756,3,823.066,0.85593538,RVDIIPGFEFDR/3
938.48855577,2,823.066,1.24064177,LYIGNLNESVTPADLEK/2
465.27690944,3,823.066,0.875729,EAITHLLGVALTR/3
955.46253798,2,823.809,1.24521065,EGPYSISVLYGDEEVPR/2
894.42796689,2,823.809,1.24090761,VYEIQDIYENSWTK/2
769.84647535,2,823.809,1.2450877,DDEEADAIYAALDK/2
867.45312739,2,823.809,1.23979806,LLSAMLVSEGDLTEQK/2
606.2727752,3,823.809,0.88608776,DGQWFTDWDAVPHSR/3
983.46801729,2,824.553,1.24411861,QSDDEVYAPGLDIESSLK/2
792.92198602,2,824.553,1.23514018,LSELLPEEVEAEVK/2
536.94247792,3,825.296,0.86455471,DREALFNEFVAAAR/3
844.96451953,2,825.296,1.2328483,IEVGLVVGNSQVAFEK/2
831.92400581,2,826.04,1.23058098,AMYLPDTLSPADQLK/2
796.41994487,2,826.04,1.24017205,SINDNIAIFTEVQK/2
754.85219187,2,826.783,1.23084084,DMSPLSETEMALGK/2
854.91416937,2,826.783,1.24357853,VGWSTMQASLDLGTDK/2
558.63672014,3,826.783,0.85429592,ERVDELTTDLEILK/3
726.38690991,3,827.527,0.8916368,ELLLPNWQGSGSHGLTIAQR/3
774.92265478,2,827.527,1.23540892,TGLIDYNQLALTAR/2
610.66846605,3,827.527,0.87695941,ATAAFILANEHNVALFK/3
884.95180611,2,827.527,1.2392187,TVSLLDENNVSSYLSK/2
835.9066703,2,827.527,1.23257312,YNQPFFVTSLPDDK/2
785.08852955,3,829.014,0.89155508,ISGETIFVTAPHEATAGIIGVNR/3
551.2761007,4,829.014,0.75322041,NTHATTHNAYDLEVIDIFK/4
532.6361089,3,829.014,0.8714205,RLDLVHTAALMLDK/3
911.40756579,2,829.014,1.24178255,ASGGLPQFGDEYDFYR/2
439.22867928,3,829.758,0.86457467,ISMPDFDLHLK/3
442.56892443,3,829.758,0.85723229,IPMPDFDLHLK/3
998.98911689,2,830.501,1.25402704,ELTTEIDNNIEQISSYK/2
601.61302035,3,831.245,0.87744754,DEAGHFLWPGFGENAR/3
798.36526944,2,831.245,1.24544429,VFITDDFHDMMPK/2
419.22538063,3,831.245,0.8682191,WMALESILHR/3
767.39138437,2,831.245,1.25236406,DTSATTALELVAGER/2
958.98925428,2,831.245,1.24330583,EQGVTFPSGDIQEQLIR/2
554.98568367,3,831.989,0.8663124,IAPVHIDSEAISALVK/3
960.98872295,2,832.732,1.23829691,FFLQDPQSQELDVQVK/2
705.68948959,3,833.475,0.89080906,ETLLNGVGYLHEGLSPMER/3
859.44140854,2,833.475,1.24351127,SATDADVVNSGWLVVGK/2
840.90446201,2,833.475,1.24451289,FWQIYIEGQDEPR/2
960.94639477,2,833.475,1.24119526,ASLLTDEEDVDMALDQR/2
782.41687088,2,834.219,1.23621352,EEYAVLISEAQAIK/2
532.57927178,3,834.219,0.87194022,VFITDDFHDMMPK/3
893.43632323,2,834.219,1.25799877,SGQSALYDALFSSQSPK/2
596.30872055,3,834.965,0.88340563,VIAALLQTMEDQGNQR/3
607.97697087,3,835.709,0.86761041,RFDEILEASDGIMVAR/3
893.9594426,2,835.709,1.26196145,VIAALLQTMEDQGNQR/2
809.87282748,2,836.452,1.22995991,DQFGFINYEVGDSK/2
887.93563314,2,836.452,1.23961607,SNQQLENDLNLMDIK/2
723.66718474,3,836.452,0.87706924,LLTETEDWLYEEGEDQAK/3
938.96237079,2,837.196,1.23825292,GDLETLQPGDDVEFTIK/2
774.41053424,2,837.196,1.23041347,MTLVEEGFNPAVIK/2
879.93457043,2,837.196,1.2357536,LWVPDEEVSPETMVK/2
779.36463833,2,837.196,1.2263749,AALEYLGSFDHYAT/2
518.27283622,3,837.196,0.86835891,DDMIHQLPLLTEK/3
735.05504876,3,837.939,0.89117468,NAALNTIVTVYNVHGDQVFK/3
958.45163895,2,838.683,1.23792275,FYPLEIDYGQDEEAVK/2
813.4359293,2,838.683,1.22819835,QSLIDWNNPAIINK/2
909.92592575,2,838.683,1.24580661,YWGEIISQQYNFDR/2
840.420773,2,839.427,1.241716,VINQILTEMDGMSTK/2
664.00580648,3,839.427,0.88513558,WQVVDTPGILDHPLEDR/3
892.4394971,2,839.427,1.24423203,MAAQIIGNMYSLTDQK/2
594.00032721,3,840.17,0.88561251,WTTLNSLQLHGLQLR/3
804.41245416,2,840.17,1.24113102,GFQEVVTPNIFNSR/2
855.93850176,2,840.17,1.24053718,SDQSYVISFVVPNQK/2
818.92011204,2,840.17,1.24291773,LVPTGLDFGQEGFTR/2
773.41889064,2,840.17,1.22567391,NLIESMQINGSVLK/2
890.49685258,2,840.915,1.26318338,WTTLNSLQLHGLQLR/2
518.62771927,3,840.915,0.87611587,GAPVGGHILSYLLEK/3
570.96142666,3,840.915,0.86844584,SDQSYVISFVVPNQK/3
743.8986483,2,841.659,1.2358321,EGPAVVGQFIQDVK/2
976.00163334,2,841.659,1.25964738,GYIFLEYASPAHAVDAVK/2
742.02828237,3,842.403,0.86679498,GRPITMFIPSDVDNYDDIR/3
651.00351438,3,843.146,0.88007532,GYIFLEYASPAHAVDAVK/3
633.66708028,3,843.146,0.86847988,YLILPVHSNIPMMDQK/3
837.4226845,2,843.889,1.23691809,SLDIQVPNFPADETK/2
468.92973263,3,843.889,0.8795922,LQWDLGLGHLPR/3
875.98290926,2,843.889,1.24741412,VTLSFPSTLQTGTGTLK/2
734.38316541,2,844.633,1.23600466,GTQGVVTNFEIFR/2
844.89870787,2,844.633,1.24472061,LETSEFFELTSEEK/2
644.33493529,3,845.377,0.87411276,GIEILTDMSRPVELSDR/3
936.50166311,2,845.377,1.25040505,TSSAETPTIPLGSAVEAIK/2
807.95870589,2,845.377,1.23041964,YVLVAGITPTPLGEGK/2
888.42595544,2,845.377,1.24111239,DDPVTNLNNAFEVAEK/2
863.39868651,2,845.377,1.2443721,YQEELNFDNPLGMR/2
518.62771929,3,846.12,0.87237107,IPLLYDAEIHLTR/3
709.70536258,3,846.12,0.89151813,LYPNMTAVLLHNTQLDQR/3
790.9301454,2,846.12,1.23834194,GIEFTTASTLSLVNK/2
486.93063333,3,846.864,0.87921445,DTLSIHYLMLPR/3
861.49906092,2,846.864,1.25678141,LVLSDLHLLTQSQVR/2
879.47030343,2,846.864,1.23501783,QFGAQANVIGPWIQTK/2
729.89231177,2,846.864,1.24756746,DTLSIHYLMLPR/2
921.43493462,2,847.608,1.23291526,EEFAIMQTPAGELYDK/2
780.90053071,2,847.608,1.21888471,SPQISMSDIDLNLK/2
767.41158849,2,848.351,1.22344941,SPFSVAVSPSLDLSK/2
742.38758215,2,848.351,1.21917285,ELVLALYDYQEK/2
859.88815155,2,848.351,1.2554464,DTENAIENMVGPDWK/2
954.48515576,2,849.095,1.2432963,TIGTGLVTNTLAMTEEEK/2
762.40323216,2,849.095,1.23091137,LVSEFPYIEAEVK/2
924.90314133,2,849.095,1.24376277,GEDEEMADPMEDVIIR/2
867.93817581,2,849.838,1.24774355,TESAVSQMQSVIELGR/2
820.40343756,2,849.838,1.24755971,MDVAQSELDIYLSR/2
545.96070397,3,849.838,0.86414644,NVHLAPGWLMQLEK/3
932.43272623,2,849.838,1.2619424,DEPSVAAMVYPFTGDHK/2
889.91522358,2,849.838,1.24636243,EPSLATWEATWSEGSK/2
585.61257458,3,849.838,0.87004198,LVSFHDDSDEDLLHI/3
696.70060596,3,850.582,0.8905212,EAEAAIYHLQLFEELRR/3
794.71312836,3,850.582,0.89082955,LSIFDANESGFESYEALPQHK/3
818.43741773,2,850.582,1.23775801,NVHLAPGWLMQLEK/2
632.64623336,3,850.582,0.87096915,GLMELHMVLPAPDTDEK/3
796.92688283,2,851.326,1.26214453,NEVDMQVLHLLGPK/2
778.39287285,2,851.326,1.23706295,ISVYSIMGGSTDGLR/2
808.42163027,2,852.069,1.23289294,AILVDLEPGTMDSVR/2
531.62034738,3,852.069,0.88199234,NEVDMQVLHLLGPK/3
827.92707977,2,852.069,1.23056469,EEPVTADVINPMALR/2
753.95375793,2,852.813,1.25175365,TAVISIGNQLLHLK/2
689.34186694,3,853.557,0.87548414,VTTMDAELEFAIQPNTTGK/3
976.47142565,2,853.557,1.25624106,SSLSSAQADFNQLAELDR/2
846.90020474,2,853.557,1.23373465,QQEMMAALTDAIQDK/2
892.43219498,2,854.3,1.2539469,YGIVDYMIEQSGPPSK/2
595.29055548,3,854.3,0.87573284,YGIVDYMIEQSGPPSK/3
827.9415758,2,854.3,1.23917938,NPDSITNQIALLEAR/2
718.04767131,3,855.044,0.87640948,AAYPDLENPPLLVTPSQQAK/3
872.46742636,2,855.787,1.23357765,DQSAVVVQGLPEGVAFK/2
913.48139943,2,855.787,1.24910127,APGEQTVPALNLQNAFR/2
514.95242581,3,855.787,0.86481182,LGFHLPLEVAYQR/3
771.95870592,2,856.531,1.24119494,ITSEALLVTQQLVK/2
644.0197217,3,856.531,0.87398583,ALLHVWAGGPWPQGATLR/3
771.92500049,2,856.531,1.23145306,LGFHLPLEVAYQR/2
504.28518762,3,856.531,0.87775479,TNIAMLTVLHEIR/3
525.9728325,3,856.531,0.87335091,LPTGINPLTLHIMR/3
819.42638131,2,857.275,1.22746148,MIVVLGEIGGTEEYK/2
804.41413961,2,857.275,1.24151677,YNVLGAETVLNQMR/2
998.48261304,2,857.275,1.24138188,DMDEPSPVPNVEEVTLPK/2
798.95141217,2,857.275,1.23651625,SPISVPGGSALISNLGK/2
462.91280258,3,858.018,0.85407059,IMHFPTWVDLK/3
707.02330285,3,858.018,0.89201478,SLAYLTAATHGLDEEAESLK/3
507.27781013,3,858.018,0.85478289,KQPALDVLYDVMK/3
765.72649192,3,858.762,0.87519029,STVLTPMFVETQASQGTLQTR/3
849.93850178,2,858.762,1.23524657,EIISFGSGYGGNSLLGK/2
723.88468366,2,859.505,1.23774482,SDIGEVILVGGMTR/2
647.67031237,3,859.505,0.88945295,VTEGLVDVILYHQPDDK/3
802.41994489,2,859.505,1.24102851,DGTAGIPNLQLYDVK/2
826.4093802,2,859.505,1.23461375,AELNPWPEYIYTR/2
761.92740577,2,859.505,1.22856588,LLVVGITDPDPDIR/2
971.00183032,2,859.505,1.2721895,VTEGLVDVILYHQPDDK/2
642.99625394,3,859.505,0.8802105,EQLAQAMFDHIPVGVGSK/3
672.34085482,3,859.505,0.89178026,LDEIYVAGLVAHSDLDER/3
832.39254685,2,860.249,1.25255977,AGDMENAENILTVMR/2
537.01910349,4,860.249,0.75832778,DVHNIYGLYVHMATADGLR/4
643.33130229,3,860.249,0.88720867,ISIEMNGTLEDQLSHLK/3
715.6897125,3,860.249,0.8934933,DVHNIYGLYVHMATADGLR/3
983.02563976,2,860.249,1.2533757,HNQLPLVIEFTEQTAPK/2
648.32459346,3,860.992,0.87289265,HTAMVSWGGVSIPNSPFR/3
971.98325196,2,860.992,1.24624663,HTAMVSWGGVSIPNSPFR/2
655.68618533,3,862.479,0.87350656,HNQLPLVIEFTEQTAPK/3
575.64918298,3,862.479,0.88374165,ASVITQVFHVPLEER/3
977.02362839,2,862.479,1.24603542,TPASINATPANINLADLTR/2
888.9560342,2,863.223,1.24928839,MSSSDTPLGTVALLQEK/2
821.43338658,2,863.966,1.2495714,GANVIAGVWLEEAGQK/2
525.96796442,3,863.966,0.87823461,IFSFAHQTISALIK/3
788.06768269,3,863.966,0.8780389,ERDVYEELLTQAEIQGNINK/3
907.38683033,2,864.71,1.25511323,DDDYAGFVFGYQSSSR/2
587.00859977,3,865.454,0.88152009,EPPLSLTIHLTSPVVR/3
808.89745666,2,865.454,1.23229216,SFYPEEVSSMVLTK/2
880.00926142,2,865.454,1.25355923,EPPLSLTIHLTSPVVR/2
724.87958992,2,865.454,1.22465829,ELYLEDSPLELK/2
896.95180612,2,865.454,1.24545159,EELQSQVELLNSFEK/2
567.62492599,3,865.454,0.88997298,DLQGLTVEHAIDSFR/3
862.41030543,2,866.197,1.23711617,DTSFLGSDDIGNIDVR/2
733.05152722,3,866.197,0.89425811,NLVEQHIQDIVVHYTFNK/3
947.94652378,2,866.941,1.24168055,IYADTFGDINYQEFAK/2
608.98277895,3,866.941,0.89171556,SEEPAGQILSHLSSELK/3
864.4805338,2,867.684,1.24660896,SVIEQGGIQTVDQLIK/2
796.9251974,2,867.684,1.23856913,IFVNSNTDVAPFLR/2
763.89779103,2,867.684,1.2206743,APNISMPDVDLNLK/2
799.91429842,2,867.684,1.22691298,ETYPNYLPLYVAR/2
593.34012654,3,868.428,0.86301782,EIRPALELLEPIEQK/3
786.41941358,2,868.428,1.23748991,LYLVSDVLYNSSAK/2
884.42710959,2,869.172,1.24565765,LAALASDFSEDMLQEK/2
814.42757294,2,869.172,1.24200206,FLGSGGFIGYAPNLSK/2
836.92572872,2,869.915,1.24543196,NFINNPLAQADWAAK/2
771.91737242,2,869.915,1.23034738,EQLWLANEGLITR/2
510.27679798,3,869.915,0.87067659,DPILFPSFIHSQK/3
481.58948746,3,869.915,0.87835598,ENYVWNVLLHR/3
680.01240383,3,870.658,0.86957718,IQEIIEQLDVTTSEYEK/3
764.91155873,2,870.658,1.24262371,DPILFPSFIHSQK/2
589.9906632,3,870.658,0.88794524,VLEQLIVAHFPMQSR/3
884.48235657,2,871.402,1.26585682,VLEQLIVAHFPMQSR/2
819.87504422,2,871.402,1.25193984,DPFDTLATMTDQQR/2
857.39868649,2,872.146,1.2476687,WTSQDSLLGMEFSGR/2
927.00998968,2,872.146,1.25313547,TVNELQNLTAAEVVVPR/2
618.34241861,3,872.146,0.87732843,TVNELQNLTAAEVVVPR/3
732.37568209,3,872.889,0.87990893,VGEQAQVVIIDMNDPSNPIR/3
605.62851972,3,872.889,0.88713987,DGGLQNMELHGMIMLR/3
498.29971408,3,872.889,0.87016235,AVAEQIPLLVQGVR/3
617.00748174,3,872.889,0.87313547,APHNGFLSLVGGGLGPVTR/3
812.44428565,2,873.633,1.25355918,GNENANGAPAITLLIR/2
815.93863916,2,874.376,1.24044757,LPGGVQNFPQFSALR/2
780.92760273,2,875.12,1.23818998,ELLLSAIDSVNATSK/2
806.40135815,2,875.12,1.23568693,NYPATFWVNPQFK/2
491.9210142,3,875.12,0.88043868,EWTDGLFTHVLR/3
520.93281397,3,875.12,0.88219849,DITLFHAMDTLQR/3
585.29339924,3,875.12,0.87054063,HWEEILQQSLWER/3
737.37788307,2,875.12,1.25345737,EWTDGLFTHVLR/2
874.41231678,2,875.12,1.24541059,AAFFVTLDETEEGYR/2
637.34253008,3,875.863,0.89150451,EAIDSPVSFLALHNQIR/3
747.39593849,2,875.863,1.24198921,DTLQSELVGQLYK/2
959.02002309,2,876.607,1.24990244,GSYGDLGGPIITTQVTIPK/2
573.66991844,3,876.607,0.88072421,LLQVASPFLEPHLVR/3
926.46541502,2,876.607,1.25406576,LVSASYDGTAQVWDALR/2
592.56965481,4,877.35,0.7666577,FENAFLSHVVSQHQALLGTIR/4
789.75711426,3,877.35,0.90455315,FENAFLSHVVSQHQALLGTIR/3
709.34427051,3,877.35,0.89072536,NMDPLNDNIATLLHQSSDK/3
860.00123943,2,877.35,1.25558144,LLQVASPFLEPHLVR/2
639.68244088,3,877.35,0.87317825,GSYGDLGGPIITTQVTIPK/3
817.89577965,2,878.094,1.24309874,ASEWVQQVSGLMDGK/2
783.94612983,2,878.838,1.23301665,APVPASELLASGVLSR/2
590.66142295,3,878.838,0.87524399,DVVEPLLRPQWYVR/3
559.29234215,3,878.838,0.8718263,IEPVFHVMGFSVTGR/3
617.34253008,3,879.581,0.89176879,AGLGSGLSLSGLVHPELSR/3
568.96785857,3,879.581,0.86578963,SHYVLYGLVAAMQPR/3
499.2696434,3,880.324,0.87225797,IFLFDTQHFISK/3
902.97561556,2,881.068,1.2491454,AAVPSGASTGIYEALELR/2
781.42229059,2,881.068,1.24170019,VLFASQEIPASPFR/2
811.97181324,2,881.811,1.23098245,VVVQVLAEEPEAVLK/2
602.31950253,3,881.811,0.87434843,AAVPSGASTGIYEALELR/3
761.90359633,2,881.811,1.22734554,SDVEINYSLIEIK/2
607.01938735,3,881.811,0.86886755,VPTLAVPAISLPDDVRR/3
808.93183082,2,882.555,1.22592445,QMTDVLLTPATDALK/2
513.30820957,3,882.555,0.87119751,LVLIGSNHSLPFLK/3
516.00488775,4,882.555,0.76071344,HYLDFINHYANLFHEK/4
833.41126255,2,883.299,1.24436378,FDEILEASDGIMVAR/2
568.62593815,3,884.042,0.87293801,TQEQLALEMAELTAR/3
555.94326719,3,884.042,0.87054894,FDEILEASDGIMVAR/3
808.41275103,2,884.042,1.23435331,IMGIPEEEQMGLLR/2
981.46293191,2,884.042,1.25232657,TQLEELEDELQATEDAK/2
863.95214046,2,884.786,1.25250501,DGSIDLVINLPNNNTK/2
852.435269,2,884.786,1.24894895,TQEQLALEMAELTAR/2
872.45979832,2,884.786,1.24205347,EATGVLLSIDGEDGIVR/2
737.43740934,2,884.786,1.22843695,VNYVVQEAIVVIK/2
736.35897497,3,884.786,0.88901806,GMFLISAAPPEMYEVHTASR/3
848.43866897,2,884.786,1.24119355,SPGLYFLTAGDQGTLR/2
856.93744754,2,886.273,1.23071234,GEIVIGGQNISMGYFK/2
694.654623,3,886.273,0.8836815,AVPMIEGYMFEEHEMIR/3
874.92813402,2,887.016,1.24391284,VLQLTSWDEDAWASK/2
927.9563686,2,887.016,1.24017981,DPYTGQQISLFQAMQK/2
683.00921657,3,887.76,0.88369839,VDIDVPDVDVQGPDWHLK/3
683.00816517,3,887.76,0.8901452,DVLDVYIEHRLMMEQR/3
827.90327033,2,887.76,1.24258776,SYESQIEVMAAEVAK/2
635.66701372,3,887.76,0.88964574,LTQLGTFEDHFLSLQR/3
880.44669093,2,887.76,1.24261775,QGFDLNVPGGEIDASLK/2
916.48802442,2,887.76,1.24583162,LESLSAATTFEPLEPVK/2
618.97333789,3,887.76,0.86617259,DPYTGQQISLFQAMQK/3
983.97495522,2,888.504,1.25124597,VLNNMEIGTSLFDEEGAK/2
689.40378943,3,888.504,0.87823749,LTSADALRPSVVSITGPLIR/3
714.00028088,3,889.247,0.88134793,DPTVHDDVLELEMDELNR/3
752.41192294,2,889.247,1.24345528,LYDNLLEQNLIR/2
656.3190623,3,889.247,0.87304276,VLNNMEIGTSLFDEEGAK/3
830.8748472,2,889.247,1.24082135,NGEFFMSPNDFVTR/2
491.26612746,3,889.247,0.87571879,QGYNMLNLLIHR/3
792.44490841,2,889.991,1.24178748,ASTNAMLISAGLPPLK/2
571.65248167,3,889.991,0.85681552,ERLDPETLESLGLIK/3
891.97086456,2,890.734,1.26655198,DLDQASLAAVSQQLAPR/2
614.67550922,3,891.478,0.87359318,TLGHNLLVSELYNQLK/3
829.43252936,2,891.478,1.24383464,DIILGMEISAPSQQR/2
867.45144196,2,891.478,1.24345492,NQEIVIEISFETSPK/2
720.36617446,3,891.478,0.89111671,ELQNTVSQLLESEGWNRR/3
831.92030901,2,891.478,1.25336592,NQEQLAAELAEFTAK/2
578.97138012,3,892.222,0.88745023,ALVTGYFMQVAHLER/3
827.9597686,2,892.222,1.25087964,LDLQQGQNLLQGLSK/2
910.91826006,2,892.222,1.23727268,EVEGDDVPESIMLEMK/2
871.96485391,2,892.222,1.24422713,INSAPQQIEVFPPFR/2
829.4232159,2,892.222,1.25868657,ELDDISQEIAQLQR/2
835.95160914,2,892.965,1.24868912,VADNLAIQLAAVTEDK/2
741.36606298,3,892.965,0.89389044,VDGAEWGVDLPSVEAQLGSHR/3
848.40204893,2,892.965,1.23714517,MIDAGDALIYMEPEK/2
742.88194408,2,893.709,1.23236497,ALQLLQMYYEGR/2
818.96581104,2,893.709,1.25737211,LFPLIQAMHPTLAGK/2
731.91122442,2,894.452,1.22515767,IYVDDGLISLQVK/2
860.42024169,2,894.452,1.23982281,LMDGEEPLPMLPSYK/2
782.89630262,2,894.452,1.24598424,YTLNVLEDLGDGQK/2
738.88266391,2,894.452,1.22898744,DIINEEEVQFLK/2
802.89250868,2,894.452,1.2383706,SGGFQSMGLSYPVFK/2
804.88996597,2,895.939,1.23079632,YNFPVEVEVPMER/2
917.97796128,2,895.939,1.24326063,IIQQAGQVWFPDSAFK/2
924.49109844,2,895.939,1.24099276,VLTLVSQIDVNNEFEK/2
654.68959548,3,895.939,0.86721663,FIQLLSDQSDQSVLIQK/3
751.41667387,2,896.683,1.22374301,SPFTVGVAAPLDLSK/2
981.53075499,2,896.683,1.24292296,FIQLLSDQSDQSVLIQK/2
879.43694598,2,896.683,1.242165,LASEYLTPEEMVTFK/2
800.45686169,2,897.427,1.24911137,NLTALGLNLVASGGTAK/2
575.33660495,3,897.427,0.87731102,VPSVSSSALVSSLHLLK/3
778.91756937,2,897.427,1.23372871,QDVIITALDNVEAR/2
981.00437297,2,897.427,1.25378959,IISAASEGGANVFTVSYFK/2
881.96471658,2,898.171,1.23937887,LLVLYSGEDDELLQR/2
918.94672071,2,898.171,1.25042156,DSEEPFSSVEIQAALSK/2
683.67405681,3,898.171,0.88639278,VSVPSNLSYGEWLHGFEK/3
527.28372876,4,898.914,0.75984895,HVFWGSGSHTLPALLENLK/4
702.70921286,3,899.658,0.89013774,HVFWGSGSHTLPALLENLK/3
763.41509672,2,899.658,1.22977524,MSQVPAPVPLMSLR/2
626.64750771,3,899.658,0.86587552,EFLPEGQDIGAFVAEQK/3
939.46762334,2,899.658,1.23788204,EFLPEGQDIGAFVAEQK/2
629.6667908,3,899.658,0.88229571,IELFVGGELIDPADDRK/3
770.94031619,2,899.658,1.23824132,FIQPNIGELPTALK/2
546.31296618,3,900.401,0.8789042,LFPLIQAMHPTLAGK/3
956.50147457,2,900.401,1.28423726,IIEVVDAIMTTAQSHQR/2
813.45907005,2,900.401,1.23275447,ALIPLALEGTDVGQTK/2
454.57992935,3,900.401,0.84806821,YRPLFDYFLK/3
638.00340854,3,901.145,0.90067732,IIEVVDAIMTTAQSHQR/3
784.90138794,2,902.632,1.23391946,ENGAFTVLVDNYVK/2
557.27694341,4,902.632,0.76634732,LSYLEEAVMHLDHSDPITR/4
723.71105919,3,902.632,0.87077427,LHDINAQLVEDQGFLDTLK/3
516.91385962,3,902.632,0.87504097,EWYGWHFPELGK/3
848.92011201,2,903.376,1.23781306,NSSYFVEWIPNNVK/2
566.28250016,3,903.376,0.86621934,NSSYFVEWIPNNVK/3
569.6610886,3,903.376,0.86787603,IAPVHIDTESISALIK/3
751.44048336,2,903.376,1.23689215,VNYVVQEAIVVIR/2
789.40770491,3,903.376,0.89107004,EAIVTSEELGQDLEHVEVLQK/3
796.91958068,2,903.376,1.24000163,VTPNEGLTVSFPFGK/2
501.29608106,3,903.376,0.86700508,VNYVVQEAIVVIR/3
814.40376346,2,904.12,1.2416966,VEGFPTIYFAPSGDK/2
864.46795774,2,904.12,1.24822242,NALLQLTDSQIADVAR/2
828.42997822,2,904.12,1.24457551,FYEGVVELSLTAAEK/2
611.97584728,3,904.863,0.8911698,ILFIFIDSDHTDNQR/3
960.03908152,2,905.607,1.26807687,ISSIQSIVPALEIANAHR/2
499.26455803,3,905.607,0.87777657,VSDILHSIFSSYK/3
748.39319881,2,905.607,1.25417331,VSDILHSIFSSYK/2
640.36181317,3,906.35,0.88994005,ISSIQSIVPALEIANAHR/3
668.01022875,3,906.35,0.87528617,IPEISIQDMTAQVTSPSGK/3
781.8961056,2,906.35,1.2404836,ETIIAFAWEPNGSK/2
900.4640264,2,906.35,1.2559925,SLEEGEGPIAVIMTPTR/2
614.01441343,3,906.35,0.8815025,ILDVASLEVLNEVNRR/3
709.41935399,2,906.35,1.25115314,WLPLGLGLNHLGK/2
473.28199482,3,906.35,0.87651276,WLPLGLGLNHLGK/3
785.90720166,2,907.837,1.24456317,DDGTGQLLLPLSDAR/2
877.47217739,2,908.581,1.23979892,EEEVTGPVIAPLFPQK/2
956.05112625,2,908.581,1.24154829,VLQALGSEPIQYAVPVVK/2
848.41159685,2,908.581,1.25058988,DVTNFTVGGFAPMSPR/2
554.28579885,3,908.581,0.87799843,TESDDLHTFLLEIK/3
689.34561142,3,908.581,0.88839081,IVGELEQMVSEDVPLDHR/3
796.43318966,2,909.324,1.24701112,WFTLSSGQGQVLLR/2
569.95823947,3,909.324,0.88403376,AQLADSFHLQQFFR/3
432.606367,3,909.324,0.86136241,LAAVALINAAIQK/3
895.94959779,2,909.324,1.24687052,NDLGVGYLLIGDNDNAK/2
698.33845683,3,909.324,0.88518431,MDIDVPDVEVQGPDWHLK/3
794.37553734,2,909.324,1.23811536,QDTFSGTGFFPLDR/2
928.46095237,2,909.324,1.23969602,EVMVLNATESFVYEPK/2
973.97273849,2,910.068,1.2436764,YVLEPEISFTSDNSFAK/2
699.71240007,3,911.556,0.88985145,LALVTGGEIASTFDHPELVK/3
830.45293046,2,911.556,1.22883833,QLLSNELLLTQMEK/2
904.43344617,2,911.556,1.24218507,QLDDEEVSEFALDGLK/2
681.02112221,3,911.556,0.88486154,LGGSLADSYLDEGFLLDKK/3
797.36900382,2,912.299,1.2366326,WYQMGAYQPFFR/2
857.95583723,2,912.299,1.2408311,IMLNTPEDVQALVSGK/2
740.89898269,2,912.299,1.24816358,NPGFEIIHGLLDR/2
732.40390094,2,912.299,1.24106188,LQLNYLGNYIPR/2
953.95708846,2,912.299,1.244281,YYLQDGDLDVVFASSSK/2
695.01296106,3,913.043,0.88054299,HVINFDLPSDIEEYVHR/3
892.4597012,2,913.043,1.23362142,VMYTPMAPGNYLISVK/2
590.33671641,3,913.043,0.87225785,ALESPERPFLAILGGAK/3
494.26841395,3,913.043,0.87473367,NPGFEIIHGLLDR/3
885.00143638,2,913.043,1.25236571,ALESPERPFLAILGGAK/2
585.68534561,3,913.787,0.86502236,DPLPPLDPQAIKPILK/3
541.97366663,3,914.53,0.87849908,LAGTQPLEVLEAVQR/3
812.45686172,2,915.273,1.25585473,LAGTQPLEVLEAVQR/2
831.93355379,2,915.273,1.24402807,VWQLQDLSFQTAAR/2
939.9276111,2,915.273,1.25257455,FFQPTEMASQDFFQR/2
756.94285884,2,916.017,1.22660968,GQVPPLVTTNFLVK/2
586.64292913,3,916.017,0.87251892,LMNETTAVALAYGIYK/3
603.65756706,3,916.761,0.86222456,HSQFIGYPITLYLEK/3
904.98271236,2,916.761,1.23505416,HSQFIGYPITLYLEK/2
879.46075546,2,916.761,1.25088165,LMNETTAVALAYGIYK/2
796.93014538,2,916.761,1.23373165,GITGVDLFGTTDAVVK/2
784.9301454,2,916.761,1.24520021,DLANIAEVEVSIPAK/2
771.92994846,2,917.504,1.23721077,LLDAVDTYIPVPAR/2
668.64025288,3,918.991,0.88657784,SNMDNMFESYINNLRR/3
886.97182166,2,918.991,1.24133053,VPLQGFAALEGMNGIQK/2
750.40683751,2,918.991,1.25227758,SLLGEVEQNLQAAK/2
888.46996901,2,918.991,1.24425087,TSGVPSGFNFTAPPVLGK/2
963.47818801,2,919.735,1.24687307,WVTTASLLDYDTVAGADK/2
758.86955653,2,919.735,1.23077596,EYQDAFLFNELK/2
580.99429061,3,920.478,0.87257214,LFLFHTSLPIAEAPGK/3
978.99040833,2,920.478,1.24522447,DAATIMQPYFTSNGLVTK/2
662.67663279,3,920.478,0.87441104,EMLFEGGPRPWILEPSK/3
732.40211415,3,920.478,0.8763086,LGAASLGAEDPETQVVLINAVK/3
902.96505089,2,921.222,1.23783671,QEIFQEQLAAVPEFR/2
947.46676614,2,921.965,1.24348647,MQQQLDEYQELLDIK/2
908.95224032,2,921.965,1.24172844,LMNDMTAVALNYGIYK/2
941.98089791,2,921.965,1.23878083,EQNIVFNAETYSNLIK/2
783.4313507,3,921.965,0.89654323,ISQMPVILTPLHFDRDPLQK/3
631.98026958,3,922.709,0.86651774,MQQQLDEYQELLDIK/3
587.82533214,4,922.709,0.76357117,ISQMPVILTPLHFDRDPLQK/4
721.37735179,2,923.452,1.2329097,YGLFPANYVELR/2
764.92774016,2,924.196,1.23079992,DPVQLNLLYVQAR/2
782.90561609,2,924.196,1.23648457,AYVEANQMLGDLIK/2
876.94378412,2,924.196,1.2421046,SQVVFSAEELIYPDR/2
819.44288867,2,924.196,1.22297419,EPVYLSGYGVELAIK/2
870.96567366,2,924.939,1.23700891,VTYTPMAPGSYLISIK/2
990.01134076,2,924.939,1.24330238,TLTTMAPYLSTEDVPLAR/2
580.97954126,3,924.939,0.86527493,VTYTPMAPGSYLISIK/3
775.94867255,2,925.683,1.24134497,ALIAGGGAPEIELALR/2
601.98691873,3,925.683,0.87518729,YVIWSADMSHVALLAK/3
858.93615603,2,927.17,1.25117936,QDLEAEVSQLTGEVAK/2
739.02817093,3,927.914,0.88095578,DLYANTVLSGGTTMYPGIADR/3
554.52294731,4,927.914,0.75000956,DLYANTVLSGGTTMYPGIADR/4
745.36561718,3,928.657,0.89362917,SSTAISSIAADGEFLHELEEK/3
825.94051312,2,928.657,1.24204176,VSEYVPEIVNFVQK/2
962.45979831,2,929.401,1.24224327,SFITTDVNPYYDSFVR/2
834.45378774,2,929.401,1.23377752,AVVYVSDIQELYIR/2
550.96276757,3,929.401,0.86878213,VSEYVPEIVNFVQK/3
664.3421957,3,930.888,0.87289856,FVDHVFDEQVIDSLTVK/3
758.9221234,2,930.888,1.23074887,EAFAIVSVPVSEIR/2
816.84839801,2,931.631,1.22510891,MQYSMEYFQFMK/2
727.3855185,3,932.375,0.8812108,SVLLLAYKPMEGNFEEIAR/3
764.92380886,2,933.862,1.23735995,LLTGELLPTDGMIR/2
728.38668703,3,933.862,0.87783935,EPELQQYVPQLQNNTILR/3
864.43166367,2,933.862,1.23121195,NLPIYSEEIVEMYK/2
931.49959216,2,933.862,1.25517393,DAVITVPVFFNQAERR/2
787.77410528,3,934.606,0.9037079,TLAYLLPAIVHINHQPYLER/3
904.96183949,2,934.606,1.24003191,EIGLLSEEVELYGETK/2
947.95382583,2,934.606,1.24284929,GPAFNMASPESDFGINLK/2
946.99621364,2,934.606,1.24412795,SLGETQLVLYGDVEELK/2
784.94708694,2,934.606,1.22075643,IPPPVIMVQNVSFK/2
523.63381678,3,934.606,0.85389144,IPPPVIMVQNVSFK/3
810.39560415,2,935.349,1.22110302,DLLIAYYDVDYEK/2
840.44121166,2,935.349,1.25285812,YLNTNPVGGLLEYAR/2
814.69620394,3,936.093,0.89748622,YEEYDNAIITMMNHPTDAWK/3
598.34375955,3,936.093,0.89021021,LSEIPLTLHSVSELVR/3
845.43833458,2,936.836,1.25485519,SEQLEELFSQVGPVK/2
592.78027885,4,937.58,0.75660113,TTHLHNDLWEVFSNPEDWK/4
882.90614742,2,937.58,1.24525892,YANMWLEYYNLER/2
912.51490791,2,938.324,1.24261542,QLLVEAIDVPAGTATLGR/2
827.42776992,2,939.067,1.24058804,DPYTGQSVSLFQALK/2
819.40492593,2,939.067,1.23939166,SQPDMAIMAVNSFVK/2
786.92760274,2,939.067,1.24761533,IEEVLSGVLDTELR/2
842.95088089,2,939.067,1.24125403,FIAYQFTDTPLQIK/2
529.2755685,3,939.067,0.86758439,HWPTFISDIVGASR/3
926.01474074,2,939.811,1.2500295,LLPVLLSTAQEADPEVR/2
667.69943743,3,939.811,0.87522686,MLVTFDEELRPLPVSVR/3
848.41485949,2,939.811,1.25281266,EENLADWYSQVITK/2
841.47779413,2,939.811,1.24628521,LNALLEPGGVLTISER/2
752.88180663,2,940.554,1.24129318,TLNDELEIIEGMK/2
884.46742636,2,940.554,1.23895077,GLPLVDDGGWNTVPISK/2
812.94886948,2,941.298,1.24067322,TGAIVDVPVGEELLGR/2
792.41941354,2,941.298,1.24065435,ELDSITPEVLPGWK/2
685.34957319,3,941.298,0.88357029,REYEIPSNLTPADVFFR/3
972.46201502,2,941.298,1.27190227,DSDPVMAGIGEEIAHFQK/2
988.4840017,2,942.041,1.25080644,DDVAQTDLLQIDPNFGSK/2
840.92559135,2,942.041,1.25362679,ETDDTLVLSFVGQTR/2
866.44227427,2,942.041,1.25800291,NNSELLNNLGNFINR/2
855.39360108,2,942.785,1.25157392,DDPSAMDFVTSAANLR/2
826.43813766,2,943.528,1.24615219,AAQAPSSFQLLYDLK/2
540.94606608,3,943.528,0.88273247,ETGLMYSIMVHALR/3
556.61581365,3,943.528,0.86727405,NQHFEVPFIAFYR/3
722.03224415,3,944.272,0.88760031,GFFDPNTHENLTYVQLLR/3
851.91214961,2,944.272,1.24869417,EAWEEEQEVAELLK/2
518.28188333,3,944.272,0.86853002,GFVHPDPLWIPFK/3
776.91918676,2,944.272,1.24042852,GFVHPDPLWIPFK/2
903.9778239,2,945.015,1.24390161,QLLDETSAITLTSTWK/2
886.92981947,2,945.759,1.24424205,DPYSGSTISLFQAMQK/2
869.43833459,2,945.759,1.24343017,ATSIDPNTYITWIDK/2
782.91449536,2,946.502,1.24522341,ELLQSFDSALQSVK/2
828.39201556,2,947.246,1.24622382,IFAMDENLSSIMER/2
667.34471075,3,947.989,0.8919204,DLSSHQLNEFLAQTLQR/3
961.47478809,2,947.989,1.25336786,MQLSAELQSDTEEILSK/2
830.47505454,2,948.733,1.25217798,YTQQIIQGIQQLVK/2
791.9108984,2,949.477,1.24708134,NFTTEQVTAMLLSK/2
777.44850541,2,949.477,1.24647147,LLEQALVIEEQLR/2
954.47627649,2,949.477,1.24035661,EELGTVNGMTITMVGDLK/2
954.98479166,2,950.22,1.24023286,SDMYILNESLTDPAIVK/2
827.88976904,2,950.22,1.23998491,YFVTFPYPYMNGR/2
937.48634746,2,950.22,1.25240123,GEELLSPLNLEQAAYAR/2
577.96378532,3,950.22,0.87291484,ALESDMAPVLIMATNR/3
866.44203975,2,950.963,1.24580607,ALESDMAPVLIMATNR/2
885.93299329,2,950.963,1.24567029,AAVMHDILDMMPEGIK/2
955.46748594,2,951.707,1.24291286,EFLLSLDDSVDETEAVK/2
728.73190607,3,951.707,0.87573376,VFHLPTTTFIGGQESALPLR/3
590.95775435,3,951.707,0.87247032,AAVMHDILDMMPEGIK/3
658.37371876,3,951.707,0.8649451,EHLLQGLLPDVQVPTSVK/3
735.93757657,2,952.45,1.23741059,YQQAGLPLIVLAGK/2
731.40731102,3,952.45,0.89239656,IPGLLSPHPLLQLSYTATDR/3
842.41485947,2,952.45,1.25260875,AANSLEAFIFETQDK/2
860.92506002,2,952.45,1.24066054,VELTITPDFQWDEK/2
694.03336778,3,952.45,0.88692009,NLNLNDESQHGLLMQLLK/3
561.94566514,3,952.45,0.87440793,AANSLEAFIFETQDK/3
754.88194401,2,953.194,1.23502846,AAMIWIVGEYAER/2
912.46234105,2,953.194,1.24903312,ENYLEENLLYAPSLR/2
533.3031242,3,953.937,0.87839322,LNLLHEFLQTEIK/3
838.95890289,2,954.681,1.24096161,YEILQSVDDAAIVIK/2
902.92843085,2,955.425,1.24323954,LLMSEDYFTQAMEVK/2
940.97802085,2,955.425,1.24755699,EASDIILTDDNFTSIVK/2
812.38283943,2,955.425,1.24903759,DTNMGAWFEAQVVR/2
745.89048896,2,955.425,1.23644736,DGIQLSEYLPEVK/2
766.92159212,2,955.425,1.23404439,TVQTAVFLYSLYK/2
807.9078244,2,956.168,1.23661678,AFYPEEISSMVLTK/2
919.50454018,2,956.168,1.25382699,SVPNQPSTNEILQAVLK/2
873.42830121,2,956.912,1.25411907,SAFSNLFGGEPLSYTR/2
768.90254203,2,956.912,1.23739167,TFAPEEISAMVLTK/2
645.34253007,3,956.912,0.88173679,DNHLLGTFDLTGIPPAPR/3
635.35443567,3,957.655,0.86911348,GHVDILAPTVQELAALEK/3
952.52801528,2,957.655,1.24833228,GHVDILAPTVQELAALEK/2
861.45907004,2,957.655,1.25006088,VESLESLYFTPIPAR/2
967.51015687,2,957.655,1.26024442,DNHLLGTFDLTGIPPAPR/2
966.49671518,2,959.142,1.27005481,EAEAAIYHLQLFEELR/2
853.96485391,2,959.142,1.25378672,LLGPNASPDGLIPWTR/2
809.4515794,2,959.142,1.24935737,LLELQSIGTNNFLR/2
650.66908294,3,959.142,0.89024147,LQQELDDLLVDLDHQR/3
857.95415184,2,959.142,1.23873111,VQSDGQIVLVDDWIK/2
680.68832108,3,959.142,0.87319032,VVSQYSSLLSPMSVNAVMK/3
860.46742639,2,959.142,1.25400607,SGGVNQYVVQEVLSIK/2
644.66690228,3,959.887,0.88984243,EAEAAIYHLQLFEELR/3
853.94599245,2,959.887,1.24440862,DGTIDFTPGSELLITK/2
515.28485325,3,959.887,0.86211063,EPEVLSTMAIIVNK/3
815.44596265,2,960.63,1.23927109,LGTPVLQALGDGDFVK/2
736.39814683,2,960.63,1.22253678,QIEILELEDLEK/2
772.42364164,2,960.63,1.23024333,EPEVLSTMAIIVNK/2
595.31151384,3,961.374,0.8656441,LRPLYDIPYMFEAR/3
693.70887852,3,961.374,0.87424793,GIDIHGVPYVINVTLPDEK/3
801.9190578,2,961.374,1.24486538,IMGNIWDASLVVER/2
742.39859257,3,962.117,0.88978463,EELSALVAPAFAHTSQVLVDK/3
762.93523081,2,962.861,1.23776643,GDINILLIGDPSVAK/2
834.415825,2,962.861,1.25170128,MVSAVLNGMLDQSFR/2
921.47818803,2,962.861,1.25688504,SEGALELADVSNELPGLK/2
772.42195621,2,962.861,1.24008851,VFGAPEVLENLEVK/2
553.96992215,3,962.861,0.86999075,ALTVPELTQQVFDAK/3
612.99490746,3,962.861,0.88590309,SLVEIIEHGLVDEQQK/3
830.45124499,2,963.604,1.24539245,ALTVPELTQQVFDAK/2
872.43598883,2,963.604,1.24795865,EEVGEEAIVELVENGK/2
561.30665135,3,963.604,0.89118376,NTIEMQAITALAHLR/3
673.66199487,3,963.604,0.88041041,SIFYVPDMKPSMFDVSR/3
758.74359436,3,963.604,0.89883868,MGLVDQLVEPLGPGLKPPEER/3
889.97742998,2,964.348,1.23736005,HSQFIGYPITLFVEK/2
675.69697296,3,964.348,0.87485662,HVQLVLGQLIDENYLDR/3
966.43358363,2,964.348,1.24176931,TYFYQLWYDQDYAR/2
796.91958073,2,964.348,1.24741238,LVIDQIDNGFFSPK/2
941.96439053,2,964.348,1.2524939,DQGSFTEVVSISNLGMAK/2
827.41889057,2,964.348,1.24107039,VNAMTFTFDNVLPGK/2
519.9593575,3,964.348,0.87038369,SYHLSELVQQILK/3
593.65404547,3,965.091,0.86367066,HSQFIGYPITLFVEK/3
908.01474074,2,965.091,1.25173259,TVGALQVLGTEAQSSLLK/2
689.68132287,3,965.091,0.87894022,QINIHNLSAFYDSELFR/3
728.71139354,3,965.091,0.88541852,FANSLVGVQQQLQAFNTYR/3
931.93015379,2,965.835,1.25732687,FFQPTEMAAQDFFQR/2
571.28972133,3,965.835,0.86036147,AHMGMFTELAILYSK/3
746.39597171,3,965.835,0.88967023,SFAMSAVITEGVKPTLSELEK/3
705.70491677,3,965.835,0.87147797,KLDVSIEMPEELDISQLR/3
973.50747682,2,966.579,1.2537421,LQVELDNVTGLLSQSDSK/2
540.95002782,3,966.579,0.86544008,LHFFMPGFAPLTSR/3
755.71592725,3,966.579,0.89496858,DSNSLAYYNMANGAVIHLALK/3
826.9701363,2,966.579,1.25600246,SLEQNIQLPAALLSR/2
866.94124139,2,967.322,1.24218206,VIFLEDDDVAAVVDGR/2
787.77410527,3,967.322,0.90616416,TLSYLLPAIVHINHQPFLER/3
810.9214035,2,967.322,1.23391431,LHFFMPGFAPLTSR/2
942.476511,2,968.066,1.2746264,NEEDAAELVALAQAVNAR/2
628.65343282,3,968.066,0.88872909,NEEDAAELVALAQAVNAR/3
689.64606093,3,968.81,0.88891131,DDDSNFHMDFIVAASNLR/3
939.99895328,2,968.81,1.25715911,TVQLTSSELESTLETLK/2
983.49945483,2,968.81,1.25322294,LYIVFEGEEGQDAGGLLR/2
881.92833097,2,968.81,1.24664865,DDPLTNLNTAFDVAEK/2
822.38907892,2,968.81,1.23871035,FMNPFNMPNLYQK/2
969.97188121,2,968.81,1.25280805,MVEDLISVGEEESFNLK/2
986.0309221,2,968.81,1.27712364,AIEPPPLDAVIEAEHTLR/2
657.68970689,3,969.553,0.89396808,AIEPPPLDAVIEAEHTLR/3
676.34923884,3,969.553,0.87991152,LLSEEVFDFSSGQITQVK/3
985.04330122,2,969.553,1.24689057,IGPYQPNVPVGIDYVIPK/2
892.94632676,2,970.297,1.25225605,FSNTGEDWYVLVGVAK/2
680.38936883,3,970.297,0.88969496,EGDIIPPLTGATPPLIGHLK/3
784.39488418,2,971.04,1.23548851,AFDSGIIPMEFVNK/2
718.39484815,3,971.04,0.87049653,KLELDILPLQEANAELSEK/3
710.70016574,3,971.04,0.88335845,VIESTQDLGNDLAGVMALQR/3
945.96894465,2,971.783,1.2487894,IAQDLEMYGVNYFSIK/2
900.45177631,2,971.783,1.2414428,AYLPVNESFGFTADLR/2
600.63694303,3,971.783,0.87006332,AYLPVNESFGFTADLR/3
610.99055175,3,971.783,0.88592718,FDLSQNHPLGMAIFLK/3
974.47799112,2,971.783,1.25315485,YEDAYQYQNIFGPLVK/2
775.89610566,2,972.527,1.23422152,EPLEFEQYLNLR/2
685.70049451,3,973.271,0.9001444,LEGVLAEVAQHYQDTLIR/3
903.99106868,2,974.014,1.246018,NAQLAQYNFILVVGEK/2
836.96706225,2,974.014,1.24377017,IFQNLNGALDEVVLK/2
564.62727905,3,974.014,0.87059218,ALTVPELTQQMFDAK/3
837.45907005,2,974.014,1.24531765,IFQNLDGALDEVVLK/2
997.05185453,2,974.758,1.24963182,EGDTIIVPGVEGPIVTQIR/2
846.43728034,2,974.758,1.2456935,ALTVPELTQQMFDAK/2
657.67891931,3,974.758,0.86459217,QHFPATPLLDYALEVEK/3
908.48000245,2,974.758,1.24033943,LAQDPFPLYPGEVLEK/2
803.44596266,2,975.501,1.25186762,LAATNALLNSLEFTK/2
827.90720161,2,975.501,1.25541636,DFTATFGPLDSLNTR/2
658.34684089,3,976.244,0.86971563,KIEDLGAAMEEALILDNK/3
968.46273493,2,976.244,1.26249647,EADESLNFEEQILEAAK/2
943.50948819,2,976.244,1.24729697,EVENLILENTQLLETK/2
456.93811667,3,976.988,0.88483499,EGGFLLLHTLLR/3
521.61195775,3,976.988,0.86570022,FHVDISLTDFIQK/3
889.47386285,2,976.988,1.2366784,ELYAGMPTIQITALEK/2
866.44361693,2,976.988,1.24791197,DFADILVQPTLEENK/2
781.91429838,2,976.988,1.23966576,FHVDISLTDFIQK/2
875.44193993,2,977.732,1.25908895,DTGNFVIGQILSDQSR/2
938.4809277,2,977.732,1.25711583,DTILQTVDLVSQETGEK/2
876.93120808,2,979.219,1.25855898,DAFQNAYLELGGLGER/2
517.95695953,3,979.219,0.88170288,ALLADAQLMLDHLK/3
586.32263015,3,979.962,0.87183963,GFHQVPFAPIVFIER/3
979.48928403,2,979.962,1.25485645,DTLVQGLNEAGDDLEAVAK/2
985.02309709,2,979.962,1.25822674,IAPLEEGTLPFNLAEAQR/2
789.40324054,2,979.962,1.24316595,QAMTSIWNALVTDK/2
853.92084036,2,979.962,1.26631228,DLQEEVSNLYNNIR/2
722.03336776,3,979.962,0.89000813,ESGYNMIHFTPLQTLGLSR/3
829.94599244,2,979.962,1.241353,DVTVLSVAEEQDLLK/2
542.65393403,3,980.706,0.85942825,RESPEVLLTLDILK/3
931.99654802,2,980.706,1.25712386,ITISSLQDLTLYNPER/2
479.57121655,3,980.706,0.88489883,DIINMLFYHDR/3
751.90172232,2,980.706,1.24719362,NAGLAFIELVNEGR/2
878.98030699,2,980.706,1.24268831,GFHQVPFAPIVFIER/2
925.4735369,2,981.449,1.24354644,TMQALEIELQSQLSMK/2
816.86414521,2,981.449,1.24291886,SDYDMVDYLNELR/2
617.31811675,3,981.449,0.8681218,TMQALEIELQSQLSMK/3
669.99262093,3,981.449,0.8964939,AIMTYVSSFYHAFSGAQK/3
786.9263515,2,982.192,1.2379061,MNLPGEVTFLPLNK/2
970.03600753,2,982.192,1.25521303,IAPLAEGALPYNLAELQR/2
966.97422699,2,982.936,1.24624649,IAQDLEMYGVNYFEIK/2
904.45926698,2,982.936,1.24666663,LFVGNLPADITEDEFK/2
871.94398112,2,982.936,1.24932868,EQDDLLVLLADQDQK/2
967.54092567,2,983.68,1.24222679,VPAGNWVLIEGVDQPIVK/2
874.46162113,2,983.68,1.2617132,IVGDLAQFMVQNGLSR/2
764.92011204,2,984.423,1.25815438,NDGAAILAAVSSIAQK/2
923.44170541,2,984.423,1.24238385,MYVPMTEDIYNAISAK/2
645.3630426,3,984.423,0.86769567,VPAGNWVLIEGVDQPIVK/3
868.48677323,2,984.423,1.25071649,LGSIAEIDLGVPPPVMK/2
615.96356243,3,984.423,0.86741191,MYVPMTEDIYNAISAK/3
829.91228696,2,985.167,1.24772687,GGDINFVFTGFSVNGK/2
995.02901061,2,985.167,1.25169549,VQSSEMGTSVLIMQPILR/2
821.45157936,2,985.91,1.25933315,LAFLNVQAAEEALPR/2
896.94292682,2,986.654,1.25082214,LEAELGNMQGLVEDFK/2
878.97963828,2,986.654,1.23752632,VSYFPTVPGVYIVSTK/2
962.96967292,2,986.654,1.26504513,LSEEASQALIEAYVDMR/2
642.31554077,3,986.654,0.88382873,LSEEASQALIEAYVDMR/3
834.9587143,2,986.654,1.23519725,SPLVMDVLNIQGVQR/2
556.97490169,3,986.654,0.86600296,SPLVMDVLNIQGVQR/3
932.9336133,2,987.398,1.25887776,ETGWASFSEFTSSLSTK/2
684.05410322,3,987.398,0.87612454,QLGPQVQQIILVSPMGVSR/3
759.87411896,2,987.398,1.23496945,NNVAFMSYFLQGK/2
678.69071905,3,987.398,0.87550025,LKLEAELGNMQGLVEDFK/3
958.01219809,2,988.141,1.24487003,YGDLLPADGILIQGNDLK/2
690.0514158,3,988.141,0.8831451,ILTATVDNANILLQIDNAR/3
929.47270871,2,988.141,1.25480765,AYSEALAAFGNGALFVEK/2
598.29771004,3,988.141,0.87254406,LEAELGNMQGLVEDFK/3
757.4272386,2,988.885,1.24059081,GEVLGDVLQLETLK/2
825.48489087,2,989.628,1.25126798,LFVEALGQIGPAPPLK/2
926.45217028,2,989.628,1.25695187,EDIDAAIETYNLLSER/2
815.95121524,2,989.628,1.24868668,LAALADQWQFLVQK/2
510.61693166,3,989.628,0.8601626,HGFLEEFITPIVK/3
784.45633041,2,990.372,1.24529325,TIAIIAEGIPEALTR/2
653.01078041,3,990.372,0.88602729,FDLNEPLHLSFLQNAAK/3
483.280431,3,990.372,0.86097025,RSFLLDLLNATGK/3
683.34605164,3,990.372,0.871001,IPYLPITNFNQNWQDGK/3
794.95088091,2,991.115,1.24713357,VLLLSSPGLEELYR/2
523.30664576,3,991.115,0.87324384,TIAIIAEGIPEALTR/3
994.50420578,2,991.859,1.24949374,LSPEPWTPETGLVTDAFK/2
807.92994843,2,991.859,1.24338782,FPEVIINFPDPAQK/2
830.94167566,2,991.859,1.24453476,AVQTLQMELQQIMK/2
797.87483884,2,992.602,1.23721785,GYAFIEFASFEDAK/2
810.90254205,2,992.602,1.24402877,ISATSIFFESMPYK/2
424.90637072,3,992.602,0.86511886,SLDLDGIIAEVK/3
827.42450733,2,992.602,1.24615791,ALQVMTDFAIQFNR/2
844.43781164,2,993.346,1.25737597,SGAAQGLAEVMAGLGVEK/2
563.29429991,3,993.346,0.87683296,SGAAQGLAEVMAGLGVEK/3
970.01781481,2,994.089,1.26285966,LLQQVSQIYQSIEFSR/2
963.99962196,2,994.089,1.25644463,VTIDPENNLISIWNNGK/2
787.40409783,2,995.577,1.25176242,VGDQVWLFIDEPR/2
985.96947592,2,996.32,1.25495837,FFGGYVPEMVLTPDDQR/2
818.91618073,2,996.32,1.24398407,SDPGLLTNTMDVFVK/2
948.53108929,2,996.32,1.25896349,INISQVIAVVGQQNVEGK/2
772.40938018,2,997.064,1.24357988,EWTLEAGALVLADR/2
657.64874277,3,997.064,0.87979738,FFGGYVPEMVLTPDDQR/3
774.05801308,3,997.064,0.88829732,GEPETFLPLDYLEVKPTDEK/3
838.92519744,2,997.807,1.24834583,YSNFVSFPLYLNGR/2
831.97488726,2,997.807,1.23879981,VPTLAVPAISLPDDVR/2
715.70027164,3,997.807,0.88673823,VDYEYSELLLYQNQVLR/3
914.43598885,2,998.551,1.25569462,EEYNGVIEEFLATGEK/2
789.87748978,2,998.551,1.24713806,MNTLQAIWMMDPK/2
621.98070973,3,998.551,0.86754463,KIPNPDFFEDLEPFR/3
930.48347042,2,999.294,1.257548,AELGTDLLSQLSLEDQK/2
952.01781475,2,999.294,1.25549657,SISVNQWGSQLGLSVLSK/2
872.94886945,2,1000.038,1.24367881,GVAFVGGFSYADVLGSAK/2
878.48000247,2,1000.038,1.24081283,DLYLIPLSAQDPVPSK/2
771.42175928,2,1000.782,1.24256051,IWYGTGLTFVSGLK/2
893.4965182,2,1000.782,1.24892985,NNGVLFENQLLQIGVK/2
828.91546088,2,1000.782,1.24571759,LLENMPMPWEQIR/2
886.46983171,2,1000.782,1.24165886,QQEVEAITLELEELK/2
942.99635106,2,1001.525,1.257785,LAQEGIYTLYPFINSR/2
652.95881139,3,1001.525,0.87083851,HPWDDISYVLPEHMSM/3
748.44576572,2,1001.525,1.24833209,LAQVSPELLLASVR/2
897.43886588,2,1001.525,1.261109,AVEVAWETLQEEFSR/2
579.360862,3,1001.525,0.8716603,ILISLRPQELVDVIK/3
628.99999286,3,1002.268,0.88047424,LAQEGIYTLYPFINSR/3
721.05991127,3,1002.268,0.88954085,DLLFGSIVAVDEPTRPIYR/3
899.96471653,2,1003.012,1.25834296,LFIGGLSFETTEESLR/2
590.30737404,3,1003.012,0.89275985,GLGTDEDTIIDIITHR/3
681.40557788,2,1003.012,1.2333387,VFSATLGLVDIVK/2
828.4018895,2,1003.012,1.25865284,VDNAYWLWTFQGR/2
842.46742639,2,1003.012,1.25902459,ILDVASLEVLNEVNR/2
978.93457885,2,1003.012,1.24809813,HPWDDISYVLPEHMSM/2
769.89610564,2,1003.756,1.25147202,LAGFLDLTEQEFR/2
777.4234447,2,1004.499,1.23885172,LYSPSQIGAFVLMK/2
920.96999886,2,1004.499,1.25850127,VLSDVDAFIAYVGTDQK/2
894.40482608,2,1004.499,1.25405355,GWEWEGEWIVDPER/2
778.36018409,2,1005.243,1.24538636,MFVLDEADEMLSR/2
531.03263953,4,1005.243,0.76083756,QQDVIYELIQTELHHVR/4
653.99211415,3,1005.243,0.88951049,DTNGENIAESLVAEGLATR/3
756.9226548,2,1005.243,1.25141688,TLELQGLINDLQR/2
920.9832437,2,1005.243,1.2405514,QQQWLLYLSNSGYLK/2
796.37107473,2,1005.987,1.2313384,MFFDALYDEDVVK/2
932.44329095,2,1006.73,1.26311732,NDALEMVEETTWQGLK/2
758.37754869,2,1006.73,1.23787232,EVAFFNNFLTDAK/2
826.43050955,2,1006.73,1.26149265,TSQTVATFLDELAQK/2
871.43579191,2,1006.73,1.24850008,QSEDLGSQFTEIFIK/2
920.95785697,2,1006.73,1.25401766,ALFATETFAMGINMPAR/2
795.94814122,2,1007.474,1.23605066,GQQELLYVVPFVAK/2
481.60491464,3,1007.474,0.87019241,LPDIFEAQIAGLR/3
778.93215684,2,1008.217,1.23434466,LDQLIYIPLPDEK/2
760.42757293,2,1008.217,1.24718462,VLAFLSSVAGDALTR/2
834.43559493,2,1008.217,1.25026741,DAVLYFSESLVPTAR/2
655.02508958,3,1008.217,0.89018215,NPELSTQLIDIIHTAAAR/3
752.38811343,2,1008.961,1.2458349,EISGLWNELDSLK/2
793.92486306,2,1008.961,1.24748937,IPVENILGEVGDGFK/2
979.99453658,2,1009.705,1.25717243,GHYTEGAELVDSVLDVVR/2
761.9637913,2,1009.705,1.24647545,VLLATLSIPITPER/2
915.97950926,2,1009.705,1.24897112,MSINAEEVVVGDLVEVK/2
850.37468003,2,1009.705,1.24395963,AWMWLASDFSDGDAK/2
899.00945843,2,1009.705,1.24863582,NVQALEIELQSQLALK/2
929.04022718,2,1009.705,1.25105164,ILDSFAAAPVPTTTLVLK/2
653.66544988,3,1010.448,0.87763673,GHYTEGAELVDSVLDVVR/3
459.59060548,3,1010.448,0.86707903,ADVFHAYLSLLK/3
886.43219498,2,1011.192,1.246583,DPYTEQTISLFQAMK/2
769.71832521,3,1011.192,0.8936772,GFFDPNTHENLTYLQLLER/3
924.40618556,2,1011.935,1.26168811,SNMDNMFESYINNLR/2
715.383054,3,1012.679,0.88643216,GIDVQQVSLVINYDLPTNR/3
616.6065492,3,1012.679,0.88404857,SNMDNMFESYINNLR/3
946.98238637,2,1012.679,1.25725815,LVSWYTLMEGQEPIAR/2
730.36137292,3,1013.422,0.8915324,GPLLVQDVVFTDEMAHFDR/3
920.51999326,2,1013.422,1.25026328,GLPLGSAVSSPVLFSPVGR/2
784.95395489,2,1013.422,1.26292626,LASQANIAQVLAELK/2
849.93288505,2,1013.422,1.25393995,EGYVLTAVEGTIGDFK/2
631.65734973,3,1013.422,0.88075991,LVSWYTLMEGQEPIAR/3
612.97093991,3,1014.166,0.87271955,DRPMEESLLLFEAMR/3
602.99976993,3,1014.166,0.87935688,GLDIPEVDLVIQSSPPK/3
903.99601666,2,1014.166,1.25734011,GLDIPEVDLVIQSSPPK/2
819.41380526,2,1014.166,1.25345472,SLFEASQQLLNEMK/2
590.97842324,3,1014.909,0.89512719,EMDLVGLGLHPLFSSR/3
902.49618382,2,1014.909,1.24931259,TAVDSGIPLLTNFQVTK/2
928.98925427,2,1014.909,1.26946289,SVQNDSQAIAEVLNQLK/2
984.49278383,2,1015.653,1.26238427,IMEFTTTLLNTSPEGWK/2
742.44576572,2,1015.653,1.23748829,QIALAVLSTELAVR/2
909.48750157,2,1015.653,1.24819608,TLQGLEIELQSQLSMK/2
656.66428138,3,1015.653,0.88233244,IMEFTTTLLNTSPEGWK/3
869.93595907,2,1016.396,1.2555857,EFNEEGALSVLQQFK/2
881.95415184,2,1016.396,1.2417899,QGLLPLTFADPADYNK/2
580.29306487,3,1016.396,0.87776271,EFNEEGALSVLQQFK/3
734.9346995,2,1017.14,1.23518906,EVDILISTALIPGK/2
831.89524835,2,1017.14,1.25683513,FAQTMEFVEEYLR/2
770.89505135,2,1018.628,1.23992151,VVIGMDVAASEFFR/2
514.95438354,3,1018.628,0.87968114,GVDEVTIVNILTNR/3
702.01749474,3,1018.628,0.8730223,GMSLNLEPDNVGVVVFGNDK/3
544.77403656,4,1018.628,0.75148131,AGYTDKVVIGMDVAASEFFR/4
771.92793707,2,1019.371,1.25392908,GVDEVTIVNILTNR/2
583.34169037,3,1019.371,0.88237441,GLAPVQAYLHIPDIIK/3
726.68832667,3,1019.371,0.88122079,GIGMGNIGPAGMGMEGIGFGINK/3
912.50929118,2,1020.115,1.25790514,TTEPGVTGLLLAVEGPAAK/2
961.4754568,2,1020.115,1.2662012,EDQFQLSLLAAMGNTQR/2
608.67528627,3,1020.115,0.87662341,TTEPGVTGLLLAVEGPAAK/3
961.02016047,2,1020.858,1.26438085,LGAVFNQVAFPLQYTPR/2
809.42945529,2,1020.858,1.2560462,VAGSVTELIQAAEAMK/2
672.37589942,3,1020.858,0.88372741,VAVLISGTGSNLQALIDSTR/3
725.87751893,2,1021.602,1.23742413,GVPLVYEAFNWR/2
755.95121523,2,1022.345,1.24643133,NVIVLQTVLQEVR/2
738.36559544,2,1022.345,1.22972947,GFYEGIMLVDGFK/2
796.42757297,2,1023.089,1.24819321,IGSFGPQEDLLFLR/2
712.04085111,3,1023.089,0.89230616,EAQTSFLHLGYLPNQLFR/3
678.67416828,3,1023.833,0.89120586,YNFLPEALDFVGVHQER/3
960.48189322,2,1023.833,1.24696641,ELVQVQTLMDNMTLER/2
970.01950014,2,1023.833,1.2531913,LPDMLNAEIVLGNVQNAK/2
872.97762695,2,1024.576,1.24442586,GVLLEIEDLQVNQFK/2
935.46508064,2,1024.576,1.25771525,ESDTGLAPPALWDLAADK/2
955.94566643,2,1024.576,1.24446364,SDGEMVLPGFPDADSFVK/2
873.4696347,2,1025.32,1.24744168,VVDFIDEGVNIGLEVK/2
770.40938016,3,1026.063,0.89054854,GVPQIEVTFDIDANGIVHVSAK/3
970.4738712,2,1026.807,1.25831815,VSPDMAIFITMNPGYAGR/2
918.4640264,2,1026.807,1.25254448,TWTLELSPELASMTTR/2
865.44510538,2,1026.807,1.25156111,YGAATANYMEVVSLLK/2
647.31833962,3,1027.55,0.8822552,VSPDMAIFITMNPGYAGR/3
858.45547313,2,1028.294,1.24351971,WTMLITQLPDIQEK/2
889.98598334,2,1029.037,1.2514475,TLQLLNDLSIGYSSVR/2
956.98056358,2,1029.781,1.25524094,LGGSLADSYLDEGFLLDK/2
809.46977215,2,1029.781,1.25897407,LALLLSQFVGSQSVR/2
891.94411849,2,1029.781,1.26312,WGTDEAQFIYILGNR/2
830.90393066,2,1031.268,1.23981474,EVWFFGLQYQDTK/2
783.40818857,2,1031.268,1.25197357,TSSMEISSILQELK/2
973.98205204,2,1032.011,1.25023103,IAQDLEMYGINYFEIK/2
757.41466257,2,1032.011,1.25453519,SLEELLLDANQLR/2
456.93303129,3,1032.011,0.87460597,LDNLVAILDINR/3
817.94305586,2,1032.755,1.25547675,LFADAVQELLPQYK/2
707.9188525,2,1034.242,1.23414491,IVILPDYLEIAR/2
741.72565781,3,1034.242,0.89268438,ELGGLGMLSMGHVLIPQSDLR/3
661.98423689,3,1034.986,0.89972455,DFGLYVVNMFDTHQAAR/3
854.93067673,2,1035.729,1.25429842,EFNEDGALAVLQQFK/2
914.98886034,2,1035.729,1.26234974,ALLLAQWAWQEGSVTR/2
841.94272986,2,1035.729,1.24859529,DMEALNVLPPDVLTR/2
853.93711318,2,1035.729,1.23899936,ALDELMDGDIIVFQK/2
939.02256579,2,1036.472,1.25798523,LTSIIFAEDITTGQVLR/2
790.44576569,2,1036.472,1.24009646,ASVVTLPVYLNFTR/2
822.4687179,2,1037.216,1.24312918,GVLMAGLYPNLIQVR/2
691.68222357,3,1037.216,0.88126473,VTIAQGYDALSSMANIAGYK/3
853.44903663,2,1037.959,1.25279654,DAVITVPVFFNQAER/2
787.45273347,2,1037.959,1.24911221,LLLLDTVTMQVTAR/2
896.94484675,2,1039.447,1.2681962,GDADQASNILASFGLSAR/2
863.97796131,2,1039.447,1.24476977,QLLQANPILEAFGNAK/2
841.48149088,2,1039.447,1.23625412,VTMINAIPVASLDPIK/2
824.42810431,2,1039.447,1.2417942,QVGYEDQWLQLLR/2
801.91017852,2,1040.19,1.24089529,DLGVFIPAPMAQGMR/2
598.29898999,3,1040.19,0.88615421,GDADQASNILASFGLSAR/3
911.98258332,2,1040.19,1.2587553,TGIVDISILTTGMSATSR/2
743.42978126,2,1040.19,1.25141695,LDLSVTEAVVAGIAK/2
690.36354798,3,1040.934,0.88098185,EDVHISTSQVAEIVATLEK/3
619.01564291,3,1040.934,0.88876474,LLTSLFQDLQVEALHK/3
495.95561299,3,1040.934,0.87272962,LDLSVTEAVVAGIAK/3
761.42162014,3,1041.677,0.89219302,IASSIVAQTAGIPTLPWSGSGLR/3
584.96232736,3,1043.908,0.87210638,VGEVTYVELLMDAEGK/3
678.38959173,3,1044.652,0.88851881,IAQPGDHVSVTGIFLPILR/3
876.93985281,2,1044.652,1.25068702,VGEVTYVELLMDAEGK/2
843.96207674,2,1044.652,1.23561758,LIMAMQTLIPIDEAK/2
711.43433536,2,1044.652,1.23173945,VLAPELIPSILEK/2
927.94906643,2,1044.652,1.24669606,TPEEVIEYSAVFWER/2
778.43688642,2,1045.395,1.24183342,LAVVDPLFGMQPIR/2
564.29306488,3,1045.395,0.8856443,DGENYVVLLDSTLPR/3
842.43305224,2,1046.138,1.24602554,TQGFLALFSGDTGEIK/2
590.9805983,3,1046.138,0.89095387,DLLDTVLPHLYNETK/3
845.93595909,2,1046.138,1.26334045,DGENYVVLLDSTLPR/2
618.96846977,3,1046.138,0.87325631,TPEEVIEYSAVFWER/3
775.72431129,3,1046.138,0.88756417,IPEIWEGHNIADYIDPAIMK/3
818.46448978,2,1046.882,1.25698817,AGEQLAPFLPQLVPR/2
885.96725922,2,1046.882,1.27416308,DLLDTVLPHLYNETK/2
550.63716596,3,1047.626,0.87965774,HDADGQATLLNLLLR/3
856.47251175,2,1047.626,1.24457246,QVVNQVWEAADVLIK/2
957.47885678,2,1047.626,1.28840098,YLQDLLAWVEENQHR/2
638.65499667,3,1048.369,0.90207264,YLQDLLAWVEENQHR/3
825.45211071,2,1048.369,1.25843842,HDADGQATLLNLLLR/2
761.42978131,2,1049.856,1.25669539,TLAESALQLLYTAK/2
933.98545194,2,1049.856,1.25087209,VGDGVYLPPEAFTFNIK/2
812.94526416,2,1050.6,1.24821657,LDDIFEPVLIPEPK/2
904.99001447,2,1051.344,1.25846915,AIIASNIMYIVGQYPR/2
603.66243514,3,1051.344,0.8841069,AIIASNIMYIVGQYPR/3
595.00485533,3,1051.344,0.88898813,IEVPLYSLLEQTHLK/3
736.06332139,3,1051.344,0.88082845,TSGTLISFIYPAQNPELLNK/3
948.47290565,2,1052.831,1.25580183,EGETYFDVVAVVDPVTR/2
909.48086808,2,1052.831,1.25357176,AVPVWDVLASGYVSGAAR/2
580.99407332,3,1052.831,0.8745912,ALPGMGTTIDVILINGR/3
943.00490429,2,1053.574,1.27677964,DIGEGNLSTAAAAALAAAAVK/2
967.02510841,2,1054.318,1.25785041,AAVATFLQSVQVPEFTPK/2
645.01916443,3,1054.318,0.87954423,AAVATFLQSVQVPEFTPK/3
870.98747175,2,1054.318,1.24670457,ALPGMGTTIDVILINGR/2
677.045825,3,1054.318,0.88117375,EAGFLRPVTIFGPIADVAR/3
606.65633754,3,1054.318,0.87810429,AVPVWDVLASGYVSGAAR/3
589.30995002,3,1054.318,0.88295596,TQYSSAMLESLLPGIR/3
859.93711318,2,1055.061,1.24981204,VEQMFQILLDPEEK/2
893.97964673,2,1055.061,1.25567228,LGMPQFLSPEAQSLLR/2
883.4612868,2,1055.805,1.26082915,TQYSSAMLESLLPGIR/2
919.47578277,2,1055.805,1.26659503,TYDLPGNFLTQALTQR/2
853.93341638,2,1055.805,1.24705262,QNDQVSFASLVEELK/2
777.3926759,2,1056.548,1.24915102,EMGLSLQWLYSAR/2
926.98324361,2,1056.548,1.2597578,FVEFFGPGVAQLSIADR/2
720.70898997,3,1056.548,0.88365006,SFKPDFGAESIYGGFLLGVR/3
681.01520267,3,1057.292,0.89155066,EVLPLAFLGMHEIADEEK/3
731.41921661,2,1057.292,1.24366355,GNLEVLLFTIQSK/2
768.72660338,3,1057.292,0.88742586,TVSEWISQMATLPQASNLATR/3
827.43708336,2,1058.036,1.24221478,NFLVFQGAVESIAMK/2
775.44216877,2,1058.036,1.24164833,VPGLPTPIENMILR/2
531.65560931,3,1058.036,0.88733281,LLGQFTLIGIPPAPR/3
795.42469588,2,1058.78,1.25201802,IAPSFAVESIEDALK/2
700.75241864,3,1058.78,0.8801582,LVNQQLLADPLVPPQLTIK/3
729.03895291,3,1059.523,0.88359387,DFSHDDTLDVPTQVELLIK/3
530.61888941,3,1059.523,0.87348395,IAPSFAVESIEDALK/3
858.43559491,2,1060.267,1.25556128,LTEVSISSDAFFPFR/2
796.97977573,2,1060.267,1.26443111,LLGQFTLIGIPPAPR/2
555.29826171,3,1061.011,0.88398092,LLNNAFEELVAFQR/3
913.50454021,2,1061.754,1.26188963,ENDAVTIQVLNQLIQK/2
832.44375433,2,1061.754,1.26284834,LLNNAFEELVAFQR/2
930.97984368,2,1061.754,1.25359173,ALQEWILETDGVSLMR/2
609.33878563,3,1062.498,0.88166471,ENDAVTIQVLNQLIQK/3
780.95342358,2,1062.498,1.2426278,DIVISVGIYNLVQK/2
949.92578827,2,1062.498,1.26063912,LNFEAAWDEVGDEFEK/2
597.28598244,3,1062.498,0.8887729,GMFEVLEPLHAMMER/3
764.37923416,2,1063.241,1.24192584,DVDFMYVELIQR/2
898.46858049,2,1065.472,1.23992773,GQELIYAGMPITEVFK/2
725.73883775,3,1065.472,0.88452559,KFESEILEAISQNSVVIIR/3
702.36863339,3,1066.215,0.88848824,FLEVQYLTGGLIEPDTPGR/3
578.32458792,3,1066.959,0.89140737,ENIVEAIIHSPELIR/3
914.48360779,2,1068.447,1.25892357,ALTLQDLDNIWAAQAGK/2
866.98324365,2,1068.447,1.26998018,ENIVEAIIHSPELIR/2
814.89082328,2,1069.19,1.23207914,QEFEFWYPVDLR/2
913.49598687,2,1069.19,1.25274993,YGLVFAGGASGLQIFPTK/2
963.03313048,2,1069.934,1.25530825,TLDQISDADNIPGLLVLK/2
929.47439413,2,1071.421,1.26004287,MSATFIGNSTAIQELFK/2
492.31078554,3,1071.421,0.86045391,HLGVILPAVMLALK/3
482.59754276,3,1071.421,0.88121109,SNEILTAIIQGMR/3
468.25148393,3,1071.421,0.88074121,DTGIFLDLMHLK/3
619.98535491,3,1071.421,0.87932464,MSATFIGNSTAIQELFK/3
769.89217437,2,1072.165,1.24290431,DMLEAGILDTYLGK/2
705.93195986,2,1072.165,1.2443429,LLSLISIALPENK/2
816.43559495,2,1072.165,1.24722983,FDLLVDANDVILER/2
833.9723446,2,1072.165,1.2503513,GPTPAILESLISINNK/2
747.71480364,3,1073.652,0.90384835,GIPVELWAHYVEELNSTQR/3
994.00625541,2,1073.652,1.25636464,LDVSIEMPEELDISQLR/2
908.50180057,2,1074.395,1.2587804,AFLQGGQEATDIALLLR/2
683.65909017,3,1075.883,0.88422234,SMEAEMIQLQEELAAAER/3
972.48615044,2,1076.626,1.26936347,WFGFLEAQQAFQSVGTK/2
746.41888226,2,1076.626,1.23730126,ETIEILFSEGLIK/2
942.43820555,2,1077.37,1.26393937,DLDFANDASSMLASAVEK/2
830.45124501,2,1078.114,1.24895818,ATSFLLALEPELEAR/2
855.9587059,2,1078.114,1.23576019,FQFLYDVQVPIVDK/2
650.33029013,3,1078.857,0.90321028,DDIINIFSVASGHLYER/3
698.4050189,3,1079.601,0.8796209,VYSPHVLNLTLIDLPGITK/3
658.02654195,3,1081.088,0.90051894,IAALQAFADQLIAAGHYAK/3
949.47016603,2,1081.088,1.25481134,EYEIPSNLTPADVFFR/2
764.40077322,3,1081.832,0.90661082,EGLAVAEEALVDHVAELTATPR/3
770.92413481,2,1081.832,1.23989436,FASFPDYLVIQIK/2
789.75907204,3,1082.575,0.88550485,NQILNLTTDNANILLQIDNAR/3
990.46964303,2,1082.575,1.23924927,FSAPVVPSSFNFGGPAPGMN/2
778.95765163,2,1083.319,1.26098013,GVMLAVDAVIAELKK/2
621.32291266,3,1083.319,0.87752732,EVLQALEELAVNYDQK/3
519.64085991,3,1083.319,0.88270685,GVMLAVDAVIAELKK/3
959.49427231,2,1084.062,1.24214259,VDYIMQLPVPMDAALNK/2
805.40342914,2,1084.062,1.24333571,DLYEDELVPLFEK/2
673.35908084,3,1084.806,0.88347682,IIGLDQVAGMSETALPGAFK/3
743.41809858,3,1084.806,0.89321275,HDHAVSLLTAASPTIALLLER/3
937.96779053,2,1085.55,1.25545834,DPELWGSVLLESNPYR/2
656.68473296,3,1085.55,0.88558463,DQLSVLENGVDIVVGTPGR/3
760.96158294,2,1086.293,1.25624435,AVPLALALISVSNPR/2
842.42743557,2,1086.293,1.26156435,FLGLLYELEENTDK/2
982.473437,2,1086.293,1.27587221,FAGGDYTTTIEAFISASGR/2
721.69166464,3,1086.293,0.88224701,EIFDIAFPDEQAEALAVER/3
853.46722944,2,1086.293,1.25627236,LQFDVSSPNGILLFR/2
806.92707141,2,1087.037,1.24993426,ESYVETELIFALAK/2
859.44836794,2,1087.037,1.25565282,ALFEEVPELLTEAEK/2
550.98484953,3,1087.037,0.8786177,SPLVAAMQHFLPVLK/3
507.64348078,3,1087.037,0.88305786,AVPLALALISVSNPR/3
655.31805015,3,1087.037,0.89046146,FAGGDYTTTIEAFISASGR/3
774.44523439,2,1087.78,1.24189394,FQEFSNIVIPLIK/2
684.01022878,3,1087.78,0.8779644,DVMQQQLAEYQELLDVK/3
989.47238282,2,1087.78,1.25940644,QEMLVQYLQDAYSFSR/2
987.01662307,2,1088.524,1.2586722,GEPVSAEDLGVSGALTVLMK/2
971.04383258,2,1088.524,1.25928423,LYQGINQLPNVIQALEK/2
825.97363606,2,1088.524,1.25609064,SPLVAAMQHFLPVLK/2
955.45860673,2,1088.524,1.24910225,DLELEMGDDYILDLQK/2
780.96666832,2,1089.268,1.25903492,GALINVPPPFLGLPR/2
942.00965538,2,1090.011,1.26641361,ILAIGLINEALDEGDAQK/2
708.38076749,3,1090.755,0.88824558,VQHQDALQISDVVMASLLR/3
486.26466948,3,1090.755,0.893778,DALSDLALHFLNK/3
952.03039083,2,1090.755,1.2601977,SNLAYDIVQLPTGLTGIK/2
635.02268604,3,1091.499,0.87995505,SNLAYDIVQLPTGLTGIK/3
637.0383361,3,1091.499,0.89095789,IIIEELSLVAASPTLSPR/3
955.05386592,2,1091.499,1.27102021,IIIEELSLVAASPTLSPR/2
743.9532266,2,1092.986,1.2470646,VISGVLQLGNIVFK/2
743.72648634,3,1093.73,0.88097534,GAIETYQEVASLPDVPADLLK/3
927.47525146,2,1094.473,1.28802408,DFQQALYELSYHVIK/2
955.00129895,2,1095.217,1.25004018,SLVASLAEPDFVVTDFAK/2
754.05337351,3,1095.217,0.88729171,SINPDEAVAYGAAVQAAILSGDK/3
765.92433178,2,1095.217,1.2400864,SIFGDALLIEPLDK/2
976.53296331,2,1095.96,1.25627476,TYLTITDTQLVNSLLEK/2
930.99635099,2,1095.96,1.26535203,VTWLVSWTENIQGSIK/2
757.89980241,2,1096.704,1.24188035,FQSISTEFLALMK/2
852.44289707,2,1096.704,1.25832505,EIELPSGQLMGLFNR/2
946.98407175,2,1097.447,1.25286967,SMMGGGLAEIPGLSINFAK/2
841.99562272,2,1097.447,1.25103301,VNALLPTETFIPVIR/2
808.95002361,2,1097.447,1.25232503,TMLETEEGILLLVR/2
921.4620067,2,1097.447,1.25811925,SAIYQLEEEYENLLK/2
528.31027877,3,1098.191,0.8763098,QVLLSAAEAAEVILR/3
560.00061107,3,1098.191,0.88986915,FLTLPPVLHLQLMR/3
791.96177992,2,1098.934,1.25186335,QVLLSAAEAAEVILR/2
705.05991126,3,1098.934,0.88700426,IFPAALQLVASGTVQLGENGK/3
593.97725475,3,1099.678,0.86824681,EFQQYLPVVMGPLMK/3
703.72318771,3,1099.678,0.88091124,EDLQPVQIQSLETLGVLAR/3
890.4622439,2,1101.908,1.23813063,EFQQYLPVVMGPLMK/2
786.72525688,3,1101.908,0.89848283,GTELWLGVDALGLNIYEHDDK/3
890.48561915,2,1102.652,1.26756489,IFSFLLNTLQENVNK/2
719.71988904,3,1102.652,0.88906006,AHQANQLYPFAISLIESVR/3
742.0476713,3,1102.652,0.89442713,VSIEPNFHSLYSNFLDTLK/3
775.96686532,2,1104.139,1.25968713,ALLLLLVGGVDQSPR/2
965.00677834,2,1104.883,1.26297249,LLQTDDEEEAGLLELLK/2
622.31732746,3,1104.883,0.89895727,DTTALSFFHMLNGAALR/3
904.97383304,2,1104.883,1.25209462,IVAQVWPFLGQYMEK/2
854.4318011,2,1105.626,1.25122676,LQYFMEQFYGIIR/2
643.67361105,3,1105.626,0.87911886,LLQTDDEEEAGLLELLK/3
872.49056714,2,1106.37,1.25677845,TVEELLETGLIQVATK/2
581.99613691,3,1106.37,0.87555893,TVEELLETGLIQVATK/3
711.02846039,3,1107.113,0.87951273,MLLDPMGGIVMTNDGNAILR/3
906.97815826,2,1107.113,1.25837341,DPNNSLTLWVIDQGLK/2
682.67350516,3,1107.857,0.88378477,ADAVQDSEMVELVELEIR/3
766.0595825,3,1107.857,0.89444185,GAGSYTIMVLFADQATPTSPIR/3
562.97025653,3,1108.601,0.88718069,FDLLWLIQDRPDR/3
701.70049449,3,1109.344,0.88825146,QSTTHLADGPFAVLVDYIR/3
790.41633957,2,1110.088,1.23802367,EELEALFLPYDLK/2
834.45378769,2,1110.831,1.26527685,LGFAGLVQEISFGTTK/2
871.94272984,2,1110.831,1.25017147,GMVFSINLGFSDLTNK/2
865.38759046,2,1110.831,1.25831734,FFWEMAEEEGWIR/2
824.97963833,2,1112.318,1.25596378,IVDGPDPENIILILK/2
805.4150967,2,1112.318,1.25136336,LSSMNPAFVMPFLR/2
809.40102382,2,1113.062,1.23850769,EVWFFGLQYVDSK/2
810.90940998,2,1113.062,1.2513165,DDYELIDVLVNNAK/2
816.9037933,2,1114.549,1.21672922,ESPESEGPIYEGLIL/2
680.39557783,3,1115.293,0.88808138,LMQITSLHSLNAFLLPIK/3
942.00470732,2,1115.293,1.28365391,DLPVTEAVFSALVTGHAR/2
752.35276599,3,1116.036,0.90677651,VFSDVMEDLYNYINPHNGK/3
968.46710039,2,1116.036,1.26243168,GPELLTMWFGESEANVR/2
877.44140859,2,1116.036,1.26760067,DINQEVYNFLATAGAK/2
899.52527567,2,1116.036,1.27202157,LSLSNAISTALPLTQLR/2
600.01927594,3,1116.036,0.89135281,LSLSNAISTALPLTQLR/3
717.37691156,3,1116.78,0.88765845,VANAESLNAIGVLIYMDQTK/3
628.33889703,3,1116.78,0.90075164,DLPVTEAVFSALVTGHAR/3
688.68803163,3,1116.78,0.88497597,VFQTEAELQEVISDLQSK/3
902.48000244,2,1117.523,1.24419581,NEFIPTNFEILPLEK/2
771.45613346,2,1118.267,1.25033589,VSLLNEQFLPLIR/2
690.01045164,3,1118.267,0.9019132,SDMNTVLNYIFSHAQVTK/3
952.52239863,2,1119.011,1.25933273,LLLQGEADQSLLTFIDK/2
969.00437297,2,1119.754,1.26504227,FALGIFAINEAVESGDVGK/2
924.48615048,2,1119.754,1.26988952,VGGYILGEFGNLIAGDPR/2
900.01929481,2,1119.754,1.25731438,LLLEAQAATGFLLDPVK/2
703.37466993,3,1119.754,0.90592845,GAVEALAAALAHISGATSVDQR/3
985.96184786,2,1119.754,1.26573081,EGTYDGSWALADVMSQLK/2
849.97287592,2,1119.754,1.24948875,QNGTVVGTDIAELLLR/2
727.6784791,3,1120.498,0.88081025,MSNYDTDLFVPYFEAIQK/3
769.92361189,2,1120.498,1.24709835,SLMPYFLLTQAVR/2
616.65985914,3,1120.498,0.88776845,VGGYILGEFGNLIAGDPR/3
813.93489644,2,1121.985,1.25025964,TIEYLEEVAITFAK/2
928.99856773,2,1122.728,1.26856237,MSQVAPSLSALIGEAVGAR/2
829.9592372,2,1122.728,1.26228654,AAVENLPTFLVELSR/2
930.0104155,2,1122.728,1.2568057,LFEMVLGPAAYNVPLPK/2
619.66813731,3,1122.728,0.88612933,MSQVAPSLSALIGEAVGAR/3
864.4465938,2,1123.471,1.24198259,VNEMIIGGGMAFTFLK/2
576.63348802,3,1123.471,0.86727206,VNEMIIGGGMAFTFLK/3
595.65952478,3,1124.215,0.88368199,NEILDEVISLSQVTPK/3
785.95121524,2,1124.96,1.24769491,ISLPLPNFSSLNLR/2
965.53584031,2,1124.96,1.2613519,EPLFGISTGNLITGLAAGAK/2
578.2957523,3,1124.96,0.87255477,YHDMPDVIDFLVLR/3
868.41994485,2,1125.703,1.25018809,IPNPDFFEDLEPFR/2
644.02631903,3,1125.703,0.88072805,EPLFGISTGNLITGLAAGAK/3
915.48423897,2,1127.191,1.26945776,MVGGIAQIIAAQEEMLR/2
610.6585848,3,1127.191,0.88816885,MVGGIAQIIAAQEEMLR/3
822.44289704,2,1127.191,1.25683998,GGGNQVSLLNVVMDLK/2
926.50180055,2,1127.934,1.27170043,LFDIFSQQVATVIQSR/2
716.34902151,3,1127.934,0.9007253,AIGTEPDSDVLSEIMHSFAK/3
713.36986843,3,1127.934,0.89354163,DEGWLAEHMLILGITSPAGK/3
709.35991498,3,1127.934,0.88386433,LLQDSVDFSLADAINTEFK/3
819.45613339,2,1128.678,1.25055338,AFAISGPFNVQFLVK/2
618.00362586,3,1128.678,0.88992659,LFDIFSQQVATVIQSR/3
736.42565304,2,1128.678,1.23603755,ISLPVILMDETLK/2
784.46564392,2,1128.678,1.24968758,LIALQMPLLTEGIR/2
881.97234463,2,1129.422,1.26400776,YGALALQEIFDGIQPK/2
876.95309759,2,1129.422,1.25293771,ALLQMVQQFGVDFEK/2
841.45599605,2,1130.165,1.24397582,DPPDPYVSLLLLPDK/2
796.94339024,2,1130.165,1.26006965,SQLLQYVYNLVPR/2
674.39663487,3,1130.908,0.89274685,VLPQLISTITASVQNPALR/3
968.49978916,2,1131.652,1.26705028,DQLGGWFQSSLLTSVAAR/2
970.00893546,2,1131.652,1.25899937,EVFFMNTQSIVQLVQR/2
647.00838246,3,1131.652,0.88398318,EVFFMNTQSIVQLVQR/3
550.9978122,3,1132.396,0.88395473,SALSGHLETVILGLLK/3
810.41254565,2,1132.396,1.24553193,FVPYYDLFMPSLK/2
825.99308006,2,1133.139,1.26476281,SALSGHLETVILGLLK/2
935.49258688,2,1133.883,1.26068132,MAVTFIGNSTAIQELFK/2
939.97488729,2,1133.883,1.25486456,YSQFINFPIYVWSSK/2
623.99748341,3,1134.627,0.88017566,MAVTFIGNSTAIQELFK/3
946.4827505,2,1136.114,1.25985447,QMQLENVSVALEFLDR/2
631.32425916,3,1136.114,0.88258928,QMQLENVSVALEFLDR/3
880.9195807,2,1136.858,1.2514289,GTYFPTWEGLFWEK/2
715.71944319,3,1136.858,0.88332411,EPPTDVTPTFLTTGVLSTLR/3
714.3737188,3,1137.601,0.88064633,SPYLYPLYGLGELPQGFAR/3
758.07763055,3,1138.344,0.90956256,LEDLASLVYLNESSVLHTLR/3
784.97617038,2,1139.832,1.2377932,FPVAPLIPYPLITK/2
781.37595894,3,1139.832,0.88879248,VESVFETLVEDSAEEESTLTK/3
898.98070095,2,1141.318,1.26955842,VQSLQATFGTFESILR/2
881.44563672,2,1142.062,1.25873105,TMLELINQLDGFDPR/2
811.44543132,2,1142.062,1.24996853,TGLFTPDLAFEAIVK/2
907.52474437,2,1142.806,1.26134997,VLDILLEQYPALITGR/2
810.49017326,2,1142.806,1.25503225,ITPENLPQILLQLK/2
759.45051674,2,1143.549,1.24611968,LTSFIGAIAIGDLVK/2
868.46689508,2,1144.293,1.24922929,EFSITDVVPYPISLR/2
506.63610331,3,1144.293,0.86989332,LTSFIGAIAIGDLVK/3
929.45745259,2,1145.037,1.26882137,DDIDLDALAAEIEGAGAAK/2
755.4661668,2,1145.037,1.23874048,SILLSVPLLVVDNK/2
956.51731317,2,1146.524,1.26329154,VLPLEALVTDAGEVTEAGK/2
672.36511184,3,1146.524,0.89128253,GLIEIISNAAEYENIPIR/3
869.44034602,2,1147.27,1.24387898,DLAIYYSYGDFLLGK/2
746.42324767,2,1148.014,1.24095305,MFGIPVVVAVNAFK/2
998.03092212,2,1148.014,1.26307618,ESWLLPGSNDLLLEVGPR/2
665.6897069,3,1148.014,0.88579026,ESWLLPGSNDLLLEVGPR/3
893.93077656,2,1148.014,1.23841657,EEFMPWVSQYLVMK/2
985.55149039,2,1148.014,1.25439882,AIAIPVDLDSQVNNLFLK/2
819.91512653,2,1148.757,1.25458249,FMQDASDVMQLLLK/2
818.93437353,2,1148.757,1.25716484,LSDFNDITNMLLLK/2
889.50093488,2,1149.501,1.24983703,LPEDPLLSGLLDSPALK/2
679.35639343,3,1150.988,0.88445345,GILSGTSDLLLTFDEAEVR/3
951.94355801,2,1152.475,1.2547643,EYEISMLNQMSWLMK/2
877.48710761,2,1152.475,1.25104271,LLIPVAEGMNEIWLR/2
691.71748547,3,1153.219,0.89466829,FLSHSLVELLNQISPTFK/3
694.67238158,3,1153.962,0.8919019,FYPEDVSEELIQDITQR/3
858.96692489,2,1153.962,1.26812881,ILDDDTIITTLENLK/2
783.36209559,3,1153.962,0.90386576,DASIVGFFDDSFSEAHSEFLK/3
981.51625892,2,1153.962,1.25482795,ETETVFVPVIQAGMEALK/2
654.33253732,3,1153.962,0.88308619,QMAEIAVNAVLTVADMER/3
980.99516774,2,1153.962,1.26097252,QMAEIAVNAVLTVADMER/2
683.04051675,3,1154.706,0.89125934,FESEILEAISQNSVVIIR/3
837.41255405,2,1154.706,1.25259792,WQFTLPMMSTLYR/2
869.97796129,2,1155.449,1.265153,WVGGPEIELIAIATGGR/2
922.00163337,2,1155.449,1.25730474,DIILQSNPLLEAFGNAK/2
781.95068391,2,1155.449,1.25336307,VIQQLEGAFALVFK/2
533.32229583,3,1155.449,0.87938599,LSDLVNTAILIALNK/3
808.95034958,2,1155.449,1.24648058,FNVLLTTYEYIIK/2
740.72307627,3,1156.193,0.89076724,ALLELQLEPEELYQTFQR/3
837.96927063,2,1156.193,1.25018637,FQILNDEIITILDK/2
692.69932598,3,1156.936,0.89863454,AVAFFLESIAMHDIIAAEK/3
806.45124504,2,1157.68,1.25850212,DQVDIAVQELLQLK/2
634.67550921,3,1157.68,0.90233036,TSPDAFVQLALQLAHYK/3
636.66719172,3,1158.424,0.88291647,LAMQEFMILPVGAANFR/3
954.49714934,2,1158.424,1.25819285,LAMQEFMILPVGAANFR/2
948.49872652,2,1158.424,1.26335998,DYGVFIQFPSGLSGLAPK/2
995.5117049,2,1159.911,1.27470778,NLDLAVLELMQSSVDNTK/2
664.01022875,3,1159.911,0.88934462,NLDLAVLELMQSSVDNTK/3
788.06063957,3,1159.911,0.88955106,GSELWLGVDALGLNIYEQNDR/3
715.37668868,3,1159.911,0.88965115,MITSAAGIISLLDEDEPQLK/3
976.52801532,2,1159.911,1.27118977,SSPQFGVTLLTYELLQR/2
673.66686297,3,1160.655,0.89012326,NMVDYHLIMDMIPAISR/3
651.3544357,3,1160.655,0.89119494,SSPQFGVTLLTYELLQR/3
617.9659604,3,1161.398,0.90290819,MLDLLEDFLEHEGYK/3
954.96366226,2,1162.141,1.251784,SMFFFLAQTEQGDIFK/2
867.40291459,2,1162.885,1.26039972,MDPMNIWDDIITNR/2
751.38126724,3,1162.885,0.88725313,SQDAEVGDGTTSVTLLAAEFLK/3
578.60436855,3,1162.885,0.8834245,MDPMNIWDDIITNR/3
741.03895293,3,1162.885,0.88791947,DAGIEPGPDTYLALLNAYAEK/3
761.37688843,2,1163.629,1.25952592,DLNSDMDSILASLK/2
670.34684089,3,1163.629,0.88600827,EGTIGDMAILGITESFQVK/3
979.03241059,2,1164.372,1.25018253,QLQVVPLFGDMQIELAR/2
867.97488728,2,1165.859,1.25544675,LTSLVPFVDAFQLER/2
686.71497604,3,1166.603,0.88327622,IFSPNVVNLTLVDLPGMTK/3
768.41072671,3,1167.347,0.89815262,LNNLQAVFTDLSSMDLIRPR/3
779.91885247,2,1167.347,1.24611344,YFYLLENIAWVK/2
616.01335641,3,1168.09,0.8985998,YAGLQGLMSVLAEIRPK/3
939.47726279,2,1168.834,1.25762127,AWEDWAIYPEPFLIK/2
751.37909221,3,1170.321,0.90291365,DGPLNMILDDGGDLTNLIHTK/3
901.97835524,2,1170.321,1.26642737,NSLISSLEEEVSILNR/2
961.95421982,2,1171.064,1.27277701,SSLLDDLLTESEDMAQR/2
690.33141374,3,1171.808,0.89571759,FMDSVIFTLYNYASNQR/3
989.02002309,2,1172.551,1.25797681,GTDLWLGVDALGLNIYEK/2
662.6690829,3,1172.551,0.89703825,GLAEDIENEVVQITWNR/3
940.47745976,2,1172.551,1.25950313,FEFPEQLPLDEFLQK/2
685.03699517,3,1173.295,0.89183964,EIADLGEALATAVIPQWQK/3
771.91938382,2,1174.782,1.26111486,GAYIYNALIEFIR/2
809.4277699,2,1174.782,1.2605243,LNLVEAFVEDAELR/2
796.47452316,2,1174.782,1.26674871,DLLVGPGVELLLTPR/2
858.4614158,2,1175.525,1.26101217,VIEPQYFGLAYLFR/2
572.64336936,3,1175.525,0.88437313,VIEPQYFGLAYLFR/3
714.91017012,2,1176.269,1.24270043,GVMLAVDAVIAELK/2
476.9425389,3,1176.269,0.86780236,GVMLAVDAVIAELK/3
792.76516393,3,1177.012,0.89803571,EALEALVPVTIEVEVPFDLHR/3
728.75946175,3,1177.012,0.88272705,LNGQVLVFTLPLTDQVSVIK/3
913.96385923,2,1177.756,1.26943414,EAMTDIITLFGLSSNSK/2
691.05638973,3,1177.756,0.89431765,ALNAGYILNGLTVSIPGLER/3
609.64499831,3,1177.756,0.88693911,EAMTDIITLFGLSSNSK/3
881.99548535,2,1178.5,1.26072284,VAIIEELVVGYETSLK/2
981.52019029,2,1178.5,1.26465643,LQWVQLVDLTEIYGER/2
765.08724963,3,1178.5,0.88289271,GQVSEMAVLLIDPEPQIAALAK/3
880.50126926,2,1179.244,1.26249929,LQAILEDIQVTLFTR/2
747.39384157,3,1179.988,0.91404351,FDVNTSAVQVLIEHIGNLDR/3
904.00926145,2,1179.988,1.27374692,DLLGQDVFLIGPPGPLR/2
597.62978848,3,1179.988,0.88694585,QDAVDYLTWTFLYR/3
635.32934453,3,1180.731,0.90128885,MDADGFLPITLIASFHR/3
702.35829156,3,1180.731,0.88489747,QIVWNGPVGVFEWEAFAR/3
895.94104448,2,1180.731,1.26323938,QDAVDYLTWTFLYR/2
930.50041196,2,1182.218,1.27040439,MALELLTQEFGIPIER/2
733.70379316,3,1182.962,0.88760107,YHEQLSTQSLIELFESFK/3
620.6693668,3,1182.962,0.89037615,MALELLTQEFGIPIER/3
842.48000245,2,1182.962,1.25598608,EAVVNTQELLDLLVK/2
678.71010803,3,1183.706,0.87962964,ILVVIEPLLIDEDYYAR/3
979.99093128,2,1184.449,1.2628889,FYFVGDEDLLEIIGNSK/2
862.94632678,2,1184.449,1.26860414,SEAANGNLDFVLSFLK/2
705.67736107,3,1184.449,0.89524759,AGTLSITEFADMLSGNAGGFR/3
881.91945173,2,1185.193,1.27045019,DLEEALEMGVDWSLR/2
653.66304634,3,1185.193,0.88151507,FYFVGDEDLLEIIGNSK/3
662.32091559,3,1185.936,0.87409078,HNIMDFAMPYFIQVMK/3
667.03347361,3,1185.936,0.8855104,GVPQIEVTFEIDVNGILR/3
672.68232945,3,1188.167,0.88323958,APEVSQYIYQVYDSILK/3
988.03970425,2,1188.91,1.27018249,IMYAAVVPWSAAVEQLVK/2
861.85324612,2,1189.654,1.22631085,FAWAIDMADEDYEF/2
708.41228493,3,1190.398,0.88950208,GIFEALRPLETLPVEGLIR/3
950.51999328,2,1190.398,1.2636836,GPFLVSAPLSTIINWER/2
742.72906233,3,1190.398,0.90530575,GYTLLSEGIDEMVGIIYKPK/3
921.96927058,2,1191.884,1.25365164,YWLFSDEVPGLFIEK/2
706.34220128,3,1191.884,0.89055523,MNLASSFVNGFVNAAFGQDK/3
717.7004945,3,1193.371,0.90915575,FDLGQDVIDFTGHALALYR/3
955.52474431,2,1194.115,1.26665955,LFVTGLFSLNQDIPAFK/2
752.71715668,3,1194.858,0.88823033,AVANETGAFFFLINGPEIMSK/3
726.37920364,3,1194.858,0.90006299,GLVSTLQSATEQMAATVAGSVR/3
711.33213639,3,1194.858,0.89345888,AAAEIYEEFLAAFEGSDGNK/3
963.03313048,2,1195.602,1.26552717,QLSQSLLPAIVELAEDAK/2
727.06102927,3,1195.602,0.88242761,ELFVQSEIFPLETPAFAIK/3
642.35784581,3,1196.346,0.88163718,QLSQSLLPAIVELAEDAK/3
709.70245224,3,1197.833,0.89053387,ALINADELASDVAGAEALLDR/3
814.98472371,2,1198.576,1.24820153,TTLEVLQLFPINIK/2
812.1111113,3,1199.32,0.90671343,DDQVTVIGAGVTLHEALAAAELLK/3
871.98799469,2,1200.063,1.26897615,DLQEFIPLINQITAK/2
690.0139676,3,1200.063,0.87953312,FPEADPYEIIESFNVVAK/3
581.66108862,3,1200.063,0.88740578,DLQEFIPLINQITAK/3
571.31743336,3,1200.063,0.89767858,QEIIEQLLSNIFHK/3
753.39720676,3,1200.063,0.88904607,MVLVDLPGVINTVTSGMAPDTK/3
813.46504881,3,1200.807,0.90197242,YQLLQLVEPFGVISNHLILNK/3
583.96505968,3,1200.807,0.88609758,QDDPFELFIAATNIR/3
777.69653268,3,1200.807,0.8988395,VASNPYTWFTMEALEETWR/3
585.29729878,4,1201.551,0.75952178,EVAAFAQFGSDLDAATQQLLSR/4
613.00620182,3,1201.551,0.88782581,DLLHLPELFSPGMLVR/3
928.45970116,2,1201.551,1.24863208,MYVFGGWVPLVMDDVK/2
898.51183388,2,1201.551,1.26790923,DVAAIAGGLVDAEALVALK/2
840.9224202,2,1201.551,1.23925675,MLPVDEFLPVMFDK/2
768.03397897,3,1201.551,0.8901888,NIFESFVDYVAVEQLDGDNK/3
980.01484892,2,1202.295,1.26332553,MMAIAPNVTVMVGELVGAR/2
653.67899144,3,1202.295,0.88483107,MMAIAPNVTVMVGELVGAR/3
792.45253652,2,1202.295,1.25096752,ELIPNIPFQMLLR/2
917.9558373,2,1203.038,1.26607912,YSLQYYMGLAEELVR/2
945.52220165,2,1203.038,1.25741329,VPLLLEEQGVVDYFLR/2
701.3790866,3,1203.782,0.89484955,LVLEQVVTSIASVADTAEEK/3
630.68389325,3,1203.782,0.88132902,VPLLLEEQGVVDYFLR/3
755.76661633,3,1203.782,0.88600605,LAPPLVTLLSGEPEVQYVALR/3
748.70854415,3,1203.782,0.88028438,EDPFVFIPEDDPLFPPIEK/3
745.05482587,3,1203.782,0.89128027,DTVTISGPQAPVFEFVEQLR/3
803.38183644,2,1203.782,1.21130662,DMTLEGDDLILEIE/2
802.98472374,2,1204.525,1.25452051,ILPEIIPILEEGLR/2
756.73386383,3,1204.525,0.90118837,SLSALGNVISALAEGSTYVPYR/3
706.68607949,3,1204.525,0.9049353,QQDAQEFFLHLINMVER/3
620.66098273,3,1204.525,0.89429562,SAEHTLVDMVQLLFTR/3
951.52388705,2,1205.269,1.27218118,FGAQNEEMLPSILVLLK/2
784.75086037,3,1206.012,0.89615558,HLVMGDIPAAVNAFQEAASLLGK/3
587.01698384,3,1206.012,0.88354537,GALQYLVPILTQTLTK/3
720.42771209,3,1206.012,0.89132373,LGQAELVVIDEAAAIPLPLVK/3
880.02183753,2,1206.012,1.26436341,GALQYLVPILTQTLTK/2
960.03547615,2,1206.012,1.27617478,FVTAIWNLLVTTGQEVK/2
923.98785728,2,1206.012,1.27042228,IFEDIPTLEDLAETLK/2
721.73425914,3,1206.755,0.89286866,GMLDPLEVHLLDFPNIVIK/3
609.34499463,3,1206.755,0.89304627,MADAIILAIAGGQELLAR/3
640.35940959,3,1206.755,0.89095161,FVTAIWNLLVTTGQEVK/3
596.97707673,3,1206.755,0.90414208,LDIFEFLNHVEDGLK/3
957.46930873,2,1207.499,1.27463603,FQDTAEALAAFTALMEGK/2
999.49806624,2,1207.499,1.26042396,DYIYAVTPLLEDALMDR/2
714.3805446,3,1207.499,0.89103545,NLNPEDIDQLITISGMVIR/3
791.39714025,3,1207.499,0.89557076,FLVLDEADGLLSQGYSDFINR/3
666.66780298,3,1207.499,0.88401018,DYIYAVTPLLEDALMDR/3
694.01262672,3,1208.242,0.8994075,FFPEDVSEELIQEITQR/3
991.05185456,2,1208.242,1.27487866,AVDEAVILLQEIGVLDQR/2
661.03699519,3,1208.242,0.89250125,AVDEAVILLQEIGVLDQR/3
906.00110204,2,1208.986,1.26427323,NAPAIIFIDELDAIAPK/2
857.99548538,2,1208.986,1.26994357,ILSISADIETIGEILK/2
982.56608624,2,1208.986,1.26387395,INQDPQVMLAPLISIALK/2
716.71011361,3,1208.986,0.88811395,YMLLPNQVWDSIIQQATK/3
604.33649351,3,1209.73,0.88229526,NAPAIIFIDELDAIAPK/3
697.72341057,3,1209.73,0.91434382,GVGAAATAVTQALNELLQHVK/3
815.44203137,2,1209.73,1.25416464,EDVLTLLLPVMGDSK/2
884.52200469,2,1209.73,1.26414963,AQLGVQAFADALLIIPK/2
655.37981632,3,1209.73,0.88127569,INQDPQVMLAPLISIALK/3
650.99513034,3,1209.73,0.89335791,DALEFWLQAGVDGFQVR/3
675.38813941,3,1209.73,0.89033845,GQNLLLTNLQTIQGILER/3
735.37556506,3,1210.474,0.89003132,STAISLFYELSENDLNFIK/3
742.95797766,2,1210.474,1.24801251,EALLQISIPFLLK/2
840.43166363,2,1210.474,1.26353912,ADMVIEAVFEDLSLK/2
830.47144916,2,1211.217,1.25824048,IEQLSPFPFDLLLK/2
770.41910514,3,1211.217,0.88505049,QADTVYFLPITPQFVTEVIK/3
755.71810229,3,1211.217,0.89274691,ENFIPTIVNFSAEEISDAIR/3
892.93913294,2,1211.217,1.26469302,YVDFPITDVLQMMGR/2
967.52273298,2,1211.217,1.2816229,VADLYELVQYAGNIIPR/2
903.95401442,2,1211.961,1.26975912,EDLATFIEELEAVEAK/2
943.49892351,2,1211.961,1.27069251,DDIQALDIFLANLPEAK/2
560.98328574,3,1211.961,0.89211233,DGALHMIGSLAEILLK/3
751.43655211,2,1211.961,1.26249204,MSLLQLVEILQSK/2
581.64924955,3,1211.961,0.87309345,VHNLITDFLALMPMK/3
977.51077965,2,1211.961,1.27130306,LLSPFMPFVTEELFQR/2
882.44817099,2,1211.961,1.26799183,ISFDEFVYIFQEVK/2
711.3857358,3,1211.961,0.88390136,IQVTPPGFQLVFLPFADDK/3
689.07712516,3,1212.704,0.8951008,IDLRPVLGEGVPILASFLR/3
622.35588806,3,1212.704,0.89714237,DNTIEHLLPLFLAQLK/3
679.03213271,3,1212.704,0.90120784,DGHNLISLLEVLSGDSLPR/3
989.98584592,2,1212.704,1.2800752,ILADLEDYLNELWEDK/2
889.47217739,2,1212.704,1.26357252,ENVNSLLPVFEEFLK/2
973.01916584,2,1212.704,1.27003025,VDNMIIQSISLLDQLDK/2
913.50655157,2,1212.704,1.27989763,LVLPSLLAALEEESWR/2
840.97129037,2,1212.704,1.27672512,DGALHMIGSLAEILLK/2
840.96960499,2,1212.704,1.26890548,YNVTVIQYIGELLR/2
707.07556138,3,1212.704,0.89294421,DVLIQGLIDENPGLQLIIR/3
823.95160917,2,1212.704,1.27311935,DLVSSLTSGLLTIGDR/2
995.03821584,2,1212.704,1.26908854,GLDIPLLDNVINYSFPAK/2
990.50334852,2,1213.448,1.28190841,VPSTEAEALASSLMGLFEK/2
983.51203091,2,1213.448,1.24072662,TIQQLETVLGEPLQSYF/2
813.47400026,2,1213.448,1.27026299,NSLIQMTILNLLPR/2
854.95818296,2,1213.448,1.26673644,NSPLTVPMFLSLFSR/2
660.6713245,3,1214.192,0.89379029,VPSTEAEALASSLMGLFEK/3
890.451245,2,1214.192,1.27172447,DLYNWLEVEFNPLK/2
765.11038305,3,1214.192,0.89155308,LAPPLVTLLSAEPELQYVALR/3
947.99909065,2,1214.192,1.27209363,NLATAYDNFVELVANLK/2
858.46108984,2,1214.192,1.27573467,WTELGALDILQMLGR/2
731.39214459,2,1214.192,1.25048286,TPLFDQIIDMLR/2
699.35377259,3,1214.192,0.89441883,ADLEMQIESLTEELAYLK/3
778.08975906,3,1214.935,0.89806908,TAAFLLPILSQIYSDGPGEALR/3
870.97161632,2,1214.935,1.26613732,FLNWIPLGYIFETK/2
788.7387319,3,1214.935,0.89687145,FANSLPINDPLQTVYQLMSGR/3
671.36522328,3,1214.935,0.89612732,ASPESQEPLIQLVQAFVR/3
724.71715671,3,1215.679,0.90675028,TDMIQALGGVEGILEHTLFK/3
926.50381189,2,1215.679,1.27587172,LWISNGGLADIFTVFAK/2
680.0053607,3,1215.679,0.89532819,FYPEDVAEELIQDITQK/3
952.54059139,2,1216.422,1.27780705,TATFAISILQQIELDLK/2
974.01080944,2,1216.422,1.27539306,AFMTADLPNELIELLEK/2
529.97500755,3,1216.422,0.89230312,EVYAAAAEVLGLILR/3
861.99308001,2,1216.422,1.26586113,VNDVVPWVLDVILNK/2
716.75571728,3,1217.166,0.89682693,VLLVSPELQAAVEEILPSLK/3
692.73190605,3,1217.166,0.89985021,AIPDLTAPVAAVQAAVSNLVR/3
473.7641662,4,1217.166,0.76390415,DSQRDLVEAVAHILGIR/4
957.57677988,2,1217.91,1.27730682,AFAVVASALGIPSLLPFLK/2
837.99509141,2,1218.653,1.27190667,LVLDAFALPLTNLFK/2
736.08249299,3,1219.397,0.89645008,VHAELADVLTEAVVDSILAIK/3
717.37578798,3,1220.884,0.90960635,ETYEVLLSFIQAALGDQPR/3
890.05313766,2,1220.884,1.27461776,LPILPTLLTTLEVSLR/2
731.76287189,3,1228.32,0.90552748,GDTLLQALDLLPLLIQTVEK/3
